{"type":"FeatureCollection","name":"ODNR_Units_DC","crs":{"type":"name","properties":{"name":"urn:ogc:def:crs:OGC:1.3:CRS84"}},"features":[{"type":"Feature","properties":{"UNIT_ID":"AKERS_HN_FRA_EAST","UNIT_NAME":"Akers HN FRA East","OPERATOR":"EOG Ohio","STATUS":"EFF","FORMATION":"Utica","ACRES":348.2,"DC_PER_FT":747.51,"HEARING_DATE":"2024-03-13","WELLS":1,"AVG_LATERAL_FT":18595},"geometry":{"type":"Polygon","coordinates":[[[-81.197552,40.307227],[-81.197815,40.307232],[-81.230899,40.352619],[-81.227597,40.352598],[-81.194429,40.307091],[-81.194503,40.307075],[-81.194733,40.307056],[-81.194969,40.30706],[-81.195214,40.30708],[-81.195453,40.307122],[-81.195678,40.307193],[-81.197552,40.307227]]]}},{"type":"Feature","properties":{"UNIT_ID":"AKERS_HN_FRA_NE","UNIT_NAME":"Akers HN FRA NE","OPERATOR":"EOG Ohio","STATUS":"EFF","FORMATION":"Utica","ACRES":393.4,"DC_PER_FT":740.25,"HEARING_DATE":"2024-03-13","WELLS":1,"AVG_LATERAL_FT":20939},"geometry":{"type":"Polygon","coordinates":[[[-81.230899,40.352619],[-81.197815,40.307232],[-81.197552,40.307227],[-81.197527,40.307193],[-81.197284,40.306858],[-81.197092,40.306594],[-81.197037,40.306518],[-81.197009,40.306479],[-81.196879,40.3063],[-81.196628,40.305954],[-81.196461,40.305723],[-81.194049,40.302407],[-81.193439,40.301569],[-81.197022,40.301634],[-81.233689,40.351937],[-81.233092,40.352633],[-81.230899,40.352619]]]}},{"type":"Feature","properties":{"UNIT_ID":"AKERS_HN_FRA_NW","UNIT_NAME":"Akers HN FRA NW","OPERATOR":"EOG Ohio","STATUS":"EFF","FORMATION":"Utica","ACRES":377.3,"DC_PER_FT":737.73,"HEARING_DATE":"2024-03-13","WELLS":1,"AVG_LATERAL_FT":20197},"geometry":{"type":"Polygon","coordinates":[[[-81.197022,40.301634],[-81.197644,40.301646],[-81.197727,40.301647],[-81.20035,40.301695],[-81.235559,40.349994],[-81.23524,40.35013],[-81.233689,40.351937],[-81.197022,40.301634]]]}},{"type":"Feature","properties":{"UNIT_ID":"AKERS_HN_FRA_WEST","UNIT_NAME":"Akers HN FRA West","OPERATOR":"EOG Ohio","STATUS":"EFF","FORMATION":"Utica","ACRES":365.8,"DC_PER_FT":740.02,"HEARING_DATE":"2024-03-20","WELLS":1,"AVG_LATERAL_FT":19594},"geometry":{"type":"Polygon","coordinates":[[[-81.20035,40.301695],[-81.200914,40.301705],[-81.201067,40.301708],[-81.201982,40.301724],[-81.202065,40.301726],[-81.202232,40.301729],[-81.202258,40.301729],[-81.202331,40.301731],[-81.203542,40.301736],[-81.203664,40.301736],[-81.203686,40.301766],[-81.219305,40.3232],[-81.231367,40.339743],[-81.235754,40.345757],[-81.238065,40.348924],[-81.235559,40.349994],[-81.20035,40.301695]]]}},{"type":"Feature","properties":{"UNIT_ID":"ALABASTER_NE_STC_NB","UNIT_NAME":"Alabaster NE STC NB","OPERATOR":"Ascent","STATUS":"EFF","FORMATION":"Utica","ACRES":560.4,"DC_PER_FT":702.51,"HEARING_DATE":"2026-04-29","WELLS":1,"AVG_LATERAL_FT":22448},"geometry":{"type":"Polygon","coordinates":[[[-81.363787,39.789914],[-81.338067,39.755757],[-81.339512,39.755111],[-81.341358,39.754285],[-81.382662,39.809117],[-81.380609,39.808888],[-81.380603,39.80902],[-81.380132,39.809199],[-81.380132,39.8092],[-81.378726,39.809736],[-81.363787,39.789914]]]}},{"type":"Feature","properties":{"UNIT_ID":"ALABASTER_NW_STC_NB","UNIT_NAME":"Alabaster NW STC NB","OPERATOR":"Ascent","STATUS":"EFF","FORMATION":"Utica","ACRES":542.7,"DC_PER_FT":710.27,"HEARING_DATE":"2026-05-06","WELLS":1,"AVG_LATERAL_FT":20964},"geometry":{"type":"Polygon","coordinates":[[[-81.345303,39.752968],[-81.345835,39.752567],[-81.347054,39.752016],[-81.348435,39.751391],[-81.37828,39.791026],[-81.378372,39.791131],[-81.38816,39.802226],[-81.385707,39.802136],[-81.385549,39.8058],[-81.385512,39.805799],[-81.385491,39.806316],[-81.345303,39.752968]]]}},{"type":"Feature","properties":{"UNIT_ID":"ALABASTER_N_STC_NB","UNIT_NAME":"Alabaster N STC NB","OPERATOR":"Ascent","STATUS":"EFF","FORMATION":"Utica","ACRES":638.8,"DC_PER_FT":703.05,"HEARING_DATE":"2026-04-22","WELLS":1,"AVG_LATERAL_FT":22758},"geometry":{"type":"Polygon","coordinates":[[[-81.382662,39.809117],[-81.341358,39.754285],[-81.342172,39.753923],[-81.343306,39.753383],[-81.343418,39.75333],[-81.343827,39.753211],[-81.345014,39.753093],[-81.345267,39.752994],[-81.345303,39.752968],[-81.385491,39.806316],[-81.385356,39.809418],[-81.382662,39.809117]]]}},{"type":"Feature","properties":{"UNIT_ID":"ANGEL_HWS_A","UNIT_NAME":"Angel HWS A","OPERATOR":"EOG Resources","STATUS":"EFF","FORMATION":"Utica","ACRES":1140.0,"DC_PER_FT":658.75,"HEARING_DATE":"2024-11-13","WELLS":4,"AVG_LATERAL_FT":14300},"geometry":{"type":"Polygon","coordinates":[[[-81.248398,40.297212],[-81.257688,40.293032],[-81.258595,40.29305],[-81.259353,40.293065],[-81.285525,40.32714],[-81.274912,40.33174],[-81.248398,40.297212]]]}},{"type":"Feature","properties":{"UNIT_ID":"ANTOLAK_E_RCH_BL","UNIT_NAME":"Antolak E RCH BL","OPERATOR":"Ascent","STATUS":"EFF","FORMATION":"Utica","ACRES":331.3,"DC_PER_FT":772.22,"HEARING_DATE":"2025-06-04","WELLS":1,"AVG_LATERAL_FT":12569},"geometry":{"type":"Polygon","coordinates":[[[-80.921367,40.074063],[-80.899501,40.043784],[-80.900935,40.043226],[-80.90302,40.042414],[-80.925987,40.074248],[-80.924524,40.074984],[-80.921367,40.074063]]]}},{"type":"Feature","properties":{"UNIT_ID":"ANTOLAK_NW_RCH_BL","UNIT_NAME":"Antolak NW RCH BL","OPERATOR":"Ascent","STATUS":"EFF","FORMATION":"Utica","ACRES":803.1,"DC_PER_FT":755.58,"HEARING_DATE":"2025-06-26","WELLS":2,"AVG_LATERAL_FT":14190},"geometry":{"type":"Polygon","coordinates":[[[-80.913005,40.043802],[-80.917251,40.042071],[-80.920459,40.040706],[-80.931127,40.055496],[-80.947118,40.077346],[-80.945809,40.077366],[-80.945576,40.077369],[-80.944785,40.077381],[-80.944633,40.077388],[-80.944161,40.077399],[-80.943326,40.077435],[-80.939572,40.077496],[-80.937314,40.077485],[-80.913005,40.043802]]]}},{"type":"Feature","properties":{"UNIT_ID":"ANTOLAK_N_RCH_BL","UNIT_NAME":"Antolak N RCH BL","OPERATOR":"Ascent","STATUS":"EFF","FORMATION":"Utica","ACRES":345.3,"DC_PER_FT":804.1,"HEARING_DATE":"2025-06-11","WELLS":1,"AVG_LATERAL_FT":13134},"geometry":{"type":"Polygon","coordinates":[[[-80.934158,40.077331],[-80.933273,40.077048],[-80.932471,40.077004],[-80.931582,40.075772],[-80.909534,40.045218],[-80.910941,40.044645],[-80.913005,40.043802],[-80.937314,40.077485],[-80.935879,40.077483],[-80.934158,40.077331]]]}},{"type":"Feature","properties":{"UNIT_ID":"AP_TRUST_E_MRF_HR","UNIT_NAME":"AP Trust E MRF HR","OPERATOR":"Ascent","STATUS":"PEN","FORMATION":"Utica","ACRES":370.3,"DC_PER_FT":663.63,"HEARING_DATE":"2026-10-28","WELLS":1,"AVG_LATERAL_FT":14255},"geometry":{"type":"Polygon","coordinates":[[[-81.092497,40.203786],[-81.090168,40.20449],[-81.090041,40.204485],[-81.078031,40.183938],[-81.074825,40.179444],[-81.075118,40.178812],[-81.075546,40.177606],[-81.077046,40.177587],[-81.102741,40.212803],[-81.101364,40.213375],[-81.100585,40.213699],[-81.099869,40.213997],[-81.092497,40.203786]]]}},{"type":"Feature","properties":{"UNIT_ID":"AP_TRUST_SE_MRF_HR","UNIT_NAME":"AP Trust SE MRF HR","OPERATOR":"Ascent","STATUS":"PEN","FORMATION":"Utica","ACRES":302.3,"DC_PER_FT":663.32,"HEARING_DATE":"2026-10-21","WELLS":1,"AVG_LATERAL_FT":14322},"geometry":{"type":"Polygon","coordinates":[[[-81.077046,40.177587],[-81.077891,40.177576],[-81.077879,40.177027],[-81.077834,40.174915],[-81.078306,40.174395],[-81.105496,40.211659],[-81.104302,40.212155],[-81.104119,40.212231],[-81.102741,40.212803],[-81.077046,40.177587]]]}},{"type":"Feature","properties":{"UNIT_ID":"ARCHIE_C_WYN_JF","UNIT_NAME":"Archie C WYN JF","OPERATOR":"Ascent","STATUS":"EFF","FORMATION":"Utica","ACRES":605.2,"DC_PER_FT":662.95,"HEARING_DATE":"2025-10-22","WELLS":1,"AVG_LATERAL_FT":23557},"geometry":{"type":"Polygon","coordinates":[[[-80.82045,40.338989],[-80.820714,40.338751],[-80.82094,40.338801],[-80.821478,40.338924],[-80.82204,40.339047],[-80.822014,40.339669],[-80.822974,40.339643],[-80.823528,40.339628],[-80.823624,40.339624],[-80.823546,40.33908],[-80.82358,40.338258],[-80.824069,40.338324],[-80.854125,40.37981],[-80.857926,40.385051],[-80.859462,40.384449],[-80.867584,40.395823],[-80.863033,40.397752],[-80.82045,40.338989]]]}},{"type":"Feature","properties":{"UNIT_ID":"ARCHIE_NE_WYN_JF","UNIT_NAME":"Archie NE WYN JF","OPERATOR":"Ascent","STATUS":"EFF","FORMATION":"Utica","ACRES":561.2,"DC_PER_FT":665.13,"HEARING_DATE":"2025-10-22","WELLS":1,"AVG_LATERAL_FT":23860},"geometry":{"type":"Polygon","coordinates":[[[-80.842736,40.375443],[-80.817203,40.340192],[-80.817225,40.339764],[-80.818581,40.340389],[-80.818812,40.340096],[-80.819396,40.340366],[-80.819469,40.3404],[-80.819891,40.340185],[-80.82026,40.340095],[-80.820044,40.339543],[-80.820455,40.339445],[-80.820322,40.339104],[-80.82045,40.338989],[-80.863033,40.397752],[-80.859877,40.39909],[-80.842736,40.375443]]]}},{"type":"Feature","properties":{"UNIT_ID":"ARCHIE_NW_WYN_JF","UNIT_NAME":"Archie NW WYN JF","OPERATOR":"Ascent","STATUS":"EFF","FORMATION":"Utica","ACRES":451.1,"DC_PER_FT":651.36,"HEARING_DATE":"2025-09-25","WELLS":1,"AVG_LATERAL_FT":19212},"geometry":{"type":"Polygon","coordinates":[[[-80.827834,40.33786],[-80.827836,40.33746],[-80.827443,40.336917],[-80.828776,40.336329],[-80.83037,40.335626],[-80.864328,40.382543],[-80.861122,40.383799],[-80.827834,40.33786]]]}},{"type":"Feature","properties":{"UNIT_ID":"ARCHIE_N_WYN_JF","UNIT_NAME":"Archie N WYN JF","OPERATOR":"Ascent","STATUS":"EFF","FORMATION":"Utica","ACRES":441.6,"DC_PER_FT":655.17,"HEARING_DATE":"2025-10-01","WELLS":1,"AVG_LATERAL_FT":18583},"geometry":{"type":"Polygon","coordinates":[[[-80.854126,40.37981],[-80.824069,40.338324],[-80.825836,40.338564],[-80.825843,40.338246],[-80.826024,40.338193],[-80.826779,40.337971],[-80.826768,40.338447],[-80.82684,40.338426],[-80.826833,40.339017],[-80.827017,40.338962],[-80.82687,40.338686],[-80.826879,40.338317],[-80.827203,40.338274],[-80.827083,40.337919],[-80.827834,40.337902],[-80.827834,40.33786],[-80.861122,40.383799],[-80.857926,40.385051],[-80.854126,40.37981]]]}},{"type":"Feature","properties":{"UNIT_ID":"AYERS_SE_MDS_GR","UNIT_NAME":"Ayers SE MDS GR","OPERATOR":"Ascent","STATUS":"EFF","FORMATION":"Utica","ACRES":553.2,"DC_PER_FT":695.93,"HEARING_DATE":"2025-07-25","WELLS":2,"AVG_LATERAL_FT":14477},"geometry":{"type":"Polygon","coordinates":[[[-81.367241,40.078723],[-81.368341,40.078267],[-81.372385,40.076601],[-81.398246,40.111895],[-81.397007,40.112443],[-81.395813,40.11297],[-81.394308,40.112821],[-81.394724,40.113452],[-81.394683,40.11347],[-81.393184,40.114132],[-81.367241,40.078723]]]}},{"type":"Feature","properties":{"UNIT_ID":"AYERS_SW_MDS_GR","UNIT_NAME":"Ayers SW MDS GR","OPERATOR":"Ascent","STATUS":"EFF","FORMATION":"Utica","ACRES":584.3,"DC_PER_FT":684.3,"HEARING_DATE":"2025-07-25","WELLS":2,"AVG_LATERAL_FT":15220},"geometry":{"type":"Polygon","coordinates":[[[-81.397937,40.111473],[-81.399223,40.110989],[-81.399172,40.110919],[-81.397905,40.11143],[-81.372385,40.076601],[-81.373645,40.076082],[-81.37087,40.072292],[-81.374665,40.070756],[-81.403204,40.109704],[-81.398246,40.111895],[-81.397937,40.111473]]]}},{"type":"Feature","properties":{"UNIT_ID":"BANJO_NE_SHC_HR","UNIT_NAME":"Banjo NE SHC HR","OPERATOR":"Ascent","STATUS":"EFF","FORMATION":"Utica","ACRES":587.1,"DC_PER_FT":709.14,"HEARING_DATE":"2024-12-19","WELLS":2,"AVG_LATERAL_FT":13900},"geometry":{"type":"Polygon","coordinates":[[[-80.967188,40.194366],[-80.992012,40.228387],[-80.986403,40.230756],[-80.96495,40.201259],[-80.964406,40.201485],[-80.961124,40.196943],[-80.967188,40.194366]]]}},{"type":"Feature","properties":{"UNIT_ID":"BANJO_NW_SHC_HR","UNIT_NAME":"Banjo NW SHC HR","OPERATOR":"Ascent","STATUS":"EFF","FORMATION":"Utica","ACRES":386.2,"DC_PER_FT":723.25,"HEARING_DATE":"2024-12-11","WELLS":1,"AVG_LATERAL_FT":13214},"geometry":{"type":"Polygon","coordinates":[[[-80.972316,40.187841],[-80.996085,40.220135],[-80.992111,40.221833],[-80.968488,40.189446],[-80.972316,40.187841]]]}},{"type":"Feature","properties":{"UNIT_ID":"BANNOCK_NE_UNN_BL","UNIT_NAME":"Bannock NE UNN BL","OPERATOR":"Ascent","STATUS":"EFF","FORMATION":"Utica","ACRES":494.6,"DC_PER_FT":646.25,"HEARING_DATE":"2025-06-11","WELLS":1,"AVG_LATERAL_FT":23443},"geometry":{"type":"Polygon","coordinates":[[[-81.0457,40.165271],[-81.045697,40.165271],[-81.041566,40.159618],[-81.041296,40.159229],[-81.033537,40.148071],[-81.011314,40.117225],[-81.006607,40.110713],[-81.007723,40.110805],[-81.007845,40.110835],[-81.008054,40.110189],[-81.009499,40.110189],[-81.009505,40.109964],[-81.00984,40.110009],[-81.05071,40.166981],[-81.047929,40.168321],[-81.0457,40.165271]]]}},{"type":"Feature","properties":{"UNIT_ID":"BANNOCK_NW_UNN_BL","UNIT_NAME":"Bannock NW UNN BL","OPERATOR":"Ascent","STATUS":"EFF","FORMATION":"Utica","ACRES":453.3,"DC_PER_FT":640.46,"HEARING_DATE":"2025-06-18","WELLS":1,"AVG_LATERAL_FT":22562},"geometry":{"type":"Polygon","coordinates":[[[-81.00984,40.110009],[-81.010101,40.110043],[-81.010093,40.109976],[-81.010466,40.109946],[-81.010468,40.109887],[-81.012869,40.109395],[-81.051972,40.163904],[-81.051386,40.16558],[-81.051362,40.165646],[-81.05116,40.166224],[-81.051628,40.166539],[-81.05071,40.166981],[-81.00984,40.110009]]]}},{"type":"Feature","properties":{"UNIT_ID":"BEACON_NW_CDZ_HR","UNIT_NAME":"Beacon NW CDZ HR","OPERATOR":"Ascent","STATUS":"EFF","FORMATION":"Utica","ACRES":344.4,"DC_PER_FT":659.49,"HEARING_DATE":"2025-01-29","WELLS":1,"AVG_LATERAL_FT":15145},"geometry":{"type":"Polygon","coordinates":[[[-81.069538,40.262445],[-81.067277,40.263409],[-81.067276,40.263412],[-81.066593,40.263702],[-81.066343,40.263361],[-81.039523,40.226745],[-81.042574,40.225444],[-81.056745,40.244742],[-81.069538,40.262445]]]}},{"type":"Feature","properties":{"UNIT_ID":"BEARCATS_NB_BUF","UNIT_NAME":"Bearcats NB BUF","OPERATOR":"EOG Ohio","STATUS":"EFF","FORMATION":"Utica","ACRES":1537.7,"DC_PER_FT":775.91,"HEARING_DATE":"2025-05-07","WELLS":3,"AVG_LATERAL_FT":20492},"geometry":{"type":"Polygon","coordinates":[[[-81.452985,39.814026],[-81.463094,39.809709],[-81.466479,39.814482],[-81.49452,39.853692],[-81.498859,39.859725],[-81.488858,39.863968],[-81.484518,39.857935],[-81.481133,39.853162],[-81.45637,39.818798],[-81.452985,39.814026]]]}},{"type":"Feature","properties":{"UNIT_ID":"BEARDSLEY_NORTH","UNIT_NAME":"Beardsley North","OPERATOR":"Bright Rock Energy","STATUS":"PEN","FORMATION":"Utica","ACRES":850.7,"DC_PER_FT":697.11,"HEARING_DATE":"2026-10-22","WELLS":2,"AVG_LATERAL_FT":18218},"geometry":{"type":"Polygon","coordinates":[[[-80.897788,40.845203],[-80.899876,40.848102],[-80.900794,40.849376],[-80.922894,40.880037],[-80.927214,40.886028],[-80.928506,40.887818],[-80.929928,40.889789],[-80.923582,40.892425],[-80.92216,40.890454],[-80.920869,40.888663],[-80.916549,40.882673],[-80.894451,40.85201],[-80.893533,40.850736],[-80.891446,40.847837],[-80.897788,40.845203]]]}},{"type":"Feature","properties":{"UNIT_ID":"BEARDSLEY_SOUTH","UNIT_NAME":"Beardsley South","OPERATOR":"Bright Rock Energy","STATUS":"PEN","FORMATION":"Utica","ACRES":985.6,"DC_PER_FT":699.6,"HEARING_DATE":"2026-11-12","WELLS":2,"AVG_LATERAL_FT":21155},"geometry":{"type":"Polygon","coordinates":[[[-80.936273,40.887153],[-80.929928,40.889789],[-80.897788,40.845203],[-80.896342,40.843195],[-80.892697,40.838128],[-80.899037,40.835497],[-80.936273,40.887153]]]}},{"type":"Feature","properties":{"UNIT_ID":"BEARS_NORTH_NB_BUF","UNIT_NAME":"Bears North NB BUF","OPERATOR":"EOG Ohio","STATUS":"EFF","FORMATION":"Utica","ACRES":1246.3,"DC_PER_FT":780.96,"HEARING_DATE":"2024-10-02","WELLS":4,"AVG_LATERAL_FT":16678},"geometry":{"type":"Polygon","coordinates":[[[-81.501375,39.86325],[-81.511345,39.858991],[-81.53239,39.888234],[-81.532353,39.888794],[-81.532329,39.889133],[-81.533054,39.889156],[-81.539596,39.898241],[-81.540681,39.899747],[-81.530707,39.904009],[-81.529622,39.902502],[-81.501375,39.86325]]]}},{"type":"Feature","properties":{"UNIT_ID":"BEGLEY_EAST_2","UNIT_NAME":"Begley East 2","OPERATOR":"Gulfport Energy Transferred to Gulfport Appalachia","STATUS":"EFF","FORMATION":"Utica","ACRES":320.4,"DC_PER_FT":881.83,"HEARING_DATE":"2025-10-08","WELLS":1,"AVG_LATERAL_FT":13608},"geometry":{"type":"Polygon","coordinates":[[[-81.242367,40.2641],[-81.234615,40.253461],[-81.231771,40.249556],[-81.221872,40.235962],[-81.218569,40.231426],[-81.21862,40.231356],[-81.218688,40.231263],[-81.218265,40.231004],[-81.218534,40.229659],[-81.221134,40.229712],[-81.22115,40.229354],[-81.245487,40.262766],[-81.242367,40.2641]]]}},{"type":"Feature","properties":{"UNIT_ID":"BEROS_NW","UNIT_NAME":"Beros NW","OPERATOR":"INR Ohio","STATUS":"EFF","FORMATION":"Utica","ACRES":794.8,"DC_PER_FT":929.65,"HEARING_DATE":"2024-02-21","WELLS":3,"AVG_LATERAL_FT":11812},"geometry":{"type":"Polygon","coordinates":[[[-81.487933,39.999104],[-81.463495,39.965618],[-81.472202,39.961851],[-81.474319,39.964727],[-81.48483,39.979186],[-81.49036,39.98669],[-81.493649,39.991192],[-81.493131,39.991177],[-81.490355,39.991145],[-81.488371,39.991114],[-81.487933,39.999104]]]}},{"type":"Feature","properties":{"UNIT_ID":"BEROS_SC","UNIT_NAME":"Beros SC","OPERATOR":"INR Ohio","STATUS":"EFF","FORMATION":"Utica","ACRES":253.9,"DC_PER_FT":761.25,"HEARING_DATE":"2024-12-06","WELLS":1,"AVG_LATERAL_FT":13131},"geometry":{"type":"Polygon","coordinates":[[[-81.459246,39.964268],[-81.435439,39.931944],[-81.439524,39.932122],[-81.43953,39.932796],[-81.462271,39.963939],[-81.461614,39.963935],[-81.460889,39.963912],[-81.460865,39.964323],[-81.459246,39.964268]]]}},{"type":"Feature","properties":{"UNIT_ID":"BEROS_SW","UNIT_NAME":"Beros SW","OPERATOR":"INR Onio","STATUS":"EFF","FORMATION":"Utica","ACRES":924.5,"DC_PER_FT":816.75,"HEARING_DATE":"2024-04-17","WELLS":3,"AVG_LATERAL_FT":13240},"geometry":{"type":"Polygon","coordinates":[[[-81.448983,39.930057],[-81.472202,39.961851],[-81.463495,39.965618],[-81.462271,39.963939],[-81.439516,39.932777],[-81.439952,39.927477],[-81.441851,39.927532],[-81.443565,39.928231],[-81.445549,39.929498],[-81.445657,39.929461],[-81.445941,39.929541],[-81.446581,39.930042],[-81.447027,39.930129],[-81.448983,39.930057]]]}},{"type":"Feature","properties":{"UNIT_ID":"BERTRAM_NE_LND_GR","UNIT_NAME":"Bertram NE LND GR","OPERATOR":"Ascent","STATUS":"EFF","FORMATION":"Utica","ACRES":466.8,"DC_PER_FT":641.75,"HEARING_DATE":"2025-12-17","WELLS":1,"AVG_LATERAL_FT":20907},"geometry":{"type":"Polygon","coordinates":[[[-81.271464,40.20707],[-81.271441,40.207026],[-81.271432,40.207028],[-81.260961,40.193031],[-81.248816,40.177947],[-81.248817,40.177944],[-81.248813,40.177943],[-81.246359,40.174895],[-81.244541,40.172464],[-81.24523,40.172165],[-81.247055,40.171373],[-81.248317,40.170826],[-81.249651,40.172636],[-81.249651,40.17266],[-81.249669,40.17266],[-81.27889,40.212264],[-81.278882,40.212279],[-81.278906,40.212285],[-81.285507,40.221224],[-81.285343,40.221495],[-81.28482,40.222355],[-81.283326,40.222918],[-81.271464,40.20707]]]}},{"type":"Feature","properties":{"UNIT_ID":"BERTRAM_NW_LND_GR","UNIT_NAME":"Bertram NW LND GR","OPERATOR":"Ascent","STATUS":"EFF","FORMATION":"Utica","ACRES":422.7,"DC_PER_FT":642.31,"HEARING_DATE":"2025-12-03","WELLS":1,"AVG_LATERAL_FT":20613},"geometry":{"type":"Polygon","coordinates":[[[-81.250808,40.169745],[-81.252054,40.169204],[-81.253521,40.168567],[-81.287051,40.214005],[-81.287563,40.213798],[-81.287741,40.214104],[-81.288562,40.214124],[-81.287951,40.214469],[-81.290311,40.21835],[-81.289697,40.218715],[-81.287927,40.220044],[-81.250808,40.169745]]]}},{"type":"Feature","properties":{"UNIT_ID":"BERTRAM_N_LND_GR","UNIT_NAME":"Bertram N LND GR","OPERATOR":"Ascent","STATUS":"EFF","FORMATION":"Utica","ACRES":393.6,"DC_PER_FT":641.77,"HEARING_DATE":"2025-12-11","WELLS":1,"AVG_LATERAL_FT":21020},"geometry":{"type":"Polygon","coordinates":[[[-81.285712,40.221501],[-81.248317,40.170826],[-81.249562,40.170285],[-81.250081,40.17006],[-81.250808,40.169745],[-81.288554,40.220892],[-81.288601,40.221547],[-81.285712,40.221501]]]}},{"type":"Feature","properties":{"UNIT_ID":"BISHOP_TML_A","UNIT_NAME":"Bishop TML A","OPERATOR":"EOG Resources","STATUS":"EFF","FORMATION":"Utica","ACRES":1268.6,"DC_PER_FT":557.0,"HEARING_DATE":"2025-05-23","WELLS":4,"AVG_LATERAL_FT":16320},"geometry":{"type":"Polygon","coordinates":[[[-81.291291,40.334646],[-81.301803,40.329912],[-81.316733,40.349313],[-81.315946,40.349648],[-81.33067,40.369762],[-81.320738,40.374069],[-81.291291,40.334646]]]}},{"type":"Feature","properties":{"UNIT_ID":"BISON_NNB_AA","UNIT_NAME":"Bison NNB AA","OPERATOR":"EOG Resources","STATUS":"EFF","FORMATION":"Utica","ACRES":1254.4,"DC_PER_FT":591.12,"HEARING_DATE":"2025-08-06","WELLS":2,"AVG_LATERAL_FT":17915},"geometry":{"type":"Polygon","coordinates":[[[-81.597712,39.803008],[-81.60703,39.798986],[-81.638711,39.842615],[-81.629389,39.84664],[-81.597712,39.803008]]]}},{"type":"Feature","properties":{"UNIT_ID":"BISON_NNB_B","UNIT_NAME":"Bison NNB B","OPERATOR":"EOG Resources","STATUS":"EFF","FORMATION":"Utica","ACRES":935.7,"DC_PER_FT":647.3,"HEARING_DATE":"2025-09-03","WELLS":2,"AVG_LATERAL_FT":13286},"geometry":{"type":"Polygon","coordinates":[[[-81.60703,39.798986],[-81.597712,39.803008],[-81.574111,39.770457],[-81.583426,39.766437],[-81.60703,39.798986]]]}},{"type":"Feature","properties":{"UNIT_ID":"BLUE_BUTTERFLY_GY_VAL_SOUTH","UNIT_NAME":"Blue Butterfly GY VAL South","OPERATOR":"EOG Ohio","STATUS":"EFF","FORMATION":"Utica","ACRES":1279.4,"DC_PER_FT":792.29,"HEARING_DATE":"2024-06-20","WELLS":1,"AVG_LATERAL_FT":16660},"geometry":{"type":"Polygon","coordinates":[[[-81.505126,39.904708],[-81.477985,39.86697],[-81.477215,39.8659],[-81.479487,39.865994],[-81.47622,39.861484],[-81.478438,39.860535],[-81.480931,39.859469],[-81.483423,39.858403],[-81.484518,39.857935],[-81.487957,39.862713],[-81.515101,39.900447],[-81.505126,39.904708]]]}},{"type":"Feature","properties":{"UNIT_ID":"BOOTH_SE","UNIT_NAME":"Booth SE","OPERATOR":"INR Ohio","STATUS":"PEN","FORMATION":"Utica","ACRES":794.9,"DC_PER_FT":1011.92,"HEARING_DATE":"2026-09-09","WELLS":2,"AVG_LATERAL_FT":17744},"geometry":{"type":"Polygon","coordinates":[[[-81.461591,40.123177],[-81.47183,40.138493],[-81.475771,40.144386],[-81.476859,40.146013],[-81.480868,40.152006],[-81.474916,40.154261],[-81.454929,40.124398],[-81.450564,40.117872],[-81.449632,40.116479],[-81.4481,40.114188],[-81.446904,40.1124],[-81.4449,40.109402],[-81.444627,40.108994],[-81.443658,40.107544],[-81.444256,40.107558],[-81.444365,40.107562],[-81.449004,40.107707],[-81.451302,40.107779],[-81.454494,40.112557],[-81.457743,40.117419],[-81.461591,40.123177]]]}},{"type":"Feature","properties":{"UNIT_ID":"BOOTH_SW","UNIT_NAME":"Booth SW","OPERATOR":"INR Ohio","STATUS":"PEN","FORMATION":"Utica","ACRES":1046.9,"DC_PER_FT":1048.71,"HEARING_DATE":"2026-09-10","WELLS":3,"AVG_LATERAL_FT":16156},"geometry":{"type":"Polygon","coordinates":[[[-81.478203,40.148023],[-81.476148,40.14495],[-81.45986,40.120587],[-81.452664,40.109817],[-81.451302,40.107779],[-81.453753,40.107856],[-81.455191,40.107901],[-81.459886,40.108048],[-81.462314,40.108124],[-81.465638,40.113178],[-81.469324,40.118781],[-81.472151,40.123078],[-81.472151,40.123078],[-81.472151,40.123078],[-81.472151,40.123078],[-81.488984,40.14865],[-81.48273,40.151236],[-81.480868,40.152006],[-81.478203,40.148023]]]}},{"type":"Feature","properties":{"UNIT_ID":"BORUM_N_SMF_JF","UNIT_NAME":"Borum N SMF JF","OPERATOR":"Ascent","STATUS":"EFF","FORMATION":"Utica","ACRES":326.3,"DC_PER_FT":604.42,"HEARING_DATE":"2021-08-04","WELLS":1,"AVG_LATERAL_FT":12028},"geometry":{"type":"Polygon","coordinates":[[[-80.859071,40.290448],[-80.880545,40.320042],[-80.876921,40.321564],[-80.855444,40.29196],[-80.859071,40.290448]]]}},{"type":"Feature","properties":{"UNIT_ID":"BOUSKA_NE_FRE_HR","UNIT_NAME":"Bouska NE FRE HR","OPERATOR":"Ascent","STATUS":"EFF","FORMATION":"Utica","ACRES":491.1,"DC_PER_FT":760.8,"HEARING_DATE":"2024-07-24","WELLS":2,"AVG_LATERAL_FT":12914},"geometry":{"type":"Polygon","coordinates":[[[-81.228765,40.1921],[-81.251505,40.223358],[-81.246514,40.225606],[-81.223331,40.193734],[-81.22756,40.192048],[-81.228765,40.1921]]]}},{"type":"Feature","properties":{"UNIT_ID":"BOUSKA_N_FRE_HR","UNIT_NAME":"Bouska N FRE HR","OPERATOR":"Ascent","STATUS":"EFF","FORMATION":"Utica","ACRES":463.6,"DC_PER_FT":784.42,"HEARING_DATE":"2024-07-31","WELLS":2,"AVG_LATERAL_FT":12079},"geometry":{"type":"Polygon","coordinates":[[[-81.25649,40.221103],[-81.251505,40.223358],[-81.229063,40.192509],[-81.230452,40.191915],[-81.232561,40.192363],[-81.23562,40.192419],[-81.25649,40.221103]]]}},{"type":"Feature","properties":{"UNIT_ID":"BOWLING_CBR_NW","UNIT_NAME":"Bowling CBR NW","OPERATOR":"EOG Ohio","STATUS":"PEN","FORMATION":"Utica","ACRES":1246.6,"DC_PER_FT":544.68,"HEARING_DATE":"2026-09-16","WELLS":3,"AVG_LATERAL_FT":23555},"geometry":{"type":"Polygon","coordinates":[[[-81.143159,40.712527],[-81.120933,40.681718],[-81.119957,40.680365],[-81.117568,40.676954],[-81.119789,40.677036],[-81.120994,40.677082],[-81.126833,40.677234],[-81.139545,40.695146],[-81.139545,40.695146],[-81.168375,40.732859],[-81.160968,40.735917],[-81.144392,40.714235],[-81.143159,40.712527]]]}},{"type":"Feature","properties":{"UNIT_ID":"BOWLING_NORTH_BRN_CR","UNIT_NAME":"Bowling North BRN CR","OPERATOR":"EOG Ohio","STATUS":"EFF","FORMATION":"Utica","ACRES":990.7,"DC_PER_FT":818.61,"HEARING_DATE":"2022-12-07","WELLS":4,"AVG_LATERAL_FT":12979},"geometry":{"type":"Polygon","coordinates":[[[-81.135774,40.720125],[-81.109692,40.684335],[-81.11993,40.680325],[-81.144283,40.714084],[-81.144392,40.714235],[-81.143027,40.714217],[-81.142612,40.714212],[-81.142229,40.714207],[-81.142041,40.714205],[-81.141736,40.714201],[-81.14046,40.714056],[-81.139383,40.71397],[-81.138039,40.713922],[-81.137176,40.713894],[-81.136731,40.713891],[-81.135867,40.713952],[-81.135822,40.716961],[-81.135774,40.720125]]]}},{"type":"Feature","properties":{"UNIT_ID":"BREITENSTINE_W","UNIT_NAME":"Breitenstine W","OPERATOR":"INR Ohio","STATUS":"PEN","FORMATION":"Utica","ACRES":865.5,"DC_PER_FT":1078.07,"HEARING_DATE":"2026-09-30","WELLS":3,"AVG_LATERAL_FT":14487},"geometry":{"type":"Polygon","coordinates":[[[-81.394579,39.917629],[-81.394933,39.917461],[-81.398038,39.916104],[-81.397935,39.915789],[-81.397935,39.915408],[-81.398224,39.915033],[-81.398655,39.91485],[-81.400462,39.914911],[-81.400773,39.914886],[-81.400793,39.914379],[-81.401676,39.914553],[-81.402239,39.914306],[-81.404393,39.917053],[-81.428827,39.95025],[-81.42735,39.95021],[-81.424501,39.950132],[-81.42362,39.950108],[-81.423524,39.952218],[-81.423505,39.952631],[-81.42347,39.953404],[-81.423413,39.954654],[-81.423336,39.956706],[-81.394579,39.917629]]]}},{"type":"Feature","properties":{"UNIT_ID":"CAMPBELL_I","UNIT_NAME":"Campbell I","OPERATOR":"Gulfport Energy Transferred to Gulfport Appalachia","STATUS":"EFF","FORMATION":"Utica","ACRES":359.9,"DC_PER_FT":892.92,"HEARING_DATE":"2025-01-15","WELLS":1,"AVG_LATERAL_FT":15119},"geometry":{"type":"Polygon","coordinates":[[[-81.059673,39.836353],[-81.08638,39.873343],[-81.083466,39.874593],[-81.083215,39.8747],[-81.056509,39.83771],[-81.059673,39.836353]]]}},{"type":"Feature","properties":{"UNIT_ID":"CAMPBELL_II","UNIT_NAME":"Campbell II","OPERATOR":"Gulfport Energy Transferred to Gulfport Appalachia","STATUS":"EFF","FORMATION":"Utica","ACRES":436.6,"DC_PER_FT":892.92,"HEARING_DATE":"2024-12-12","WELLS":1,"AVG_LATERAL_FT":15119},"geometry":{"type":"Polygon","coordinates":[[[-81.056509,39.83771],[-81.083215,39.8747],[-81.079375,39.876347],[-81.052671,39.839356],[-81.055005,39.838355],[-81.056509,39.83771]]]}},{"type":"Feature","properties":{"UNIT_ID":"CAMPBELL_III","UNIT_NAME":"Campbell III","OPERATOR":"Gulfport Energy Transferred to Gulfport Appalachia","STATUS":"EFF","FORMATION":"Utica","ACRES":436.6,"DC_PER_FT":892.92,"HEARING_DATE":"2024-11-20","WELLS":1,"AVG_LATERAL_FT":15119},"geometry":{"type":"Polygon","coordinates":[[[-81.052671,39.839356],[-81.079375,39.876347],[-81.079108,39.876462],[-81.07704,39.877349],[-81.075535,39.877994],[-81.048833,39.841002],[-81.050337,39.840357],[-81.051737,39.839756],[-81.052209,39.839554],[-81.052671,39.839356]]]}},{"type":"Feature","properties":{"UNIT_ID":"CAMPBELL_IV","UNIT_NAME":"Campbell IV","OPERATOR":"Gulfport Energy Transferred to Gulfport Appalachia","STATUS":"EFF","FORMATION":"Utica","ACRES":359.9,"DC_PER_FT":820.16,"HEARING_DATE":"2024-11-14","WELLS":1,"AVG_LATERAL_FT":15119},"geometry":{"type":"Polygon","coordinates":[[[-81.048833,39.841002],[-81.075535,39.877994],[-81.074749,39.878331],[-81.072369,39.879351],[-81.05417,39.854141],[-81.045669,39.842359],[-81.048833,39.841002]]]}},{"type":"Feature","properties":{"UNIT_ID":"CENA_NE_WYN_JF","UNIT_NAME":"Cena NE WYN JF","OPERATOR":"Ascent","STATUS":"EFF","FORMATION":"Utica","ACRES":446.3,"DC_PER_FT":763.73,"HEARING_DATE":"2026-01-14","WELLS":1,"AVG_LATERAL_FT":14454},"geometry":{"type":"Polygon","coordinates":[[[-80.779737,40.362294],[-80.781344,40.361613],[-80.773115,40.350226],[-80.774537,40.349627],[-80.775614,40.349172],[-80.776108,40.348964],[-80.801935,40.384317],[-80.797266,40.386286],[-80.779737,40.362294]]]}},{"type":"Feature","properties":{"UNIT_ID":"CENA_NW_WYN_JF","UNIT_NAME":"Cena NW WYN JF","OPERATOR":"Ascent","STATUS":"EFF","FORMATION":"Utica","ACRES":691.7,"DC_PER_FT":733.76,"HEARING_DATE":"2026-01-08","WELLS":2,"AVG_LATERAL_FT":14564},"geometry":{"type":"Polygon","coordinates":[[[-80.776108,40.348964],[-80.775614,40.349172],[-80.774329,40.347388],[-80.774256,40.347287],[-80.773957,40.346872],[-80.776006,40.346934],[-80.778575,40.347028],[-80.783203,40.347196],[-80.788345,40.354331],[-80.808078,40.381725],[-80.8038,40.38353],[-80.801935,40.384317],[-80.776108,40.348964]]]}},{"type":"Feature","properties":{"UNIT_ID":"CHANEY_SOUTH_II","UNIT_NAME":"Chaney South II","OPERATOR":"Gulfport Energy Transferred to Gulfport Appalachia","STATUS":"EFF","FORMATION":"Utica","ACRES":657.4,"DC_PER_FT":925.12,"HEARING_DATE":"2025-06-05","WELLS":2,"AVG_LATERAL_FT":17241},"geometry":{"type":"Polygon","coordinates":[[[-81.24066,40.228242],[-81.25801,40.252012],[-81.255502,40.253085],[-81.252999,40.254156],[-81.222744,40.212616],[-81.223013,40.21261],[-81.223433,40.212615],[-81.224239,40.212625],[-81.224276,40.211787],[-81.224344,40.210307],[-81.224393,40.209226],[-81.224495,40.207018],[-81.22453,40.206285],[-81.224531,40.206254],[-81.224539,40.2061],[-81.24066,40.228242]]]}},{"type":"Feature","properties":{"UNIT_ID":"CHANEY_SOUTH_III","UNIT_NAME":"Chaney South III","OPERATOR":"Gulfport Energy Transferred to Gulfport Appalachia","STATUS":"EFF","FORMATION":"Utica","ACRES":332.3,"DC_PER_FT":877.95,"HEARING_DATE":"2025-05-08","WELLS":1,"AVG_LATERAL_FT":16288},"geometry":{"type":"Polygon","coordinates":[[[-81.221761,40.216054],[-81.2218,40.215199],[-81.221804,40.215102],[-81.221817,40.214605],[-81.221835,40.213855],[-81.221887,40.212635],[-81.222744,40.212616],[-81.252999,40.254156],[-81.250341,40.255293],[-81.221761,40.216054]]]}},{"type":"Feature","properties":{"UNIT_ID":"CHARLEY_N_ATH_HR","UNIT_NAME":"Charley N ATH HR","OPERATOR":"Ascent","STATUS":"EFF","FORMATION":"Utica","ACRES":884.9,"DC_PER_FT":709.01,"HEARING_DATE":"2025-12-10","WELLS":2,"AVG_LATERAL_FT":13547},"geometry":{"type":"Polygon","coordinates":[[[-81.042573,40.225443],[-81.0451,40.224367],[-81.045359,40.224726],[-81.059446,40.218728],[-81.068782,40.231609],[-81.06573,40.232909],[-81.06885,40.237211],[-81.065481,40.238645],[-81.066766,40.240417],[-81.060199,40.243213],[-81.056754,40.24468],[-81.042573,40.225443]]]}},{"type":"Feature","properties":{"UNIT_ID":"CHARLEY_W_ATH_HR","UNIT_NAME":"Charley W ATH HR","OPERATOR":"Ascent","STATUS":"EFF","FORMATION":"Utica","ACRES":254.7,"DC_PER_FT":895.35,"HEARING_DATE":"2025-12-17","WELLS":1,"AVG_LATERAL_FT":8533},"geometry":{"type":"Polygon","coordinates":[[[-81.043054,40.196666],[-81.04681,40.195067],[-81.05837,40.211026],[-81.057569,40.211006],[-81.057557,40.211083],[-81.058425,40.211102],[-81.062889,40.217262],[-81.061167,40.217995],[-81.059446,40.218728],[-81.059133,40.218861],[-81.043054,40.196666]]]}},{"type":"Feature","properties":{"UNIT_ID":"CHEETAH_NHS_C","UNIT_NAME":"Cheetah NHS C","OPERATOR":"EOG Resources","STATUS":"EFF","FORMATION":"Utica","ACRES":1667.4,"DC_PER_FT":638.85,"HEARING_DATE":"2025-05-14","WELLS":3,"AVG_LATERAL_FT":15841},"geometry":{"type":"Polygon","coordinates":[[[-81.599904,39.70361],[-81.61386,39.697575],[-81.641893,39.736237],[-81.627933,39.742275],[-81.599904,39.70361]]]}},{"type":"Feature","properties":{"UNIT_ID":"CHRISTMAN_M","UNIT_NAME":"Christman-M","OPERATOR":"Apex Energy Operating III","STATUS":"EFF","FORMATION":"Marcellus","ACRES":876.7,"DC_PER_FT":937.08,"HEARING_DATE":"2026-06-03","WELLS":3,"AVG_LATERAL_FT":11083},"geometry":{"type":"Polygon","coordinates":[[[-81.062862,39.640557],[-81.044239,39.605298],[-81.046258,39.605384],[-81.048704,39.605492],[-81.053313,39.605721],[-81.056812,39.605873],[-81.058769,39.609579],[-81.066275,39.623788],[-81.066252,39.624157],[-81.066244,39.62429],[-81.066323,39.624175],[-81.06639,39.624056],[-81.066402,39.624029],[-81.069023,39.628988],[-81.068991,39.629006],[-81.068936,39.629038],[-81.068886,39.629074],[-81.068842,39.629115],[-81.068806,39.62916],[-81.068777,39.629208],[-81.068755,39.629258],[-81.068743,39.62931],[-81.068738,39.629363],[-81.068585,39.629532],[-81.068523,39.629815],[-81.068474,39.630099],[-81.068405,39.630529],[-81.068141,39.63111],[-81.068132,39.631157],[-81.068134,39.631204],[-81.068147,39.63125],[-81.068171,39.631293],[-81.06833,39.631464],[-81.067816,39.631441],[-81.067783,39.632299],[-81.066899,39.632288],[-81.066662,39.636767],[-81.066445,39.640676],[-81.062862,39.640557]]]}},{"type":"Feature","properties":{"UNIT_ID":"CHRISTMAN_U","UNIT_NAME":"Christman-U","OPERATOR":"Apex Energy Operating III","STATUS":"EFF","FORMATION":"Utica","ACRES":876.7,"DC_PER_FT":1112.09,"HEARING_DATE":"2026-05-06","WELLS":3,"AVG_LATERAL_FT":11083},"geometry":{"type":"Polygon","coordinates":[[[-81.062862,39.640557],[-81.044239,39.605298],[-81.046258,39.605384],[-81.048704,39.605492],[-81.053313,39.605721],[-81.056812,39.605873],[-81.058769,39.609579],[-81.066275,39.623788],[-81.066252,39.624157],[-81.066244,39.62429],[-81.066323,39.624175],[-81.06639,39.624056],[-81.066402,39.624029],[-81.069023,39.628988],[-81.068991,39.629006],[-81.068936,39.629038],[-81.068886,39.629074],[-81.068842,39.629115],[-81.068806,39.62916],[-81.068777,39.629208],[-81.068755,39.629258],[-81.068743,39.62931],[-81.068738,39.629363],[-81.068585,39.629532],[-81.068523,39.629815],[-81.068474,39.630099],[-81.068405,39.630529],[-81.068141,39.63111],[-81.068132,39.631157],[-81.068134,39.631204],[-81.068147,39.63125],[-81.068171,39.631293],[-81.06833,39.631464],[-81.067816,39.631441],[-81.067783,39.632299],[-81.066899,39.632288],[-81.066662,39.636767],[-81.066445,39.640676],[-81.062862,39.640557]]]}},{"type":"Feature","properties":{"UNIT_ID":"CIRCLE_OAKS_NE_WSG_GR","UNIT_NAME":"Circle Oaks NE WSG GR","OPERATOR":"Ascent","STATUS":"PEN","FORMATION":"Utica","ACRES":295.7,"DC_PER_FT":675.93,"HEARING_DATE":"2026-08-05","WELLS":1,"AVG_LATERAL_FT":14750},"geometry":{"type":"Polygon","coordinates":[[[-81.370332,40.215038],[-81.369117,40.215005],[-81.362314,40.205668],[-81.361549,40.204427],[-81.360573,40.203277],[-81.343099,40.179279],[-81.344464,40.178688],[-81.345711,40.178148],[-81.372723,40.215096],[-81.370332,40.215038]]]}},{"type":"Feature","properties":{"UNIT_ID":"CIRCLE_OAKS_NW_WSG_GR","UNIT_NAME":"Circle Oaks NW WSG GR","OPERATOR":"Ascent","STATUS":"PEN","FORMATION":"Utica","ACRES":603.5,"DC_PER_FT":664.04,"HEARING_DATE":"2026-08-05","WELLS":2,"AVG_LATERAL_FT":15481},"geometry":{"type":"Polygon","coordinates":[[[-81.377497,40.21521],[-81.376207,40.21518],[-81.372723,40.215096],[-81.345711,40.178148],[-81.346957,40.177608],[-81.349451,40.176529],[-81.350853,40.175922],[-81.379618,40.215262],[-81.377497,40.21521]]]}},{"type":"Feature","properties":{"UNIT_ID":"CLAUGUS","UNIT_NAME":"Claugus","OPERATOR":"Gulfport Appalachia","STATUS":"PEN","FORMATION":"Utica","ACRES":660.9,"DC_PER_FT":857.47,"HEARING_DATE":"2026-08-12","WELLS":1,"AVG_LATERAL_FT":18543},"geometry":{"type":"Polygon","coordinates":[[[-81.083538,39.733562],[-81.116755,39.7796],[-81.115091,39.780316],[-81.112093,39.781604],[-81.078879,39.735564],[-81.079761,39.735185],[-81.080757,39.734757],[-81.083538,39.733562]]]}},{"type":"Feature","properties":{"UNIT_ID":"CLAUGUS_NORTHEAST","UNIT_NAME":"Claugus Northeast","OPERATOR":"Gulfport Appalachia","STATUS":"PEN","FORMATION":"Utica","ACRES":961.2,"DC_PER_FT":853.88,"HEARING_DATE":"2026-08-27","WELLS":1,"AVG_LATERAL_FT":18738},"geometry":{"type":"Polygon","coordinates":[[[-81.086803,39.761625],[-81.089911,39.76029],[-81.088365,39.758146],[-81.07507,39.739708],[-81.07369,39.737793],[-81.078879,39.735564],[-81.112093,39.781604],[-81.111206,39.781986],[-81.103793,39.785171],[-81.099436,39.779135],[-81.086803,39.761625]]]}},{"type":"Feature","properties":{"UNIT_ID":"CLAUGUS_WEST","UNIT_NAME":"Claugus West","OPERATOR":"Gulfport Appalachia","STATUS":"PEN","FORMATION":"Utica","ACRES":775.2,"DC_PER_FT":809.25,"HEARING_DATE":"2026-09-16","WELLS":1,"AVG_LATERAL_FT":21007},"geometry":{"type":"Polygon","coordinates":[[[-81.115091,39.780316],[-81.116755,39.7796],[-81.083538,39.733562],[-81.085524,39.732708],[-81.086273,39.732386],[-81.088199,39.731559],[-81.125648,39.783454],[-81.124248,39.784056],[-81.119321,39.786174],[-81.115091,39.780316]]]}},{"type":"Feature","properties":{"UNIT_ID":"COBALT_CBR_A","UNIT_NAME":"Cobalt CBR A","OPERATOR":"EOG Resources","STATUS":"EFF","FORMATION":"Utica","ACRES":1771.2,"DC_PER_FT":550.55,"HEARING_DATE":"2025-08-06","WELLS":5,"AVG_LATERAL_FT":17237},"geometry":{"type":"Polygon","coordinates":[[[-81.169371,40.628335],[-81.170135,40.628359],[-81.172958,40.628443],[-81.176209,40.628541],[-81.176209,40.628527],[-81.176211,40.628527],[-81.17622,40.628325],[-81.176243,40.627846],[-81.176272,40.627373],[-81.176319,40.626496],[-81.176456,40.623969],[-81.176599,40.621279],[-81.176633,40.62128],[-81.176753,40.619417],[-81.177028,40.615114],[-81.177168,40.615055],[-81.214329,40.663825],[-81.200924,40.669751],[-81.169371,40.628335]]]}},{"type":"Feature","properties":{"UNIT_ID":"COBALT_CBR_B","UNIT_NAME":"Cobalt CBR B","OPERATOR":"EOG Resources","STATUS":"PEN","FORMATION":"Utica","ACRES":2195.2,"DC_PER_FT":551.45,"HEARING_DATE":"2026-07-22","WELLS":5,"AVG_LATERAL_FT":22285},"geometry":{"type":"Polygon","coordinates":[[[-81.241709,40.723172],[-81.239059,40.719727],[-81.209821,40.681418],[-81.200924,40.669751],[-81.214329,40.663825],[-81.218334,40.669075],[-81.254908,40.717809],[-81.241709,40.723172]]]}},{"type":"Feature","properties":{"UNIT_ID":"COLOGIE_NE_GRN_HR","UNIT_NAME":"Cologie NE GRN HR","OPERATOR":"Ascent","STATUS":"EFF","FORMATION":"Utica","ACRES":609.3,"DC_PER_FT":711.9,"HEARING_DATE":"2024-11-13","WELLS":1,"AVG_LATERAL_FT":21930},"geometry":{"type":"Polygon","coordinates":[[[-80.932071,40.299767],[-80.931995,40.2998],[-80.906864,40.265747],[-80.908983,40.264829],[-80.910339,40.264241],[-80.910621,40.264121],[-80.949817,40.317246],[-80.946127,40.31884],[-80.932071,40.299767]]]}},{"type":"Feature","properties":{"UNIT_ID":"COLOGIE_NW_GRN_HR","UNIT_NAME":"Cologie NW GRN HR","OPERATOR":"Ascent","STATUS":"EFF","FORMATION":"Utica","ACRES":537.7,"DC_PER_FT":712.01,"HEARING_DATE":"2024-12-04","WELLS":1,"AVG_LATERAL_FT":21924},"geometry":{"type":"Polygon","coordinates":[[[-80.913906,40.262716],[-80.914523,40.262452],[-80.915548,40.262013],[-80.917265,40.261276],[-80.942323,40.295337],[-80.944425,40.298194],[-80.944348,40.298231],[-80.956296,40.314448],[-80.953098,40.315832],[-80.913906,40.262716]]]}},{"type":"Feature","properties":{"UNIT_ID":"COLOGIE_N_GRN_HR","UNIT_NAME":"Cologie N GRN HR","OPERATOR":"Ascent","STATUS":"EFF","FORMATION":"Utica","ACRES":535.2,"DC_PER_FT":711.75,"HEARING_DATE":"2024-11-20","WELLS":1,"AVG_LATERAL_FT":21901},"geometry":{"type":"Polygon","coordinates":[[[-80.910621,40.264121],[-80.912264,40.263419],[-80.91378,40.262771],[-80.913906,40.262716],[-80.95305,40.315767],[-80.949769,40.317181],[-80.910621,40.264121]]]}},{"type":"Feature","properties":{"UNIT_ID":"CONQUERORS_GY_VAL_NORTH","UNIT_NAME":"Conquerors GY VAL North","OPERATOR":"EOG Ohio","STATUS":"EFF","FORMATION":"Utica","ACRES":1427.3,"DC_PER_FT":764.36,"HEARING_DATE":"2024-12-11","WELLS":3,"AVG_LATERAL_FT":19101},"geometry":{"type":"Polygon","coordinates":[[[-81.499693,39.915281],[-81.509671,39.911022],[-81.541458,39.955148],[-81.543282,39.957684],[-81.533251,39.961917],[-81.531468,39.959398],[-81.499693,39.915281]]]}},{"type":"Feature","properties":{"UNIT_ID":"COOPER_C_WSG_GR","UNIT_NAME":"Cooper C WSG GR","OPERATOR":"Ascent","STATUS":"EFF","FORMATION":"Utica","ACRES":394.5,"DC_PER_FT":632.6,"HEARING_DATE":"2026-03-25","WELLS":1,"AVG_LATERAL_FT":20898},"geometry":{"type":"Polygon","coordinates":[[[-81.405711,40.164962],[-81.405038,40.164944],[-81.403374,40.164901],[-81.366556,40.113365],[-81.366871,40.112968],[-81.367918,40.113337],[-81.369639,40.11331],[-81.369649,40.113128],[-81.406701,40.164988],[-81.405711,40.164962]]]}},{"type":"Feature","properties":{"UNIT_ID":"COOPER_SW_WSG_GR","UNIT_NAME":"Cooper SW WSG GR","OPERATOR":"Ascent","STATUS":"EFF","FORMATION":"Utica","ACRES":401.9,"DC_PER_FT":646.03,"HEARING_DATE":"2026-04-01","WELLS":1,"AVG_LATERAL_FT":18637},"geometry":{"type":"Polygon","coordinates":[[[-81.40718,40.159844],[-81.407135,40.16103],[-81.372549,40.112623],[-81.376092,40.11273],[-81.408218,40.157692],[-81.408906,40.157713],[-81.411474,40.161235],[-81.410232,40.161781],[-81.408991,40.162327],[-81.40718,40.159844]]]}},{"type":"Feature","properties":{"UNIT_ID":"CROSS_CREEK_A_SE_CRC_JF","UNIT_NAME":"Cross Creek A SE CRC JF","OPERATOR":"Ascent","STATUS":"EFF","FORMATION":"Utica","ACRES":537.6,"DC_PER_FT":758.42,"HEARING_DATE":"2024-05-01","WELLS":1,"AVG_LATERAL_FT":24000},"geometry":{"type":"Polygon","coordinates":[[[-80.703938,40.310169],[-80.700865,40.311209],[-80.658778,40.252983],[-80.661803,40.251543],[-80.703938,40.310169]]]}},{"type":"Feature","properties":{"UNIT_ID":"CROWELL_C_WYN_JF","UNIT_NAME":"Crowell C WYN JF","OPERATOR":"Ascent","STATUS":"EFF","FORMATION":"Utica","ACRES":386.1,"DC_PER_FT":706.7,"HEARING_DATE":"2024-10-09","WELLS":1,"AVG_LATERAL_FT":16369},"geometry":{"type":"Polygon","coordinates":[[[-80.86408,40.370871],[-80.864038,40.372237],[-80.863996,40.372585],[-80.861869,40.373483],[-80.832516,40.332924],[-80.835623,40.331553],[-80.86408,40.370871]]]}},{"type":"Feature","properties":{"UNIT_ID":"CROWELL_NE_WYN_JF","UNIT_NAME":"Crowell NE WYN JF","OPERATOR":"Ascent","STATUS":"EFF","FORMATION":"Utica","ACRES":507.9,"DC_PER_FT":682.74,"HEARING_DATE":"2024-10-23","WELLS":1,"AVG_LATERAL_FT":19284},"geometry":{"type":"Polygon","coordinates":[[[-80.832516,40.332924],[-80.861869,40.373483],[-80.863996,40.372587],[-80.869596,40.380478],[-80.864328,40.382543],[-80.83037,40.335626],[-80.831217,40.335252],[-80.830284,40.333928],[-80.832516,40.332924]]]}},{"type":"Feature","properties":{"UNIT_ID":"CROWELL_NW_WYN_JF","UNIT_NAME":"Crowell NW WYN JF","OPERATOR":"Ascent","STATUS":"EFF","FORMATION":"Utica","ACRES":484.0,"DC_PER_FT":706.49,"HEARING_DATE":"2024-09-26","WELLS":1,"AVG_LATERAL_FT":16388},"geometry":{"type":"Polygon","coordinates":[[[-80.87201,40.369078],[-80.871974,40.369894],[-80.867438,40.369843],[-80.838731,40.330181],[-80.842615,40.328466],[-80.87201,40.369078]]]}},{"type":"Feature","properties":{"UNIT_ID":"CULBERTSON_I","UNIT_NAME":"Culbertson I","OPERATOR":"Gulfport Appalachia","STATUS":"PEN","FORMATION":"Utica","ACRES":442.8,"DC_PER_FT":744.11,"HEARING_DATE":"2026-09-02","WELLS":1,"AVG_LATERAL_FT":18008},"geometry":{"type":"Polygon","coordinates":[[[-81.06341,40.151624],[-81.063117,40.15161],[-81.062887,40.151283],[-81.061277,40.151231],[-81.059537,40.151174],[-81.059028,40.151151],[-81.059018,40.151353],[-81.027593,40.107972],[-81.027613,40.1079],[-81.02764,40.107828],[-81.027831,40.107321],[-81.02787,40.10723],[-81.028272,40.106289],[-81.028583,40.105559],[-81.028608,40.1055],[-81.0288,40.104955],[-81.028896,40.104682],[-81.028992,40.104409],[-81.02907,40.10422],[-81.06341,40.151624]]]}},{"type":"Feature","properties":{"UNIT_ID":"CULBERTSON_II","UNIT_NAME":"Culbertson II","OPERATOR":"Gulfport Appalachia","STATUS":"PEN","FORMATION":"Utica","ACRES":403.1,"DC_PER_FT":733.97,"HEARING_DATE":"2026-09-02","WELLS":1,"AVG_LATERAL_FT":18393},"geometry":{"type":"Polygon","coordinates":[[[-81.059018,40.151353],[-81.059006,40.151614],[-81.060812,40.152363],[-81.060224,40.153705],[-81.059553,40.154349],[-81.058286,40.155566],[-81.024985,40.109596],[-81.026115,40.10963],[-81.026128,40.109631],[-81.027366,40.108818],[-81.027593,40.107972],[-81.059018,40.151353]]]}},{"type":"Feature","properties":{"UNIT_ID":"CULBERTSON_III","UNIT_NAME":"Culbertson III","OPERATOR":"Gulfport Appalachia","STATUS":"PEN","FORMATION":"Utica","ACRES":526.0,"DC_PER_FT":725.51,"HEARING_DATE":"2026-09-30","WELLS":1,"AVG_LATERAL_FT":19159},"geometry":{"type":"Polygon","coordinates":[[[-81.055668,40.156685],[-81.055118,40.156518],[-81.055014,40.156655],[-81.05499,40.156687],[-81.054912,40.156583],[-81.01941,40.109476],[-81.022132,40.109564],[-81.024125,40.109621],[-81.025025,40.10965],[-81.058231,40.15549],[-81.058197,40.155522],[-81.058083,40.155631],[-81.057473,40.15621],[-81.05718,40.156489],[-81.056658,40.156985],[-81.055668,40.156685]]]}},{"type":"Feature","properties":{"UNIT_ID":"DAVID_WEAVER_HN_STO_SOUTH","UNIT_NAME":"David Weaver HN STO South","OPERATOR":"EOG Ohio","STATUS":"EFF","FORMATION":"Utica","ACRES":1081.2,"DC_PER_FT":771.78,"HEARING_DATE":"2024-03-27","WELLS":3,"AVG_LATERAL_FT":16196},"geometry":{"type":"Polygon","coordinates":[[[-81.147578,40.339562],[-81.134252,40.321255],[-81.122361,40.304483],[-81.125726,40.303064],[-81.126459,40.30407],[-81.129878,40.302706],[-81.133115,40.307162],[-81.135023,40.306349],[-81.161313,40.342498],[-81.152559,40.346406],[-81.148776,40.341208],[-81.147578,40.339562]]]}},{"type":"Feature","properties":{"UNIT_ID":"DAVIS_FARMS_CR_UNI_SW","UNIT_NAME":"Davis Farms CR UNI SW","OPERATOR":"EOG Ohio","STATUS":"EFF","FORMATION":"Utica","ACRES":359.0,"DC_PER_FT":789.3,"HEARING_DATE":"2025-05-09","WELLS":1,"AVG_LATERAL_FT":13683},"geometry":{"type":"Polygon","coordinates":[[[-81.10999,40.498569],[-81.109759,40.498656],[-81.106589,40.499848],[-81.105406,40.500293],[-81.080298,40.467598],[-81.080621,40.46746],[-81.082873,40.466504],[-81.096403,40.484127],[-81.097489,40.483663],[-81.09825,40.483338],[-81.098729,40.483134],[-81.10999,40.498569]]]}},{"type":"Feature","properties":{"UNIT_ID":"DAVIS_FARMS_SOUTH_EXTENSION","UNIT_NAME":"Davis Farms South Extension","OPERATOR":"EOG Ohio","STATUS":"EFF","FORMATION":"Utica","ACRES":982.7,"DC_PER_FT":738.93,"HEARING_DATE":"2025-05-14","WELLS":2,"AVG_LATERAL_FT":16578},"geometry":{"type":"Polygon","coordinates":[[[-81.105406,40.500293],[-81.103198,40.501124],[-81.10109,40.501916],[-81.099827,40.502452],[-81.098912,40.502841],[-81.09658,40.503853],[-81.077096,40.477134],[-81.077988,40.476745],[-81.067668,40.462583],[-81.074739,40.459593],[-81.080621,40.46746],[-81.080298,40.467598],[-81.105406,40.500293]]]}},{"type":"Feature","properties":{"UNIT_ID":"DEERSVILLE_HN_FRA_NE","UNIT_NAME":"Deersville HN FRA NE","OPERATOR":"EOG Ohio","STATUS":"EFF","FORMATION":"Utica","ACRES":705.1,"DC_PER_FT":775.64,"HEARING_DATE":"2025-05-28","WELLS":2,"AVG_LATERAL_FT":20950},"geometry":{"type":"Polygon","coordinates":[[[-81.182678,40.309031],[-81.181356,40.30709],[-81.184689,40.307059],[-81.187712,40.307147],[-81.223198,40.355124],[-81.221677,40.360305],[-81.210608,40.345856],[-81.187034,40.314769],[-81.182678,40.309031]]]}},{"type":"Feature","properties":{"UNIT_ID":"DEERSVILLE_HN_FRA_NW","UNIT_NAME":"Deersville HN FRA NW","OPERATOR":"EOG Ohio","STATUS":"EFF","FORMATION":"Utica","ACRES":696.6,"DC_PER_FT":779.69,"HEARING_DATE":"2025-05-22","WELLS":2,"AVG_LATERAL_FT":18790},"geometry":{"type":"Polygon","coordinates":[[[-81.227597,40.352598],[-81.223825,40.352574],[-81.223198,40.355124],[-81.187712,40.307147],[-81.188117,40.307159],[-81.188189,40.307161],[-81.18826,40.307163],[-81.188762,40.307178],[-81.190102,40.307217],[-81.191148,40.307248],[-81.192166,40.30722],[-81.192717,40.307207],[-81.193457,40.307241],[-81.193588,40.307255],[-81.193851,40.307284],[-81.193923,40.307254],[-81.194111,40.307178],[-81.194272,40.307125],[-81.194429,40.307091],[-81.227597,40.352598]]]}},{"type":"Feature","properties":{"UNIT_ID":"DICKSON_E_CRC_JF","UNIT_NAME":"Dickson E CRC JF","OPERATOR":"Ascent","STATUS":"EFF","FORMATION":"Utica","ACRES":801.8,"DC_PER_FT":713.31,"HEARING_DATE":"2024-01-31","WELLS":1,"AVG_LATERAL_FT":22170},"geometry":{"type":"Polygon","coordinates":[[[-80.683186,40.306161],[-80.678261,40.308238],[-80.644152,40.260706],[-80.639731,40.254586],[-80.644155,40.251909],[-80.683186,40.306161]]]}},{"type":"Feature","properties":{"UNIT_ID":"DICKSON_SE_CRC_JF","UNIT_NAME":"Dickson SE CRC JF","OPERATOR":"Ascent","STATUS":"EFF","FORMATION":"Utica","ACRES":557.9,"DC_PER_FT":708.92,"HEARING_DATE":"2024-01-31","WELLS":1,"AVG_LATERAL_FT":22444},"geometry":{"type":"Polygon","coordinates":[[[-80.683186,40.306161],[-80.644155,40.251909],[-80.645662,40.250997],[-80.645916,40.250742],[-80.646629,40.250313],[-80.647127,40.249958],[-80.686501,40.304719],[-80.685645,40.305339],[-80.685754,40.305436],[-80.685701,40.305834],[-80.685443,40.306044],[-80.685099,40.305984],[-80.684787,40.306151],[-80.68443,40.306068],[-80.683186,40.306161]]]}},{"type":"Feature","properties":{"UNIT_ID":"DICKSON_SW_CRC_JF","UNIT_NAME":"Dickson SW CRC JF","OPERATOR":"Ascent","STATUS":"EFF","FORMATION":"Utica","ACRES":672.3,"DC_PER_FT":707.58,"HEARING_DATE":"2024-01-31","WELLS":1,"AVG_LATERAL_FT":22177},"geometry":{"type":"Polygon","coordinates":[[[-80.68903,40.302467],[-80.649817,40.24791],[-80.651101,40.246914],[-80.652933,40.244805],[-80.693062,40.300913],[-80.690036,40.300981],[-80.690001,40.301313],[-80.689644,40.302479],[-80.68903,40.302467]]]}},{"type":"Feature","properties":{"UNIT_ID":"DICKSON_S_CRC_JF","UNIT_NAME":"Dickson S CRC |JF","OPERATOR":"Ascent","STATUS":"EFF","FORMATION":"Utica","ACRES":532.0,"DC_PER_FT":705.86,"HEARING_DATE":"2024-01-31","WELLS":1,"AVG_LATERAL_FT":22357},"geometry":{"type":"Polygon","coordinates":[[[-80.649817,40.24791],[-80.688988,40.302409],[-80.688731,40.302515],[-80.687884,40.304287],[-80.687731,40.304282],[-80.686501,40.304719],[-80.647127,40.249958],[-80.647597,40.249571],[-80.647898,40.249318],[-80.648025,40.249011],[-80.648523,40.248857],[-80.649817,40.24791]]]}},{"type":"Feature","properties":{"UNIT_ID":"DITKA_TWR_A","UNIT_NAME":"Ditka TWR A","OPERATOR":"EOG Resources","STATUS":"EFF","FORMATION":"Utica","ACRES":1412.3,"DC_PER_FT":605.01,"HEARING_DATE":"2025-12-11","WELLS":3,"AVG_LATERAL_FT":18253},"geometry":{"type":"Polygon","coordinates":[[[-81.252994,40.4466],[-81.260021,40.456057],[-81.253462,40.458917],[-81.269237,40.480485],[-81.278668,40.493372],[-81.269565,40.497255],[-81.237433,40.453315],[-81.24012,40.452151],[-81.242886,40.450912],[-81.252994,40.4466]]]}},{"type":"Feature","properties":{"UNIT_ID":"DOWNING_N_WYN_JF","UNIT_NAME":"Downing N WYN JF","OPERATOR":"Ascent","STATUS":"EFF","FORMATION":"Utica","ACRES":741.8,"DC_PER_FT":759.19,"HEARING_DATE":"2026-07-16","WELLS":2,"AVG_LATERAL_FT":14212},"geometry":{"type":"Polygon","coordinates":[[[-80.788342,40.354326],[-80.789476,40.3543],[-80.793216,40.354481],[-80.793755,40.354507],[-80.794144,40.354102],[-80.7946,40.354103],[-80.794646,40.354103],[-80.794763,40.354151],[-80.795722,40.354545],[-80.796792,40.354545],[-80.797148,40.354309],[-80.797287,40.354347],[-80.798082,40.354563],[-80.798713,40.354488],[-80.800808,40.354237],[-80.817759,40.37764],[-80.816681,40.378094],[-80.808078,40.381725],[-80.788342,40.354326]]]}},{"type":"Feature","properties":{"UNIT_ID":"DWAYNE_NE_GRN_HR","UNIT_NAME":"Dwayne NE GRN HR","OPERATOR":"Ascent","STATUS":"EFF","FORMATION":"Utica","ACRES":946.0,"DC_PER_FT":672.47,"HEARING_DATE":"2024-09-11","WELLS":2,"AVG_LATERAL_FT":18538},"geometry":{"type":"Polygon","coordinates":[[[-80.925704,40.30251],[-80.918877,40.30545],[-80.885735,40.260403],[-80.892573,40.257454],[-80.925704,40.30251]]]}},{"type":"Feature","properties":{"UNIT_ID":"DWAYNE_NW_GRN_HR","UNIT_NAME":"Dwayne NW GRN HR","OPERATOR":"Ascent","STATUS":"EFF","FORMATION":"Utica","ACRES":865.4,"DC_PER_FT":672.62,"HEARING_DATE":"2024-09-11","WELLS":2,"AVG_LATERAL_FT":18538},"geometry":{"type":"Polygon","coordinates":[[[-80.898802,40.254773],[-80.906864,40.265747],[-80.931995,40.2998],[-80.925704,40.30251],[-80.892573,40.257454],[-80.898802,40.254773]]]}},{"type":"Feature","properties":{"UNIT_ID":"D_L_MAYBERRY_A","UNIT_NAME":"D L Mayberry A","OPERATOR":"Grenadier Energy III","STATUS":"EFF","FORMATION":"Utica","ACRES":831.9,"DC_PER_FT":787.82,"HEARING_DATE":"2025-06-04","WELLS":2,"AVG_LATERAL_FT":18348},"geometry":{"type":"Polygon","coordinates":[[[-81.184475,40.059091],[-81.183124,40.059155],[-81.182038,40.059379],[-81.181059,40.059324],[-81.178301,40.059607],[-81.177355,40.05985],[-81.177302,40.059841],[-81.144415,40.014589],[-81.150328,40.012113],[-81.184475,40.059091]]]}},{"type":"Feature","properties":{"UNIT_ID":"D_L_MAYBERRY_B","UNIT_NAME":"D L Mayberry B","OPERATOR":"Grenadier Energy III","STATUS":"EFF","FORMATION":"Utica","ACRES":478.9,"DC_PER_FT":797.74,"HEARING_DATE":"2025-06-04","WELLS":1,"AVG_LATERAL_FT":17512},"geometry":{"type":"Polygon","coordinates":[[[-81.175981,40.059628],[-81.175305,40.059598],[-81.172491,40.059486],[-81.171931,40.059044],[-81.171026,40.058433],[-81.169827,40.058094],[-81.169909,40.057436],[-81.16872,40.057187],[-81.168421,40.056229],[-81.168025,40.055625],[-81.168269,40.05428],[-81.167559,40.053112],[-81.167468,40.053039],[-81.167444,40.052717],[-81.166565,40.052698],[-81.152472,40.03126],[-81.141459,40.015827],[-81.144415,40.014589],[-81.177302,40.059841],[-81.175981,40.059628]]]}},{"type":"Feature","properties":{"UNIT_ID":"ECKLEY_CR_CEN_NW","UNIT_NAME":"Eckley CR CEN NW","OPERATOR":"EOG Ohio","STATUS":"EFF","FORMATION":"Utica","ACRES":582.9,"DC_PER_FT":780.97,"HEARING_DATE":"2025-01-22","WELLS":2,"AVG_LATERAL_FT":15174},"geometry":{"type":"Polygon","coordinates":[[[-81.112586,40.582341],[-81.1359,40.614034],[-81.137545,40.621578],[-81.138175,40.621633],[-81.137995,40.626982],[-81.135083,40.626895],[-81.134718,40.622347],[-81.134475,40.621232],[-81.115723,40.595326],[-81.107803,40.584391],[-81.110113,40.583401],[-81.112586,40.582341]]]}},{"type":"Feature","properties":{"UNIT_ID":"ELKRUN_JOHNSTON_NORTHEAST_UNIT_24","UNIT_NAME":"Elkrun Johnston Northeast Unit 24","OPERATOR":"Hilcorp Energy","STATUS":"EFF","FORMATION":"Utica","ACRES":739.8,"DC_PER_FT":850.93,"HEARING_DATE":"2024-10-02","WELLS":1,"AVG_LATERAL_FT":9512},"geometry":{"type":"Polygon","coordinates":[[[-80.664681,40.813419],[-80.664633,40.813432],[-80.664601,40.813441],[-80.66454,40.813458],[-80.664517,40.813465],[-80.664485,40.813474],[-80.664458,40.813481],[-80.664449,40.813484],[-80.664397,40.813499],[-80.664386,40.813502],[-80.664215,40.81355],[-80.664209,40.813552],[-80.664072,40.813591],[-80.66395,40.813625],[-80.663821,40.813661],[-80.663707,40.813694],[-80.663413,40.813776],[-80.663216,40.813832],[-80.662998,40.813894],[-80.662982,40.813898],[-80.662626,40.813999],[-80.662436,40.814052],[-80.662332,40.814082],[-80.661997,40.814176],[-80.661959,40.814187],[-80.661552,40.814302],[-80.661334,40.814364],[-80.661209,40.814399],[-80.660929,40.814478],[-80.660752,40.814528],[-80.660582,40.814576],[-80.660041,40.814729],[-80.660026,40.814733],[-80.659806,40.814795],[-80.659669,40.814834],[-80.659171,40.814974],[-80.659069,40.815003],[-80.659043,40.81501],[-80.658551,40.815149],[-80.658546,40.81515],[-80.65824,40.815237],[-80.657837,40.815351],[-80.657783,40.815366],[-80.657716,40.815273],[-80.657682,40.815226],[-80.657492,40.814964],[-80.657241,40.814616],[-80.657098,40.814419],[-80.656855,40.814084],[-80.656609,40.813744],[-80.656191,40.813166],[-80.656169,40.813135],[-80.656159,40.813122],[-80.656084,40.813018],[-80.655243,40.811857],[-80.654729,40.811146],[-80.654728,40.811146],[-80.654584,40.810947],[-80.65137,40.806507],[-80.651172,40.806234],[-80.651424,40.805965],[-80.652814,40.80448],[-80.649916,40.804478],[-80.649689,40.804161],[-80.645913,40.798878],[-80.645791,40.798707],[-80.645743,40.79864],[-80.64574,40.798636],[-80.645686,40.798559],[-80.645677,40.798547],[-80.645675,40.798544],[-80.645623,40.798472],[-80.645399,40.798157],[-80.645366,40.798112],[-80.645366,40.798111],[-80.645283,40.797996],[-80.645273,40.797982],[-80.645271,40.797979],[-80.645206,40.797888],[-80.645175,40.797844],[-80.645172,40.797841],[-80.645164,40.797829],[-80.645123,40.797772],[-80.645109,40.797752],[-80.645096,40.797734],[-80.645039,40.797655],[-80.644879,40.79743],[-80.644844,40.797381],[-80.64476,40.797264],[-80.644353,40.796694],[-80.644225,40.796515],[-80.644037,40.796252],[-80.643733,40.795827],[-80.643727,40.795818],[-80.633738,40.783552],[-80.634938,40.783013],[-80.640973,40.780377],[-80.641697,40.78006],[-80.648085,40.788303],[-80.648589,40.788954],[-80.652105,40.79349],[-80.654174,40.796158],[-80.656349,40.798963],[-80.658263,40.801432],[-80.65858,40.801841],[-80.658996,40.802378],[-80.660039,40.803722],[-80.660061,40.803751],[-80.660392,40.804177],[-80.660452,40.804255],[-80.660478,40.804289],[-80.659203,40.804587],[-80.660154,40.805909],[-80.660154,40.805916],[-80.660157,40.805914],[-80.660204,40.80598],[-80.660346,40.806177],[-80.660346,40.806188],[-80.660345,40.806265],[-80.660339,40.807484],[-80.660739,40.807808],[-80.66161,40.808927],[-80.661707,40.809052],[-80.662003,40.809432],[-80.662298,40.809811],[-80.662528,40.810107],[-80.66329,40.811085],[-80.663279,40.812278],[-80.66468,40.813062],[-80.664684,40.813144],[-80.664686,40.813183],[-80.664682,40.813381],[-80.664681,40.813419]]]}},{"type":"Feature","properties":{"UNIT_ID":"ELKRUN_JOHNSTON_NORTHWEST_UNIT_25","UNIT_NAME":"Elkrun Johnston Northwest Unit 25","OPERATOR":"Hilcorp Energy","STATUS":"EFF","FORMATION":"Utica","ACRES":738.9,"DC_PER_FT":870.89,"HEARING_DATE":"2025-01-10","WELLS":1,"AVG_LATERAL_FT":9403},"geometry":{"type":"Polygon","coordinates":[[[-80.652412,40.775407],[-80.652475,40.775485],[-80.652489,40.775503],[-80.652546,40.775575],[-80.652554,40.775584],[-80.6526,40.775641],[-80.652641,40.775693],[-80.652682,40.775744],[-80.652738,40.775814],[-80.652769,40.775852],[-80.652802,40.775893],[-80.652848,40.77595],[-80.652862,40.775968],[-80.652916,40.776036],[-80.652934,40.776058],[-80.652992,40.77613],[-80.653044,40.776195],[-80.653045,40.776196],[-80.65312,40.776289],[-80.653196,40.776385],[-80.653251,40.776453],[-80.653278,40.776486],[-80.653353,40.77658],[-80.653533,40.776804],[-80.653584,40.776869],[-80.653686,40.776995],[-80.653713,40.777028],[-80.653737,40.777059],[-80.653739,40.777061],[-80.65374,40.777062],[-80.65383,40.777174],[-80.65388,40.777237],[-80.653987,40.777374],[-80.654002,40.777394],[-80.654078,40.777493],[-80.654158,40.777596],[-80.654264,40.777733],[-80.654354,40.777848],[-80.65442,40.777933],[-80.654544,40.778094],[-80.654612,40.778182],[-80.654892,40.778543],[-80.655031,40.778722],[-80.65522,40.778965],[-80.655404,40.779203],[-80.655537,40.779375],[-80.655827,40.779749],[-80.655971,40.779935],[-80.655991,40.77996],[-80.655999,40.779971],[-80.656009,40.779984],[-80.656023,40.780002],[-80.656029,40.780009],[-80.656053,40.78004],[-80.656059,40.780049],[-80.656088,40.780086],[-80.65609,40.780088],[-80.656098,40.780098],[-80.656121,40.780129],[-80.656124,40.780133],[-80.656143,40.780157],[-80.656159,40.780177],[-80.656177,40.7802],[-80.656179,40.780203],[-80.65621,40.780243],[-80.656213,40.780246],[-80.656245,40.780288],[-80.656245,40.780289],[-80.656261,40.780309],[-80.656276,40.780328],[-80.656282,40.780337],[-80.656293,40.78035],[-80.656299,40.780358],[-80.656314,40.780377],[-80.656326,40.780392],[-80.656335,40.780404],[-80.656346,40.780418],[-80.656355,40.780431],[-80.656369,40.780448],[-80.656377,40.780459],[-80.656396,40.780483],[-80.656403,40.780492],[-80.656428,40.780524],[-80.656434,40.780532],[-80.65645,40.780553],[-80.656466,40.780574],[-80.656473,40.780582],[-80.656488,40.780602],[-80.656533,40.78066],[-80.656548,40.78068],[-80.656601,40.780748],[-80.656608,40.780756],[-80.65667,40.780837],[-80.656677,40.780845],[-80.65673,40.780915],[-80.656741,40.780929],[-80.656795,40.780997],[-80.656805,40.781011],[-80.656858,40.781079],[-80.656865,40.781088],[-80.656922,40.781161],[-80.65693,40.781172],[-80.656981,40.781238],[-80.656994,40.781254],[-80.657049,40.781325],[-80.657058,40.781337],[-80.657113,40.781409],[-80.657125,40.781424],[-80.657185,40.781501],[-80.657189,40.781507],[-80.657253,40.781589],[-80.657263,40.781602],[-80.65732,40.781675],[-80.657327,40.781685],[-80.657379,40.781751],[-80.657395,40.781773],[-80.657448,40.78184],[-80.657448,40.781841],[-80.657453,40.781847],[-80.657498,40.781905],[-80.657506,40.781915],[-80.657521,40.781935],[-80.657547,40.781969],[-80.657557,40.781981],[-80.657597,40.782033],[-80.657607,40.782045],[-80.657649,40.7821],[-80.657657,40.78211],[-80.657699,40.782164],[-80.657708,40.782176],[-80.657753,40.782234],[-80.657759,40.782241],[-80.657804,40.7823],[-80.657815,40.782313],[-80.657858,40.782369],[-80.657865,40.782378],[-80.65791,40.782437],[-80.65792,40.782449],[-80.657961,40.782503],[-80.657972,40.782516],[-80.658015,40.782572],[-80.65802,40.782579],[-80.658065,40.782637],[-80.658074,40.782649],[-80.658116,40.782702],[-80.658121,40.782709],[-80.658164,40.782764],[-80.658173,40.782776],[-80.658216,40.782831],[-80.658223,40.78284],[-80.658268,40.782899],[-80.658276,40.782908],[-80.658317,40.782962],[-80.658322,40.782968],[-80.658325,40.782972],[-80.658354,40.783009],[-80.658362,40.78302],[-80.658377,40.783039],[-80.658392,40.783059],[-80.658398,40.783067],[-80.658428,40.783105],[-80.658435,40.783114],[-80.658456,40.783142],[-80.658469,40.783158],[-80.658493,40.783189],[-80.6585,40.783197],[-80.658529,40.783236],[-80.658536,40.783245],[-80.658565,40.783281],[-80.658572,40.78329],[-80.658582,40.783303],[-80.658582,40.783304],[-80.658593,40.783318],[-80.658599,40.783325],[-80.658604,40.783332],[-80.658609,40.783338],[-80.658617,40.783349],[-80.658623,40.783357],[-80.658641,40.783379],[-80.658647,40.783387],[-80.658665,40.78341],[-80.658671,40.783418],[-80.658688,40.783441],[-80.658695,40.783449],[-80.658715,40.783475],[-80.658719,40.78348],[-80.658738,40.783505],[-80.658743,40.783511],[-80.658764,40.783538],[-80.658769,40.783544],[-80.658791,40.783573],[-80.658795,40.783578],[-80.658817,40.783607],[-80.658821,40.783612],[-80.658843,40.783641],[-80.658847,40.783645],[-80.65887,40.783675],[-80.658873,40.783679],[-80.658896,40.783709],[-80.6589,40.783714],[-80.658923,40.783744],[-80.658926,40.783748],[-80.658951,40.78378],[-80.658955,40.783784],[-80.658979,40.783816],[-80.658982,40.78382],[-80.659005,40.783849],[-80.65901,40.783855],[-80.659031,40.783883],[-80.659035,40.783888],[-80.659059,40.783919],[-80.659061,40.783922],[-80.659084,40.783952],[-80.65909,40.783959],[-80.659109,40.783984],[-80.659115,40.783991],[-80.659135,40.784017],[-80.65914,40.784023],[-80.659161,40.78405],[-80.659165,40.784056],[-80.659188,40.784085],[-80.65919,40.784088],[-80.659212,40.784117],[-80.659217,40.784123],[-80.659236,40.784148],[-80.659241,40.784154],[-80.659264,40.784183],[-80.659265,40.784185],[-80.65929,40.784217],[-80.659293,40.784221],[-80.659316,40.78425],[-80.65932,40.784256],[-80.659342,40.784284],[-80.659346,40.784289],[-80.659369,40.784319],[-80.659373,40.784324],[-80.659397,40.784355],[-80.659399,40.784357],[-80.65942,40.784385],[-80.659424,40.78439],[-80.659449,40.784422],[-80.65945,40.784423],[-80.65945,40.784424],[-80.659465,40.784442],[-80.659466,40.784445],[-80.659477,40.784459],[-80.659482,40.784464],[-80.659483,40.784466],[-80.659498,40.784485],[-80.6595,40.784488],[-80.659515,40.784507],[-80.659517,40.78451],[-80.659531,40.784528],[-80.659534,40.784532],[-80.659547,40.784548],[-80.659549,40.784552],[-80.659564,40.78457],[-80.659565,40.784572],[-80.659581,40.784592],[-80.659582,40.784594],[-80.659598,40.784614],[-80.6596,40.784616],[-80.659613,40.784634],[-80.659616,40.784638],[-80.65963,40.784656],[-80.659632,40.784658],[-80.659632,40.784658],[-80.659634,40.78466],[-80.659649,40.784679],[-80.659651,40.784682],[-80.659659,40.784693],[-80.659659,40.784693],[-80.659666,40.784702],[-80.65967,40.784707],[-80.659671,40.784708],[-80.659681,40.784722],[-80.659682,40.784723],[-80.659693,40.784736],[-80.659693,40.784737],[-80.659704,40.784751],[-80.659704,40.784751],[-80.659715,40.784765],[-80.659715,40.784766],[-80.659727,40.78478],[-80.659727,40.78478],[-80.659737,40.784793],[-80.659738,40.784795],[-80.659747,40.784807],[-80.659748,40.784808],[-80.659757,40.784819],[-80.659758,40.784821],[-80.659758,40.784821],[-80.659764,40.784829],[-80.659766,40.784831],[-80.659769,40.784834],[-80.659772,40.784839],[-80.659773,40.784841],[-80.65978,40.784848],[-80.659782,40.784851],[-80.659785,40.784855],[-80.659786,40.784856],[-80.659793,40.784866],[-80.659794,40.784867],[-80.659801,40.784876],[-80.659802,40.784877],[-80.659808,40.784886],[-80.65981,40.784887],[-80.659817,40.784896],[-80.659817,40.784897],[-80.659825,40.784907],[-80.659825,40.784907],[-80.659832,40.784916],[-80.659834,40.784918],[-80.65984,40.784926],[-80.659841,40.784928],[-80.659847,40.784936],[-80.659849,40.784938],[-80.659855,40.784946],[-80.659856,40.784948],[-80.659863,40.784956],[-80.659864,40.784958],[-80.65987,40.784965],[-80.659872,40.784968],[-80.659877,40.784974],[-80.659879,40.784977],[-80.659884,40.784983],[-80.659886,40.784985],[-80.659892,40.784994],[-80.659893,40.784995],[-80.6599,40.785004],[-80.659901,40.785005],[-80.659908,40.785014],[-80.659908,40.785015],[-80.659913,40.785021],[-80.659914,40.785021],[-80.659915,40.785023],[-80.65992,40.78503],[-80.659921,40.78503],[-80.659927,40.785039],[-80.659928,40.78504],[-80.659934,40.785048],[-80.659935,40.785049],[-80.659941,40.785056],[-80.659942,40.785058],[-80.659948,40.785065],[-80.659948,40.785066],[-80.659955,40.785074],[-80.659955,40.785075],[-80.659962,40.785084],[-80.659962,40.785084],[-80.659969,40.785093],[-80.65997,40.785094],[-80.659976,40.785102],[-80.659977,40.785103],[-80.659983,40.78511],[-80.659983,40.785111],[-80.659988,40.785118],[-80.65999,40.78512],[-80.65999,40.78512],[-80.659996,40.785128],[-80.659997,40.785129],[-80.660003,40.785136],[-80.660004,40.785138],[-80.660005,40.78514],[-80.660006,40.785141],[-80.660009,40.785144],[-80.66001,40.785146],[-80.660013,40.785149],[-80.660016,40.785153],[-80.660016,40.785154],[-80.660022,40.785162],[-80.660023,40.785163],[-80.660029,40.78517],[-80.66003,40.785171],[-80.660031,40.785173],[-80.660036,40.78518],[-80.66004,40.785184],[-80.660041,40.785185],[-80.660042,40.785187],[-80.660042,40.785187],[-80.660043,40.785189],[-80.660045,40.785191],[-80.660048,40.785195],[-80.660049,40.785196],[-80.660051,40.785198],[-80.660053,40.785202],[-80.660054,40.785202],[-80.660057,40.785206],[-80.660059,40.785209],[-80.660063,40.785214],[-80.660073,40.785227],[-80.66008,40.785236],[-80.660096,40.785257],[-80.660097,40.785259],[-80.660111,40.785276],[-80.660122,40.78529],[-80.66015,40.785326],[-80.660164,40.785344],[-80.660173,40.785356],[-80.660232,40.785432],[-80.660301,40.78552],[-80.660311,40.785533],[-80.660447,40.785707],[-80.660459,40.785722],[-80.660496,40.78577],[-80.660595,40.785896],[-80.660612,40.785918],[-80.660681,40.786005],[-80.660749,40.786092],[-80.660758,40.786104],[-80.660852,40.786223],[-80.660892,40.786274],[-80.660907,40.786293],[-80.660911,40.786298],[-80.660979,40.786385],[-80.660999,40.78641],[-80.661045,40.786468],[-80.661057,40.786484],[-80.661065,40.786494],[-80.661078,40.78651],[-80.661152,40.786604],[-80.661163,40.786619],[-80.661196,40.78666],[-80.66124,40.786717],[-80.661245,40.786723],[-80.66125,40.78673],[-80.661304,40.786798],[-80.661309,40.786804],[-80.661339,40.786843],[-80.661365,40.786876],[-80.66137,40.786882],[-80.661409,40.786932],[-80.661425,40.786953],[-80.661431,40.786959],[-80.661484,40.787027],[-80.661491,40.787036],[-80.661507,40.787056],[-80.661539,40.787098],[-80.661548,40.787109],[-80.661595,40.787168],[-80.661603,40.787178],[-80.661623,40.787204],[-80.661641,40.787226],[-80.661648,40.787236],[-80.661661,40.787252],[-80.661679,40.787276],[-80.661681,40.787279],[-80.661718,40.787325],[-80.66172,40.787328],[-80.661754,40.787371],[-80.661759,40.787377],[-80.66179,40.787417],[-80.661795,40.787423],[-80.661828,40.787465],[-80.661831,40.787469],[-80.661865,40.787513],[-80.661869,40.787517],[-80.661902,40.787559],[-80.661905,40.787563],[-80.661906,40.787564],[-80.661916,40.787577],[-80.661923,40.787586],[-80.661924,40.787587],[-80.66194,40.787608],[-80.661943,40.787611],[-80.661943,40.787612],[-80.661959,40.787632],[-80.661961,40.787634],[-80.661978,40.787656],[-80.66198,40.787658],[-80.661997,40.787681],[-80.661998,40.787682],[-80.662015,40.787702],[-80.662018,40.787706],[-80.662033,40.787725],[-80.662035,40.787728],[-80.662052,40.78775],[-80.662053,40.787752],[-80.662071,40.787774],[-80.662073,40.787776],[-80.66209,40.787798],[-80.662092,40.7878],[-80.662109,40.787822],[-80.66211,40.787824],[-80.662111,40.787825],[-80.662121,40.787838],[-80.662122,40.787838],[-80.662123,40.78784],[-80.662129,40.787847],[-80.662129,40.787848],[-80.662129,40.787849],[-80.662134,40.787854],[-80.662136,40.787857],[-80.662137,40.787858],[-80.662144,40.787866],[-80.662144,40.787867],[-80.662144,40.787867],[-80.662151,40.787876],[-80.662151,40.787876],[-80.662152,40.787877],[-80.662159,40.787886],[-80.66216,40.787887],[-80.662166,40.787896],[-80.662167,40.787897],[-80.662174,40.787905],[-80.662175,40.787906],[-80.662182,40.787915],[-80.662182,40.787916],[-80.662189,40.787925],[-80.66219,40.787926],[-80.662197,40.787934],[-80.662197,40.787934],[-80.662197,40.787935],[-80.662204,40.787944],[-80.662204,40.787944],[-80.662205,40.787945],[-80.662212,40.787953],[-80.662213,40.787955],[-80.662218,40.787961],[-80.66222,40.787964],[-80.662224,40.787969],[-80.662224,40.787969],[-80.662225,40.787971],[-80.662226,40.787972],[-80.662229,40.787975],[-80.662229,40.787975],[-80.662232,40.78798],[-80.662233,40.78798],[-80.662233,40.78798],[-80.662233,40.78798],[-80.662236,40.787984],[-80.662236,40.787984],[-80.662236,40.787985],[-80.662237,40.787985],[-80.662238,40.787987],[-80.662238,40.787987],[-80.662238,40.787987],[-80.66224,40.787989],[-80.66224,40.787989],[-80.66224,40.78799],[-80.66224,40.78799],[-80.662242,40.787992],[-80.662242,40.787992],[-80.662244,40.787994],[-80.662244,40.787994],[-80.662244,40.787994],[-80.662246,40.787996],[-80.662246,40.787997],[-80.662246,40.787997],[-80.662248,40.787999],[-80.662248,40.787999],[-80.66225,40.788001],[-80.66225,40.788001],[-80.66225,40.788002],[-80.662251,40.788004],[-80.662251,40.788004],[-80.662252,40.788004],[-80.662253,40.788006],[-80.662253,40.788006],[-80.662254,40.788006],[-80.662255,40.788008],[-80.662255,40.788008],[-80.662255,40.788008],[-80.662255,40.788009],[-80.662256,40.788009],[-80.662257,40.78801],[-80.662257,40.788011],[-80.662257,40.788011],[-80.662257,40.788011],[-80.662258,40.788012],[-80.662259,40.788013],[-80.662259,40.788014],[-80.66226,40.788014],[-80.662261,40.788016],[-80.662261,40.788016],[-80.662262,40.788017],[-80.662262,40.788018],[-80.662263,40.788019],[-80.662263,40.788019],[-80.662264,40.788019],[-80.662264,40.78802],[-80.662265,40.788021],[-80.662265,40.788021],[-80.662266,40.788022],[-80.662266,40.788022],[-80.662266,40.788023],[-80.662268,40.788024],[-80.662268,40.788025],[-80.662268,40.788025],[-80.662269,40.788026],[-80.662269,40.788026],[-80.662273,40.788031],[-80.662311,40.788079],[-80.662313,40.788083],[-80.66238,40.788167],[-80.662381,40.788168],[-80.662389,40.788179],[-80.66246,40.788269],[-80.662599,40.788446],[-80.662726,40.788607],[-80.662747,40.788634],[-80.66303,40.788995],[-80.663105,40.789088],[-80.663111,40.789096],[-80.663116,40.789102],[-80.663121,40.789108],[-80.663139,40.789132],[-80.663244,40.789264],[-80.663255,40.789276],[-80.663367,40.789417],[-80.66337,40.789421],[-80.663375,40.789427],[-80.663491,40.789574],[-80.663501,40.789586],[-80.663534,40.789628],[-80.663618,40.789733],[-80.663625,40.789742],[-80.663743,40.78989],[-80.663752,40.789901],[-80.663872,40.790052],[-80.663878,40.79006],[-80.663999,40.790211],[-80.664006,40.790221],[-80.664125,40.79037],[-80.664133,40.79038],[-80.664179,40.790437],[-80.66425,40.790526],[-80.66426,40.790539],[-80.664373,40.790679],[-80.664385,40.790694],[-80.664491,40.790826],[-80.664491,40.790827],[-80.664492,40.790828],[-80.664493,40.79083],[-80.664507,40.790847],[-80.664534,40.79088],[-80.664536,40.790883],[-80.664572,40.790928],[-80.664575,40.790932],[-80.664577,40.790934],[-80.664593,40.790954],[-80.664609,40.790975],[-80.664613,40.79098],[-80.664626,40.790995],[-80.664647,40.791021],[-80.664651,40.791027],[-80.664671,40.791052],[-80.664676,40.791058],[-80.664688,40.791073],[-80.664697,40.791084],[-80.664698,40.791086],[-80.664713,40.791104],[-80.66472,40.791112],[-80.664721,40.791114],[-80.664743,40.791142],[-80.664744,40.791143],[-80.664763,40.791166],[-80.664768,40.791173],[-80.664784,40.791193],[-80.664788,40.791198],[-80.664805,40.791219],[-80.664806,40.79122],[-80.664807,40.791221],[-80.664807,40.791222],[-80.664809,40.791225],[-80.66481,40.791225],[-80.66481,40.791226],[-80.664813,40.791229],[-80.664813,40.79123],[-80.664815,40.791232],[-80.664816,40.791233],[-80.664817,40.791234],[-80.66482,40.791237],[-80.66482,40.791238],[-80.664822,40.79124],[-80.664823,40.791242],[-80.664825,40.791244],[-80.664826,40.791245],[-80.664828,40.791248],[-80.664829,40.791249],[-80.664831,40.791251],[-80.664831,40.791251],[-80.664832,40.791252],[-80.664833,40.791254],[-80.664833,40.791254],[-80.664834,40.791256],[-80.664835,40.791256],[-80.664835,40.791256],[-80.664836,40.791258],[-80.664836,40.791258],[-80.664838,40.79126],[-80.664838,40.791261],[-80.664839,40.791262],[-80.66484,40.791263],[-80.664841,40.791263],[-80.664841,40.791264],[-80.664842,40.791265],[-80.664842,40.791266],[-80.664843,40.791266],[-80.664843,40.791267],[-80.664844,40.791268],[-80.664845,40.791269],[-80.666394,40.793203],[-80.666436,40.793303],[-80.666444,40.793321],[-80.666446,40.793326],[-80.666451,40.793333],[-80.666552,40.793462],[-80.666631,40.793563],[-80.666828,40.793814],[-80.666874,40.793873],[-80.667089,40.794148],[-80.667279,40.794391],[-80.66732,40.794443],[-80.667547,40.794732],[-80.667555,40.794742],[-80.667796,40.795051],[-80.667797,40.795052],[-80.667847,40.795116],[-80.667987,40.795294],[-80.66804,40.795363],[-80.668071,40.795402],[-80.66811,40.795452],[-80.6681,40.79546],[-80.668028,40.795516],[-80.66788,40.79563],[-80.667799,40.795689],[-80.667677,40.795778],[-80.667662,40.795789],[-80.66765,40.795796],[-80.667636,40.795805],[-80.667621,40.795814],[-80.667568,40.795846],[-80.667203,40.796052],[-80.667058,40.796127],[-80.667042,40.796134],[-80.666963,40.796172],[-80.666914,40.796195],[-80.666838,40.796231],[-80.666834,40.796233],[-80.666796,40.79625],[-80.666613,40.796329],[-80.666573,40.796345],[-80.666438,40.796399],[-80.666384,40.79642],[-80.666331,40.79644],[-80.666158,40.796503],[-80.666147,40.796507],[-80.666103,40.796525],[-80.665875,40.796614],[-80.66546,40.796777],[-80.665436,40.796786],[-80.665037,40.796942],[-80.665031,40.796945],[-80.664863,40.797011],[-80.664783,40.797042],[-80.664704,40.797258],[-80.664661,40.797376],[-80.664374,40.797515],[-80.66405,40.797672],[-80.663347,40.798014],[-80.663368,40.79804],[-80.663834,40.798627],[-80.664864,40.79992],[-80.666656,40.802171],[-80.666749,40.802275],[-80.665808,40.802278],[-80.663193,40.802284],[-80.660769,40.802289],[-80.66056,40.802355],[-80.659859,40.802351],[-80.660187,40.802728],[-80.660322,40.802884],[-80.660407,40.802989],[-80.660469,40.803064],[-80.660522,40.80313],[-80.660616,40.80325],[-80.660657,40.803319],[-80.660728,40.803451],[-80.66079,40.803585],[-80.660781,40.803722],[-80.660774,40.803836],[-80.660759,40.804059],[-80.66073,40.80419],[-80.660721,40.804232],[-80.660534,40.804276],[-80.660478,40.804289],[-80.660452,40.804255],[-80.660392,40.804177],[-80.660206,40.803938],[-80.660061,40.803751],[-80.660039,40.803722],[-80.65992,40.80357],[-80.659629,40.803194],[-80.658996,40.802378],[-80.658817,40.802147],[-80.65858,40.801841],[-80.658566,40.801824],[-80.658263,40.801432],[-80.65804,40.801145],[-80.657594,40.80057],[-80.656349,40.798963],[-80.654998,40.797222],[-80.654174,40.796158],[-80.652105,40.79349],[-80.649601,40.790259],[-80.648589,40.788954],[-80.648085,40.788303],[-80.647987,40.788177],[-80.642018,40.780475],[-80.641904,40.780327],[-80.641697,40.78006],[-80.643735,40.77917],[-80.645912,40.778218],[-80.646363,40.778021],[-80.648321,40.777165],[-80.650747,40.776105],[-80.650834,40.776067],[-80.652394,40.775385],[-80.652399,40.775392],[-80.652412,40.775407]]]}},{"type":"Feature","properties":{"UNIT_ID":"ELKRUN_JOHNSTON_SOUTHEAST_UNIT_25","UNIT_NAME":"Elkrun Johnston Southeast Unit 25","OPERATOR":"Hilcorp Energy","STATUS":"EFF","FORMATION":"Utica","ACRES":1277.5,"DC_PER_FT":678.3,"HEARING_DATE":"2025-01-09","WELLS":2,"AVG_LATERAL_FT":16999},"geometry":{"type":"Polygon","coordinates":[[[-80.608114,40.738504],[-80.609342,40.737956],[-80.627672,40.759615],[-80.62828,40.760334],[-80.628791,40.760937],[-80.628903,40.763203],[-80.629078,40.766737],[-80.629284,40.76698],[-80.629426,40.767148],[-80.640704,40.780466],[-80.639669,40.780918],[-80.637305,40.781951],[-80.636157,40.782453],[-80.634733,40.783075],[-80.634733,40.783075],[-80.634733,40.783075],[-80.634733,40.783075],[-80.634732,40.783076],[-80.634731,40.783076],[-80.634731,40.783076],[-80.634731,40.783076],[-80.634725,40.783078],[-80.634718,40.783082],[-80.634714,40.783083],[-80.634695,40.783092],[-80.634637,40.783118],[-80.634575,40.783146],[-80.63455,40.783157],[-80.634199,40.783314],[-80.634188,40.78332],[-80.633951,40.783426],[-80.633715,40.783532],[-80.633556,40.783603],[-80.633532,40.783614],[-80.633464,40.783644],[-80.633091,40.783807],[-80.598164,40.742945],[-80.608114,40.738504]]]}},{"type":"Feature","properties":{"UNIT_ID":"ELKRUN_JOHNSTON_SOUTHWEST_UNIT_25","UNIT_NAME":"Elkrun Johnston Southwest Unit 25","OPERATOR":"Hilcorp Energy","STATUS":"EFF","FORMATION":"Utica","ACRES":1271.1,"DC_PER_FT":725.25,"HEARING_DATE":"2025-01-10","WELLS":2,"AVG_LATERAL_FT":14438},"geometry":{"type":"Polygon","coordinates":[[[-80.618063,40.734062],[-80.65219,40.775446],[-80.640704,40.780466],[-80.629078,40.766737],[-80.628791,40.760937],[-80.609342,40.737956],[-80.618063,40.734062]]]}},{"type":"Feature","properties":{"UNIT_ID":"ENGLE_HFR_SOUTH","UNIT_NAME":"Engle HFR South","OPERATOR":"EOG Resources","STATUS":"PEN","FORMATION":"Utica","ACRES":2933.4,"DC_PER_FT":568.02,"HEARING_DATE":"2026-08-26","WELLS":7,"AVG_LATERAL_FT":20739},"geometry":{"type":"Polygon","coordinates":[[[-81.239638,40.318292],[-81.228716,40.303419],[-81.227619,40.303891],[-81.216422,40.288549],[-81.218606,40.288612],[-81.218651,40.288011],[-81.218752,40.288136],[-81.225566,40.285246],[-81.226866,40.284695],[-81.222705,40.278927],[-81.223112,40.278938],[-81.22625,40.279023],[-81.227541,40.279058],[-81.228385,40.279079],[-81.234525,40.279229],[-81.247843,40.297463],[-81.248399,40.297213],[-81.274913,40.33174],[-81.273366,40.33241],[-81.268326,40.334602],[-81.265559,40.330822],[-81.260513,40.332994],[-81.25286,40.336288],[-81.247983,40.329652],[-81.239638,40.318292]]]}},{"type":"Feature","properties":{"UNIT_ID":"ENGLE_HN_FRA_NE","UNIT_NAME":"Engle HN FRA NE","OPERATOR":"EOG Ohio","STATUS":"EFF","FORMATION":"Utica","ACRES":1133.4,"DC_PER_FT":776.68,"HEARING_DATE":"2025-08-28","WELLS":3,"AVG_LATERAL_FT":19957},"geometry":{"type":"Polygon","coordinates":[[[-81.252862,40.336287],[-81.260513,40.332994],[-81.27169,40.348253],[-81.274419,40.351975],[-81.297417,40.383338],[-81.29616,40.383306],[-81.294266,40.383259],[-81.293527,40.383223],[-81.293429,40.383218],[-81.293312,40.383216],[-81.292343,40.383191],[-81.291307,40.383165],[-81.288178,40.383096],[-81.287275,40.383076],[-81.272803,40.363422],[-81.266813,40.355272],[-81.264055,40.35152],[-81.25888,40.344478],[-81.257687,40.342854],[-81.252862,40.336287]]]}},{"type":"Feature","properties":{"UNIT_ID":"ENGLE_HN_FRA_NW","UNIT_NAME":"Engle HN FRA NW","OPERATOR":"EOG Ohio","STATUS":"EFF","FORMATION":"Utica","ACRES":792.7,"DC_PER_FT":795.73,"HEARING_DATE":"2025-08-27","WELLS":2,"AVG_LATERAL_FT":21176},"geometry":{"type":"Polygon","coordinates":[[[-81.260513,40.332994],[-81.265559,40.330822],[-81.268324,40.3346],[-81.27673,40.346096],[-81.279422,40.349776],[-81.304075,40.38347],[-81.302639,40.383458],[-81.300904,40.383425],[-81.297417,40.383338],[-81.274412,40.351966],[-81.27169,40.348253],[-81.260513,40.332994]]]}},{"type":"Feature","properties":{"UNIT_ID":"EVANS_SOUTH_I","UNIT_NAME":"Evans South I","OPERATOR":"Gulfport Energy Transferred to Gulfport Appalachia","STATUS":"EFF","FORMATION":"Utica","ACRES":391.8,"DC_PER_FT":786.05,"HEARING_DATE":"2025-01-29","WELLS":1,"AVG_LATERAL_FT":19210},"geometry":{"type":"Polygon","coordinates":[[[-81.083581,40.111635],[-81.105949,40.142473],[-81.112859,40.151994],[-81.112848,40.152248],[-81.113121,40.152354],[-81.117527,40.158424],[-81.115043,40.159485],[-81.114871,40.159559],[-81.114715,40.159626],[-81.080926,40.11277],[-81.08309,40.111845],[-81.083581,40.111635]]]}},{"type":"Feature","properties":{"UNIT_ID":"EVANS_SOUTH_II","UNIT_NAME":"Evans South II","OPERATOR":"Gulfport Energy Transferred to Gulfport Appalachia","STATUS":"EFF","FORMATION":"Utica","ACRES":414.3,"DC_PER_FT":786.05,"HEARING_DATE":"2025-02-06","WELLS":1,"AVG_LATERAL_FT":19210},"geometry":{"type":"Polygon","coordinates":[[[-81.077958,40.114038],[-81.080926,40.11277],[-81.114715,40.159626],[-81.11223,40.160688],[-81.111902,40.160828],[-81.077958,40.114038]]]}},{"type":"Feature","properties":{"UNIT_ID":"EVANS_SOUTH_III","UNIT_NAME":"Evans South III","OPERATOR":"Gulfport Energy Transferred to Gulfport Appalachia","STATUS":"EFF","FORMATION":"Utica","ACRES":403.3,"DC_PER_FT":786.05,"HEARING_DATE":"2025-02-12","WELLS":1,"AVG_LATERAL_FT":19210},"geometry":{"type":"Polygon","coordinates":[[[-81.111902,40.160828],[-81.109417,40.16189],[-81.109089,40.16203],[-81.075118,40.1152],[-81.077958,40.114038],[-81.111902,40.160828]]]}},{"type":"Feature","properties":{"UNIT_ID":"EVANS_SOUTH_IV","UNIT_NAME":"Evans South IV","OPERATOR":"Gulfport Energy Transferred to Gulfport Appalachia","STATUS":"EFF","FORMATION":"Utica","ACRES":562.4,"DC_PER_FT":785.39,"HEARING_DATE":"2025-02-19","WELLS":1,"AVG_LATERAL_FT":19226},"geometry":{"type":"Polygon","coordinates":[[[-81.109089,40.16203],[-81.106413,40.163174],[-81.100649,40.155232],[-81.099149,40.155873],[-81.07094,40.116976],[-81.074869,40.1153],[-81.075115,40.115195],[-81.075118,40.1152],[-81.109089,40.16203]]]}},{"type":"Feature","properties":{"UNIT_ID":"EZEKIEL_NE_WRN_BL","UNIT_NAME":"Ezekiel NE WRN BL","OPERATOR":"Ascent","STATUS":"EFF","FORMATION":"Utica","ACRES":682.2,"DC_PER_FT":727.0,"HEARING_DATE":"2025-08-28","WELLS":2,"AVG_LATERAL_FT":13033},"geometry":{"type":"Polygon","coordinates":[[[-81.230702,40.038456],[-81.206476,40.005164],[-81.206147,40.005306],[-81.205664,40.004643],[-81.205667,40.004513],[-81.205679,40.004492],[-81.206678,40.004198],[-81.206794,40.004164],[-81.208194,40.003751],[-81.210698,40.005787],[-81.212886,40.007566],[-81.214815,40.007588],[-81.217015,40.007612],[-81.217173,40.007497],[-81.239754,40.038519],[-81.239206,40.038507],[-81.236727,40.038456],[-81.230711,40.038325],[-81.230702,40.038456]]]}},{"type":"Feature","properties":{"UNIT_ID":"E_CLARK_SOUTH_HFP25_B","UNIT_NAME":"E Clark South HFP25 B","OPERATOR":"EOG Resources","STATUS":"EFF","FORMATION":"Utica","ACRES":904.6,"DC_PER_FT":618.71,"HEARING_DATE":"2024-02-14","WELLS":3,"AVG_LATERAL_FT":16200},"geometry":{"type":"Polygon","coordinates":[[[-81.304295,40.245899],[-81.2965,40.227472],[-81.297506,40.227167],[-81.300538,40.225897],[-81.303848,40.225307],[-81.303975,40.225284],[-81.305995,40.22929],[-81.309653,40.236673],[-81.310086,40.237643],[-81.311196,40.240564],[-81.312482,40.244172],[-81.312954,40.244183],[-81.312959,40.24419],[-81.314149,40.245739],[-81.32911,40.265208],[-81.321698,40.268551],[-81.304295,40.245899]]]}},{"type":"Feature","properties":{"UNIT_ID":"FAIRFIELD_PEGASUS_NORTH","UNIT_NAME":"Fairfield Pegasus North","OPERATOR":"Hilcorp Energy","STATUS":"PEN","FORMATION":"Utica","ACRES":1168.8,"DC_PER_FT":667.85,"HEARING_DATE":"2026-09-23","WELLS":2,"AVG_LATERAL_FT":21006},"geometry":{"type":"Polygon","coordinates":[[[-80.735303,40.816155],[-80.768785,40.857098],[-80.771985,40.861009],[-80.774575,40.86468],[-80.775273,40.865668],[-80.774281,40.866136],[-80.768317,40.86895],[-80.768288,40.868963],[-80.767905,40.868495],[-80.727676,40.819254],[-80.73442,40.816102],[-80.734604,40.816017],[-80.734702,40.815971],[-80.735028,40.815818],[-80.735223,40.816057],[-80.735303,40.816155]]]}},{"type":"Feature","properties":{"UNIT_ID":"FAIRFIELD_PEGASUS_NORTHEAST","UNIT_NAME":"Fairfield Pegasus Northeast","OPERATOR":"Hilcorp Energy","STATUS":"PEN","FORMATION":"Utica","ACRES":1018.6,"DC_PER_FT":705.8,"HEARING_DATE":"2026-09-18","WELLS":2,"AVG_LATERAL_FT":18183},"geometry":{"type":"Polygon","coordinates":[[[-80.765599,40.870178],[-80.765133,40.870388],[-80.76466,40.870612],[-80.764575,40.870652],[-80.764233,40.870234],[-80.762876,40.868576],[-80.761618,40.867039],[-80.753878,40.857582],[-80.753566,40.857714],[-80.752902,40.857995],[-80.752636,40.858108],[-80.752276,40.85826],[-80.751557,40.858565],[-80.751119,40.85875],[-80.751019,40.858792],[-80.750848,40.858865],[-80.750842,40.858858],[-80.75084,40.858858],[-80.750672,40.858866],[-80.749957,40.858903],[-80.749855,40.858909],[-80.749554,40.858541],[-80.743172,40.85073],[-80.722239,40.825094],[-80.720601,40.823087],[-80.720289,40.822705],[-80.720335,40.822683],[-80.720877,40.82243],[-80.72103,40.822358],[-80.721088,40.822331],[-80.722941,40.821466],[-80.724583,40.820699],[-80.727676,40.819254],[-80.730126,40.822255],[-80.768288,40.868963],[-80.765599,40.870178]]]}},{"type":"Feature","properties":{"UNIT_ID":"FAIRFIELD_PEGASUS_NORTHWEST","UNIT_NAME":"Fairfield Pegasus Northwest","OPERATOR":"Hilcorp Energy","STATUS":"PEN","FORMATION":"Utica","ACRES":984.1,"DC_PER_FT":721.95,"HEARING_DATE":"2026-10-07","WELLS":2,"AVG_LATERAL_FT":17355},"geometry":{"type":"Polygon","coordinates":[[[-80.735303,40.816155],[-80.735223,40.816057],[-80.735028,40.815818],[-80.735137,40.815767],[-80.73535,40.815668],[-80.735983,40.815372],[-80.736748,40.815014],[-80.738974,40.813974],[-80.740341,40.813335],[-80.741191,40.813339],[-80.741871,40.813341],[-80.742135,40.813343],[-80.742286,40.813343],[-80.742399,40.813344],[-80.74326,40.813347],[-80.770649,40.846865],[-80.775438,40.852721],[-80.776309,40.853786],[-80.776758,40.854335],[-80.776606,40.854388],[-80.776203,40.854527],[-80.775939,40.854619],[-80.775751,40.854684],[-80.775756,40.854691],[-80.775588,40.854749],[-80.770139,40.856631],[-80.76914,40.856975],[-80.768785,40.857098],[-80.735308,40.816161],[-80.735303,40.816155]]]}},{"type":"Feature","properties":{"UNIT_ID":"FAIRFIELD_PEGASUS_SOUTH","UNIT_NAME":"Fairfield Pegasus South","OPERATOR":"Hilcorp Energy","STATUS":"PEN","FORMATION":"Utica","ACRES":731.3,"DC_PER_FT":765.19,"HEARING_DATE":"2026-09-09","WELLS":1,"AVG_LATERAL_FT":14978},"geometry":{"type":"Polygon","coordinates":[[[-80.707699,40.779282],[-80.708263,40.779031],[-80.708456,40.779033],[-80.708587,40.779034],[-80.708587,40.778887],[-80.711684,40.77751],[-80.711963,40.777893],[-80.716869,40.784629],[-80.72222,40.791971],[-80.722221,40.791972],[-80.722367,40.792173],[-80.723621,40.793893],[-80.727446,40.79914],[-80.727671,40.799449],[-80.728827,40.801034],[-80.731138,40.804215],[-80.731255,40.804376],[-80.731285,40.804417],[-80.73129,40.804424],[-80.731305,40.804443],[-80.732418,40.805888],[-80.732573,40.806089],[-80.738106,40.813271],[-80.738734,40.814086],[-80.737402,40.814709],[-80.737059,40.814869],[-80.736751,40.815013],[-80.73535,40.815668],[-80.733737,40.816421],[-80.732634,40.816937],[-80.729773,40.813225],[-80.72936,40.812688],[-80.71568,40.794924],[-80.704811,40.780803],[-80.704675,40.780627],[-80.706262,40.779921],[-80.707699,40.779282]]]}},{"type":"Feature","properties":{"UNIT_ID":"FAIRFIELD_PHOENIX_NORTHEAST","UNIT_NAME":"Fairfield Phoenix Northeast","OPERATOR":"Hilcorp Energy","STATUS":"EFF","FORMATION":"Utica","ACRES":780.4,"DC_PER_FT":739.18,"HEARING_DATE":"2025-06-05","WELLS":2,"AVG_LATERAL_FT":13060},"geometry":{"type":"Polygon","coordinates":[[[-80.652101,40.885556],[-80.650981,40.885554],[-80.650981,40.883448],[-80.650986,40.883009],[-80.650986,40.882993],[-80.650987,40.882946],[-80.65099,40.882672],[-80.650993,40.882446],[-80.650993,40.882397],[-80.650996,40.882123],[-80.651,40.881848],[-80.651003,40.881574],[-80.651006,40.8813],[-80.651009,40.881025],[-80.651012,40.880751],[-80.651016,40.880476],[-80.651017,40.880394],[-80.651019,40.880202],[-80.651022,40.879927],[-80.651024,40.879789],[-80.651025,40.879653],[-80.651028,40.879378],[-80.651031,40.879104],[-80.651035,40.878829],[-80.651038,40.878555],[-80.651041,40.878281],[-80.651044,40.878006],[-80.651046,40.877838],[-80.651047,40.877732],[-80.651049,40.877555],[-80.651051,40.877457],[-80.651054,40.877183],[-80.651057,40.876908],[-80.65106,40.876634],[-80.651063,40.876359],[-80.651066,40.876085],[-80.65107,40.87581],[-80.651073,40.875536],[-80.651076,40.875261],[-80.651078,40.875086],[-80.651079,40.874987],[-80.651082,40.874713],[-80.651086,40.874438],[-80.651087,40.874326],[-80.651089,40.874164],[-80.651092,40.873889],[-80.651095,40.873615],[-80.651098,40.87334],[-80.651101,40.873066],[-80.651105,40.872791],[-80.651108,40.872517],[-80.65111,40.872298],[-80.651111,40.872242],[-80.651114,40.871968],[-80.651117,40.871693],[-80.651121,40.871419],[-80.651124,40.871145],[-80.651127,40.87087],[-80.651129,40.870695],[-80.65113,40.870596],[-80.651133,40.870321],[-80.651136,40.870047],[-80.65114,40.869772],[-80.651143,40.869498],[-80.651146,40.869223],[-80.651149,40.868949],[-80.651151,40.868831],[-80.651152,40.868674],[-80.651156,40.8684],[-80.651159,40.868125],[-80.651162,40.867851],[-80.651165,40.867577],[-80.651168,40.867302],[-80.651169,40.867227],[-80.651171,40.867028],[-80.651175,40.866753],[-80.651178,40.866479],[-80.651181,40.866204],[-80.651184,40.86593],[-80.651187,40.865655],[-80.65119,40.865436],[-80.651191,40.865381],[-80.651194,40.865106],[-80.651197,40.864832],[-80.6512,40.864558],[-80.651203,40.864283],[-80.651206,40.864066],[-80.651206,40.864009],[-80.65121,40.863734],[-80.651213,40.86346],[-80.651216,40.863185],[-80.651219,40.862911],[-80.651222,40.862636],[-80.651226,40.862362],[-80.651229,40.862087],[-80.651232,40.861813],[-80.651235,40.86159],[-80.651235,40.861538],[-80.651236,40.861435],[-80.651238,40.861264],[-80.651241,40.86099],[-80.651245,40.860715],[-80.651248,40.860441],[-80.651251,40.860166],[-80.651254,40.859892],[-80.651257,40.859617],[-80.651261,40.859343],[-80.651264,40.859068],[-80.651267,40.858794],[-80.651268,40.858716],[-80.65127,40.858519],[-80.651273,40.858245],[-80.651276,40.858048],[-80.651276,40.85797],[-80.65128,40.857696],[-80.651283,40.857422],[-80.651286,40.857147],[-80.651289,40.856873],[-80.651292,40.856598],[-80.651296,40.856324],[-80.651299,40.856049],[-80.651301,40.855864],[-80.651302,40.855775],[-80.651305,40.8555],[-80.651307,40.855344],[-80.651308,40.855226],[-80.651311,40.854951],[-80.651315,40.854677],[-80.651318,40.854402],[-80.651321,40.854128],[-80.651324,40.853854],[-80.651327,40.853579],[-80.651331,40.853305],[-80.651334,40.85303],[-80.651335,40.852905],[-80.651337,40.852756],[-80.65134,40.852481],[-80.651343,40.852207],[-80.651346,40.851983],[-80.651346,40.851932],[-80.65135,40.851658],[-80.651353,40.851383],[-80.651356,40.851109],[-80.651359,40.850834],[-80.651362,40.85056],[-80.651365,40.85033],[-80.651375,40.849502],[-80.65139,40.848198],[-80.651429,40.848198],[-80.651432,40.848198],[-80.651595,40.848199],[-80.652277,40.848202],[-80.65314,40.848207],[-80.654496,40.848214],[-80.654694,40.848217],[-80.655782,40.84822],[-80.657462,40.848233],[-80.659049,40.848245],[-80.659198,40.848246],[-80.659495,40.84825],[-80.660225,40.848259],[-80.660223,40.850255],[-80.660221,40.851788],[-80.660219,40.854122],[-80.660218,40.855794],[-80.660215,40.858162],[-80.660214,40.859901],[-80.660212,40.862209],[-80.66021,40.863579],[-80.660208,40.865526],[-80.660208,40.866376],[-80.660207,40.866958],[-80.660204,40.868743],[-80.660202,40.870202],[-80.660199,40.87213],[-80.660199,40.872275],[-80.660196,40.874148],[-80.660195,40.874789],[-80.660194,40.875514],[-80.660191,40.877467],[-80.660189,40.878581],[-80.660187,40.880118],[-80.660186,40.880733],[-80.660185,40.880983],[-80.660181,40.884022],[-80.660178,40.885562],[-80.659204,40.885566],[-80.658773,40.885566],[-80.658032,40.885565],[-80.652153,40.885556],[-80.652101,40.885556]]]}},{"type":"Feature","properties":{"UNIT_ID":"FAIRFIELD_PHOENIX_NORTHWEST","UNIT_NAME":"Fairfield Phoenix Northwest","OPERATOR":"Hilcorp Energy","STATUS":"EFF","FORMATION":"Utica","ACRES":833.7,"DC_PER_FT":736.7,"HEARING_DATE":"2025-06-05","WELLS":2,"AVG_LATERAL_FT":13268},"geometry":{"type":"Polygon","coordinates":[[[-80.661797,40.885565],[-80.660185,40.885564],[-80.660186,40.880733],[-80.660195,40.874789],[-80.660199,40.87213],[-80.660208,40.866376],[-80.660225,40.848258],[-80.660279,40.848259],[-80.662424,40.848291],[-80.663991,40.848315],[-80.665094,40.848331],[-80.669829,40.848402],[-80.669837,40.849411],[-80.669837,40.849447],[-80.669839,40.849664],[-80.669841,40.849852],[-80.669841,40.849853],[-80.669859,40.85211],[-80.66986,40.852144],[-80.669879,40.854524],[-80.669896,40.856578],[-80.669897,40.856743],[-80.669897,40.856745],[-80.669898,40.860261],[-80.669898,40.861998],[-80.669898,40.861999],[-80.669898,40.863884],[-80.669898,40.863884],[-80.669899,40.869366],[-80.669899,40.870008],[-80.6699,40.871071],[-80.669899,40.871236],[-80.669899,40.871236],[-80.669894,40.872299],[-80.669894,40.872308],[-80.669889,40.873266],[-80.669889,40.873267],[-80.669888,40.873472],[-80.669875,40.876099],[-80.669864,40.878378],[-80.66984,40.88317],[-80.669839,40.883444],[-80.669833,40.884642],[-80.669829,40.885571],[-80.666244,40.885568],[-80.665605,40.885568],[-80.663352,40.885566],[-80.661797,40.885565]]]}},{"type":"Feature","properties":{"UNIT_ID":"FAIRFIELD_PHOENIX_SOUTHEAST","UNIT_NAME":"Fairfield Phoenix Southeast","OPERATOR":"Hilcorp Energy","STATUS":"EFF","FORMATION":"Utica","ACRES":1270.4,"DC_PER_FT":677.49,"HEARING_DATE":"2025-07-16","WELLS":3,"AVG_LATERAL_FT":16131},"geometry":{"type":"Polygon","coordinates":[[[-80.638048,40.830307],[-80.625047,40.81282],[-80.624859,40.812568],[-80.622884,40.809925],[-80.622884,40.80985],[-80.622883,40.809816],[-80.622883,40.809726],[-80.622883,40.809689],[-80.630021,40.807649],[-80.632645,40.806896],[-80.633415,40.806675],[-80.633585,40.806902],[-80.634203,40.807732],[-80.634422,40.808025],[-80.634831,40.808573],[-80.635322,40.809232],[-80.635657,40.809681],[-80.636089,40.81026],[-80.63645,40.810744],[-80.636815,40.811233],[-80.637217,40.811772],[-80.637538,40.812202],[-80.638063,40.812906],[-80.638313,40.813241],[-80.638391,40.813346],[-80.6384,40.813358],[-80.63856,40.813572],[-80.638695,40.813752],[-80.638738,40.813811],[-80.638766,40.813848],[-80.638856,40.813969],[-80.638861,40.813975],[-80.638897,40.814024],[-80.63897,40.814122],[-80.638975,40.814128],[-80.639004,40.814167],[-80.639049,40.814232],[-80.639053,40.814238],[-80.639078,40.814273],[-80.639151,40.814371],[-80.639249,40.814502],[-80.639257,40.814512],[-80.639272,40.814532],[-80.639344,40.814622],[-80.639391,40.814686],[-80.639407,40.814707],[-80.63942,40.814725],[-80.639473,40.814796],[-80.639533,40.814876],[-80.639541,40.814886],[-80.639546,40.814894],[-80.639613,40.814984],[-80.639648,40.81503],[-80.639668,40.815057],[-80.639962,40.815452],[-80.639965,40.815455],[-80.640147,40.815695],[-80.640436,40.816076],[-80.640705,40.816429],[-80.640748,40.816492],[-80.640752,40.816498],[-80.640831,40.816613],[-80.640913,40.816732],[-80.640947,40.816778],[-80.64111,40.816994],[-80.641242,40.817176],[-80.641301,40.817272],[-80.64136,40.817367],[-80.641497,40.817595],[-80.641515,40.817623],[-80.641662,40.817854],[-80.641786,40.818052],[-80.641894,40.818242],[-80.641951,40.818355],[-80.642002,40.818457],[-80.642034,40.818515],[-80.642164,40.818742],[-80.642171,40.818754],[-80.642227,40.818842],[-80.642388,40.819076],[-80.642421,40.819121],[-80.642541,40.81928],[-80.64259,40.819345],[-80.642592,40.819348],[-80.64263,40.819395],[-80.642814,40.819616],[-80.642834,40.81964],[-80.643026,40.81986],[-80.643052,40.819888],[-80.643248,40.820101],[-80.643263,40.820117],[-80.643444,40.820308],[-80.643601,40.820486],[-80.643749,40.820666],[-80.643892,40.820856],[-80.643999,40.821004],[-80.644002,40.821008],[-80.644045,40.821068],[-80.644052,40.821077],[-80.644055,40.821082],[-80.644055,40.821082],[-80.644599,40.821812],[-80.644686,40.821929],[-80.645142,40.822274],[-80.645147,40.822275],[-80.64585,40.821971],[-80.646482,40.821698],[-80.646655,40.821925],[-80.654798,40.832642],[-80.66072,40.840458],[-80.660666,40.846496],[-80.66065,40.848264],[-80.660279,40.848259],[-80.66025,40.848258],[-80.660225,40.848258],[-80.660225,40.848259],[-80.659495,40.84825],[-80.659198,40.848246],[-80.659049,40.848245],[-80.657462,40.848233],[-80.655782,40.84822],[-80.654694,40.848217],[-80.654496,40.848214],[-80.65314,40.848207],[-80.653002,40.848206],[-80.652277,40.848202],[-80.651595,40.848199],[-80.651432,40.848198],[-80.651429,40.848198],[-80.651052,40.847689],[-80.65014,40.846461],[-80.65014,40.846458],[-80.649847,40.846063],[-80.648375,40.844081],[-80.638048,40.830307]]]}},{"type":"Feature","properties":{"UNIT_ID":"FAIRFIELD_PHOENIX_SOUTHWEST_UNIT_25","UNIT_NAME":"Fairfield Phoenix Southwest Unit 25","OPERATOR":"Hilcorp Energy","STATUS":"EFF","FORMATION":"Utica","ACRES":1276.7,"DC_PER_FT":812.12,"HEARING_DATE":"2025-08-27","WELLS":2,"AVG_LATERAL_FT":10688},"geometry":{"type":"Polygon","coordinates":[[[-80.644241,40.802649],[-80.644606,40.803147],[-80.646261,40.805398],[-80.646745,40.806056],[-80.647532,40.807126],[-80.647545,40.807145],[-80.647881,40.807602],[-80.648231,40.808078],[-80.64833,40.80832],[-80.648358,40.808382],[-80.648393,40.80845],[-80.648433,40.808517],[-80.648584,40.808751],[-80.648641,40.808832],[-80.648716,40.808931],[-80.648815,40.809061],[-80.648819,40.809067],[-80.648904,40.809177],[-80.648984,40.809281],[-80.649141,40.809491],[-80.649212,40.809591],[-80.649292,40.809704],[-80.649447,40.809927],[-80.649606,40.810156],[-80.649699,40.810291],[-80.649765,40.810387],[-80.649922,40.810613],[-80.649931,40.810627],[-80.649958,40.810667],[-80.650077,40.810841],[-80.650094,40.810865],[-80.650257,40.811094],[-80.650276,40.81112],[-80.650447,40.811348],[-80.650616,40.811573],[-80.650784,40.811798],[-80.650872,40.811918],[-80.650951,40.812024],[-80.65112,40.812251],[-80.651123,40.812255],[-80.651291,40.812479],[-80.651457,40.812704],[-80.651476,40.812729],[-80.651549,40.812828],[-80.651555,40.812837],[-80.651623,40.81293],[-80.651792,40.813159],[-80.651958,40.813384],[-80.652116,40.813601],[-80.652197,40.813714],[-80.652278,40.813827],[-80.652444,40.814059],[-80.652447,40.814062],[-80.652447,40.814062],[-80.652612,40.814291],[-80.652616,40.814296],[-80.652775,40.814513],[-80.652826,40.814587],[-80.652839,40.814606],[-80.65292,40.81472],[-80.653066,40.814941],[-80.653219,40.81517],[-80.653336,40.815347],[-80.653372,40.8154],[-80.65341,40.815458],[-80.653524,40.815632],[-80.653547,40.815665],[-80.653709,40.815895],[-80.653733,40.815928],[-80.6539,40.816149],[-80.65403,40.816326],[-80.654061,40.816368],[-80.654219,40.816587],[-80.654232,40.816606],[-80.654403,40.816834],[-80.654404,40.816836],[-80.654411,40.816845],[-80.654554,40.817032],[-80.65458,40.817067],[-80.654624,40.817126],[-80.654745,40.817286],[-80.654808,40.817371],[-80.654909,40.817508],[-80.655073,40.817731],[-80.655158,40.817848],[-80.655196,40.8179],[-80.655236,40.817955],[-80.655242,40.817962],[-80.655381,40.818156],[-80.655398,40.818179],[-80.655542,40.81838],[-80.655543,40.818382],[-80.65556,40.818406],[-80.655567,40.818415],[-80.655619,40.818487],[-80.655734,40.818643],[-80.656568,40.8198],[-80.656758,40.820064],[-80.657038,40.820452],[-80.657192,40.820666],[-80.657623,40.82049],[-80.65828,40.820221],[-80.658491,40.820447],[-80.660445,40.82252],[-80.664239,40.827013],[-80.66507,40.82769],[-80.667232,40.830215],[-80.667651,40.830639],[-80.668131,40.831138],[-80.669394,40.832536],[-80.669943,40.832538],[-80.669936,40.832974],[-80.669919,40.833949],[-80.669902,40.834918],[-80.669859,40.837422],[-80.669818,40.839814],[-80.669778,40.842116],[-80.669778,40.84228],[-80.669807,40.845786],[-80.669828,40.848389],[-80.669829,40.848402],[-80.668193,40.848377],[-80.665094,40.848331],[-80.663991,40.848315],[-80.662424,40.848291],[-80.66065,40.848264],[-80.660666,40.846496],[-80.66072,40.840458],[-80.654798,40.832642],[-80.647545,40.823096],[-80.646655,40.821925],[-80.646482,40.821698],[-80.64585,40.821971],[-80.645181,40.82226],[-80.645147,40.822275],[-80.645145,40.822273],[-80.645142,40.822274],[-80.645121,40.822247],[-80.644996,40.82208],[-80.644977,40.822055],[-80.644888,40.821937],[-80.644885,40.821932],[-80.644789,40.821806],[-80.644719,40.821712],[-80.64465,40.82162],[-80.644609,40.821565],[-80.644531,40.821461],[-80.644494,40.821413],[-80.644453,40.821357],[-80.644397,40.821283],[-80.644387,40.82127],[-80.644297,40.821151],[-80.644291,40.821143],[-80.644188,40.821005],[-80.64418,40.820994],[-80.644102,40.82089],[-80.64409,40.820875],[-80.644004,40.82076],[-80.643951,40.82069],[-80.643873,40.820586],[-80.643815,40.820508],[-80.643723,40.820387],[-80.64364,40.820276],[-80.643586,40.820203],[-80.643452,40.820026],[-80.643393,40.819948],[-80.643271,40.819785],[-80.643228,40.819728],[-80.643099,40.819556],[-80.643071,40.819518],[-80.643018,40.819448],[-80.642936,40.819339],[-80.642858,40.819235],[-80.642826,40.819193],[-80.642708,40.819035],[-80.642607,40.818901],[-80.642444,40.818684],[-80.642308,40.818503],[-80.642193,40.81835],[-80.642041,40.818147],[-80.641924,40.817992],[-80.641811,40.817841],[-80.641697,40.81769],[-80.641527,40.817463],[-80.641381,40.817269],[-80.641317,40.817185],[-80.641084,40.816874],[-80.641025,40.816796],[-80.640982,40.816738],[-80.640796,40.816491],[-80.640701,40.816364],[-80.640518,40.81612],[-80.640423,40.815994],[-80.640421,40.815991],[-80.640018,40.815454],[-80.639895,40.815291],[-80.639501,40.814767],[-80.639367,40.814589],[-80.638956,40.814042],[-80.638865,40.81392],[-80.638376,40.81327],[-80.638289,40.813153],[-80.637847,40.812565],[-80.637718,40.812394],[-80.637395,40.811963],[-80.637187,40.811687],[-80.636954,40.811376],[-80.636773,40.811136],[-80.636489,40.810757],[-80.636374,40.810604],[-80.636036,40.810154],[-80.635821,40.809868],[-80.635568,40.809531],[-80.635356,40.809249],[-80.635055,40.808848],[-80.634934,40.808687],[-80.634553,40.80818],[-80.634407,40.807985],[-80.63406,40.807524],[-80.633877,40.80728],[-80.633413,40.806661],[-80.64414,40.802662],[-80.64422,40.80265],[-80.644229,40.802648],[-80.644239,40.802647],[-80.644241,40.802649]]]}},{"type":"Feature","properties":{"UNIT_ID":"FOLSAM_CHR_SW","UNIT_NAME":"Folsam CHR SW","OPERATOR":"EOG Resources","STATUS":"PEN","FORMATION":"Utica","ACRES":1256.7,"DC_PER_FT":563.85,"HEARING_DATE":"2026-11-04","WELLS":3,"AVG_LATERAL_FT":20277},"geometry":{"type":"Polygon","coordinates":[[[-81.154859,40.589396],[-81.146049,40.577307],[-81.140917,40.5703],[-81.144263,40.568873],[-81.144388,40.56882],[-81.148605,40.567021],[-81.177549,40.606987],[-81.177569,40.60668],[-81.177518,40.606678],[-81.177632,40.599326],[-81.186214,40.611219],[-81.187962,40.613513],[-81.179009,40.617472],[-81.177169,40.615054],[-81.177043,40.614889],[-81.176868,40.61762],[-81.176753,40.619417],[-81.163728,40.601561],[-81.154859,40.589396]]]}},{"type":"Feature","properties":{"UNIT_ID":"FOLSAM_CR_HAR_SOUTH","UNIT_NAME":"Folsam CR HAR South","OPERATOR":"EOG Ohio","STATUS":"EFF","FORMATION":"Utica","ACRES":1449.4,"DC_PER_FT":814.9,"HEARING_DATE":"2024-06-27","WELLS":4,"AVG_LATERAL_FT":18652},"geometry":{"type":"Polygon","coordinates":[[[-81.146049,40.577307],[-81.176753,40.619417],[-81.176633,40.62128],[-81.176599,40.621279],[-81.176553,40.622142],[-81.176456,40.623959],[-81.176414,40.624743],[-81.176271,40.627381],[-81.176235,40.627852],[-81.176209,40.628327],[-81.176209,40.628541],[-81.172958,40.628443],[-81.170135,40.628359],[-81.141756,40.590085],[-81.135734,40.581829],[-81.139371,40.580113],[-81.139476,40.580256],[-81.140384,40.579828],[-81.142811,40.578682],[-81.142895,40.578794],[-81.146049,40.577307]]]}},{"type":"Feature","properties":{"UNIT_ID":"FRAME","UNIT_NAME":"Frame","OPERATOR":"INR Ohio","STATUS":"EFF","FORMATION":"Utica","ACRES":798.8,"DC_PER_FT":781.54,"HEARING_DATE":"2024-12-05","WELLS":2,"AVG_LATERAL_FT":13435},"geometry":{"type":"Polygon","coordinates":[[[-81.462097,39.993323],[-81.462067,39.992714],[-81.462047,39.992237],[-81.46205,39.99219],[-81.46207,39.991825],[-81.462072,39.991786],[-81.462234,39.988792],[-81.462253,39.988432],[-81.462276,39.988007],[-81.465296,39.988039],[-81.468561,39.988235],[-81.481409,40.005808],[-81.492453,40.020904],[-81.486934,40.023291],[-81.484712,40.024252],[-81.471347,40.005972],[-81.47137,40.005531],[-81.471017,40.005521],[-81.468408,40.001952],[-81.465565,39.998068],[-81.462097,39.993323]]]}},{"type":"Feature","properties":{"UNIT_ID":"FUCHS_B_M","UNIT_NAME":"Fuchs B-M","OPERATOR":"Expand Operating","STATUS":"PEN","FORMATION":"Marcellus","ACRES":338.8,"DC_PER_FT":738.74,"HEARING_DATE":"2026-08-12","WELLS":1,"AVG_LATERAL_FT":18139},"geometry":{"type":"Polygon","coordinates":[[[-80.922997,39.805007],[-80.920611,39.806206],[-80.884805,39.763768],[-80.887183,39.762561],[-80.922997,39.805007]]]}},{"type":"Feature","properties":{"UNIT_ID":"FUCHS_C_M","UNIT_NAME":"Fuchs C-M","OPERATOR":"Expand Operating","STATUS":"PEN","FORMATION":"Marcellus","ACRES":332.9,"DC_PER_FT":718.41,"HEARING_DATE":"2026-08-12","WELLS":1,"AVG_LATERAL_FT":17817},"geometry":{"type":"Polygon","coordinates":[[[-80.920611,39.806206],[-80.918225,39.807404],[-80.883045,39.765707],[-80.885423,39.7645],[-80.920611,39.806206]]]}},{"type":"Feature","properties":{"UNIT_ID":"FUCHS_OG_M","UNIT_NAME":"Fuchs OG-M","OPERATOR":"Expand Operating","STATUS":"PEN","FORMATION":"Marcellus","ACRES":300.5,"DC_PER_FT":769.63,"HEARING_DATE":"2026-09-03","WELLS":1,"AVG_LATERAL_FT":15462},"geometry":{"type":"Polygon","coordinates":[[[-80.878274,39.77213],[-80.910038,39.809782],[-80.907652,39.810981],[-80.907652,39.810981],[-80.875896,39.773337],[-80.878274,39.77213]]]}},{"type":"Feature","properties":{"UNIT_ID":"GAMBIT_HFP33_A","UNIT_NAME":"Gambit HFP33 A","OPERATOR":"EOG Resources","STATUS":"EFF","FORMATION":"Utica","ACRES":1564.5,"DC_PER_FT":621.86,"HEARING_DATE":"2024-06-27","WELLS":4,"AVG_LATERAL_FT":18384},"geometry":{"type":"Polygon","coordinates":[[[-81.314149,40.245739],[-81.312959,40.24419],[-81.316163,40.244265],[-81.316246,40.243078],[-81.31438,40.237798],[-81.314161,40.237229],[-81.313911,40.236667],[-81.307184,40.223078],[-81.303752,40.216697],[-81.317565,40.213493],[-81.332496,40.251297],[-81.339568,40.260497],[-81.32911,40.265208],[-81.314149,40.245739]]]}},{"type":"Feature","properties":{"UNIT_ID":"GAZELLE_NSH","UNIT_NAME":"Gazelle NSH","OPERATOR":"EOG Resources","STATUS":"EFF","FORMATION":"Utica","ACRES":2201.5,"DC_PER_FT":559.9,"HEARING_DATE":"2025-08-21","WELLS":4,"AVG_LATERAL_FT":16360},"geometry":{"type":"Polygon","coordinates":[[[-81.557082,39.673801],[-81.566075,39.669916],[-81.623467,39.749141],[-81.614467,39.75303],[-81.557082,39.673801]]]}},{"type":"Feature","properties":{"UNIT_ID":"GEMSBOK_NNB_C","UNIT_NAME":"Gemsbok NNB C","OPERATOR":"EOG Resources","STATUS":"EFF","FORMATION":"Utica","ACRES":1406.4,"DC_PER_FT":710.23,"HEARING_DATE":"2024-08-21","WELLS":3,"AVG_LATERAL_FT":21120},"geometry":{"type":"Polygon","coordinates":[[[-81.550414,39.713314],[-81.559288,39.709483],[-81.596464,39.760808],[-81.587586,39.764641],[-81.550414,39.713314]]]}},{"type":"Feature","properties":{"UNIT_ID":"GEMSBOK_NNB_CE","UNIT_NAME":"Gemsbok NNB CE","OPERATOR":"EOG Resources","STATUS":"EFF","FORMATION":"Utica","ACRES":1962.3,"DC_PER_FT":570.26,"HEARING_DATE":"2026-06-10","WELLS":3,"AVG_LATERAL_FT":21177},"geometry":{"type":"Polygon","coordinates":[[[-81.554011,39.740794],[-81.554015,39.740442],[-81.554016,39.740341],[-81.554292,39.74028],[-81.554323,39.740262],[-81.55438,39.74023],[-81.554355,39.740156],[-81.55488,39.740051],[-81.555219,39.739983],[-81.55522,39.73992],[-81.555222,39.73984],[-81.555228,39.739257],[-81.552867,39.739213],[-81.538001,39.718671],[-81.550414,39.713314],[-81.566654,39.735749],[-81.566654,39.735753],[-81.566657,39.735754],[-81.587586,39.764641],[-81.575167,39.770002],[-81.554011,39.740794]]]}},{"type":"Feature","properties":{"UNIT_ID":"GINGERICH_NORTH_LND_GR","UNIT_NAME":"Gingerich North LND GR","OPERATOR":"Ascent","STATUS":"EFF","FORMATION":"Utica","ACRES":807.0,"DC_PER_FT":676.51,"HEARING_DATE":"2025-12-10","WELLS":3,"AVG_LATERAL_FT":14230},"geometry":{"type":"Polygon","coordinates":[[[-81.351785,40.124661],[-81.351739,40.12462],[-81.350614,40.12509],[-81.351101,40.125523],[-81.35091,40.125649],[-81.325937,40.091427],[-81.32734,40.090824],[-81.328276,40.090421],[-81.329681,40.08982],[-81.330929,40.089285],[-81.332021,40.088816],[-81.333424,40.088212],[-81.359219,40.123555],[-81.357731,40.124182],[-81.352878,40.126229],[-81.351785,40.124661]]]}},{"type":"Feature","properties":{"UNIT_ID":"GOODING_HWS_A","UNIT_NAME":"Gooding HWS A","OPERATOR":"EOG Resources","STATUS":"EFF","FORMATION":"Utica","ACRES":1253.5,"DC_PER_FT":597.63,"HEARING_DATE":"2025-03-12","WELLS":4,"AVG_LATERAL_FT":13855},"geometry":{"type":"Polygon","coordinates":[[[-81.291679,40.250336],[-81.2938,40.24938],[-81.30166,40.24699],[-81.303861,40.245526],[-81.304295,40.245899],[-81.32931,40.278453],[-81.329454,40.278968],[-81.324391,40.281251],[-81.317735,40.284252],[-81.291679,40.250336]]]}},{"type":"Feature","properties":{"UNIT_ID":"GOOD_SHEPHERD_HN_GMN_SE","UNIT_NAME":"Good Shepherd HN GMN SE","OPERATOR":"EOG Ohio","STATUS":"EFF","FORMATION":"Utica","ACRES":1117.2,"DC_PER_FT":777.91,"HEARING_DATE":"2025-09-24","WELLS":2,"AVG_LATERAL_FT":19990},"geometry":{"type":"Polygon","coordinates":[[[-80.932212,40.336757],[-80.967543,40.385543],[-80.967024,40.385758],[-80.959962,40.388679],[-80.948779,40.37325],[-80.92475,40.339986],[-80.927337,40.338867],[-80.932212,40.336757]]]}},{"type":"Feature","properties":{"UNIT_ID":"GOOD_SHEPHERD_HN_GMN_SW","UNIT_NAME":"Good Shepherd HN GMN SW","OPERATOR":"EOG Ohio","STATUS":"EFF","FORMATION":"Utica","ACRES":1121.9,"DC_PER_FT":778.68,"HEARING_DATE":"2025-09-24","WELLS":2,"AVG_LATERAL_FT":20034},"geometry":{"type":"Polygon","coordinates":[[[-80.933345,40.336267],[-80.936467,40.334916],[-80.939589,40.333565],[-80.939672,40.333528],[-80.942125,40.336838],[-80.95649,40.356689],[-80.969609,40.374799],[-80.973895,40.380712],[-80.974676,40.381791],[-80.975286,40.382057],[-80.975501,40.38225],[-80.967543,40.385543],[-80.932212,40.336757],[-80.933345,40.336267]]]}},{"type":"Feature","properties":{"UNIT_ID":"GRAND_E_WRN_BL","UNIT_NAME":"Grand E WRN BL","OPERATOR":"Ascent","STATUS":"EFF","FORMATION":"Utica","ACRES":387.9,"DC_PER_FT":645.51,"HEARING_DATE":"2025-07-10","WELLS":1,"AVG_LATERAL_FT":18311},"geometry":{"type":"Polygon","coordinates":[[[-81.152102,40.014556],[-81.154923,40.013373],[-81.188094,40.059002],[-81.187941,40.059029],[-81.18692,40.059011],[-81.185561,40.058816],[-81.184916,40.059048],[-81.184921,40.058858],[-81.184803,40.058856],[-81.18455,40.059089],[-81.184476,40.059092],[-81.152102,40.014556]]]}},{"type":"Feature","properties":{"UNIT_ID":"GRAND_NE_WRN_BL","UNIT_NAME":"Grand NE WRN BL","OPERATOR":"Ascent","STATUS":"EFF","FORMATION":"Utica","ACRES":396.8,"DC_PER_FT":641.73,"HEARING_DATE":"2025-07-09","WELLS":1,"AVG_LATERAL_FT":18824},"geometry":{"type":"Polygon","coordinates":[[[-81.154923,40.013373],[-81.157744,40.012191],[-81.191807,40.059044],[-81.190296,40.058602],[-81.1898,40.05869],[-81.1883,40.058966],[-81.188094,40.059002],[-81.154923,40.013373]]]}},{"type":"Feature","properties":{"UNIT_ID":"GRAND_W_WRN_BL","UNIT_NAME":"Grand W WRN BL","OPERATOR":"Ascent","STATUS":"EFF","FORMATION":"Utica","ACRES":460.4,"DC_PER_FT":638.1,"HEARING_DATE":"2025-06-26","WELLS":1,"AVG_LATERAL_FT":19699},"geometry":{"type":"Polygon","coordinates":[[[-81.160565,40.011008],[-81.1637,40.009694],[-81.173021,40.022521],[-81.199005,40.058249],[-81.198876,40.05824],[-81.196797,40.058458],[-81.195116,40.058528],[-81.160565,40.011008]]]}},{"type":"Feature","properties":{"UNIT_ID":"GRAY_CE","UNIT_NAME":"Gray CE","OPERATOR":"INR Ohio","STATUS":"EFF","FORMATION":"Utica","ACRES":1002.6,"DC_PER_FT":760.23,"HEARING_DATE":"2026-01-08","WELLS":2,"AVG_LATERAL_FT":23866},"geometry":{"type":"Polygon","coordinates":[[[-81.440487,40.095345],[-81.440539,40.095415],[-81.440915,40.095926],[-81.444615,40.101004],[-81.444256,40.107558],[-81.442136,40.107508],[-81.400584,40.049869],[-81.400697,40.047728],[-81.400884,40.044078],[-81.401051,40.040598],[-81.40291,40.04318],[-81.43415,40.086525],[-81.435797,40.088808],[-81.43579,40.088972],[-81.436412,40.089816],[-81.438909,40.093205],[-81.439225,40.093632],[-81.439783,40.09439],[-81.440487,40.095345]]]}},{"type":"Feature","properties":{"UNIT_ID":"GRAY_E","UNIT_NAME":"Gray E","OPERATOR":"INR Ohio","STATUS":"EFF","FORMATION":"Utica","ACRES":802.1,"DC_PER_FT":784.78,"HEARING_DATE":"2026-03-25","WELLS":2,"AVG_LATERAL_FT":21784},"geometry":{"type":"Polygon","coordinates":[[[-81.400584,40.049869],[-81.442136,40.107508],[-81.435815,40.10736],[-81.435682,40.107357],[-81.400231,40.058182],[-81.397933,40.054973],[-81.400312,40.05503],[-81.400584,40.049869]]]}},{"type":"Feature","properties":{"UNIT_ID":"GROVE_CL_KNX_SE","UNIT_NAME":"Grove CL KNX SE","OPERATOR":"EOG Ohio","STATUS":"EFF","FORMATION":"Utica","ACRES":1026.9,"DC_PER_FT":776.69,"HEARING_DATE":"2025-07-16","WELLS":2,"AVG_LATERAL_FT":21244},"geometry":{"type":"Polygon","coordinates":[[[-80.968584,40.792266],[-80.970203,40.792284],[-80.974867,40.792335],[-80.974868,40.792145],[-80.975597,40.792154],[-80.977002,40.792983],[-80.977084,40.793029],[-80.978143,40.793584],[-81.014114,40.84267],[-81.011282,40.843857],[-81.007483,40.845453],[-81.006421,40.844001],[-80.973831,40.799307],[-80.968584,40.792266]]]}},{"type":"Feature","properties":{"UNIT_ID":"GUTHRIE_HN_FRA_EAST","UNIT_NAME":"Guthrie HN FRA East","OPERATOR":"EOG Ohio","STATUS":"EFF","FORMATION":"Utica","ACRES":627.6,"DC_PER_FT":815.17,"HEARING_DATE":"2024-11-06","WELLS":2,"AVG_LATERAL_FT":15212},"geometry":{"type":"Polygon","coordinates":[[[-81.247179,40.347344],[-81.252433,40.345099],[-81.28054,40.382943],[-81.276702,40.382849],[-81.276644,40.386202],[-81.275505,40.386133],[-81.262945,40.368932],[-81.247179,40.347344]]]}},{"type":"Feature","properties":{"UNIT_ID":"GUTHRIE_HN_FRA_WEST","UNIT_NAME":"Guthrie HN FRA West","OPERATOR":"EOG Ohio","STATUS":"EFF","FORMATION":"Utica","ACRES":616.0,"DC_PER_FT":793.13,"HEARING_DATE":"2024-12-04","WELLS":2,"AVG_LATERAL_FT":16012},"geometry":{"type":"Polygon","coordinates":[[[-81.28054,40.382943],[-81.252433,40.345099],[-81.257687,40.342854],[-81.25888,40.344478],[-81.272803,40.363422],[-81.287275,40.383076],[-81.281719,40.382972],[-81.28054,40.382943]]]}},{"type":"Feature","properties":{"UNIT_ID":"HANCHIN_HN_GER_SOUTH","UNIT_NAME":"Hanchin HN GER South","OPERATOR":"EOG Ohio","STATUS":"EFF","FORMATION":"Utica","ACRES":893.5,"DC_PER_FT":789.9,"HEARING_DATE":"2025-08-13","WELLS":3,"AVG_LATERAL_FT":11858},"geometry":{"type":"Polygon","coordinates":[[[-80.859462,40.384449],[-80.864328,40.382543],[-80.869596,40.380478],[-80.890627,40.409702],[-80.885279,40.411963],[-80.880571,40.413953],[-80.878361,40.410897],[-80.87784,40.410177],[-80.859462,40.384449]]]}},{"type":"Feature","properties":{"UNIT_ID":"HARVEY_I","UNIT_NAME":"Harvey I","OPERATOR":"Gulfport Energy Transferred to Gulfport Appalachia","STATUS":"EFF","FORMATION":"Utica","ACRES":399.0,"DC_PER_FT":903.2,"HEARING_DATE":"2025-11-12","WELLS":1,"AVG_LATERAL_FT":13729},"geometry":{"type":"Polygon","coordinates":[[[-81.025834,39.8691],[-81.025839,39.869107],[-81.025782,39.869968],[-81.026435,39.869991],[-81.026418,39.870025],[-81.026148,39.870547],[-81.025804,39.871059],[-81.025701,39.871176],[-81.025658,39.871845],[-81.025505,39.874211],[-81.025466,39.874803],[-81.025466,39.874808],[-81.025427,39.875362],[-80.998923,39.838598],[-81.001288,39.837585],[-81.001288,39.837585],[-81.002684,39.836987],[-81.025834,39.8691]]]}},{"type":"Feature","properties":{"UNIT_ID":"HARVEY_III","UNIT_NAME":"Harvey III","OPERATOR":"Gulfport Energy Transferred to Gulfport Appalachia","STATUS":"EFF","FORMATION":"Utica","ACRES":432.9,"DC_PER_FT":842.86,"HEARING_DATE":"2025-11-19","WELLS":1,"AVG_LATERAL_FT":15661},"geometry":{"type":"Polygon","coordinates":[[[-80.991662,39.841706],[-80.995293,39.840152],[-81.023114,39.878747],[-81.022778,39.879267],[-81.022699,39.879387],[-81.022677,39.87942],[-81.022134,39.879195],[-81.021591,39.878971],[-81.021591,39.87897],[-81.021418,39.879216],[-81.021417,39.879217],[-81.020753,39.880159],[-81.020753,39.880159],[-81.020449,39.880612],[-81.020329,39.880807],[-81.020247,39.880952],[-81.020206,39.881023],[-81.020184,39.88107],[-81.020133,39.881204],[-80.991662,39.841706]]]}},{"type":"Feature","properties":{"UNIT_ID":"HARVEY_IV","UNIT_NAME":"Harvey IV","OPERATOR":"Gulfport Energy Transferred to Gulfport Appalachia","STATUS":"EFF","FORMATION":"Utica","ACRES":524.7,"DC_PER_FT":824.84,"HEARING_DATE":"2025-11-12","WELLS":1,"AVG_LATERAL_FT":16488},"geometry":{"type":"Polygon","coordinates":[[[-81.016318,39.883872],[-81.015337,39.882512],[-81.004988,39.868159],[-80.990274,39.847741],[-80.991597,39.847175],[-80.988601,39.843016],[-80.991662,39.841706],[-81.020133,39.881204],[-81.02011,39.881255],[-81.02011,39.881255],[-81.020055,39.881443],[-81.020005,39.881758],[-81.01999,39.881981],[-81.01999,39.881982],[-81.019975,39.882201],[-81.019973,39.882307],[-81.019949,39.882318],[-81.017719,39.883272],[-81.016318,39.883872]]]}},{"type":"Feature","properties":{"UNIT_ID":"HENDERSON_NE_RCH_BL","UNIT_NAME":"Henderson NE RCH BL","OPERATOR":"Ascent","STATUS":"EFF","FORMATION":"Utica","ACRES":478.5,"DC_PER_FT":702.46,"HEARING_DATE":"2026-07-01","WELLS":1,"AVG_LATERAL_FT":16734},"geometry":{"type":"Polygon","coordinates":[[[-80.947114,40.077337],[-80.938121,40.065045],[-80.93113,40.055485],[-80.934226,40.054166],[-80.935036,40.053826],[-80.952658,40.078142],[-80.964655,40.094685],[-80.960796,40.096287],[-80.960795,40.096287],[-80.947873,40.078334],[-80.947114,40.077337]]]}},{"type":"Feature","properties":{"UNIT_ID":"HENDERSON_NW_RCH_BL","UNIT_NAME":"Henderson NW RCH BL","OPERATOR":"Ascent","STATUS":"EFF","FORMATION":"Utica","ACRES":727.8,"DC_PER_FT":740.06,"HEARING_DATE":"2026-07-08","WELLS":1,"AVG_LATERAL_FT":17531},"geometry":{"type":"Polygon","coordinates":[[[-80.966322,40.094009],[-80.964661,40.094685],[-80.935056,40.053822],[-80.939758,40.051818],[-80.958856,40.077101],[-80.960265,40.076473],[-80.961135,40.07762],[-80.972334,40.09312],[-80.967214,40.09524],[-80.966322,40.094009]]]}},{"type":"Feature","properties":{"UNIT_ID":"HOLLYFIELD_CR_MON_SE","UNIT_NAME":"Hollyfield CR MON SE","OPERATOR":"EOG Ohio","STATUS":"EFF","FORMATION":"Utica","ACRES":1011.6,"DC_PER_FT":774.45,"HEARING_DATE":"2025-03-05","WELLS":2,"AVG_LATERAL_FT":23565},"geometry":{"type":"Polygon","coordinates":[[[-81.191592,40.552504],[-81.180813,40.537756],[-81.179944,40.538102],[-81.179943,40.538103],[-81.152784,40.501356],[-81.159086,40.498936],[-81.200975,40.555808],[-81.195749,40.558087],[-81.191592,40.552504]]]}},{"type":"Feature","properties":{"UNIT_ID":"HOLLYFIELD_CR_MON_SW","UNIT_NAME":"Hollyfield CR MON SW","OPERATOR":"EOG Ohio","STATUS":"EFF","FORMATION":"Utica","ACRES":853.5,"DC_PER_FT":776.67,"HEARING_DATE":"2025-02-19","WELLS":2,"AVG_LATERAL_FT":23434},"geometry":{"type":"Polygon","coordinates":[[[-81.159086,40.498936],[-81.164246,40.496954],[-81.175375,40.512184],[-81.175348,40.512712],[-81.17577,40.512724],[-81.177518,40.515115],[-81.205749,40.553725],[-81.200975,40.555808],[-81.159086,40.498936]]]}},{"type":"Feature","properties":{"UNIT_ID":"HONUS_WAGNER_HN_MON_EAST","UNIT_NAME":"Honus Wagner HN MON East","OPERATOR":"EOG Resources","STATUS":"EFF","FORMATION":"Utica","ACRES":685.7,"DC_PER_FT":619.96,"HEARING_DATE":"2025-11-20","WELLS":2,"AVG_LATERAL_FT":17001},"geometry":{"type":"Polygon","coordinates":[[[-81.234029,40.338606],[-81.269972,40.387839],[-81.267873,40.388737],[-81.267586,40.387655],[-81.2675,40.387554],[-81.267463,40.387543],[-81.266786,40.387112],[-81.266079,40.386791],[-81.265556,40.386521],[-81.264187,40.38593],[-81.263046,40.385468],[-81.261996,40.385999],[-81.261003,40.384668],[-81.235423,40.350351],[-81.235254,40.350124],[-81.235444,40.350045],[-81.235559,40.349994],[-81.238065,40.348924],[-81.235754,40.345757],[-81.231367,40.339743],[-81.234029,40.338606]]]}},{"type":"Feature","properties":{"UNIT_ID":"HONUS_WAGNER_HN_MON_WEST","UNIT_NAME":"Honus Wagner HN MON West","OPERATOR":"EOG Resources","STATUS":"EFF","FORMATION":"Utica","ACRES":745.7,"DC_PER_FT":615.01,"HEARING_DATE":"2025-11-20","WELLS":2,"AVG_LATERAL_FT":19366},"geometry":{"type":"Polygon","coordinates":[[[-81.234029,40.338606],[-81.236683,40.337472],[-81.239753,40.341682],[-81.242265,40.340609],[-81.247179,40.347344],[-81.262945,40.368932],[-81.275138,40.385629],[-81.269972,40.387839],[-81.234029,40.338606]]]}},{"type":"Feature","properties":{"UNIT_ID":"HTF_CR_UNI","UNIT_NAME":"HTF CR UNI","OPERATOR":"EOG Ohio","STATUS":"EFF","FORMATION":"Utica","ACRES":1126.2,"DC_PER_FT":785.87,"HEARING_DATE":"2025-02-05","WELLS":4,"AVG_LATERAL_FT":14156},"geometry":{"type":"Polygon","coordinates":[[[-81.120046,40.544111],[-81.117736,40.545099],[-81.117534,40.544823],[-81.114387,40.546232],[-81.11592,40.548313],[-81.112301,40.549863],[-81.110488,40.547401],[-81.109148,40.547362],[-81.087885,40.518334],[-81.084175,40.513271],[-81.094511,40.508866],[-81.117468,40.540016],[-81.117087,40.54018],[-81.119977,40.54411],[-81.120046,40.544111]]]}},{"type":"Feature","properties":{"UNIT_ID":"HWW_A","UNIT_NAME":"HWW A","OPERATOR":"EOG Resources","STATUS":"EFF","FORMATION":"Utica","ACRES":860.9,"DC_PER_FT":564.89,"HEARING_DATE":"2026-07-15","WELLS":2,"AVG_LATERAL_FT":22801},"geometry":{"type":"Polygon","coordinates":[[[-81.189329,40.370309],[-81.179395,40.35815],[-81.180697,40.358171],[-81.180714,40.357799],[-81.180735,40.357352],[-81.180803,40.355868],[-81.180803,40.355868],[-81.175834,40.349378],[-81.17859,40.348239],[-81.181006,40.351459],[-81.18512,40.356739],[-81.209586,40.388443],[-81.224183,40.407389],[-81.218884,40.409652],[-81.189329,40.370309]]]}},{"type":"Feature","properties":{"UNIT_ID":"HWW_HST_B","UNIT_NAME":"HWW HST B","OPERATOR":"EOG Resources","STATUS":"EFF","FORMATION":"Utica","ACRES":822.1,"DC_PER_FT":525.63,"HEARING_DATE":"2026-02-11","WELLS":2,"AVG_LATERAL_FT":21260},"geometry":{"type":"Polygon","coordinates":[[[-81.179395,40.35815],[-81.189329,40.370309],[-81.218884,40.409652],[-81.214139,40.411678],[-81.213586,40.411915],[-81.184624,40.372325],[-81.183471,40.372819],[-81.173952,40.359776],[-81.175775,40.359807],[-81.175859,40.358091],[-81.17861,40.358137],[-81.179395,40.35815]]]}},{"type":"Feature","properties":{"UNIT_ID":"INDIGO_CBR_A","UNIT_NAME":"Indigo CBR A","OPERATOR":"EOG Resources","STATUS":"EFF","FORMATION":"Utica","ACRES":917.0,"DC_PER_FT":627.31,"HEARING_DATE":"2025-01-10","WELLS":3,"AVG_LATERAL_FT":16116},"geometry":{"type":"Polygon","coordinates":[[[-81.201142,40.685254],[-81.194696,40.688102],[-81.193687,40.686778],[-81.192565,40.685307],[-81.191981,40.684541],[-81.188911,40.680513],[-81.18703,40.678046],[-81.185928,40.6766],[-81.18453,40.674765],[-81.183924,40.67397],[-81.181094,40.670257],[-81.179804,40.668564],[-81.179376,40.668003],[-81.17719,40.665133],[-81.17491,40.662141],[-81.174506,40.661611],[-81.17228,40.658688],[-81.171119,40.657164],[-81.170817,40.656767],[-81.169926,40.655598],[-81.169116,40.654533],[-81.169029,40.654419],[-81.16708,40.65186],[-81.167655,40.651624],[-81.166784,40.650373],[-81.165776,40.648927],[-81.165812,40.648911],[-81.171466,40.646314],[-81.17265,40.645771],[-81.202337,40.684726],[-81.201142,40.685254]]]}},{"type":"Feature","properties":{"UNIT_ID":"INDIGO_CBR_B","UNIT_NAME":"Indigo CBR B","OPERATOR":"EOG Resources","STATUS":"EFF","FORMATION":"Utica","ACRES":1276.0,"DC_PER_FT":560.61,"HEARING_DATE":"2025-03-12","WELLS":3,"AVG_LATERAL_FT":22208},"geometry":{"type":"Polygon","coordinates":[[[-81.17265,40.645771],[-81.171466,40.646314],[-81.161164,40.631763],[-81.16895,40.628323],[-81.169371,40.628335],[-81.209821,40.681418],[-81.202337,40.684726],[-81.17265,40.645771]]]}},{"type":"Feature","properties":{"UNIT_ID":"INDIGO_CBR_C","UNIT_NAME":"Indigo CBR C","OPERATOR":"EOG Resources","STATUS":"EFF","FORMATION":"Utica","ACRES":1798.0,"DC_PER_FT":587.63,"HEARING_DATE":"2026-01-07","WELLS":5,"AVG_LATERAL_FT":15840},"geometry":{"type":"Polygon","coordinates":[[[-81.239059,40.719727],[-81.223929,40.726414],[-81.200506,40.69572],[-81.194696,40.688102],[-81.201142,40.685254],[-81.202337,40.684726],[-81.209821,40.681418],[-81.239053,40.719718],[-81.239059,40.719727]]]}},{"type":"Feature","properties":{"UNIT_ID":"JESSE_STALDER_A","UNIT_NAME":"Jesse Stalder A","OPERATOR":"SWN Production","STATUS":"EFF","FORMATION":"Utica","ACRES":634.7,"DC_PER_FT":974.99,"HEARING_DATE":"2024-07-24","WELLS":1,"AVG_LATERAL_FT":19795},"geometry":{"type":"Polygon","coordinates":[[[-81.06874,39.80545],[-81.072884,39.80367],[-81.077743,39.810264],[-81.077723,39.810624],[-81.078014,39.810632],[-81.10925,39.852982],[-81.105066,39.854777],[-81.06874,39.80545]]]}},{"type":"Feature","properties":{"UNIT_ID":"JESSE_STALDER_B","UNIT_NAME":"Jesse Stalder B","OPERATOR":"SWN Production","STATUS":"EFF","FORMATION":"Utica","ACRES":640.1,"DC_PER_FT":913.68,"HEARING_DATE":"2024-07-24","WELLS":1,"AVG_LATERAL_FT":19810},"geometry":{"type":"Polygon","coordinates":[[[-81.06874,39.80545],[-81.105066,39.854777],[-81.100841,39.85659],[-81.064569,39.807241],[-81.06874,39.80545]]]}},{"type":"Feature","properties":{"UNIT_ID":"JESSE_STALDER_C","UNIT_NAME":"Jesse Stalder C","OPERATOR":"SWN Production","STATUS":"EFF","FORMATION":"Utica","ACRES":629.1,"DC_PER_FT":960.05,"HEARING_DATE":"2024-09-26","WELLS":1,"AVG_LATERAL_FT":19374},"geometry":{"type":"Polygon","coordinates":[[[-81.100841,39.85659],[-81.09663,39.858397],[-81.061119,39.810107],[-81.065342,39.808295],[-81.100841,39.85659]]]}},{"type":"Feature","properties":{"UNIT_ID":"KENNETH_LLOYD_SOUTH","UNIT_NAME":"Kenneth Lloyd South","OPERATOR":"EOG Ohio","STATUS":"EFF","FORMATION":"Utica","ACRES":1042.5,"DC_PER_FT":765.35,"HEARING_DATE":"2025-01-15","WELLS":3,"AVG_LATERAL_FT":13545},"geometry":{"type":"Polygon","coordinates":[[[-81.206077,40.459737],[-81.191216,40.439572],[-81.190656,40.439812],[-81.180867,40.426391],[-81.185278,40.424513],[-81.185298,40.424504],[-81.185303,40.424502],[-81.185394,40.424463],[-81.185621,40.424366],[-81.185664,40.424348],[-81.18586,40.424264],[-81.185903,40.424246],[-81.185921,40.424238],[-81.185933,40.424233],[-81.18595,40.424226],[-81.185978,40.424214],[-81.18598,40.424213],[-81.187111,40.423731],[-81.187225,40.423733],[-81.187748,40.423741],[-81.187862,40.423744],[-81.187932,40.423745],[-81.189499,40.423078],[-81.191531,40.422212],[-81.194188,40.425854],[-81.194244,40.425831],[-81.216059,40.455547],[-81.211731,40.457363],[-81.206077,40.459737]],[[-81.187497,40.430194],[-81.188207,40.42979],[-81.18809,40.429685],[-81.187982,40.429587],[-81.187417,40.429926],[-81.187497,40.430194]]]}},{"type":"Feature","properties":{"UNIT_ID":"KIDD_SOUTH","UNIT_NAME":"Kidd South","OPERATOR":"EOG Ohio","STATUS":"EFF","FORMATION":"Utica","ACRES":1092.7,"DC_PER_FT":779.03,"HEARING_DATE":"2025-05-07","WELLS":4,"AVG_LATERAL_FT":14858},"geometry":{"type":"Polygon","coordinates":[[[-81.139646,40.304378],[-81.14773,40.315492],[-81.152985,40.31323],[-81.154908,40.315873],[-81.157382,40.319273],[-81.157872,40.319946],[-81.158297,40.32053],[-81.162956,40.326931],[-81.174431,40.342692],[-81.176222,40.345081],[-81.176258,40.345198],[-81.17631,40.345199],[-81.17859,40.348239],[-81.175834,40.349378],[-81.171672,40.343827],[-81.164909,40.346606],[-81.164456,40.346796],[-81.161313,40.342498],[-81.135023,40.306349],[-81.139646,40.304378]]]}},{"type":"Feature","properties":{"UNIT_ID":"KILBURN_I","UNIT_NAME":"Kilburn I","OPERATOR":"Gulfport Energy Transferred to Gulfport Appalachia","STATUS":"EFF","FORMATION":"Utica","ACRES":859.6,"DC_PER_FT":1004.02,"HEARING_DATE":"2024-02-28","WELLS":1,"AVG_LATERAL_FT":19920},"geometry":{"type":"Polygon","coordinates":[[[-81.181381,39.801644],[-81.147527,39.754814],[-81.146336,39.753165],[-81.152089,39.75069],[-81.15432,39.753778],[-81.187137,39.799166],[-81.181381,39.801644]]]}},{"type":"Feature","properties":{"UNIT_ID":"KILBURN_II","UNIT_NAME":"Kilburn II","OPERATOR":"Gulfport Energy Transferred to Gulfport Appalachia","STATUS":"EFF","FORMATION":"Utica","ACRES":846.4,"DC_PER_FT":923.69,"HEARING_DATE":"2024-01-17","WELLS":1,"AVG_LATERAL_FT":19920},"geometry":{"type":"Polygon","coordinates":[[[-81.176086,39.803923],[-81.14712,39.763856],[-81.144977,39.764779],[-81.1389,39.756365],[-81.146336,39.753165],[-81.147527,39.754814],[-81.181381,39.801644],[-81.176086,39.803923]]]}},{"type":"Feature","properties":{"UNIT_ID":"KILBURN_III","UNIT_NAME":"Kilburn III","OPERATOR":"Gulfport Energy Transferred to Gulfport Appalachia","STATUS":"EFF","FORMATION":"Utica","ACRES":677.8,"DC_PER_FT":1072.45,"HEARING_DATE":"2024-01-03","WELLS":1,"AVG_LATERAL_FT":16411},"geometry":{"type":"Polygon","coordinates":[[[-81.141631,39.766218],[-81.14712,39.763856],[-81.176086,39.803923],[-81.170594,39.806286],[-81.141631,39.766218]]]}},{"type":"Feature","properties":{"UNIT_ID":"KIRK_SE_OXF_GR","UNIT_NAME":"Kirk SE OXF GR","OPERATOR":"Ascent","STATUS":"PEN","FORMATION":"Utica","ACRES":602.0,"DC_PER_FT":717.89,"HEARING_DATE":"2026-10-01","WELLS":2,"AVG_LATERAL_FT":13366},"geometry":{"type":"Polygon","coordinates":[[[-81.217173,40.007497],[-81.222259,40.003778],[-81.246917,40.037649],[-81.247024,40.037796],[-81.247681,40.038698],[-81.244939,40.03864],[-81.24309,40.038594],[-81.242866,40.038589],[-81.242805,40.038587],[-81.241591,40.03856],[-81.239754,40.038519],[-81.217173,40.007497]]]}},{"type":"Feature","properties":{"UNIT_ID":"KIRK_SW_OXF_GR","UNIT_NAME":"Kirk SW OXF GR","OPERATOR":"Ascent","STATUS":"PEN","FORMATION":"Utica","ACRES":439.6,"DC_PER_FT":698.24,"HEARING_DATE":"2026-10-01","WELLS":2,"AVG_LATERAL_FT":14293},"geometry":{"type":"Polygon","coordinates":[[[-81.247681,40.038698],[-81.222259,40.003778],[-81.224176,40.002377],[-81.224219,40.001386],[-81.225699,40.000456],[-81.225808,40.000544],[-81.23764,40.018228],[-81.238844,40.019821],[-81.248265,40.032287],[-81.251527,40.036602],[-81.252137,40.037408],[-81.249835,40.037373],[-81.249792,40.038739],[-81.247681,40.038698]]]}},{"type":"Feature","properties":{"UNIT_ID":"KITZMILLER_CL_KNX_SE","UNIT_NAME":"Kitzmiller CL KNX SE","OPERATOR":"EOG Ohio","STATUS":"EFF","FORMATION":"Utica","ACRES":750.2,"DC_PER_FT":794.78,"HEARING_DATE":"2024-08-28","WELLS":2,"AVG_LATERAL_FT":16797},"geometry":{"type":"Polygon","coordinates":[[[-81.022369,40.792818],[-81.026059,40.797882],[-81.052303,40.833868],[-81.046269,40.836414],[-81.016336,40.795362],[-81.022369,40.792818]]]}},{"type":"Feature","properties":{"UNIT_ID":"KRAMER_HN_FRA_EAST","UNIT_NAME":"Kramer HN FRA East","OPERATOR":"EOG Ohio","STATUS":"EFF","FORMATION":"Utica","ACRES":630.2,"DC_PER_FT":772.51,"HEARING_DATE":"2024-04-24","WELLS":2,"AVG_LATERAL_FT":16181},"geometry":{"type":"Polygon","coordinates":[[[-81.22354,40.305634],[-81.252433,40.345099],[-81.247179,40.347344],[-81.242265,40.340609],[-81.227063,40.319764],[-81.227047,40.319771],[-81.218357,40.307849],[-81.218362,40.307847],[-81.219316,40.30744],[-81.221143,40.306659],[-81.222761,40.305967],[-81.22354,40.305634]]]}},{"type":"Feature","properties":{"UNIT_ID":"KRAMER_HN_FRA_WEST","UNIT_NAME":"Kramer HN FRA West","OPERATOR":"EOG Ohio","STATUS":"EFF","FORMATION":"Utica","ACRES":630.3,"DC_PER_FT":775.6,"HEARING_DATE":"2024-04-24","WELLS":2,"AVG_LATERAL_FT":16181},"geometry":{"type":"Polygon","coordinates":[[[-81.257687,40.342854],[-81.252433,40.345099],[-81.22354,40.305634],[-81.227619,40.303891],[-81.228716,40.303419],[-81.257687,40.342854]]]}},{"type":"Feature","properties":{"UNIT_ID":"LAMBEAU_TWR_A","UNIT_NAME":"Lambeau TWR A","OPERATOR":"EOG Resources","STATUS":"EFF","FORMATION":"Utica","ACRES":1205.5,"DC_PER_FT":540.05,"HEARING_DATE":"2025-12-05","WELLS":3,"AVG_LATERAL_FT":17745},"geometry":{"type":"Polygon","coordinates":[[[-81.302258,40.49015],[-81.293157,40.494035],[-81.264072,40.454289],[-81.265043,40.453871],[-81.26927,40.452053],[-81.269321,40.450621],[-81.262336,40.441301],[-81.265518,40.439943],[-81.302258,40.49015]]]}},{"type":"Feature","properties":{"UNIT_ID":"LAMBEAU_TWR_NORTH","UNIT_NAME":"Lambeau TWR North","OPERATOR":"EOG Resources","STATUS":"PEN","FORMATION":"Utica","ACRES":2249.2,"DC_PER_FT":568.5,"HEARING_DATE":"2026-10-07","WELLS":5,"AVG_LATERAL_FT":20748},"geometry":{"type":"Polygon","coordinates":[[[-81.315491,40.498409],[-81.344932,40.538407],[-81.337447,40.541357],[-81.329949,40.544233],[-81.302027,40.506144],[-81.293157,40.494035],[-81.302258,40.49015],[-81.307733,40.48786],[-81.31549,40.498409],[-81.31549,40.498409],[-81.315491,40.498409]]]}},{"type":"Feature","properties":{"UNIT_ID":"LANDMAN_GY_CEN_SE","UNIT_NAME":"Landman GY CEN SE","OPERATOR":"EOG Ohio","STATUS":"EFF","FORMATION":"Utica","ACRES":1011.8,"DC_PER_FT":777.81,"HEARING_DATE":"2025-06-11","WELLS":3,"AVG_LATERAL_FT":17485},"geometry":{"type":"Polygon","coordinates":[[[-81.450134,40.075922],[-81.420316,40.035686],[-81.420379,40.033581],[-81.422322,40.033641],[-81.42072,40.031242],[-81.420659,40.031153],[-81.423021,40.031334],[-81.423071,40.030327],[-81.423144,40.028854],[-81.425772,40.028938],[-81.45753,40.072729],[-81.450134,40.075922]]]}},{"type":"Feature","properties":{"UNIT_ID":"LANDMAN_GY_CEN_SOUTH","UNIT_NAME":"Landman GY CEN South","OPERATOR":"EOG Ohio","STATUS":"EFF","FORMATION":"Utica","ACRES":710.0,"DC_PER_FT":772.6,"HEARING_DATE":"2024-06-18","WELLS":2,"AVG_LATERAL_FT":18250},"geometry":{"type":"Polygon","coordinates":[[[-81.460611,40.076975],[-81.457436,40.072601],[-81.425764,40.028927],[-81.430158,40.029068],[-81.430749,40.028829],[-81.434304,40.03366],[-81.434366,40.033302],[-81.43543,40.033122],[-81.46246,40.070431],[-81.465582,40.074736],[-81.460611,40.076975]]]}},{"type":"Feature","properties":{"UNIT_ID":"LANDMAN_GY_CEN_SW","UNIT_NAME":"Landman GY CEN SW","OPERATOR":"EOG Ohio","STATUS":"EFF","FORMATION":"Utica","ACRES":880.0,"DC_PER_FT":803.53,"HEARING_DATE":"2024-06-26","WELLS":3,"AVG_LATERAL_FT":15473},"geometry":{"type":"Polygon","coordinates":[[[-81.465582,40.074736],[-81.43543,40.033122],[-81.436438,40.03295],[-81.436714,40.032962],[-81.443358,40.030758],[-81.465089,40.060479],[-81.464921,40.064068],[-81.471149,40.072228],[-81.465582,40.074736]]]}},{"type":"Feature","properties":{"UNIT_ID":"LARRICK_SOUTH","UNIT_NAME":"Larrick South","OPERATOR":"INR Ohio","STATUS":"EFF","FORMATION":"Utica","ACRES":1279.8,"DC_PER_FT":844.81,"HEARING_DATE":"2026-02-11","WELLS":3,"AVG_LATERAL_FT":19935},"geometry":{"type":"Polygon","coordinates":[[[-81.469173,40.161941],[-81.464584,40.160519],[-81.464395,40.160235],[-81.46243,40.157292],[-81.438844,40.121949],[-81.438867,40.121471],[-81.440311,40.118431],[-81.437819,40.114695],[-81.436732,40.113064],[-81.435784,40.111642],[-81.434678,40.109984],[-81.434737,40.109317],[-81.434799,40.108503],[-81.434804,40.107336],[-81.43953,40.107447],[-81.439741,40.107453],[-81.440027,40.10746],[-81.446562,40.117259],[-81.477313,40.163325],[-81.477431,40.163502],[-81.477014,40.163674],[-81.476716,40.163796],[-81.476639,40.163828],[-81.476048,40.164072],[-81.471793,40.162753],[-81.469173,40.161941]]]}},{"type":"Feature","properties":{"UNIT_ID":"LARRICK_SW","UNIT_NAME":"Larrick SW","OPERATOR":"INR Ohio","STATUS":"EFF","FORMATION":"Utica","ACRES":469.5,"DC_PER_FT":900.52,"HEARING_DATE":"2026-06-10","WELLS":1,"AVG_LATERAL_FT":21732},"geometry":{"type":"Polygon","coordinates":[[[-81.476298,40.161806],[-81.475771,40.161017],[-81.469639,40.151837],[-81.440031,40.107466],[-81.440031,40.107466],[-81.44003,40.107465],[-81.440029,40.107463],[-81.440028,40.107462],[-81.440028,40.107462],[-81.440028,40.107462],[-81.440028,40.107462],[-81.440027,40.107461],[-81.440027,40.10746],[-81.440026,40.107459],[-81.441893,40.107503],[-81.443658,40.107544],[-81.444627,40.108994],[-81.4449,40.109402],[-81.4481,40.114188],[-81.474911,40.154253],[-81.475993,40.15587],[-81.477133,40.157572],[-81.479139,40.160566],[-81.479204,40.160664],[-81.479603,40.161259],[-81.480311,40.162317],[-81.479532,40.162638],[-81.478646,40.163002],[-81.477431,40.163502],[-81.477313,40.163325],[-81.476298,40.161806]]]}},{"type":"Feature","properties":{"UNIT_ID":"LASSO_NE_SHC_HR","UNIT_NAME":"Lasso NE SHC HR","OPERATOR":"Ascent","STATUS":"EFF","FORMATION":"Utica","ACRES":541.2,"DC_PER_FT":688.04,"HEARING_DATE":"2025-07-09","WELLS":1,"AVG_LATERAL_FT":19820},"geometry":{"type":"Polygon","coordinates":[[[-80.942323,40.295337],[-80.917265,40.261276],[-80.908114,40.24875],[-80.908335,40.248758],[-80.910849,40.24885],[-80.910968,40.248855],[-80.912383,40.248907],[-80.912754,40.24892],[-80.912962,40.248928],[-80.948067,40.296637],[-80.944425,40.298194],[-80.942323,40.295337]]]}},{"type":"Feature","properties":{"UNIT_ID":"LASSO_NW_SHC_HR","UNIT_NAME":"Lasso NW SHC HR","OPERATOR":"Ascent","STATUS":"EFF","FORMATION":"Utica","ACRES":519.1,"DC_PER_FT":689.84,"HEARING_DATE":"2025-07-23","WELLS":1,"AVG_LATERAL_FT":19445},"geometry":{"type":"Polygon","coordinates":[[[-80.91718,40.249072],[-80.917385,40.249078],[-80.916629,40.248044],[-80.918051,40.247434],[-80.920068,40.246569],[-80.930942,40.261448],[-80.954875,40.29379],[-80.953806,40.294227],[-80.951207,40.295312],[-80.91718,40.249072]]]}},{"type":"Feature","properties":{"UNIT_ID":"LASSO_N_SHC_HR","UNIT_NAME":"Lasso N SHC HR","OPERATOR":"Ascent","STATUS":"EFF","FORMATION":"Utica","ACRES":451.0,"DC_PER_FT":691.11,"HEARING_DATE":"2025-07-16","WELLS":1,"AVG_LATERAL_FT":19204},"geometry":{"type":"Polygon","coordinates":[[[-80.912962,40.248928],[-80.915076,40.249007],[-80.915151,40.249009],[-80.916358,40.249047],[-80.916642,40.249056],[-80.91718,40.249072],[-80.951207,40.295312],[-80.950649,40.295555],[-80.948092,40.296627],[-80.948067,40.296637],[-80.912962,40.248928]]]}},{"type":"Feature","properties":{"UNIT_ID":"LEILA_NE_LND_GR","UNIT_NAME":"Leila NE LND GR","OPERATOR":"Ascent","STATUS":"EFF","FORMATION":"Utica","ACRES":422.8,"DC_PER_FT":641.13,"HEARING_DATE":"2025-04-16","WELLS":1,"AVG_LATERAL_FT":20651},"geometry":{"type":"Polygon","coordinates":[[[-81.250149,40.163994],[-81.252069,40.163204],[-81.252921,40.162853],[-81.289709,40.212707],[-81.289904,40.212971],[-81.287563,40.213798],[-81.287051,40.214005],[-81.250149,40.163994]]]}},{"type":"Feature","properties":{"UNIT_ID":"LEILA_NW_LND_GR","UNIT_NAME":"Leila NW LND GR","OPERATOR":"Ascent","STATUS":"EFF","FORMATION":"Utica","ACRES":457.1,"DC_PER_FT":646.79,"HEARING_DATE":"2025-04-02","WELLS":1,"AVG_LATERAL_FT":22233},"geometry":{"type":"Polygon","coordinates":[[[-81.297516,40.214364],[-81.257966,40.160776],[-81.259227,40.160256],[-81.259691,40.160065],[-81.260737,40.159634],[-81.298266,40.210483],[-81.300593,40.213633],[-81.300564,40.214393],[-81.298217,40.214375],[-81.297861,40.214373],[-81.297516,40.214364]]]}},{"type":"Feature","properties":{"UNIT_ID":"LEILA_N_LND_GR","UNIT_NAME":"Leila N LND GR","OPERATOR":"Ascent","STATUS":"EFF","FORMATION":"Utica","ACRES":387.7,"DC_PER_FT":640.95,"HEARING_DATE":"2025-04-16","WELLS":1,"AVG_LATERAL_FT":20688},"geometry":{"type":"Polygon","coordinates":[[[-81.291228,40.213124],[-81.290972,40.213079],[-81.290855,40.213055],[-81.290686,40.213019],[-81.290399,40.212997],[-81.290334,40.213003],[-81.290125,40.212892],[-81.289904,40.212971],[-81.289709,40.212707],[-81.253952,40.164252],[-81.253474,40.162625],[-81.254182,40.162334],[-81.255443,40.161814],[-81.292878,40.212541],[-81.291423,40.213134],[-81.291228,40.213124]]]}},{"type":"Feature","properties":{"UNIT_ID":"LEILA_SW_LND_GR","UNIT_NAME":"Leila SW LND GR","OPERATOR":"Ascent","STATUS":"PEN","FORMATION":"Utica","ACRES":372.7,"DC_PER_FT":610.02,"HEARING_DATE":"2026-11-12","WELLS":1,"AVG_LATERAL_FT":19606},"geometry":{"type":"Polygon","coordinates":[[[-81.221146,40.11277],[-81.224561,40.112862],[-81.227909,40.117378],[-81.259691,40.160065],[-81.257966,40.160776],[-81.257138,40.161116],[-81.221146,40.11277]]]}},{"type":"Feature","properties":{"UNIT_ID":"LEILA_W_LND_GR","UNIT_NAME":"Leila W LND GR","OPERATOR":"Ascent","STATUS":"EFF","FORMATION":"Utica","ACRES":407.7,"DC_PER_FT":644.21,"HEARING_DATE":"2025-04-09","WELLS":1,"AVG_LATERAL_FT":21763},"geometry":{"type":"Polygon","coordinates":[[[-81.294164,40.214283],[-81.292878,40.212541],[-81.255443,40.161814],[-81.256705,40.161295],[-81.257153,40.16111],[-81.257966,40.160776],[-81.297516,40.214364],[-81.294164,40.214283]]]}},{"type":"Feature","properties":{"UNIT_ID":"LIGHTNING_A","UNIT_NAME":"Lightning A","OPERATOR":"EOG Resources","STATUS":"PEN","FORMATION":"Utica","ACRES":2162.9,"DC_PER_FT":664.66,"HEARING_DATE":"2026-09-30","WELLS":9,"AVG_LATERAL_FT":12640},"geometry":{"type":"Polygon","coordinates":[[[-81.203455,40.348785],[-81.197487,40.351236],[-81.196981,40.350551],[-81.196978,40.350547],[-81.179044,40.326253],[-81.176413,40.322695],[-81.17347,40.318697],[-81.17223,40.317016],[-81.170142,40.314185],[-81.172723,40.313058],[-81.162255,40.298544],[-81.155388,40.28902],[-81.15415,40.287302],[-81.154727,40.287301],[-81.158515,40.287337],[-81.162534,40.287368],[-81.164374,40.287379],[-81.167382,40.287431],[-81.169308,40.290156],[-81.169347,40.290211],[-81.169422,40.290317],[-81.169478,40.290396],[-81.169488,40.290411],[-81.170552,40.291916],[-81.170556,40.291923],[-81.170623,40.292018],[-81.170784,40.292245],[-81.170862,40.292356],[-81.170868,40.292364],[-81.170879,40.292379],[-81.171316,40.292998],[-81.172235,40.294297],[-81.172549,40.294743],[-81.173207,40.295674],[-81.174776,40.297909],[-81.175537,40.29897],[-81.177116,40.301203],[-81.179017,40.303893],[-81.179765,40.30495],[-81.181273,40.307083],[-81.182545,40.308836],[-81.182561,40.30886],[-81.182603,40.308922],[-81.182826,40.309226],[-81.183339,40.309902],[-81.183393,40.309974],[-81.183427,40.310018],[-81.185285,40.312465],[-81.1853,40.312485],[-81.185314,40.312503],[-81.185457,40.312691],[-81.185706,40.313019],[-81.185859,40.313221],[-81.186019,40.313431],[-81.186023,40.313437],[-81.186067,40.313495],[-81.186335,40.313847],[-81.186362,40.313884],[-81.186651,40.314264],[-81.187031,40.314761],[-81.187323,40.315149],[-81.187513,40.3154],[-81.187802,40.315782],[-81.187805,40.315785],[-81.187812,40.315795],[-81.187926,40.315946],[-81.188064,40.316128],[-81.18814,40.316228],[-81.210603,40.345849],[-81.207368,40.347177],[-81.203455,40.348785]]]}},{"type":"Feature","properties":{"UNIT_ID":"LLOYD_SMITH_CMN_B","UNIT_NAME":"Lloyd Smith CMN B","OPERATOR":"EOG Resources","STATUS":"EFF","FORMATION":"Utica","ACRES":788.4,"DC_PER_FT":527.95,"HEARING_DATE":"2026-03-04","WELLS":2,"AVG_LATERAL_FT":19974},"geometry":{"type":"Polygon","coordinates":[[[-81.248276,40.527118],[-81.247999,40.527236],[-81.247161,40.527593],[-81.244738,40.528625],[-81.243251,40.529259],[-81.240344,40.525399],[-81.233259,40.516046],[-81.215646,40.491375],[-81.210871,40.484715],[-81.20791,40.480583],[-81.210623,40.47943],[-81.213238,40.478318],[-81.215935,40.482078],[-81.248276,40.527118]]]}},{"type":"Feature","properties":{"UNIT_ID":"LLOYD_SMITH_CMN_C","UNIT_NAME":"Lloyd Smith CMN C","OPERATOR":"EOG Resources","STATUS":"EFF","FORMATION":"Utica","ACRES":791.2,"DC_PER_FT":544.5,"HEARING_DATE":"2026-03-04","WELLS":2,"AVG_LATERAL_FT":19972},"geometry":{"type":"Polygon","coordinates":[[[-81.253847,40.524744],[-81.253141,40.525045],[-81.248276,40.527118],[-81.213238,40.478318],[-81.218216,40.476202],[-81.235388,40.49938],[-81.253847,40.524744]]]}},{"type":"Feature","properties":{"UNIT_ID":"LODGE_NE_WSG_GR","UNIT_NAME":"Lodge NE WSG GR","OPERATOR":"Ascent","STATUS":"EFF","FORMATION":"Utica","ACRES":757.9,"DC_PER_FT":678.46,"HEARING_DATE":"2024-03-06","WELLS":2,"AVG_LATERAL_FT":20466},"geometry":{"type":"Polygon","coordinates":[[[-81.379618,40.215262],[-81.343868,40.166361],[-81.348798,40.164242],[-81.386221,40.215424],[-81.379618,40.215262]]]}},{"type":"Feature","properties":{"UNIT_ID":"LODGE_NW_WSG_GR","UNIT_NAME":"Lodge NW WSG GR","OPERATOR":"Ascent","STATUS":"EFF","FORMATION":"Utica","ACRES":812.6,"DC_PER_FT":550.67,"HEARING_DATE":"2024-02-07","WELLS":2,"AVG_LATERAL_FT":21420},"geometry":{"type":"Polygon","coordinates":[[[-81.38623,40.215424],[-81.348798,40.164242],[-81.349182,40.164076],[-81.350046,40.163705],[-81.350293,40.163598],[-81.353831,40.162077],[-81.393011,40.215574],[-81.393021,40.215575],[-81.393033,40.21559],[-81.38623,40.215424]]]}},{"type":"Feature","properties":{"UNIT_ID":"MAMMOTH_NSH_D","UNIT_NAME":"Mammoth NSH D","OPERATOR":"EOG Resources","STATUS":"EFF","FORMATION":"Utica","ACRES":1139.7,"DC_PER_FT":549.93,"HEARING_DATE":"2026-01-14","WELLS":2,"AVG_LATERAL_FT":21121},"geometry":{"type":"Polygon","coordinates":[[[-81.611715,39.719909],[-81.604525,39.723016],[-81.567362,39.671694],[-81.574548,39.668588],[-81.599904,39.70361],[-81.611715,39.719909]]]}},{"type":"Feature","properties":{"UNIT_ID":"MARSHA_CR_UNI_NW_EXTENSION","UNIT_NAME":"Marsha CR UNI NW Extension","OPERATOR":"EOG Ohio","STATUS":"EFF","FORMATION":"Utica","ACRES":607.6,"DC_PER_FT":758.6,"HEARING_DATE":"2024-09-25","WELLS":1,"AVG_LATERAL_FT":21487},"geometry":{"type":"Polygon","coordinates":[[[-81.177549,40.606987],[-81.148605,40.567021],[-81.144263,40.568873],[-81.133835,40.554395],[-81.137179,40.552899],[-81.138202,40.552441],[-81.14014,40.551574],[-81.141773,40.553712],[-81.1438,40.556366],[-81.151119,40.565949],[-81.173644,40.597056],[-81.175486,40.596265],[-81.17565,40.596499],[-81.175677,40.596536],[-81.175691,40.596556],[-81.175892,40.596916],[-81.177499,40.599134],[-81.177633,40.599319],[-81.177628,40.599405],[-81.177627,40.599488],[-81.177613,40.600337],[-81.177605,40.601078],[-81.177569,40.603126],[-81.177556,40.603931],[-81.177533,40.60558],[-81.177518,40.606678],[-81.177569,40.60668],[-81.177549,40.606987]]]}},{"type":"Feature","properties":{"UNIT_ID":"MCFREDERICK_D","UNIT_NAME":"McFrederick D","OPERATOR":"SWN Production","STATUS":"EFF","FORMATION":"Utica","ACRES":439.0,"DC_PER_FT":1152.61,"HEARING_DATE":"2024-12-18","WELLS":1,"AVG_LATERAL_FT":15530},"geometry":{"type":"Polygon","coordinates":[[[-81.06719,39.833129],[-81.094924,39.870943],[-81.094507,39.871122],[-81.094514,39.871133],[-81.091108,39.872594],[-81.063492,39.834715],[-81.06719,39.833129]]]}},{"type":"Feature","properties":{"UNIT_ID":"MCFREDERICK_E_UP","UNIT_NAME":"McFrederick E UP","OPERATOR":"Expand Operating","STATUS":"EFF","FORMATION":"Utica","ACRES":869.0,"DC_PER_FT":984.41,"HEARING_DATE":"2026-04-22","WELLS":2,"AVG_LATERAL_FT":14526},"geometry":{"type":"Polygon","coordinates":[[[-81.121208,39.908054],[-81.121004,39.908014],[-81.12105,39.907388],[-81.120656,39.905588],[-81.119012,39.904835],[-81.118913,39.904879],[-81.114974,39.906644],[-81.090534,39.87284],[-81.091108,39.872594],[-81.094514,39.871133],[-81.094848,39.870976],[-81.094924,39.870943],[-81.098483,39.869416],[-81.125783,39.90717],[-81.125756,39.90771],[-81.125028,39.907688],[-81.124886,39.907686],[-81.124881,39.907879],[-81.124344,39.908021],[-81.12285,39.908019],[-81.121208,39.908054]]]}},{"type":"Feature","properties":{"UNIT_ID":"MCFREDERICK_G_UP","UNIT_NAME":"McFrederick G UP","OPERATOR":"Expand Operating","STATUS":"EFF","FORMATION":"Utica","ACRES":414.4,"DC_PER_FT":970.87,"HEARING_DATE":"2026-04-22","WELLS":1,"AVG_LATERAL_FT":13802},"geometry":{"type":"Polygon","coordinates":[[[-81.086541,39.874537],[-81.087076,39.874307],[-81.090525,39.872828],[-81.090534,39.87284],[-81.114974,39.906644],[-81.111034,39.908408],[-81.086541,39.874537]]]}},{"type":"Feature","properties":{"UNIT_ID":"MCFREDERICK_J","UNIT_NAME":"McFrederick J","OPERATOR":"SWN Production","STATUS":"EFF","FORMATION":"Utica","ACRES":461.6,"DC_PER_FT":1153.87,"HEARING_DATE":"2024-12-18","WELLS":1,"AVG_LATERAL_FT":15513},"geometry":{"type":"Polygon","coordinates":[[[-81.101363,39.91665],[-81.073942,39.878678],[-81.07789,39.876987],[-81.105291,39.914883],[-81.101363,39.91665]]]}},{"type":"Feature","properties":{"UNIT_ID":"MCFREDERICK_K","UNIT_NAME":"McFrederick K","OPERATOR":"SWN Production","STATUS":"EFF","FORMATION":"Utica","ACRES":465.9,"DC_PER_FT":1153.87,"HEARING_DATE":"2025-01-08","WELLS":1,"AVG_LATERAL_FT":15513},"geometry":{"type":"Polygon","coordinates":[[[-81.101363,39.91665],[-81.099189,39.917639],[-81.09897,39.917633],[-81.098964,39.917712],[-81.096279,39.917653],[-81.09447,39.915152],[-81.094941,39.91495],[-81.069961,39.880383],[-81.073942,39.878678],[-81.101363,39.91665]]]}},{"type":"Feature","properties":{"UNIT_ID":"MCGEE","UNIT_NAME":"McGee","OPERATOR":"Tiburon Oil and Gas Ohio","STATUS":"EFF","FORMATION":"Utica","ACRES":1264.0,"DC_PER_FT":825.0,"HEARING_DATE":"2024-07-17","WELLS":3,"AVG_LATERAL_FT":16471},"geometry":{"type":"Polygon","coordinates":[[[-81.230682,39.942427],[-81.262881,39.987337],[-81.253108,39.991667],[-81.225538,39.953268],[-81.228645,39.953345],[-81.224183,39.947227],[-81.228243,39.947331],[-81.228315,39.945513],[-81.230591,39.945555],[-81.230682,39.942427]]]}},{"type":"Feature","properties":{"UNIT_ID":"MCKEEGAN_NORTH_M","UNIT_NAME":"McKeegan North-M","OPERATOR":"Gulfport Appalachia","STATUS":"EFF","FORMATION":"Marcellus","ACRES":393.4,"DC_PER_FT":803.62,"HEARING_DATE":"2026-02-11","WELLS":2,"AVG_LATERAL_FT":19910},"geometry":{"type":"Polygon","coordinates":[[[-80.762073,40.206703],[-80.761409,40.207085],[-80.760796,40.207956],[-80.760595,40.208111],[-80.759687,40.208767],[-80.740356,40.153977],[-80.743256,40.153375],[-80.762073,40.206703]]]}},{"type":"Feature","properties":{"UNIT_ID":"MCKEEGAN_SOUTH_M","UNIT_NAME":"McKeegan South-M","OPERATOR":"Gulfport Energy","STATUS":"EFF","FORMATION":"Marcellus","ACRES":351.7,"DC_PER_FT":841.51,"HEARING_DATE":"2026-03-11","WELLS":2,"AVG_LATERAL_FT":17944},"geometry":{"type":"Polygon","coordinates":[[[-80.750532,40.156368],[-80.747637,40.15697],[-80.746157,40.152773],[-80.730601,40.108627],[-80.733499,40.108025],[-80.74213,40.132523],[-80.750532,40.156368]]]}},{"type":"Feature","properties":{"UNIT_ID":"MCMILLEN_TC_RSH_UNIT","UNIT_NAME":"McMillen TC RSH Unit-","OPERATOR":"EOG Ohio","STATUS":"EFF","FORMATION":"Utica","ACRES":1089.2,"DC_PER_FT":728.0,"HEARING_DATE":"2024-09-12","WELLS":3,"AVG_LATERAL_FT":19414},"geometry":{"type":"Polygon","coordinates":[[[-81.278422,40.330219],[-81.285525,40.32714],[-81.287804,40.330105],[-81.290084,40.333071],[-81.291175,40.334491],[-81.320738,40.374069],[-81.312923,40.377458],[-81.278422,40.330219]]]}},{"type":"Feature","properties":{"UNIT_ID":"MIKLOVIC_I","UNIT_NAME":"Miklovic I","OPERATOR":"Gulfport Energy Transferred to Gulfport Appalachia","STATUS":"EFF","FORMATION":"Utica","ACRES":1277.8,"DC_PER_FT":779.45,"HEARING_DATE":"2004-07-17","WELLS":3,"AVG_LATERAL_FT":16892},"geometry":{"type":"Polygon","coordinates":[[[-81.060545,40.112243],[-81.065767,40.119169],[-81.069189,40.117723],[-81.07094,40.116976],[-81.099151,40.155874],[-81.097752,40.156472],[-81.095487,40.157437],[-81.094396,40.157902],[-81.09264,40.158651],[-81.09074,40.15946],[-81.089255,40.160093],[-81.055977,40.114193],[-81.060545,40.112243]]]}},{"type":"Feature","properties":{"UNIT_ID":"MIKLOVIC_II","UNIT_NAME":"Miklovic II","OPERATOR":"Gulfport Energy Transferred to Gulfport Appalachia","STATUS":"EFF","FORMATION":"Utica","ACRES":505.2,"DC_PER_FT":753.92,"HEARING_DATE":"2004-07-17","WELLS":1,"AVG_LATERAL_FT":18835},"geometry":{"type":"Polygon","coordinates":[[[-81.085658,40.161625],[-81.052384,40.115728],[-81.055977,40.114193],[-81.089255,40.160093],[-81.085658,40.161625]]]}},{"type":"Feature","properties":{"UNIT_ID":"MILLER_A_UPP","UNIT_NAME":"MILLER A-UPP","OPERATOR":"SWN Production","STATUS":"EFF","FORMATION":"Utica","ACRES":322.7,"DC_PER_FT":1281.46,"HEARING_DATE":"2025-05-08","WELLS":2,"AVG_LATERAL_FT":10769},"geometry":{"type":"Polygon","coordinates":[[[-80.990616,39.718303],[-80.986615,39.72009],[-80.967361,39.694702],[-80.971018,39.692464],[-80.990616,39.718303]]]}},{"type":"Feature","properties":{"UNIT_ID":"MILLER_D_M","UNIT_NAME":"Miller D-M","OPERATOR":"SWN Production","STATUS":"EFF","FORMATION":"Marcellus","ACRES":421.8,"DC_PER_FT":679.15,"HEARING_DATE":"2025-04-30","WELLS":2,"AVG_LATERAL_FT":22970},"geometry":{"type":"Polygon","coordinates":[[[-80.923003,39.653602],[-80.925027,39.652056],[-80.979434,39.69941],[-80.976942,39.700549],[-80.923003,39.653602]]]}},{"type":"Feature","properties":{"UNIT_ID":"MILLER_E_M","UNIT_NAME":"Miller E-M","OPERATOR":"SWN Production","STATUS":"EFF","FORMATION":"Marcellus","ACRES":369.0,"DC_PER_FT":706.41,"HEARING_DATE":"2025-04-30","WELLS":1,"AVG_LATERAL_FT":20951},"geometry":{"type":"Polygon","coordinates":[[[-80.937368,39.669526],[-80.927966,39.661235],[-80.930092,39.659777],[-80.976942,39.700549],[-80.974449,39.701688],[-80.937368,39.669526]]]}},{"type":"Feature","properties":{"UNIT_ID":"MILLER_MC_PLT_BL","UNIT_NAME":"Miller MC PLT BL","OPERATOR":"Ascent","STATUS":"EFF","FORMATION":"Marcellus","ACRES":294.7,"DC_PER_FT":719.57,"HEARING_DATE":"2025-01-09","WELLS":1,"AVG_LATERAL_FT":15740},"geometry":{"type":"Polygon","coordinates":[[[-80.781313,40.001235],[-80.778765,40.002232],[-80.752731,39.963019],[-80.755272,39.962021],[-80.781313,40.001235]]]}},{"type":"Feature","properties":{"UNIT_ID":"MILLER_SE_PLT_BL_UNIT","UNIT_NAME":"Miller SE PLT BL Unit","OPERATOR":"Ascent","STATUS":"EFF","FORMATION":"Utica","ACRES":388.6,"DC_PER_FT":720.4,"HEARING_DATE":"2025-01-08","WELLS":1,"AVG_LATERAL_FT":16105},"geometry":{"type":"Polygon","coordinates":[[[-80.776168,40.005111],[-80.752721,39.963013],[-80.752971,39.962887],[-80.753193,39.962774],[-80.753645,39.962516],[-80.754056,39.962278],[-80.754456,39.962045],[-80.754895,39.961789],[-80.755706,39.961257],[-80.778782,40.002681],[-80.778601,40.002782],[-80.777336,40.004239],[-80.777452,40.004351],[-80.776872,40.004751],[-80.776644,40.004789],[-80.776168,40.005111]]]}},{"type":"Feature","properties":{"UNIT_ID":"MILLER_SW_PLT_BL_UNIT","UNIT_NAME":"Miller SW PLT BL Unit","OPERATOR":"Ascent","STATUS":"EFF","FORMATION":"Utica","ACRES":349.2,"DC_PER_FT":703.37,"HEARING_DATE":"2024-12-11","WELLS":1,"AVG_LATERAL_FT":16111},"geometry":{"type":"Polygon","coordinates":[[[-80.781337,40.001194],[-80.781036,40.001522],[-80.779118,40.002495],[-80.778782,40.002681],[-80.755706,39.961257],[-80.756682,39.960614],[-80.757688,39.959891],[-80.758658,39.959548],[-80.768268,39.977413],[-80.781337,40.001194]]]}},{"type":"Feature","properties":{"UNIT_ID":"MOONSTONE_E_SNC_NB","UNIT_NAME":"Moonstone E SNC NB","OPERATOR":"Ascent","STATUS":"EFF","FORMATION":"Utica","ACRES":434.4,"DC_PER_FT":670.71,"HEARING_DATE":"2025-08-22","WELLS":1,"AVG_LATERAL_FT":17131},"geometry":{"type":"Polygon","coordinates":[[[-81.337769,39.799288],[-81.340915,39.797672],[-81.375475,39.837671],[-81.374659,39.837654],[-81.374626,39.839163],[-81.374606,39.840081],[-81.373513,39.840659],[-81.337769,39.799288]]]}},{"type":"Feature","properties":{"UNIT_ID":"MOONSTONE_SE_SNC_NB","UNIT_NAME":"Moonstone SE SNC NB","OPERATOR":"Ascent","STATUS":"EFF","FORMATION":"Utica","ACRES":409.2,"DC_PER_FT":668.85,"HEARING_DATE":"2025-08-14","WELLS":1,"AVG_LATERAL_FT":17388},"geometry":{"type":"Polygon","coordinates":[[[-81.377656,39.837718],[-81.376944,39.837703],[-81.375663,39.837675],[-81.375475,39.837671],[-81.340915,39.797672],[-81.343877,39.79615],[-81.379405,39.837268],[-81.378395,39.837734],[-81.377656,39.837718]]]}},{"type":"Feature","properties":{"UNIT_ID":"MOONSTONE_S_SNC_NB","UNIT_NAME":"Moonstone S SNC NB","OPERATOR":"Ascent","STATUS":"EFF","FORMATION":"Utica","ACRES":413.8,"DC_PER_FT":694.17,"HEARING_DATE":"2025-08-07","WELLS":1,"AVG_LATERAL_FT":17719},"geometry":{"type":"Polygon","coordinates":[[[-81.343877,39.79615],[-81.346839,39.794628],[-81.382571,39.835978],[-81.3822,39.835971],[-81.381161,39.836456],[-81.380935,39.836561],[-81.379405,39.837268],[-81.343877,39.79615]]]}},{"type":"Feature","properties":{"UNIT_ID":"NAVY_CBR18_A","UNIT_NAME":"Navy CBR18 A","OPERATOR":"EOG Resources","STATUS":"EFF","FORMATION":"Utica","ACRES":1549.7,"DC_PER_FT":602.28,"HEARING_DATE":"2024-01-03","WELLS":4,"AVG_LATERAL_FT":16608},"geometry":{"type":"Polygon","coordinates":[[[-81.179233,40.689693],[-81.159228,40.663434],[-81.159649,40.663437],[-81.15777,40.660966],[-81.169926,40.655598],[-81.200506,40.69572],[-81.188029,40.701232],[-81.179275,40.689749],[-81.179673,40.689699],[-81.179602,40.689374],[-81.179593,40.689331],[-81.179556,40.689169],[-81.179129,40.689225],[-81.179166,40.689387],[-81.179175,40.689427],[-81.179233,40.689693]]]}},{"type":"Feature","properties":{"UNIT_ID":"NAVY_CBR_B","UNIT_NAME":"Navy CBR B","OPERATOR":"EOG Resources","STATUS":"EFF","FORMATION":"Utica","ACRES":1463.4,"DC_PER_FT":560.83,"HEARING_DATE":"2025-07-17","WELLS":4,"AVG_LATERAL_FT":15602},"geometry":{"type":"Polygon","coordinates":[[[-81.193562,40.708487],[-81.188029,40.701232],[-81.200506,40.69572],[-81.229311,40.733462],[-81.216775,40.739],[-81.193562,40.708487]]]}},{"type":"Feature","properties":{"UNIT_ID":"NORRIS_CL_WES_EAST","UNIT_NAME":"Norris CL WES East","OPERATOR":"EOG Ohio","STATUS":"EFF","FORMATION":"Utica","ACRES":637.9,"DC_PER_FT":779.02,"HEARING_DATE":"2025-04-16","WELLS":2,"AVG_LATERAL_FT":15918},"geometry":{"type":"Polygon","coordinates":[[[-81.038334,40.687862],[-81.066865,40.726764],[-81.06147,40.729046],[-81.032921,40.690112],[-81.036383,40.688673],[-81.038334,40.687862]]]}},{"type":"Feature","properties":{"UNIT_ID":"NORRIS_CL_WES_WEST","UNIT_NAME":"Norris CL WES West","OPERATOR":"EOG Ohio","STATUS":"EFF","FORMATION":"Utica","ACRES":969.4,"DC_PER_FT":778.94,"HEARING_DATE":"2025-04-17","WELLS":3,"AVG_LATERAL_FT":15919},"geometry":{"type":"Polygon","coordinates":[[[-81.038334,40.687862],[-81.039976,40.687179],[-81.0412,40.68667],[-81.046545,40.68441],[-81.075068,40.723296],[-81.066865,40.726764],[-81.038334,40.687862]]]}},{"type":"Feature","properties":{"UNIT_ID":"ORYX_NSH","UNIT_NAME":"Oryx NSH","OPERATOR":"EOG Resources","STATUS":"COI","FORMATION":"Utica","ACRES":2201.6,"DC_PER_FT":559.9,"HEARING_DATE":"2025-08-21","WELLS":4,"AVG_LATERAL_FT":16360},"geometry":{"type":"Polygon","coordinates":[[[-81.605466,39.756919],[-81.580132,39.721961],[-81.548087,39.677686],[-81.557082,39.673801],[-81.614467,39.75303],[-81.605466,39.756919]]]}},{"type":"Feature","properties":{"UNIT_ID":"PAUL_HOLIDAY_B_UP","UNIT_NAME":"Paul Holiday B UP","OPERATOR":"Expand Operating","STATUS":"EFF","FORMATION":"Utica","ACRES":695.7,"DC_PER_FT":806.21,"HEARING_DATE":"2025-12-03","WELLS":1,"AVG_LATERAL_FT":16745},"geometry":{"type":"Polygon","coordinates":[[[-81.080115,39.769569],[-81.109657,39.8105],[-81.104297,39.812678],[-81.074349,39.772045],[-81.080115,39.769569]]]}},{"type":"Feature","properties":{"UNIT_ID":"PAUL_HOLIDAY_D_UP","UNIT_NAME":"Paul Holiday D Up","OPERATOR":"Expand Operating","STATUS":"EFF","FORMATION":"Utica","ACRES":585.7,"DC_PER_FT":973.37,"HEARING_DATE":"2025-11-14","WELLS":1,"AVG_LATERAL_FT":16746},"geometry":{"type":"Polygon","coordinates":[[[-81.104297,39.812678],[-81.099571,39.814598],[-81.069685,39.774047],[-81.071655,39.773202],[-81.074349,39.772045],[-81.099483,39.806149],[-81.104297,39.812678]]]}},{"type":"Feature","properties":{"UNIT_ID":"PAUL_HOLIDAY_F_UP","UNIT_NAME":"Paul Holiday F UP","OPERATOR":"Expand Operating","STATUS":"EFF","FORMATION":"Utica","ACRES":556.6,"DC_PER_FT":763.07,"HEARING_DATE":"2025-11-13","WELLS":1,"AVG_LATERAL_FT":15857},"geometry":{"type":"Polygon","coordinates":[[[-81.099571,39.814598],[-81.094844,39.816519],[-81.066455,39.777996],[-81.068403,39.77716],[-81.071094,39.77596],[-81.087424,39.798123],[-81.099571,39.814598]]]}},{"type":"Feature","properties":{"UNIT_ID":"PAUL_HOLIDAY_G_UP","UNIT_NAME":"Paul Holiday G UP","OPERATOR":"Expand Operating","STATUS":"EFF","FORMATION":"Utica","ACRES":553.1,"DC_PER_FT":767.62,"HEARING_DATE":"2025-11-13","WELLS":1,"AVG_LATERAL_FT":15763},"geometry":{"type":"Polygon","coordinates":[[[-81.066511,39.778072],[-81.094844,39.816519],[-81.090117,39.818439],[-81.06195,39.780214],[-81.066511,39.778072]]]}},{"type":"Feature","properties":{"UNIT_ID":"PAUL_HOLIDAY_H_UP","UNIT_NAME":"Paul Holiday H UP","OPERATOR":"Expand Operating","STATUS":"EFF","FORMATION":"Utica","ACRES":579.6,"DC_PER_FT":779.02,"HEARING_DATE":"2025-11-13","WELLS":1,"AVG_LATERAL_FT":15789},"geometry":{"type":"Polygon","coordinates":[[[-81.090117,39.818439],[-81.085238,39.82042],[-81.085232,39.820423],[-81.078014,39.810632],[-81.077722,39.810624],[-81.077743,39.810264],[-81.072884,39.80367],[-81.061618,39.788621],[-81.056748,39.782258],[-81.059576,39.780949],[-81.061791,39.779998],[-81.086843,39.813999],[-81.090117,39.818439]]]}},{"type":"Feature","properties":{"UNIT_ID":"PEARLEY_TC_PER_NE","UNIT_NAME":"Pearley TC PER NE","OPERATOR":"EOG Resources","STATUS":"EFF","FORMATION":"Utica","ACRES":679.9,"DC_PER_FT":760.28,"HEARING_DATE":"2025-01-09","WELLS":2,"AVG_LATERAL_FT":15981},"geometry":{"type":"Polygon","coordinates":[[[-81.364863,40.252508],[-81.370515,40.250058],[-81.400713,40.290168],[-81.400149,40.290153],[-81.39946,40.290135],[-81.398663,40.290113],[-81.397806,40.290091],[-81.396902,40.290067],[-81.396824,40.290065],[-81.394319,40.289998],[-81.39303,40.289963],[-81.364863,40.252508]]]}},{"type":"Feature","properties":{"UNIT_ID":"PEARLEY_TC_PER_NW","UNIT_NAME":"Pearley TC PER NW","OPERATOR":"EOG Resources","STATUS":"EFF","FORMATION":"Utica","ACRES":795.8,"DC_PER_FT":781.05,"HEARING_DATE":"2025-01-29","WELLS":2,"AVG_LATERAL_FT":17156},"geometry":{"type":"Polygon","coordinates":[[[-81.376695,40.24738],[-81.390148,40.265293],[-81.409151,40.290392],[-81.407322,40.290344],[-81.405049,40.290283],[-81.403101,40.290231],[-81.402991,40.290229],[-81.402885,40.290226],[-81.402348,40.290211],[-81.401566,40.290191],[-81.400876,40.290172],[-81.400713,40.290168],[-81.370515,40.250058],[-81.376695,40.24738]]]}},{"type":"Feature","properties":{"UNIT_ID":"PEARLEY_TPR_C","UNIT_NAME":"Pearley TPR C","OPERATOR":"EOG Resources","STATUS":"EFF","FORMATION":"Utica","ACRES":713.0,"DC_PER_FT":604.26,"HEARING_DATE":"2026-06-17","WELLS":2,"AVG_LATERAL_FT":15697},"geometry":{"type":"Polygon","coordinates":[[[-81.334965,40.214916],[-81.334943,40.214887],[-81.338088,40.213554],[-81.341024,40.21231],[-81.369629,40.250442],[-81.364863,40.252508],[-81.363599,40.253055],[-81.334965,40.214916]]]}},{"type":"Feature","properties":{"UNIT_ID":"PEARLEY_TPR_D","UNIT_NAME":"Pearley TPR D","OPERATOR":"EOG Resources","STATUS":"EFF","FORMATION":"Utica","ACRES":832.6,"DC_PER_FT":603.64,"HEARING_DATE":"2026-06-17","WELLS":2,"AVG_LATERAL_FT":15829},"geometry":{"type":"Polygon","coordinates":[[[-81.341024,40.21231],[-81.342906,40.211513],[-81.348125,40.209339],[-81.354674,40.218032],[-81.376695,40.24738],[-81.375005,40.248112],[-81.371655,40.249565],[-81.369629,40.250442],[-81.341024,40.21231]]]}},{"type":"Feature","properties":{"UNIT_ID":"POSEY_OXFORD","UNIT_NAME":"Posey Oxford","OPERATOR":"Tiburon","STATUS":"COI","FORMATION":"Utica","ACRES":876.2,"DC_PER_FT":807.58,"HEARING_DATE":"2026-07-08","WELLS":2,"AVG_LATERAL_FT":19008},"geometry":{"type":"Polygon","coordinates":[[[-81.321701,40.030813],[-81.321468,40.030919],[-81.319703,40.028571],[-81.320047,40.028425],[-81.319841,40.028174],[-81.319935,40.028111],[-81.319472,40.027702],[-81.319308,40.027811],[-81.319265,40.027787],[-81.319171,40.027863],[-81.318351,40.026773],[-81.321856,40.026801],[-81.323971,40.029728],[-81.327204,40.02836],[-81.362961,40.076028],[-81.360963,40.075969],[-81.359388,40.075928],[-81.358642,40.075908],[-81.354697,40.075804],[-81.354604,40.075801],[-81.34406,40.061749],[-81.343939,40.061745],[-81.343946,40.061597],[-81.335043,40.049726],[-81.3358,40.049622],[-81.321701,40.030813]]]}},{"type":"Feature","properties":{"UNIT_ID":"PREMIER_E_WHL_BL","UNIT_NAME":"Premier E WHL BL","OPERATOR":"Ascent","STATUS":"EFF","FORMATION":"Utica","ACRES":511.4,"DC_PER_FT":679.4,"HEARING_DATE":"2024-08-21","WELLS":1,"AVG_LATERAL_FT":17798},"geometry":{"type":"Polygon","coordinates":[[[-80.991506,40.135414],[-80.96438,40.098028],[-80.962558,40.098739],[-80.960799,40.096295],[-80.966322,40.094009],[-80.995198,40.133814],[-80.998099,40.137807],[-80.994003,40.139299],[-80.991506,40.135414]]]}},{"type":"Feature","properties":{"UNIT_ID":"PREMIER_W_WHL_BL","UNIT_NAME":"Premier W WHL BL","OPERATOR":"Ascent","STATUS":"EFF","FORMATION":"Utica","ACRES":661.7,"DC_PER_FT":733.74,"HEARING_DATE":"2024-09-25","WELLS":1,"AVG_LATERAL_FT":17547},"geometry":{"type":"Polygon","coordinates":[[[-81.003434,40.136123],[-80.99928,40.137538],[-80.99815,40.137788],[-80.998099,40.137807],[-80.967214,40.09524],[-80.972334,40.09312],[-81.003434,40.136123]]]}},{"type":"Feature","properties":{"UNIT_ID":"PROSSER_NE_UNN_BL","UNIT_NAME":"Prosser NE UNN BL","OPERATOR":"Ascent","STATUS":"EFF","FORMATION":"Utica","ACRES":876.0,"DC_PER_FT":631.63,"HEARING_DATE":"2025-08-22","WELLS":2,"AVG_LATERAL_FT":20376},"geometry":{"type":"Polygon","coordinates":[[[-81.012869,40.109395],[-81.014052,40.109153],[-81.014156,40.109299],[-81.014427,40.109308],[-81.016366,40.109374],[-81.016507,40.10938],[-81.017718,40.109424],[-81.019185,40.109478],[-81.019416,40.109485],[-81.054912,40.156583],[-81.054857,40.156649],[-81.054698,40.156892],[-81.05386,40.15831],[-81.052918,40.160247],[-81.052696,40.16179],[-81.052475,40.162448],[-81.052127,40.163459],[-81.051972,40.163904],[-81.012869,40.109395]]]}},{"type":"Feature","properties":{"UNIT_ID":"QUARTZ_SSY_A","UNIT_NAME":"Quartz SSY A","OPERATOR":"EOG Resources","STATUS":"COI","FORMATION":"Utica","ACRES":1461.4,"DC_PER_FT":586.2,"HEARING_DATE":"2025-12-05","WELLS":4,"AVG_LATERAL_FT":15609},"geometry":{"type":"Polygon","coordinates":[[[-81.259974,40.656177],[-81.272465,40.650696],[-81.301295,40.688417],[-81.288828,40.693939],[-81.259974,40.656177]]]}},{"type":"Feature","properties":{"UNIT_ID":"RANDALL_E_M","UNIT_NAME":"Randall E-M","OPERATOR":"SWN Production","STATUS":"EFF","FORMATION":"Marcellus","ACRES":505.9,"DC_PER_FT":750.13,"HEARING_DATE":"2025-07-09","WELLS":1,"AVG_LATERAL_FT":24529},"geometry":{"type":"Polygon","coordinates":[[[-80.941579,39.659854],[-80.929557,39.648609],[-80.925067,39.645136],[-80.92658,39.642811],[-80.931818,39.646862],[-80.943647,39.658347],[-80.987656,39.69484],[-80.984916,39.696364],[-80.941579,39.659854]]]}},{"type":"Feature","properties":{"UNIT_ID":"RANDALL_F_M_UNIT","UNIT_NAME":"Randall F-M Unit","OPERATOR":"SWN Production","STATUS":"EFF","FORMATION":"Marcellus","ACRES":468.6,"DC_PER_FT":736.29,"HEARING_DATE":"2025-06-27","WELLS":1,"AVG_LATERAL_FT":22953},"geometry":{"type":"Polygon","coordinates":[[[-80.93951,39.661362],[-80.927054,39.650512],[-80.929557,39.648609],[-80.941579,39.659854],[-80.984916,39.696364],[-80.982175,39.697887],[-80.93951,39.661362]]]}},{"type":"Feature","properties":{"UNIT_ID":"RANDALL_G_M","UNIT_NAME":"Randall G-M","OPERATOR":"SWN Production","STATUS":"EFF","FORMATION":"Marcellus","ACRES":454.6,"DC_PER_FT":744.6,"HEARING_DATE":"2025-06-27","WELLS":1,"AVG_LATERAL_FT":22831},"geometry":{"type":"Polygon","coordinates":[[[-80.925027,39.652056],[-80.925663,39.651571],[-80.927054,39.650512],[-80.93951,39.661362],[-80.982175,39.697887],[-80.979434,39.69941],[-80.925027,39.652056]]]}},{"type":"Feature","properties":{"UNIT_ID":"RANDALL_L_M","UNIT_NAME":"Randall L-M","OPERATOR":"SWN Production","STATUS":"EFF","FORMATION":"Marcellus","ACRES":444.6,"DC_PER_FT":691.67,"HEARING_DATE":"2025-05-22","WELLS":1,"AVG_LATERAL_FT":24000},"geometry":{"type":"Polygon","coordinates":[[[-80.975381,39.701262],[-80.97783,39.700143],[-81.024615,39.755874],[-81.022228,39.757069],[-80.975381,39.701262]]]}},{"type":"Feature","properties":{"UNIT_ID":"REED_I","UNIT_NAME":"Reed I","OPERATOR":"Gulfport Energy Transferred to Gulfport Appalachia","STATUS":"COI","FORMATION":"Utica","ACRES":204.3,"DC_PER_FT":1307.54,"HEARING_DATE":"2026-01-07","WELLS":1,"AVG_LATERAL_FT":7495},"geometry":{"type":"Polygon","coordinates":[[[-81.042485,39.866851],[-81.041208,39.867015],[-81.040986,39.867226],[-81.039884,39.867798],[-81.039884,39.867798],[-81.039881,39.867796],[-81.039439,39.867183],[-81.027367,39.850447],[-81.027476,39.848988],[-81.027622,39.84674],[-81.02766,39.84616],[-81.02771,39.846163],[-81.027731,39.845502],[-81.027673,39.845413],[-81.028261,39.845482],[-81.043588,39.866732],[-81.042485,39.866851]]]}},{"type":"Feature","properties":{"UNIT_ID":"REED_II","UNIT_NAME":"Reed II","OPERATOR":"Gulfport Energy Transferred to Gulfport Appalachia","STATUS":"EFF","FORMATION":"Utica","ACRES":376.8,"DC_PER_FT":879.15,"HEARING_DATE":"2026-01-07","WELLS":1,"AVG_LATERAL_FT":14332},"geometry":{"type":"Polygon","coordinates":[[[-81.034374,39.866813],[-81.010466,39.833654],[-81.013895,39.832186],[-81.015388,39.834258],[-81.026056,39.849057],[-81.027338,39.850834],[-81.02736,39.850537],[-81.027367,39.850447],[-81.039439,39.867183],[-81.039135,39.867313],[-81.037783,39.868112],[-81.035376,39.86751],[-81.035468,39.866198],[-81.035234,39.866188],[-81.03519,39.866464],[-81.034374,39.866813]]]}},{"type":"Feature","properties":{"UNIT_ID":"REED_IV","UNIT_NAME":"Reed IV","OPERATOR":"Gulfport Energy Transferred to Gulfport Appalachia","STATUS":"EFF","FORMATION":"Utica","ACRES":382.3,"DC_PER_FT":953.73,"HEARING_DATE":"2025-12-04","WELLS":1,"AVG_LATERAL_FT":12687},"geometry":{"type":"Polygon","coordinates":[[[-81.030482,39.86848],[-81.029237,39.869014],[-81.029117,39.868922],[-81.028347,39.868037],[-81.028033,39.867433],[-81.027947,39.867528],[-81.026908,39.867488],[-81.026544,39.86748],[-81.026356,39.867521],[-81.025902,39.867725],[-81.025565,39.867869],[-81.025873,39.868297],[-81.025862,39.868529],[-81.025834,39.8691],[-81.002684,39.836987],[-81.006575,39.835321],[-81.030482,39.86848]]]}},{"type":"Feature","properties":{"UNIT_ID":"RH_SPARGER_SE_NTG_HR","UNIT_NAME":"RH Sparger SE NTG HR","OPERATOR":"Ascent","STATUS":"EFF","FORMATION":"Utica","ACRES":464.4,"DC_PER_FT":646.42,"HEARING_DATE":"2025-10-15","WELLS":1,"AVG_LATERAL_FT":16862},"geometry":{"type":"Polygon","coordinates":[[[-81.117512,40.236995],[-81.100585,40.213699],[-81.104302,40.212155],[-81.13421,40.253327],[-81.132821,40.253885],[-81.130471,40.25483],[-81.117512,40.236995]]]}},{"type":"Feature","properties":{"UNIT_ID":"RH_SPARGER_SW_NTG_HR","UNIT_NAME":"RH Sparger SW NTG HR","OPERATOR":"Ascent","STATUS":"EFF","FORMATION":"Utica","ACRES":465.4,"DC_PER_FT":639.58,"HEARING_DATE":"2025-10-02","WELLS":1,"AVG_LATERAL_FT":16886},"geometry":{"type":"Polygon","coordinates":[[[-81.107056,40.21101],[-81.110772,40.209466],[-81.136886,40.245425],[-81.140726,40.250708],[-81.13856,40.251578],[-81.138375,40.251653],[-81.136987,40.252211],[-81.107056,40.21101]]]}},{"type":"Feature","properties":{"UNIT_ID":"RH_SPARGER_S_NTG_HR","UNIT_NAME":"RH Sparger S NTG HR","OPERATOR":"Ascent","STATUS":"EFF","FORMATION":"Utica","ACRES":345.0,"DC_PER_FT":639.45,"HEARING_DATE":"2025-10-09","WELLS":1,"AVG_LATERAL_FT":16874},"geometry":{"type":"Polygon","coordinates":[[[-81.104302,40.212155],[-81.107056,40.21101],[-81.136987,40.252211],[-81.135599,40.252768],[-81.135598,40.252769],[-81.13421,40.253327],[-81.104302,40.212155]]]}},{"type":"Feature","properties":{"UNIT_ID":"ROBINSON_C_PLT_BL","UNIT_NAME":"Robinson C PLT BL","OPERATOR":"Ascent","STATUS":"EFF","FORMATION":"Utica","ACRES":409.5,"DC_PER_FT":766.1,"HEARING_DATE":"2025-02-19","WELLS":1,"AVG_LATERAL_FT":14934},"geometry":{"type":"Polygon","coordinates":[[[-80.741072,39.97351],[-80.74118,39.973263],[-80.741729,39.97187],[-80.741537,39.971801],[-80.741817,39.971403],[-80.741883,39.971427],[-80.742173,39.97099],[-80.74266,39.970253],[-80.743415,39.969248],[-80.770576,40.009084],[-80.769772,40.009013],[-80.768519,40.008904],[-80.767531,40.008818],[-80.767526,40.008901],[-80.767371,40.008888],[-80.76735,40.008982],[-80.767325,40.009118],[-80.766956,40.009501],[-80.741072,39.97351]]]}},{"type":"Feature","properties":{"UNIT_ID":"ROBINSON_E_PLT_BL","UNIT_NAME":"Robinson E PLT BL","OPERATOR":"Ascent","STATUS":"PEN","FORMATION":"Utica","ACRES":512.1,"DC_PER_FT":931.56,"HEARING_DATE":"2026-09-17","WELLS":2,"AVG_LATERAL_FT":9651},"geometry":{"type":"Polygon","coordinates":[[[-80.7417,39.99959],[-80.741439,39.998343],[-80.741326,39.997803],[-80.741092,39.996237],[-80.741078,39.99613],[-80.740225,39.992974],[-80.739927,39.991817],[-80.740166,39.991798],[-80.739992,39.991023],[-80.73994,39.9906],[-80.739911,39.990358],[-80.740011,39.990361],[-80.739735,39.98882],[-80.739779,39.988825],[-80.739648,39.987855],[-80.739474,39.987849],[-80.741434,39.987037],[-80.762049,40.016448],[-80.761276,40.016782],[-80.761055,40.017283],[-80.761038,40.017235],[-80.760183,40.017217],[-80.759823,40.017209],[-80.757933,40.017169],[-80.757924,40.017433],[-80.75771,40.017428],[-80.7577,40.017702],[-80.756768,40.0181],[-80.756439,40.017648],[-80.754806,40.018287],[-80.7417,39.99959]]]}},{"type":"Feature","properties":{"UNIT_ID":"ROBINSON_SE_PLT_BL","UNIT_NAME":"Robinson SE PLT BL","OPERATOR":"Ascent","STATUS":"PEN","FORMATION":"Utica","ACRES":333.9,"DC_PER_FT":772.03,"HEARING_DATE":"2026-09-10","WELLS":1,"AVG_LATERAL_FT":13629},"geometry":{"type":"Polygon","coordinates":[[[-80.765479,40.016265],[-80.764803,40.016292],[-80.76432,40.015633],[-80.763825,40.015679],[-80.763343,40.015887],[-80.76324,40.015932],[-80.762047,40.016448],[-80.741432,39.987037],[-80.738969,39.983521],[-80.738985,39.982865],[-80.739098,39.981947],[-80.738898,39.981818],[-80.739032,39.981403],[-80.739126,39.981224],[-80.739223,39.980697],[-80.73948,39.979571],[-80.739649,39.978829],[-80.739663,39.978724],[-80.759234,40.006653],[-80.759202,40.00668],[-80.759293,40.006737],[-80.766359,40.016813],[-80.765984,40.016962],[-80.765479,40.016265]]]}},{"type":"Feature","properties":{"UNIT_ID":"ROBINSON_SW_PLT_BL","UNIT_NAME":"Robinson SW PLT BL","OPERATOR":"EOG Ohio","STATUS":"EFF","FORMATION":"Utica","ACRES":483.2,"DC_PER_FT":745.54,"HEARING_DATE":"2025-02-05","WELLS":1,"AVG_LATERAL_FT":16435},"geometry":{"type":"Polygon","coordinates":[[[-80.752721,39.963013],[-80.776168,40.005111],[-80.775901,40.005292],[-80.775978,40.005923],[-80.775457,40.005888],[-80.775443,40.005888],[-80.775427,40.005891],[-80.775409,40.005898],[-80.775397,40.005906],[-80.775384,40.005917],[-80.775377,40.005928],[-80.775374,40.005936],[-80.775372,40.005945],[-80.775372,40.00595],[-80.775373,40.005956],[-80.775438,40.006491],[-80.775524,40.006896],[-80.774774,40.006986],[-80.773858,40.007308],[-80.748001,39.965492],[-80.749229,39.964809],[-80.749792,39.964495],[-80.749992,39.964394],[-80.751427,39.963668],[-80.752721,39.963013]]]}},{"type":"Feature","properties":{"UNIT_ID":"ROBINSON_S_PLT_BL","UNIT_NAME":"Robinson S PLT BL","OPERATOR":"Ascent","STATUS":"PEN","FORMATION":"Utica","ACRES":497.0,"DC_PER_FT":750.49,"HEARING_DATE":"2026-09-18","WELLS":1,"AVG_LATERAL_FT":15827},"geometry":{"type":"Polygon","coordinates":[[[-80.765292,40.015291],[-80.739663,39.978724],[-80.73985,39.977269],[-80.739902,39.977102],[-80.742667,39.975728],[-80.766956,40.009501],[-80.766768,40.009698],[-80.766634,40.009694],[-80.766031,40.009859],[-80.766045,40.010082],[-80.766772,40.009982],[-80.766762,40.011355],[-80.766581,40.011846],[-80.767595,40.012445],[-80.771636,40.013298],[-80.770344,40.015235],[-80.766359,40.016813],[-80.765292,40.015291]]]}},{"type":"Feature","properties":{"UNIT_ID":"ROBINSON_W_PLT_BL","UNIT_NAME":"Robinson W PLT BL","OPERATOR":"Ascent","STATUS":"EFF","FORMATION":"Utica","ACRES":564.0,"DC_PER_FT":742.66,"HEARING_DATE":"2025-02-07","WELLS":1,"AVG_LATERAL_FT":16725},"geometry":{"type":"Polygon","coordinates":[[[-80.773219,40.010003],[-80.770767,40.009153],[-80.770576,40.009084],[-80.743415,39.969248],[-80.744333,39.968051],[-80.745401,39.967227],[-80.74629,39.966541],[-80.747204,39.965937],[-80.748001,39.965492],[-80.773858,40.007308],[-80.774423,40.008095],[-80.774416,40.008108],[-80.774409,40.008121],[-80.774403,40.008135],[-80.774397,40.008148],[-80.774392,40.008162],[-80.774388,40.008175],[-80.774384,40.008189],[-80.774381,40.008203],[-80.774379,40.008217],[-80.774377,40.008231],[-80.774376,40.008246],[-80.774375,40.00826],[-80.774375,40.008274],[-80.774399,40.008446],[-80.774401,40.008458],[-80.774404,40.008469],[-80.774407,40.008481],[-80.774411,40.008493],[-80.774415,40.008504],[-80.774419,40.008516],[-80.774424,40.008527],[-80.77443,40.008538],[-80.774436,40.008549],[-80.774443,40.00856],[-80.77445,40.008571],[-80.774457,40.008581],[-80.774465,40.008591],[-80.774474,40.008601],[-80.774483,40.008611],[-80.774492,40.00862],[-80.774502,40.00863],[-80.774512,40.008639],[-80.774523,40.008647],[-80.774534,40.008656],[-80.774545,40.008664],[-80.774557,40.008672],[-80.774569,40.008679],[-80.774065,40.00916],[-80.773893,40.009377],[-80.773433,40.009987],[-80.77339,40.010062],[-80.773219,40.010003]]]}},{"type":"Feature","properties":{"UNIT_ID":"ROCK_RIDGE_SE_WRN_BL","UNIT_NAME":"Rock Ridge SE WRN BL","OPERATOR":"Ascent","STATUS":"EFF","FORMATION":"Utica","ACRES":604.0,"DC_PER_FT":736.03,"HEARING_DATE":"2023-12-19","WELLS":1,"AVG_LATERAL_FT":13615},"geometry":{"type":"Polygon","coordinates":[[[-81.225947,40.000226],[-81.193103,39.974327],[-81.20036,39.969953],[-81.20873,39.976443],[-81.230739,40.001534],[-81.226909,40.001434],[-81.22567,40.000434],[-81.225947,40.000226]]]}},{"type":"Feature","properties":{"UNIT_ID":"ROGUE_HWS_18A","UNIT_NAME":"Rogue HWS 18A","OPERATOR":"EOG Resources","STATUS":"EFF","FORMATION":"Utica","ACRES":1309.6,"DC_PER_FT":635.58,"HEARING_DATE":"2024-05-22","WELLS":4,"AVG_LATERAL_FT":16390},"geometry":{"type":"Polygon","coordinates":[[[-81.259353,40.293065],[-81.262723,40.293133],[-81.266368,40.293204],[-81.271833,40.290907],[-81.301803,40.329912],[-81.291293,40.334645],[-81.259353,40.293065]]]}},{"type":"Feature","properties":{"UNIT_ID":"RONALD_N_SMF_JF","UNIT_NAME":"Ronald N SMF JF","OPERATOR":"Ascent","STATUS":"EFF","FORMATION":"Utica","ACRES":564.2,"DC_PER_FT":1003.23,"HEARING_DATE":"2025-10-01","WELLS":2,"AVG_LATERAL_FT":8517},"geometry":{"type":"Polygon","coordinates":[[[-80.816297,40.244468],[-80.816314,40.244461],[-80.82468,40.240925],[-80.825072,40.240758],[-80.827151,40.243694],[-80.839168,40.260314],[-80.840348,40.261948],[-80.831603,40.265634],[-80.816297,40.244468]]]}},{"type":"Feature","properties":{"UNIT_ID":"RUBEL_SE_UNIT","UNIT_NAME":"Rubel SE Unit","OPERATOR":"INR Ohio","STATUS":"EFF","FORMATION":"Utica","ACRES":859.7,"DC_PER_FT":648.56,"HEARING_DATE":"2025-12-18","WELLS":2,"AVG_LATERAL_FT":18935},"geometry":{"type":"Polygon","coordinates":[[[-81.435089,39.89006],[-81.434153,39.890474],[-81.434137,39.891828],[-81.46052,39.927674],[-81.460353,39.927706],[-81.457016,39.929339],[-81.455069,39.930291],[-81.422338,39.885809],[-81.42067,39.88351],[-81.427869,39.880326],[-81.434173,39.888814],[-81.435089,39.89006]]]}},{"type":"Feature","properties":{"UNIT_ID":"RUBEL_SW","UNIT_NAME":"Rubel SW","OPERATOR":"INR Ohio","STATUS":"EFF","FORMATION":"Utica","ACRES":914.7,"DC_PER_FT":812.45,"HEARING_DATE":"2025-08-21","WELLS":3,"AVG_LATERAL_FT":14581},"geometry":{"type":"Polygon","coordinates":[[[-81.435089,39.89006],[-81.435669,39.889803],[-81.441577,39.887186],[-81.463164,39.916515],[-81.46316,39.916582],[-81.463214,39.916583],[-81.468427,39.923661],[-81.467195,39.923628],[-81.462879,39.923514],[-81.462869,39.923762],[-81.462865,39.923818],[-81.462724,39.92582],[-81.462676,39.927251],[-81.462675,39.927278],[-81.46197,39.927402],[-81.46052,39.927674],[-81.434137,39.891828],[-81.434153,39.890474],[-81.435089,39.89006]]]}},{"type":"Feature","properties":{"UNIT_ID":"RUBEL_WEST","UNIT_NAME":"Rubel West","OPERATOR":"INR Ohio","STATUS":"EFF","FORMATION":"Utica","ACRES":1067.5,"DC_PER_FT":709.05,"HEARING_DATE":"2024-08-28","WELLS":3,"AVG_LATERAL_FT":15205},"geometry":{"type":"Polygon","coordinates":[[[-81.489832,39.970291],[-81.487209,39.966702],[-81.480837,39.957985],[-81.464654,39.935833],[-81.46541,39.933841],[-81.465335,39.932654],[-81.465319,39.932639],[-81.465304,39.932628],[-81.464731,39.932191],[-81.46384,39.931511],[-81.463491,39.927009],[-81.462675,39.927278],[-81.462676,39.927251],[-81.462678,39.927187],[-81.462681,39.927111],[-81.462724,39.925827],[-81.462869,39.923762],[-81.462879,39.923514],[-81.466061,39.923598],[-81.467192,39.923628],[-81.467199,39.923636],[-81.468383,39.925258],[-81.489163,39.9537],[-81.496759,39.964091],[-81.496682,39.965332],[-81.494411,39.96526],[-81.494301,39.967291],[-81.492319,39.967277],[-81.492237,39.968862],[-81.49095,39.968826],[-81.490758,39.96962],[-81.490614,39.970261],[-81.490479,39.970328],[-81.489832,39.970291]]]}},{"type":"Feature","properties":{"UNIT_ID":"RUBY_OPAL_SE_SNC_NB","UNIT_NAME":"Ruby Opal SE SNC NB","OPERATOR":"Ascent","STATUS":"EFF","FORMATION":"Utica","ACRES":452.8,"DC_PER_FT":690.41,"HEARING_DATE":"2024-05-29","WELLS":1,"AVG_LATERAL_FT":17181},"geometry":{"type":"Polygon","coordinates":[[[-81.385701,39.834836],[-81.351566,39.795266],[-81.355022,39.793735],[-81.389783,39.833974],[-81.388106,39.834883],[-81.385701,39.834836]]]}},{"type":"Feature","properties":{"UNIT_ID":"RUFENER_D_M","UNIT_NAME":"Rufener D-M","OPERATOR":"SWN Production","STATUS":"EFF","FORMATION":"Marcellus","ACRES":517.8,"DC_PER_FT":684.25,"HEARING_DATE":"2025-08-13","WELLS":1,"AVG_LATERAL_FT":26160},"geometry":{"type":"Polygon","coordinates":[[[-80.949852,39.653824],[-80.929556,39.638127],[-80.930881,39.636044],[-80.935508,39.639623],[-80.948514,39.649684],[-80.95192,39.652316],[-80.961369,39.659623],[-80.997499,39.687536],[-80.995039,39.689362],[-80.949852,39.653824]]]}},{"type":"Feature","properties":{"UNIT_ID":"RUFENER_E_M","UNIT_NAME":"Rufener E-M","OPERATOR":"SWN Production","STATUS":"EFF","FORMATION":"Marcellus","ACRES":512.5,"DC_PER_FT":687.54,"HEARING_DATE":"2025-08-20","WELLS":1,"AVG_LATERAL_FT":25453},"geometry":{"type":"Polygon","coordinates":[[[-80.995039,39.689362],[-80.992578,39.691189],[-80.947783,39.655331],[-80.92823,39.640209],[-80.929555,39.638126],[-80.949851,39.653824],[-80.995039,39.689362]]]}},{"type":"Feature","properties":{"UNIT_ID":"RUFENER_F_M","UNIT_NAME":"Rufener F-M","OPERATOR":"SWN Production","STATUS":"EFF","FORMATION":"Marcellus","ACRES":395.6,"DC_PER_FT":753.96,"HEARING_DATE":"2025-08-20","WELLS":1,"AVG_LATERAL_FT":19497},"geometry":{"type":"Polygon","coordinates":[[[-80.992578,39.691189],[-80.990117,39.693015],[-80.945697,39.656826],[-80.941837,39.653838],[-80.943844,39.652286],[-80.947783,39.655331],[-80.992578,39.691189]]]}},{"type":"Feature","properties":{"UNIT_ID":"RUFENER_G_M","UNIT_NAME":"Rufener G-M","OPERATOR":"SWN Production","STATUS":"EFF","FORMATION":"Marcellus","ACRES":424.0,"DC_PER_FT":827.43,"HEARING_DATE":"2025-09-17","WELLS":1,"AVG_LATERAL_FT":21029},"geometry":{"type":"Polygon","coordinates":[[[-80.945697,39.656826],[-80.990117,39.693015],[-80.990618,39.693423],[-80.995118,39.700604],[-80.992548,39.701589],[-80.988879,39.695854],[-80.987656,39.69484],[-80.943647,39.658347],[-80.945697,39.656826]]]}},{"type":"Feature","properties":{"UNIT_ID":"R_D_COOPER_A","UNIT_NAME":"R&D Cooper A","OPERATOR":"EOG Resources","STATUS":"COI","FORMATION":"Utica","ACRES":1637.0,"DC_PER_FT":567.6,"HEARING_DATE":"2026-07-29","WELLS":3,"AVG_LATERAL_FT":22065},"geometry":{"type":"Polygon","coordinates":[[[-81.501375,39.86325],[-81.498859,39.859725],[-81.498639,39.85942],[-81.497279,39.857529],[-81.495952,39.855684],[-81.494645,39.853865],[-81.494035,39.853015],[-81.493224,39.851881],[-81.493114,39.851727],[-81.491263,39.849141],[-81.487802,39.844302],[-81.485384,39.840923],[-81.4851,39.840525],[-81.482423,39.836782],[-81.481742,39.83583],[-81.480718,39.834399],[-81.479756,39.833054],[-81.477838,39.830372],[-81.477411,39.829775],[-81.477091,39.829327],[-81.476306,39.828229],[-81.471933,39.822113],[-81.471733,39.821833],[-81.468986,39.81799],[-81.468708,39.817601],[-81.468674,39.817553],[-81.467498,39.815907],[-81.466566,39.814604],[-81.466479,39.814482],[-81.463603,39.810428],[-81.463094,39.809709],[-81.473069,39.805481],[-81.511345,39.858991],[-81.501375,39.86325]]]}},{"type":"Feature","properties":{"UNIT_ID":"R_D_COOPER_B","UNIT_NAME":"R&D Cooper B","OPERATOR":"EOG Resources","STATUS":"COI","FORMATION":"Utica","ACRES":1712.1,"DC_PER_FT":551.97,"HEARING_DATE":"2026-07-15","WELLS":3,"AVG_LATERAL_FT":22649},"geometry":{"type":"Polygon","coordinates":[[[-81.511345,39.858991],[-81.473069,39.805481],[-81.483071,39.801241],[-81.517083,39.848749],[-81.517091,39.84879],[-81.518328,39.855394],[-81.518458,39.856087],[-81.519719,39.862789],[-81.515404,39.864633],[-81.511345,39.858991]]]}},{"type":"Feature","properties":{"UNIT_ID":"SADLER_E_SHC_HR","UNIT_NAME":"Sadler E SHC HR","OPERATOR":"Ascent","STATUS":"EFF","FORMATION":"Utica","ACRES":448.8,"DC_PER_FT":704.84,"HEARING_DATE":"2025-07-23","WELLS":1,"AVG_LATERAL_FT":16581},"geometry":{"type":"Polygon","coordinates":[[[-80.924719,40.211282],[-80.925234,40.211064],[-80.92678,40.210408],[-80.927769,40.209988],[-80.928345,40.209741],[-80.957675,40.250288],[-80.957079,40.250531],[-80.954012,40.251783],[-80.924719,40.211282]]]}},{"type":"Feature","properties":{"UNIT_ID":"SADLER_NE_SHC_HR","UNIT_NAME":"Sadler NE SHC HR","OPERATOR":"Ascent","STATUS":"EFF","FORMATION":"Utica","ACRES":527.0,"DC_PER_FT":690.13,"HEARING_DATE":"2025-08-06","WELLS":1,"AVG_LATERAL_FT":21564},"geometry":{"type":"Polygon","coordinates":[[[-80.957675,40.250288],[-80.928345,40.209741],[-80.928792,40.20955],[-80.929911,40.209077],[-80.931205,40.208529],[-80.931634,40.208345],[-80.969622,40.260848],[-80.966306,40.26221],[-80.957675,40.250288]]]}},{"type":"Feature","properties":{"UNIT_ID":"SADLER_NW_SHC_HR","UNIT_NAME":"Sadler NW SHC HR","OPERATOR":"Ascent","STATUS":"EFF","FORMATION":"Utica","ACRES":588.4,"DC_PER_FT":659.88,"HEARING_DATE":"2026-01-28","WELLS":1,"AVG_LATERAL_FT":22704},"geometry":{"type":"Polygon","coordinates":[[[-80.936144,40.202977],[-80.937718,40.202324],[-80.939736,40.201486],[-80.945446,40.209396],[-80.962403,40.233042],[-80.979564,40.256768],[-80.976095,40.258187],[-80.936144,40.202977]]]}},{"type":"Feature","properties":{"UNIT_ID":"SADLER_N_SHC_HR","UNIT_NAME":"Sadler N SHC HR","OPERATOR":"Ascent","STATUS":"EFF","FORMATION":"Utica","ACRES":547.9,"DC_PER_FT":642.56,"HEARING_DATE":"2026-02-04","WELLS":1,"AVG_LATERAL_FT":21629},"geometry":{"type":"Polygon","coordinates":[[[-80.931634,40.208345],[-80.932423,40.208007],[-80.930456,40.205337],[-80.932995,40.204284],[-80.972936,40.259484],[-80.969622,40.260848],[-80.931634,40.208345]]]}},{"type":"Feature","properties":{"UNIT_ID":"SADLER_W_SHC_HR","UNIT_NAME":"Sadler W SHC HR","OPERATOR":"Ascent","STATUS":"EFF","FORMATION":"Utica","ACRES":528.0,"DC_PER_FT":659.93,"HEARING_DATE":"2026-02-12","WELLS":1,"AVG_LATERAL_FT":22698},"geometry":{"type":"Polygon","coordinates":[[[-80.934569,40.20363],[-80.936144,40.202977],[-80.976095,40.258187],[-80.972936,40.259484],[-80.934116,40.205834],[-80.932995,40.204284],[-80.933723,40.203981],[-80.934569,40.20363]]]}},{"type":"Feature","properties":{"UNIT_ID":"SAFREED_EAST","UNIT_NAME":"Safreed East","OPERATOR":"Gulfport Energy Transferred to Gulfport Appalachia","STATUS":"EFF","FORMATION":"Utica","ACRES":770.9,"DC_PER_FT":851.22,"HEARING_DATE":"2024-12-05","WELLS":1,"AVG_LATERAL_FT":22086},"geometry":{"type":"Polygon","coordinates":[[[-81.19313,39.807448],[-81.187137,39.799166],[-81.15432,39.753778],[-81.15898,39.751773],[-81.197792,39.805441],[-81.19313,39.807448]]]}},{"type":"Feature","properties":{"UNIT_ID":"SAFREED_WEST","UNIT_NAME":"Safreed West","OPERATOR":"Gulfport Energy Transferred to Gulfport Appalachia","STATUS":"EFF","FORMATION":"Utica","ACRES":1541.8,"DC_PER_FT":876.12,"HEARING_DATE":"2024-12-04","WELLS":2,"AVG_LATERAL_FT":22086},"geometry":{"type":"Polygon","coordinates":[[[-81.197792,39.805441],[-81.15898,39.751773],[-81.168298,39.747761],[-81.207115,39.801426],[-81.197792,39.805441]]]}},{"type":"Feature","properties":{"UNIT_ID":"SAUERS_CR_UNI_NE","UNIT_NAME":"Sauers CR UNI NE","OPERATOR":"EOG Ohio","STATUS":"EFF","FORMATION":"Utica","ACRES":641.6,"DC_PER_FT":747.13,"HEARING_DATE":"2024-03-06","WELLS":2,"AVG_LATERAL_FT":17668},"geometry":{"type":"Polygon","coordinates":[[[-81.129838,40.502195],[-81.129838,40.502195],[-81.16194,40.54497],[-81.157013,40.547126],[-81.155146,40.544624],[-81.14936,40.536869],[-81.146794,40.533428],[-81.140342,40.52478],[-81.139375,40.523484],[-81.135162,40.517837],[-81.125023,40.504241],[-81.129838,40.502195]]]}},{"type":"Feature","properties":{"UNIT_ID":"SAUERS_CR_UNI_NW","UNIT_NAME":"Sauers CR UNI NW","OPERATOR":"EOG Ohio","STATUS":"EFF","FORMATION":"Utica","ACRES":641.1,"DC_PER_FT":750.77,"HEARING_DATE":"2024-03-06","WELLS":2,"AVG_LATERAL_FT":17648},"geometry":{"type":"Polygon","coordinates":[[[-81.129838,40.502195],[-81.134613,40.500166],[-81.134653,40.500149],[-81.166868,40.542814],[-81.16194,40.54497],[-81.129838,40.502195],[-81.129838,40.502195]]]}},{"type":"Feature","properties":{"UNIT_ID":"SEIFER_HN_MON_SE","UNIT_NAME":"Seifer HN MON SE","OPERATOR":"EOG Ohio","STATUS":"EFF","FORMATION":"Utica","ACRES":648.5,"DC_PER_FT":779.5,"HEARING_DATE":"2025-05-21","WELLS":2,"AVG_LATERAL_FT":17832},"geometry":{"type":"Polygon","coordinates":[[[-81.233092,40.392953],[-81.228051,40.395338],[-81.219645,40.383972],[-81.200024,40.358557],[-81.195174,40.352272],[-81.19747,40.351252],[-81.199971,40.350225],[-81.233092,40.392953]]]}},{"type":"Feature","properties":{"UNIT_ID":"SEIFER_HN_MON_SW","UNIT_NAME":"Seifer HN MON SW","OPERATOR":"EOG Ohio","STATUS":"EFF","FORMATION":"Utica","ACRES":698.6,"DC_PER_FT":778.03,"HEARING_DATE":"2025-05-21","WELLS":2,"AVG_LATERAL_FT":17737},"geometry":{"type":"Polygon","coordinates":[[[-81.238105,40.390581],[-81.233092,40.392953],[-81.199971,40.350225],[-81.205445,40.347977],[-81.211661,40.35609],[-81.238105,40.390581]]]}},{"type":"Feature","properties":{"UNIT_ID":"SHADOW_CBR07_B","UNIT_NAME":"Shadow CBR07 B","OPERATOR":"EOG Resources","STATUS":"EFF","FORMATION":"Utica","ACRES":1021.1,"DC_PER_FT":658.23,"HEARING_DATE":"2024-04-23","WELLS":2,"AVG_LATERAL_FT":17578},"geometry":{"type":"Polygon","coordinates":[[[-81.202124,40.755187],[-81.166264,40.708029],[-81.170827,40.706016],[-81.177962,40.715375],[-81.180971,40.714047],[-81.209715,40.751836],[-81.202124,40.755187]]]}},{"type":"Feature","properties":{"UNIT_ID":"SHADOW_CBR_C","UNIT_NAME":"Shadow CBR C","OPERATOR":"EOG Resources","STATUS":"EFF","FORMATION":"Utica","ACRES":1474.3,"DC_PER_FT":618.35,"HEARING_DATE":"2025-02-12","WELLS":4,"AVG_LATERAL_FT":15606},"geometry":{"type":"Polygon","coordinates":[[[-81.180971,40.714047],[-81.193562,40.708487],[-81.222311,40.746273],[-81.209715,40.751836],[-81.180971,40.714047]]]}},{"type":"Feature","properties":{"UNIT_ID":"SHANNON_EAST_M","UNIT_NAME":"Shannon East-M","OPERATOR":"Gulfport Appalachia","STATUS":"PEN","FORMATION":"Marcellus","ACRES":388.3,"DC_PER_FT":1087.82,"HEARING_DATE":"2026-08-27","WELLS":2,"AVG_LATERAL_FT":10112},"geometry":{"type":"Polygon","coordinates":[[[-80.814558,39.88763],[-80.800269,39.867708],[-80.800951,39.867382],[-80.801369,39.866993],[-80.8007,39.866614],[-80.800631,39.866575],[-80.800222,39.866763],[-80.800069,39.866833],[-80.799916,39.866904],[-80.799748,39.866981],[-80.796306,39.86218],[-80.796326,39.862165],[-80.796479,39.862054],[-80.796673,39.86191],[-80.796854,39.861778],[-80.796945,39.861712],[-80.797035,39.861646],[-80.797216,39.861513],[-80.797397,39.861381],[-80.797482,39.861319],[-80.797578,39.861249],[-80.79776,39.861117],[-80.797871,39.861036],[-80.797981,39.860955],[-80.798121,39.860854],[-80.798308,39.860989],[-80.798548,39.860876],[-80.798704,39.860804],[-80.798859,39.860731],[-80.799015,39.860658],[-80.799139,39.8606],[-80.800461,39.859982],[-80.80086,39.859765],[-80.801064,39.859792],[-80.803969,39.863844],[-80.805139,39.865475],[-80.819517,39.885519],[-80.814558,39.88763]]]}},{"type":"Feature","properties":{"UNIT_ID":"SHANNON_WEST_M","UNIT_NAME":"Shannon West-M","OPERATOR":"Gulfport Appalachia","STATUS":"PEN","FORMATION":"Marcellus","ACRES":371.0,"DC_PER_FT":1112.72,"HEARING_DATE":"2026-08-27","WELLS":2,"AVG_LATERAL_FT":9661},"geometry":{"type":"Polygon","coordinates":[[[-80.824476,39.883407],[-80.819517,39.885519],[-80.805139,39.865475],[-80.803969,39.863844],[-80.807367,39.862397],[-80.805953,39.857585],[-80.805888,39.857366],[-80.805972,39.857334],[-80.806179,39.857253],[-80.806385,39.857173],[-80.806592,39.857092],[-80.806643,39.857072],[-80.806595,39.856996],[-80.80723,39.856773],[-80.807615,39.856637],[-80.808031,39.856491],[-80.808654,39.856339],[-80.811153,39.864837],[-80.811285,39.86502],[-80.824476,39.883407]]]}},{"type":"Feature","properties":{"UNIT_ID":"SHARP_E_WHL_BL","UNIT_NAME":"Sharp E WHL BL","OPERATOR":"Ascent","STATUS":"EFF","FORMATION":"Utica","ACRES":720.6,"DC_PER_FT":762.81,"HEARING_DATE":"2025-11-14","WELLS":2,"AVG_LATERAL_FT":14060},"geometry":{"type":"Polygon","coordinates":[[[-80.871575,40.098762],[-80.874818,40.097386],[-80.862161,40.079626],[-80.86564,40.078164],[-80.896398,40.120605],[-80.895021,40.121183],[-80.896229,40.122879],[-80.896054,40.122952],[-80.892917,40.124269],[-80.892778,40.124327],[-80.891241,40.124982],[-80.871575,40.098762]]]}},{"type":"Feature","properties":{"UNIT_ID":"SHARP_W_WHL_BL","UNIT_NAME":"Sharp W WHL BL","OPERATOR":"Ascent","STATUS":"EFF","FORMATION":"Utica","ACRES":429.8,"DC_PER_FT":726.28,"HEARING_DATE":"2025-11-19","WELLS":1,"AVG_LATERAL_FT":17189},"geometry":{"type":"Polygon","coordinates":[[[-80.86564,40.078164],[-80.868424,40.076993],[-80.868507,40.077006],[-80.868506,40.077026],[-80.868504,40.077048],[-80.868502,40.077071],[-80.86893,40.077181],[-80.86901,40.077202],[-80.869039,40.077106],[-80.869041,40.077091],[-80.869371,40.077111],[-80.87965,40.091516],[-80.891254,40.107608],[-80.892055,40.108724],[-80.899501,40.118654],[-80.897606,40.119449],[-80.897172,40.119632],[-80.897527,40.120131],[-80.896398,40.120605],[-80.86564,40.078164]]]}},{"type":"Feature","properties":{"UNIT_ID":"SHUGERT_GY_CEN_SOUTH","UNIT_NAME":"Shugert GY CEN South","OPERATOR":"EOG Resources","STATUS":"EFF","FORMATION":"Utica","ACRES":1213.6,"DC_PER_FT":729.08,"HEARING_DATE":"2025-12-03","WELLS":4,"AVG_LATERAL_FT":13119},"geometry":{"type":"Polygon","coordinates":[[[-81.503782,40.047546],[-81.502176,40.048261],[-81.484753,40.024234],[-81.492453,40.020904],[-81.481423,40.005816],[-81.481424,40.005816],[-81.485236,40.005959],[-81.487618,40.006049],[-81.487651,40.005347],[-81.514393,40.041857],[-81.516146,40.044249],[-81.514867,40.044819],[-81.511157,40.046471],[-81.505003,40.049213],[-81.503782,40.047546]]]}},{"type":"Feature","properties":{"UNIT_ID":"SHULA_TWR_A","UNIT_NAME":"Shula TWR A","OPERATOR":"EOG Resources","STATUS":"EFF","FORMATION":"Utica","ACRES":1688.4,"DC_PER_FT":627.89,"HEARING_DATE":"2025-02-13","WELLS":4,"AVG_LATERAL_FT":21326},"geometry":{"type":"Polygon","coordinates":[[[-81.253462,40.458917],[-81.264072,40.454289],[-81.302027,40.506144],[-81.291354,40.510698],[-81.253462,40.458917]]]}},{"type":"Feature","properties":{"UNIT_ID":"SHULA_TWR_B","UNIT_NAME":"Shula TWR B","OPERATOR":"EOG Resources","STATUS":"EFF","FORMATION":"Utica","ACRES":1241.3,"DC_PER_FT":573.72,"HEARING_DATE":"2025-08-28","WELLS":3,"AVG_LATERAL_FT":15600},"geometry":{"type":"Polygon","coordinates":[[[-81.29628,40.517419],[-81.294041,40.514364],[-81.291354,40.510698],[-81.302027,40.506144],[-81.329949,40.544233],[-81.319272,40.54879],[-81.297693,40.519347],[-81.29628,40.517419]]]}},{"type":"Feature","properties":{"UNIT_ID":"SKULL_FORK_NE_LND_GR","UNIT_NAME":"Skull Fork NE LND GR","OPERATOR":"Ascent","STATUS":"EFF","FORMATION":"Utica","ACRES":391.2,"DC_PER_FT":678.04,"HEARING_DATE":"2024-02-28","WELLS":1,"AVG_LATERAL_FT":20987},"geometry":{"type":"Polygon","coordinates":[[[-81.263228,40.158553],[-81.300778,40.209428],[-81.298286,40.21051],[-81.260737,40.159634],[-81.263228,40.158553]]]}},{"type":"Feature","properties":{"UNIT_ID":"SKULL_FORK_NW_LND_GR","UNIT_NAME":"Skull Fork NW LND GR","OPERATOR":"Ascent","STATUS":"EFF","FORMATION":"Utica","ACRES":391.2,"DC_PER_FT":681.97,"HEARING_DATE":"2024-01-10","WELLS":1,"AVG_LATERAL_FT":20998},"geometry":{"type":"Polygon","coordinates":[[[-81.305763,40.207264],[-81.26821,40.15639],[-81.270701,40.155308],[-81.308255,40.206181],[-81.305763,40.207264]]]}},{"type":"Feature","properties":{"UNIT_ID":"SKULL_FORK_N_LND_GR","UNIT_NAME":"Skull Fork N LND GR","OPERATOR":"Ascent","STATUS":"EFF","FORMATION":"Utica","ACRES":380.8,"DC_PER_FT":686.01,"HEARING_DATE":"2024-02-07","WELLS":1,"AVG_LATERAL_FT":20437},"geometry":{"type":"Polygon","coordinates":[[[-81.30228,40.207005],[-81.299788,40.208087],[-81.263228,40.158553],[-81.265719,40.157471],[-81.30228,40.207005]]]}},{"type":"Feature","properties":{"UNIT_ID":"SKULL_FORK_SE_LND_GR","UNIT_NAME":"Skull Fork SE LND GR","OPERATOR":"Ascent","STATUS":"EFF","FORMATION":"Utica","ACRES":341.3,"DC_PER_FT":685.52,"HEARING_DATE":"2024-09-18","WELLS":1,"AVG_LATERAL_FT":17753},"geometry":{"type":"Polygon","coordinates":[[[-81.262195,40.159001],[-81.260737,40.159634],[-81.259691,40.160065],[-81.227909,40.117378],[-81.228042,40.113129],[-81.262195,40.159001]]]}},{"type":"Feature","properties":{"UNIT_ID":"SKULL_FORK_SW_LND_GR","UNIT_NAME":"Skull Fork SW LND GR","OPERATOR":"Ascent","STATUS":"EFF","FORMATION":"Utica","ACRES":513.5,"DC_PER_FT":673.8,"HEARING_DATE":"2024-09-26","WELLS":1,"AVG_LATERAL_FT":21312},"geometry":{"type":"Polygon","coordinates":[[[-81.270701,40.155308],[-81.267177,40.156838],[-81.228366,40.10471],[-81.228378,40.104392],[-81.231586,40.104474],[-81.247871,40.125994],[-81.249107,40.126022],[-81.270701,40.155308]]]}},{"type":"Feature","properties":{"UNIT_ID":"SKULL_FORK_S_LND_GR","UNIT_NAME":"Skull Fork S LND GR","OPERATOR":"Ascent","STATUS":"EFF","FORMATION":"Utica","ACRES":755.2,"DC_PER_FT":674.3,"HEARING_DATE":"2024-09-18","WELLS":2,"AVG_LATERAL_FT":19739},"geometry":{"type":"Polygon","coordinates":[[[-81.267177,40.156838],[-81.262195,40.159001],[-81.228042,40.113129],[-81.228366,40.10471],[-81.267177,40.156838]]]}},{"type":"Feature","properties":{"UNIT_ID":"SKULL_FORK_W_LND_GR","UNIT_NAME":"Skull Fork W LND GR","OPERATOR":"Ascent","STATUS":"EFF","FORMATION":"Utica","ACRES":386.2,"DC_PER_FT":685.61,"HEARING_DATE":"2024-01-10","WELLS":1,"AVG_LATERAL_FT":20726},"geometry":{"type":"Polygon","coordinates":[[[-81.26821,40.15639],[-81.305283,40.206615],[-81.302791,40.207697],[-81.265719,40.157471],[-81.26821,40.15639]]]}},{"type":"Feature","properties":{"UNIT_ID":"SLOAN_I","UNIT_NAME":"Sloan I","OPERATOR":"Gulfport Energy Transferred to Gulfport Appalachia","STATUS":"EFF","FORMATION":"Utica","ACRES":763.2,"DC_PER_FT":900.0,"HEARING_DATE":"2025-10-29","WELLS":1,"AVG_LATERAL_FT":20000},"geometry":{"type":"Polygon","coordinates":[[[-81.193531,39.739002],[-81.189421,39.740773],[-81.1585,39.697974],[-81.159224,39.697986],[-81.159225,39.697971],[-81.159098,39.697945],[-81.15886,39.697871],[-81.158551,39.697761],[-81.158274,39.697662],[-81.154262,39.692104],[-81.159572,39.689817],[-81.171791,39.706739],[-81.171644,39.706802],[-81.176119,39.712731],[-81.176119,39.712731],[-81.177116,39.714051],[-81.187156,39.727346],[-81.1856,39.728031],[-81.193531,39.739002]]]}},{"type":"Feature","properties":{"UNIT_ID":"SLOAN_II","UNIT_NAME":"Sloan II","OPERATOR":"Gulfport Energy Transferred to Gulfport Appalachia","STATUS":"EFF","FORMATION":"Utica","ACRES":697.8,"DC_PER_FT":900.0,"HEARING_DATE":"2025-11-05","WELLS":1,"AVG_LATERAL_FT":20000},"geometry":{"type":"Polygon","coordinates":[[[-81.184763,39.74278],[-81.149607,39.69411],[-81.154262,39.692104],[-81.158274,39.697662],[-81.158242,39.697651],[-81.157763,39.697511],[-81.157285,39.697372],[-81.157061,39.69795],[-81.1585,39.697974],[-81.189421,39.740773],[-81.184763,39.74278]]]}},{"type":"Feature","properties":{"UNIT_ID":"SLOAN_III","UNIT_NAME":"Sloan III","OPERATOR":"Gulfport Energy","STATUS":"EFF","FORMATION":"Utica","ACRES":699.0,"DC_PER_FT":900.0,"HEARING_DATE":"2026-03-11","WELLS":1,"AVG_LATERAL_FT":20000},"geometry":{"type":"Polygon","coordinates":[[[-81.180105,39.744787],[-81.179701,39.744228],[-81.144951,39.696115],[-81.149607,39.69411],[-81.184763,39.74278],[-81.180105,39.744787]]]}},{"type":"Feature","properties":{"UNIT_ID":"SMELTZ_CR_LEE_NORTH","UNIT_NAME":"Smeltz CR LEE North","OPERATOR":"EOG Ohio","STATUS":"EFF","FORMATION":"Utica","ACRES":1080.9,"DC_PER_FT":741.92,"HEARING_DATE":"2024-12-06","WELLS":3,"AVG_LATERAL_FT":19813},"geometry":{"type":"Polygon","coordinates":[[[-81.076126,40.591495],[-81.058659,40.567528],[-81.043316,40.546458],[-81.042844,40.546659],[-81.039937,40.542569],[-81.044345,40.540702],[-81.044365,40.540693],[-81.047808,40.539234],[-81.056835,40.551633],[-81.062861,40.559907],[-81.064781,40.562542],[-81.066113,40.56437],[-81.081546,40.586411],[-81.079586,40.587209],[-81.079056,40.587424],[-81.080084,40.588893],[-81.080317,40.589225],[-81.076126,40.591495]]]}},{"type":"Feature","properties":{"UNIT_ID":"SNYDER_GR_UNI","UNIT_NAME":"Snyder GR UNI","OPERATOR":"EOG Ohio","STATUS":"EFF","FORMATION":"Utica","ACRES":1150.3,"DC_PER_FT":769.68,"HEARING_DATE":"2024-09-04","WELLS":3,"AVG_LATERAL_FT":20138},"geometry":{"type":"Polygon","coordinates":[[[-81.179189,40.595659],[-81.179105,40.595555],[-81.17903,40.595475],[-81.178948,40.595399],[-81.178859,40.595326],[-81.178764,40.595259],[-81.178664,40.595196],[-81.178559,40.595139],[-81.178449,40.595087],[-81.178335,40.59504],[-81.178217,40.594999],[-81.178095,40.594964],[-81.177971,40.594936],[-81.177845,40.594913],[-81.177717,40.594897],[-81.177588,40.594887],[-81.177459,40.594884],[-81.177329,40.594887],[-81.1772,40.594897],[-81.177072,40.594913],[-81.176946,40.594936],[-81.176822,40.594964],[-81.176701,40.594999],[-81.176583,40.59504],[-81.176468,40.595086],[-81.176358,40.595139],[-81.176253,40.595196],[-81.176153,40.595259],[-81.176058,40.595326],[-81.17597,40.595398],[-81.175887,40.595475],[-81.175812,40.595555],[-81.175743,40.595639],[-81.175682,40.595726],[-81.175629,40.595816],[-81.175583,40.595909],[-81.175546,40.596003],[-81.175516,40.596099],[-81.175495,40.596197],[-81.175486,40.596265],[-81.173644,40.597056],[-81.151119,40.565949],[-81.1438,40.556366],[-81.141773,40.553712],[-81.14014,40.551574],[-81.138202,40.552441],[-81.136847,40.550668],[-81.142131,40.548318],[-81.142254,40.548264],[-81.143304,40.547797],[-81.143653,40.547642],[-81.144198,40.547399],[-81.146578,40.54636],[-81.147618,40.547834],[-81.148089,40.548502],[-81.148868,40.549596],[-81.149775,40.550853],[-81.151501,40.5533],[-81.160261,40.565698],[-81.160618,40.566196],[-81.171414,40.580937],[-81.171777,40.581433],[-81.172469,40.581135],[-81.17248,40.58115],[-81.180421,40.59149],[-81.18399,40.596317],[-81.184164,40.596549],[-81.186492,40.599608],[-81.182408,40.599515],[-81.18203,40.599507],[-81.179189,40.595659]]]}},{"type":"Feature","properties":{"UNIT_ID":"STIERS_SW","UNIT_NAME":"Stiers SW","OPERATOR":"INR Ohio","STATUS":"EFF","FORMATION":"Utica","ACRES":1103.1,"DC_PER_FT":721.27,"HEARING_DATE":"2025-02-06","WELLS":4,"AVG_LATERAL_FT":14190},"geometry":{"type":"Polygon","coordinates":[[[-81.441086,39.948521],[-81.439957,39.94898],[-81.439229,39.949754],[-81.439134,39.949855],[-81.439071,39.949919],[-81.439004,39.949981],[-81.438958,39.950021],[-81.438861,39.950098],[-81.438811,39.950134],[-81.438706,39.950201],[-81.438617,39.950258],[-81.43847,39.950336],[-81.438192,39.95048],[-81.433129,39.950366],[-81.428827,39.95025],[-81.404393,39.917053],[-81.404723,39.916921],[-81.410334,39.915646],[-81.410359,39.915711],[-81.413307,39.913646],[-81.414796,39.912812],[-81.441086,39.948521]]]}},{"type":"Feature","properties":{"UNIT_ID":"STILLION_N","UNIT_NAME":"Stillion N","OPERATOR":"INR Ohio","STATUS":"EFF","FORMATION":"Utica","ACRES":695.1,"DC_PER_FT":816.96,"HEARING_DATE":"2024-12-06","WELLS":3,"AVG_LATERAL_FT":10313},"geometry":{"type":"Polygon","coordinates":[[[-81.47741,39.968927],[-81.472202,39.961851],[-81.472131,39.961753],[-81.474618,39.960676],[-81.480837,39.957985],[-81.487153,39.966626],[-81.489843,39.970306],[-81.498298,39.981868],[-81.498229,39.983257],[-81.498147,39.983334],[-81.497883,39.983586],[-81.49785,39.983624],[-81.497745,39.983746],[-81.497699,39.983832],[-81.497656,39.983914],[-81.49761,39.984],[-81.49744,39.984598],[-81.497364,39.984862],[-81.4973,39.985133],[-81.49728,39.985442],[-81.497269,39.985609],[-81.497234,39.98615],[-81.496681,39.98616],[-81.496196,39.986167],[-81.496138,39.986888],[-81.49036,39.98669],[-81.479453,39.971887],[-81.479448,39.97188],[-81.47741,39.968927]]]}},{"type":"Feature","properties":{"UNIT_ID":"STILLION_S","UNIT_NAME":"Stillion S","OPERATOR":"INR Ohio","STATUS":"EFF","FORMATION":"Utica","ACRES":615.3,"DC_PER_FT":802.0,"HEARING_DATE":"2025-01-15","WELLS":2,"AVG_LATERAL_FT":12136},"geometry":{"type":"Polygon","coordinates":[[[-81.453216,39.931187],[-81.454615,39.930513],[-81.459166,39.928286],[-81.460353,39.927705],[-81.46197,39.927402],[-81.462675,39.927278],[-81.463487,39.927001],[-81.46384,39.931511],[-81.465318,39.932638],[-81.465335,39.932654],[-81.46541,39.933841],[-81.464654,39.935833],[-81.480837,39.957985],[-81.478742,39.958892],[-81.474618,39.960676],[-81.463436,39.945272],[-81.461563,39.942692],[-81.459981,39.940512],[-81.458755,39.938822],[-81.453216,39.931187]]]}},{"type":"Feature","properties":{"UNIT_ID":"STITT_SOUTH_CR_UNI_SOUTH","UNIT_NAME":"Stitt South CR UNI South","OPERATOR":"EOG Ohio","STATUS":"EFF","FORMATION":"Utica","ACRES":991.1,"DC_PER_FT":874.75,"HEARING_DATE":"2024-08-21","WELLS":4,"AVG_LATERAL_FT":13118},"geometry":{"type":"Polygon","coordinates":[[[-81.095265,40.546968],[-81.096412,40.546245],[-81.100306,40.551602],[-81.119645,40.578189],[-81.12027,40.579048],[-81.115095,40.581266],[-81.110113,40.583401],[-81.087155,40.551664],[-81.087295,40.551593],[-81.090549,40.549942],[-81.091161,40.549556],[-81.091592,40.549283],[-81.091703,40.549213],[-81.091783,40.549163],[-81.093499,40.548081],[-81.094827,40.547244],[-81.095265,40.546968]]]}},{"type":"Feature","properties":{"UNIT_ID":"STONEY_GCE_SE","UNIT_NAME":"Stoney GCE SE","OPERATOR":"EOG Resources","STATUS":"PEN","FORMATION":"Utica","ACRES":866.5,"DC_PER_FT":566.02,"HEARING_DATE":"2026-09-16","WELLS":2,"AVG_LATERAL_FT":20670},"geometry":{"type":"Polygon","coordinates":[[[-81.498307,39.981881],[-81.491366,39.97239],[-81.490706,39.971487],[-81.489832,39.970291],[-81.490479,39.970328],[-81.490614,39.970261],[-81.49095,39.968826],[-81.492238,39.968867],[-81.492319,39.967277],[-81.493616,39.967283],[-81.493747,39.967284],[-81.493789,39.967284],[-81.493825,39.967285],[-81.528477,40.014787],[-81.528726,40.015127],[-81.529383,40.016022],[-81.525827,40.017567],[-81.524319,40.018221],[-81.523167,40.018722],[-81.52235,40.017603],[-81.512335,40.003883],[-81.511381,40.002576],[-81.506868,39.996393],[-81.506098,39.995336],[-81.497708,39.983835],[-81.497753,39.98375],[-81.49789,39.98359],[-81.498067,39.983419],[-81.498153,39.983336],[-81.498236,39.983252],[-81.498307,39.981881]]]}},{"type":"Feature","properties":{"UNIT_ID":"STONEY_GCE_SW","UNIT_NAME":"Stoney GCE SW","OPERATOR":"EOG Resources","STATUS":"PEN","FORMATION":"Utica","ACRES":944.8,"DC_PER_FT":577.62,"HEARING_DATE":"2026-09-23","WELLS":2,"AVG_LATERAL_FT":20108},"geometry":{"type":"Polygon","coordinates":[[[-81.509535,39.988824],[-81.493829,39.967288],[-81.494301,39.967291],[-81.494411,39.96526],[-81.496682,39.965332],[-81.496759,39.964091],[-81.497691,39.965364],[-81.499077,39.965407],[-81.49913,39.965409],[-81.499148,39.965002],[-81.499161,39.964767],[-81.499203,39.964609],[-81.499317,39.964468],[-81.499526,39.964254],[-81.499642,39.964109],[-81.499665,39.964067],[-81.532487,40.009055],[-81.535605,40.013324],[-81.529388,40.016025],[-81.52098,40.004508],[-81.509535,39.988824]]]}},{"type":"Feature","properties":{"UNIT_ID":"STONE_E_CRC_JF","UNIT_NAME":"Stone E CRC JF","OPERATOR":"Ascent","STATUS":"EFF","FORMATION":"Utica","ACRES":503.2,"DC_PER_FT":793.34,"HEARING_DATE":"2024-03-20","WELLS":1,"AVG_LATERAL_FT":14889},"geometry":{"type":"Polygon","coordinates":[[[-80.687656,40.345589],[-80.6614,40.309426],[-80.667019,40.307068],[-80.67829,40.322991],[-80.676723,40.323658],[-80.691523,40.344002],[-80.688656,40.345221],[-80.688112,40.345421],[-80.687656,40.345589]]]}},{"type":"Feature","properties":{"UNIT_ID":"STONE_NE_CRC_JF","UNIT_NAME":"Stone NE CRC JF","OPERATOR":"Ascent","STATUS":"EFF","FORMATION":"Utica","ACRES":509.1,"DC_PER_FT":908.8,"HEARING_DATE":"2024-03-20","WELLS":1,"AVG_LATERAL_FT":9309},"geometry":{"type":"Polygon","coordinates":[[[-80.704632,40.368218],[-80.69121,40.349697],[-80.689878,40.347858],[-80.68835,40.345749],[-80.688112,40.345421],[-80.688719,40.345197],[-80.691393,40.344056],[-80.694983,40.34253],[-80.697913,40.346575],[-80.697968,40.346567],[-80.698006,40.346673],[-80.697986,40.346676],[-80.713592,40.368207],[-80.709369,40.368438],[-80.709311,40.368446],[-80.708955,40.368472],[-80.704632,40.368218]]]}},{"type":"Feature","properties":{"UNIT_ID":"STONE_SW_CRC_JF","UNIT_NAME":"Stone SW CRC JF","OPERATOR":"Ascent","STATUS":"EFF","FORMATION":"Utica","ACRES":330.9,"DC_PER_FT":756.39,"HEARING_DATE":"2024-03-27","WELLS":1,"AVG_LATERAL_FT":14778},"geometry":{"type":"Polygon","coordinates":[[[-80.675018,40.303711],[-80.678261,40.308238],[-80.691478,40.326432],[-80.691776,40.326458],[-80.693118,40.326962],[-80.694271,40.327713],[-80.694381,40.32797],[-80.694613,40.328465],[-80.694727,40.329753],[-80.694965,40.330968],[-80.695895,40.331975],[-80.69686,40.332704],[-80.698454,40.333389],[-80.698744,40.33379],[-80.697693,40.334936],[-80.701273,40.339892],[-80.701392,40.339844],[-80.701721,40.340298],[-80.700448,40.34024],[-80.698322,40.34113],[-80.672302,40.304851],[-80.675018,40.303711]]]}},{"type":"Feature","properties":{"UNIT_ID":"STONE_S_CRC_JF","UNIT_NAME":"Stone S CRC JF","OPERATOR":"Ascent","STATUS":"EFF","FORMATION":"Utica","ACRES":488.9,"DC_PER_FT":795.33,"HEARING_DATE":"2024-04-03","WELLS":1,"AVG_LATERAL_FT":14780},"geometry":{"type":"Polygon","coordinates":[[[-80.694658,40.342668],[-80.679856,40.322323],[-80.67829,40.322991],[-80.667019,40.307068],[-80.672302,40.304851],[-80.698322,40.34113],[-80.694658,40.342668]]]}},{"type":"Feature","properties":{"UNIT_ID":"STORM_HWS_A","UNIT_NAME":"Storm HWS A","OPERATOR":"EOG Ohio","STATUS":"EFF","FORMATION":"Utica","ACRES":1919.4,"DC_PER_FT":508.71,"HEARING_DATE":"2025-10-01","WELLS":5,"AVG_LATERAL_FT":18478},"geometry":{"type":"Polygon","coordinates":[[[-81.328987,40.29888],[-81.31524,40.305077],[-81.281088,40.260657],[-81.284344,40.25919],[-81.294844,40.254458],[-81.317735,40.284252],[-81.328987,40.29888]]]}},{"type":"Feature","properties":{"UNIT_ID":"STRIPED_BASS_GY_CEN_SOUTH_UNIT","UNIT_NAME":"Striped Bass GY CEN South Unit","OPERATOR":"EOG Ohio","STATUS":"EFF","FORMATION":"Utica","ACRES":1297.9,"DC_PER_FT":780.11,"HEARING_DATE":"2024-05-23","WELLS":4,"AVG_LATERAL_FT":17402},"geometry":{"type":"Polygon","coordinates":[[[-81.524184,40.037496],[-81.514393,40.041857],[-81.487651,40.005347],[-81.487742,40.003409],[-81.487822,40.001643],[-81.487936,39.999112],[-81.487952,39.99877],[-81.488003,39.997856],[-81.488054,39.996955],[-81.488105,39.996053],[-81.488156,39.995152],[-81.488211,39.994162],[-81.488261,39.993262],[-81.488318,39.992182],[-81.488374,39.991122],[-81.489195,39.991131],[-81.48998,39.99114],[-81.490355,39.991145],[-81.524184,40.037496]]]}},{"type":"Feature","properties":{"UNIT_ID":"SUNFISH_GY_CEN_EAST","UNIT_NAME":"Sunfish GY CEN East","OPERATOR":"EOG Ohio","STATUS":"EFF","FORMATION":"Utica","ACRES":1093.6,"DC_PER_FT":781.55,"HEARING_DATE":"2025-08-20","WELLS":3,"AVG_LATERAL_FT":14842},"geometry":{"type":"Polygon","coordinates":[[[-81.543735,40.058086],[-81.52224,40.028667],[-81.518838,40.030177],[-81.490355,39.991145],[-81.490729,39.991149],[-81.490911,39.991151],[-81.493131,39.991177],[-81.493649,39.991192],[-81.490365,39.986698],[-81.492939,39.986786],[-81.495841,39.986885],[-81.543377,40.051992],[-81.546854,40.056748],[-81.543735,40.058086]]]}},{"type":"Feature","properties":{"UNIT_ID":"SUNFISH_GY_CEN_WEST","UNIT_NAME":"Sunfish GY CEN West","OPERATOR":"EOG Ohio","STATUS":"EFF","FORMATION":"Utica","ACRES":630.2,"DC_PER_FT":787.22,"HEARING_DATE":"2025-08-22","WELLS":2,"AVG_LATERAL_FT":13338},"geometry":{"type":"Polygon","coordinates":[[[-81.495841,39.986885],[-81.496141,39.986896],[-81.496199,39.986175],[-81.496685,39.986167],[-81.49717,39.98616],[-81.497238,39.986158],[-81.497273,39.985617],[-81.497283,39.98545],[-81.497303,39.985141],[-81.497367,39.984871],[-81.497443,39.984606],[-81.497614,39.984008],[-81.49766,39.983922],[-81.497703,39.98384],[-81.497706,39.983833],[-81.522346,40.017597],[-81.546497,40.050655],[-81.543377,40.051992],[-81.495841,39.986885]]]}},{"type":"Feature","properties":{"UNIT_ID":"SYLVESTER_ANTOLAK_A","UNIT_NAME":"Sylvester Antolak A","OPERATOR":"Grenadier Energy III","STATUS":"EFF","FORMATION":"Utica","ACRES":428.2,"DC_PER_FT":593.4,"HEARING_DATE":"2026-01-09","WELLS":2,"AVG_LATERAL_FT":3817},"geometry":{"type":"Polygon","coordinates":[[[-81.15247,40.031258],[-81.144782,40.031174],[-81.129833,40.010784],[-81.130793,40.010373],[-81.137177,40.007641],[-81.142725,40.015294],[-81.141457,40.015825],[-81.15247,40.031258]]]}},{"type":"Feature","properties":{"UNIT_ID":"SYLVESTER_ANTOLAK_B","UNIT_NAME":"Sylvester Antolak B","OPERATOR":"Grenadier Energy III","STATUS":"EFF","FORMATION":"Utica","ACRES":275.8,"DC_PER_FT":592.8,"HEARING_DATE":"2025-12-19","WELLS":1,"AVG_LATERAL_FT":6444},"geometry":{"type":"Polygon","coordinates":[[[-81.137177,40.007641],[-81.133985,40.009007],[-81.11305,39.980109],[-81.117326,39.980242],[-81.137177,40.007641]]]}},{"type":"Feature","properties":{"UNIT_ID":"SYLVESTER_ANTOLAK_C","UNIT_NAME":"Sylvester Antolak C","OPERATOR":"Grenadier Energy III","STATUS":"EFF","FORMATION":"Utica","ACRES":290.4,"DC_PER_FT":913.51,"HEARING_DATE":"2025-12-19","WELLS":1,"AVG_LATERAL_FT":12129},"geometry":{"type":"Polygon","coordinates":[[[-81.133985,40.009007],[-81.130793,40.010373],[-81.108774,39.979975],[-81.11305,39.980109],[-81.133985,40.009007]]]}},{"type":"Feature","properties":{"UNIT_ID":"SYLVESTER_ANTOLAK_D","UNIT_NAME":"Sylvester Antolak D","OPERATOR":"Grenadier Energy III","STATUS":"EFF","FORMATION":"Utica","ACRES":365.2,"DC_PER_FT":903.37,"HEARING_DATE":"2025-12-19","WELLS":1,"AVG_LATERAL_FT":12553},"geometry":{"type":"Polygon","coordinates":[[[-81.130793,40.010373],[-81.129833,40.010784],[-81.127615,40.011758],[-81.126474,40.010047],[-81.125757,40.010028],[-81.125769,40.009299],[-81.109085,39.98732],[-81.107235,39.987267],[-81.107078,39.987262],[-81.102935,39.981917],[-81.107564,39.979947],[-81.107585,39.979938],[-81.108774,39.979975],[-81.130793,40.010373]]]}},{"type":"Feature","properties":{"UNIT_ID":"TEAM_LEGACY","UNIT_NAME":"Team Legacy","OPERATOR":"Tiburon Oil and Gas Ohio","STATUS":"EFF","FORMATION":"Utica","ACRES":807.9,"DC_PER_FT":663.3,"HEARING_DATE":"2026-01-07","WELLS":3,"AVG_LATERAL_FT":15227},"geometry":{"type":"Polygon","coordinates":[[[-81.284422,40.005534],[-81.28316,40.004646],[-81.282557,40.004555],[-81.281682,40.004732],[-81.28102,40.005374],[-81.274378,39.99652],[-81.274417,39.996479],[-81.274346,39.996477],[-81.27427,39.996376],[-81.274489,39.996061],[-81.274982,39.995272],[-81.27539,39.994629],[-81.275572,39.994298],[-81.275615,39.99283],[-81.276081,39.992828],[-81.276093,39.992746],[-81.276165,39.992252],[-81.276199,39.991703],[-81.276184,39.991017],[-81.276169,39.990793],[-81.276153,39.990212],[-81.276152,39.989978],[-81.27617,39.989704],[-81.27623,39.989433],[-81.276336,39.989171],[-81.280491,39.989295],[-81.283035,39.989361],[-81.304117,40.017435],[-81.303563,40.017518],[-81.295752,40.020961],[-81.284422,40.005534]]]}},{"type":"Feature","properties":{"UNIT_ID":"THE_WRIGHT_WAY_CR_BRN_NE","UNIT_NAME":"The Wright Way CR BRN NE","OPERATOR":"EOG Resources","STATUS":"EFF","FORMATION":"Utica","ACRES":964.5,"DC_PER_FT":511.49,"HEARING_DATE":"2025-12-17","WELLS":2,"AVG_LATERAL_FT":22396},"geometry":{"type":"Polygon","coordinates":[[[-81.135168,40.742743],[-81.095047,40.688281],[-81.100974,40.685787],[-81.135355,40.732776],[-81.140934,40.740277],[-81.135168,40.742743]]]}},{"type":"Feature","properties":{"UNIT_ID":"TILAPIA_A","UNIT_NAME":"Tilapia A","OPERATOR":"EOG Resources","STATUS":"COI","FORMATION":"Utica","ACRES":1544.6,"DC_PER_FT":576.75,"HEARING_DATE":"2026-07-01","WELLS":3,"AVG_LATERAL_FT":21042},"geometry":{"type":"Polygon","coordinates":[[[-81.415061,40.107957],[-81.40988,40.100843],[-81.419822,40.09657],[-81.425012,40.103563],[-81.438374,40.121844],[-81.438816,40.121936],[-81.438839,40.121941],[-81.456226,40.148],[-81.447269,40.151977],[-81.415061,40.107957]]]}},{"type":"Feature","properties":{"UNIT_ID":"TIMBERWOLF_CBN15_A","UNIT_NAME":"Timberwolf CBN15 A","OPERATOR":"EOG Resources","STATUS":"EFF","FORMATION":"Utica","ACRES":1472.1,"DC_PER_FT":613.34,"HEARING_DATE":"2022-10-19","WELLS":4,"AVG_LATERAL_FT":15489},"geometry":{"type":"Polygon","coordinates":[[[-81.139545,40.695146],[-81.152179,40.689545],[-81.180895,40.727365],[-81.168375,40.732859],[-81.139545,40.695146]]]}},{"type":"Feature","properties":{"UNIT_ID":"TIMBERWOLF_CBN_B","UNIT_NAME":"Timberwolf CBN B","OPERATOR":"EOG Resources","STATUS":"EFF","FORMATION":"Utica","ACRES":688.2,"DC_PER_FT":586.91,"HEARING_DATE":"2026-01-08","WELLS":2,"AVG_LATERAL_FT":14619},"geometry":{"type":"Polygon","coordinates":[[[-81.1224,40.657738],[-81.124033,40.656942],[-81.122638,40.655157],[-81.125927,40.655238],[-81.137718,40.672246],[-81.138285,40.681135],[-81.145278,40.692605],[-81.139545,40.695146],[-81.126833,40.677234],[-81.131527,40.677355],[-81.131595,40.674883],[-81.11946,40.656359],[-81.120593,40.655786],[-81.1224,40.657738]]]}},{"type":"Feature","properties":{"UNIT_ID":"TIMBERWOLF_CBN_C","UNIT_NAME":"Timberwolf CBN C","OPERATOR":"EOG Resources","STATUS":"EFF","FORMATION":"Utica","ACRES":1086.6,"DC_PER_FT":585.19,"HEARING_DATE":"2026-01-08","WELLS":3,"AVG_LATERAL_FT":14833},"geometry":{"type":"Polygon","coordinates":[[[-81.145278,40.692605],[-81.138285,40.681135],[-81.137718,40.672246],[-81.125927,40.655238],[-81.127087,40.655266],[-81.127097,40.654621],[-81.127127,40.652877],[-81.131692,40.651752],[-81.131909,40.651699],[-81.131946,40.650769],[-81.131838,40.650648],[-81.133255,40.650019],[-81.15295,40.675964],[-81.149195,40.677621],[-81.155066,40.68533],[-81.152568,40.686432],[-81.154243,40.68863],[-81.152213,40.68953],[-81.145278,40.692605]]]}},{"type":"Feature","properties":{"UNIT_ID":"TOOT_CR_MON_NORTH","UNIT_NAME":"Toot CR MON North","OPERATOR":"EOG Ohio","STATUS":"EFF","FORMATION":"Utica","ACRES":590.4,"DC_PER_FT":818.46,"HEARING_DATE":"2024-02-01","WELLS":1,"AVG_LATERAL_FT":14906},"geometry":{"type":"Polygon","coordinates":[[[-81.197293,40.578599],[-81.170187,40.541967],[-81.175501,40.539862],[-81.203689,40.577983],[-81.197317,40.577825],[-81.197293,40.578599]]]}},{"type":"Feature","properties":{"UNIT_ID":"TOOT_CR_MON_NW","UNIT_NAME":"Toot CR MON NW","OPERATOR":"EOG Ohio","STATUS":"EFF","FORMATION":"Utica","ACRES":595.8,"DC_PER_FT":803.12,"HEARING_DATE":"2024-01-31","WELLS":2,"AVG_LATERAL_FT":15378},"geometry":{"type":"Polygon","coordinates":[[[-81.206694,40.572782],[-81.206512,40.57797],[-81.206509,40.578049],[-81.203689,40.577983],[-81.175501,40.539862],[-81.179944,40.538102],[-81.180813,40.537756],[-81.191592,40.552504],[-81.206694,40.572782]]]}},{"type":"Feature","properties":{"UNIT_ID":"TOWE_HMN_NORTH","UNIT_NAME":"Towe HMN North","OPERATOR":"EOG Resources","STATUS":"PEN","FORMATION":"Utica","ACRES":1047.8,"DC_PER_FT":639.49,"HEARING_DATE":"2026-09-09","WELLS":4,"AVG_LATERAL_FT":14316},"geometry":{"type":"Polygon","coordinates":[[[-81.2453,40.418649],[-81.235633,40.422967],[-81.228969,40.413901],[-81.22301,40.405867],[-81.212475,40.392194],[-81.209586,40.388443],[-81.219645,40.383972],[-81.2453,40.418649]]]}},{"type":"Feature","properties":{"UNIT_ID":"TYGERS_GY_VAL_SOUTH","UNIT_NAME":"Tygers GY VAL South","OPERATOR":"EOG Ohio","STATUS":"EFF","FORMATION":"Utica","ACRES":1294.9,"DC_PER_FT":779.12,"HEARING_DATE":"2024-08-07","WELLS":4,"AVG_LATERAL_FT":17038},"geometry":{"type":"Polygon","coordinates":[[[-81.462174,39.873718],[-81.464945,39.877438],[-81.469576,39.873402],[-81.499693,39.915281],[-81.489715,39.919539],[-81.458038,39.875482],[-81.462174,39.873718]]]}},{"type":"Feature","properties":{"UNIT_ID":"UNA_C_SHC_HR","UNIT_NAME":"Una C SHC HR","OPERATOR":"Ascent","STATUS":"EFF","FORMATION":"Utica","ACRES":381.4,"DC_PER_FT":695.61,"HEARING_DATE":"2024-06-18","WELLS":1,"AVG_LATERAL_FT":15894},"geometry":{"type":"Polygon","coordinates":[[[-80.916221,40.216951],[-80.944341,40.255835],[-80.941116,40.257187],[-80.913004,40.218311],[-80.916221,40.216951]]]}},{"type":"Feature","properties":{"UNIT_ID":"UNA_E_SHC_HR","UNIT_NAME":"Una E SHC HR","OPERATOR":"Ascent","STATUS":"EFF","FORMATION":"Utica","ACRES":453.3,"DC_PER_FT":695.76,"HEARING_DATE":"2024-07-10","WELLS":1,"AVG_LATERAL_FT":15882},"geometry":{"type":"Polygon","coordinates":[[[-80.920068,40.246569],[-80.902632,40.222696],[-80.904962,40.221711],[-80.90657,40.221031],[-80.934665,40.259889],[-80.930942,40.261448],[-80.920068,40.246569]]]}},{"type":"Feature","properties":{"UNIT_ID":"UNA_NE_SHC_HR","UNIT_NAME":"Una NE SHC HR","OPERATOR":"Ascent","STATUS":"EFF","FORMATION":"Utica","ACRES":381.3,"DC_PER_FT":695.71,"HEARING_DATE":"2024-06-28","WELLS":1,"AVG_LATERAL_FT":15886},"geometry":{"type":"Polygon","coordinates":[[[-80.909787,40.219671],[-80.937891,40.258538],[-80.934665,40.259889],[-80.90657,40.221031],[-80.909787,40.219671]]]}},{"type":"Feature","properties":{"UNIT_ID":"UNA_NW_SHC_HR","UNIT_NAME":"Una NW SHC HR","OPERATOR":"Ascent","STATUS":"EFF","FORMATION":"Utica","ACRES":381.2,"DC_PER_FT":722.65,"HEARING_DATE":"2025-04-09","WELLS":1,"AVG_LATERAL_FT":15897},"geometry":{"type":"Polygon","coordinates":[[[-80.922654,40.21423],[-80.924263,40.21355],[-80.925867,40.212872],[-80.954012,40.251783],[-80.950791,40.253132],[-80.922654,40.21423]]]}},{"type":"Feature","properties":{"UNIT_ID":"UNA_N_SHC_HR","UNIT_NAME":"Una N SHC HR","OPERATOR":"Ascent","STATUS":"EFF","FORMATION":"Utica","ACRES":381.5,"DC_PER_FT":706.65,"HEARING_DATE":"2025-04-02","WELLS":1,"AVG_LATERAL_FT":15899},"geometry":{"type":"Polygon","coordinates":[[[-80.916221,40.216951],[-80.917829,40.216271],[-80.918993,40.215779],[-80.919438,40.21559],[-80.947566,40.254484],[-80.944341,40.255835],[-80.916221,40.216951]]]}},{"type":"Feature","properties":{"UNIT_ID":"UNA_SHC_HR","UNIT_NAME":"Una SHC HR","OPERATOR":"Ascent","STATUS":"EFF","FORMATION":"Utica","ACRES":381.3,"DC_PER_FT":695.66,"HEARING_DATE":"2024-06-12","WELLS":1,"AVG_LATERAL_FT":15890},"geometry":{"type":"Polygon","coordinates":[[[-80.909787,40.219671],[-80.913004,40.218311],[-80.941116,40.257187],[-80.937891,40.258538],[-80.909787,40.219671]]]}},{"type":"Feature","properties":{"UNIT_ID":"UNA_W_SHC_HR","UNIT_NAME":"Una W SHC HR","OPERATOR":"Ascent","STATUS":"EFF","FORMATION":"Utica","ACRES":381.6,"DC_PER_FT":722.57,"HEARING_DATE":"2025-04-03","WELLS":1,"AVG_LATERAL_FT":15903},"geometry":{"type":"Polygon","coordinates":[[[-80.919438,40.21559],[-80.921046,40.21491],[-80.922513,40.21429],[-80.922654,40.21423],[-80.950791,40.253132],[-80.947566,40.254484],[-80.919438,40.21559]]]}},{"type":"Feature","properties":{"UNIT_ID":"VALERIE_M","UNIT_NAME":"Valerie-M","OPERATOR":"Gulfport Energy Transferred to Gulfport Appalachia","STATUS":"EFF","FORMATION":"Marcellus","ACRES":1133.4,"DC_PER_FT":848.35,"HEARING_DATE":"2025-02-20","WELLS":4,"AVG_LATERAL_FT":16120},"geometry":{"type":"Polygon","coordinates":[[[-80.848205,39.899442],[-80.844938,39.900538],[-80.844585,39.900656],[-80.841969,39.901533],[-80.842087,39.901741],[-80.842345,39.902198],[-80.842412,39.902315],[-80.839071,39.903738],[-80.824476,39.883407],[-80.811285,39.86502],[-80.812992,39.8629],[-80.813038,39.862842],[-80.812975,39.862723],[-80.813661,39.861889],[-80.818557,39.860441],[-80.819314,39.859661],[-80.819235,39.859614],[-80.819458,39.859391],[-80.848205,39.899442]]]}},{"type":"Feature","properties":{"UNIT_ID":"VANFOSSEN_CAU_NW","UNIT_NAME":"Vanfossen CAU NW","OPERATOR":"EOG Resources","STATUS":"PEN","FORMATION":"Utica","ACRES":1351.9,"DC_PER_FT":543.73,"HEARING_DATE":"2026-10-21","WELLS":3,"AVG_LATERAL_FT":24031},"geometry":{"type":"Polygon","coordinates":[[[-81.0635,40.649615],[-81.063506,40.649637],[-81.065475,40.6497],[-81.066758,40.649741],[-81.070027,40.654195],[-81.07034,40.654621],[-81.070946,40.655447],[-81.072238,40.657206],[-81.073798,40.659332],[-81.075752,40.661994],[-81.079235,40.666739],[-81.081169,40.669374],[-81.083834,40.673006],[-81.086598,40.676771],[-81.088389,40.679211],[-81.089633,40.680905],[-81.093463,40.686124],[-81.095047,40.688281],[-81.096868,40.690755],[-81.097671,40.691845],[-81.098129,40.692468],[-81.098129,40.692468],[-81.0992,40.693923],[-81.100028,40.695047],[-81.102524,40.698438],[-81.103508,40.699774],[-81.104381,40.700961],[-81.105846,40.70295],[-81.106395,40.703697],[-81.107057,40.704595],[-81.107762,40.705553],[-81.10739,40.705709],[-81.106994,40.705875],[-81.104385,40.706968],[-81.102198,40.707885],[-81.100331,40.708667],[-81.099624,40.70771],[-81.098815,40.706617],[-81.097922,40.70541],[-81.097469,40.704796],[-81.094752,40.701123],[-81.094331,40.700553],[-81.093794,40.699826],[-81.09332,40.699186],[-81.093183,40.699],[-81.093129,40.698927],[-81.092346,40.697867],[-81.091602,40.696862],[-81.091478,40.696693],[-81.090107,40.694839],[-81.088529,40.692705],[-81.088104,40.692131],[-81.087744,40.691644],[-81.087456,40.691253],[-81.085061,40.688015],[-81.082733,40.684866],[-81.081622,40.683363],[-81.078951,40.679751],[-81.07867,40.679371],[-81.076823,40.676872],[-81.073716,40.67267],[-81.073258,40.672051],[-81.073144,40.671897],[-81.071193,40.669258],[-81.069736,40.667286],[-81.065732,40.661871],[-81.065115,40.661037],[-81.063939,40.659447],[-81.063231,40.65857],[-81.062926,40.658192],[-81.062004,40.657051],[-81.061169,40.656018],[-81.060452,40.65513],[-81.060034,40.654613],[-81.059921,40.654473],[-81.056492,40.65023],[-81.054281,40.647493],[-81.054281,40.647493],[-81.059061,40.647557],[-81.060622,40.647578],[-81.060569,40.649383],[-81.060569,40.649383],[-81.060569,40.649383],[-81.060572,40.649382],[-81.062362,40.648809],[-81.063231,40.64852],[-81.063231,40.64852],[-81.063488,40.649564],[-81.0635,40.649615]]]}},{"type":"Feature","properties":{"UNIT_ID":"VANFOSSEN_CR_AUG_EAST","UNIT_NAME":"Vanfossen CR AUG East","OPERATOR":"EOG Ohio","STATUS":"EFF","FORMATION":"Utica","ACRES":781.2,"DC_PER_FT":763.83,"HEARING_DATE":"2024-10-04","WELLS":2,"AVG_LATERAL_FT":22518},"geometry":{"type":"Polygon","coordinates":[[[-81.055179,40.656266],[-81.093917,40.708708],[-81.089065,40.710779],[-81.05428,40.663118],[-81.047161,40.653355],[-81.055179,40.656266]]]}},{"type":"Feature","properties":{"UNIT_ID":"VANFOSSEN_CR_AUG_WEST","UNIT_NAME":"Vanfossen CR AUG West","OPERATOR":"EOG Ohio","STATUS":"EFF","FORMATION":"Utica","ACRES":743.0,"DC_PER_FT":761.92,"HEARING_DATE":"2024-10-04","WELLS":2,"AVG_LATERAL_FT":20409},"geometry":{"type":"Polygon","coordinates":[[[-81.055179,40.656266],[-81.063939,40.659447],[-81.098815,40.706617],[-81.093917,40.708708],[-81.055179,40.656266]]]}},{"type":"Feature","properties":{"UNIT_ID":"VICTOR_NE_WRN_BL","UNIT_NAME":"Victor NE WRN BL","OPERATOR":"Ascent","STATUS":"EFF","FORMATION":"Utica","ACRES":658.2,"DC_PER_FT":707.7,"HEARING_DATE":"2024-07-31","WELLS":2,"AVG_LATERAL_FT":15089},"geometry":{"type":"Polygon","coordinates":[[[-81.206406,40.058922],[-81.203767,40.058541],[-81.202667,40.058675],[-81.20018,40.058318],[-81.199,40.058241],[-81.175835,40.026382],[-81.173025,40.022519],[-81.173026,40.022519],[-81.178808,40.020096],[-81.181614,40.023959],[-81.207074,40.058978],[-81.206406,40.058922]]]}},{"type":"Feature","properties":{"UNIT_ID":"VICTOR_NW_WRN_BL","UNIT_NAME":"Victor NW WRN BL","OPERATOR":"Ascent","STATUS":"EFF","FORMATION":"Utica","ACRES":727.0,"DC_PER_FT":722.33,"HEARING_DATE":"2024-07-31","WELLS":2,"AVG_LATERAL_FT":16284},"geometry":{"type":"Polygon","coordinates":[[[-81.184509,40.017706],[-81.18474,40.017609],[-81.206817,40.047919],[-81.21424,40.058137],[-81.213319,40.058574],[-81.210562,40.058998],[-81.207453,40.059008],[-81.207074,40.058978],[-81.181614,40.023959],[-81.178808,40.020096],[-81.184509,40.017706]]]}},{"type":"Feature","properties":{"UNIT_ID":"VINNY_C_CLR_BL","UNIT_NAME":"Vinny C CLR BL","OPERATOR":"Ascent","STATUS":"PEN","FORMATION":"Utica","ACRES":497.1,"DC_PER_FT":652.62,"HEARING_DATE":"2026-10-01","WELLS":2,"AVG_LATERAL_FT":21400},"geometry":{"type":"Polygon","coordinates":[[[-80.801473,40.124921],[-80.770662,40.081852],[-80.773775,40.080529],[-80.811162,40.132779],[-80.81061,40.132993],[-80.807898,40.134045],[-80.801473,40.124921]]]}},{"type":"Feature","properties":{"UNIT_ID":"VINNY_E_CLR_BL","UNIT_NAME":"Vinny E CLR BL","OPERATOR":"Ascent","STATUS":"PEN","FORMATION":"Utica","ACRES":462.1,"DC_PER_FT":679.01,"HEARING_DATE":"2026-10-08","WELLS":1,"AVG_LATERAL_FT":17602},"geometry":{"type":"Polygon","coordinates":[[[-80.793101,40.119506],[-80.767045,40.083382],[-80.770662,40.081852],[-80.801473,40.124921],[-80.798026,40.126383],[-80.793101,40.119506]]]}},{"type":"Feature","properties":{"UNIT_ID":"VINNY_W_CLR_BL","UNIT_NAME":"Vinny W CLR BL","OPERATOR":"Ascent","STATUS":"PEN","FORMATION":"Utica","ACRES":569.8,"DC_PER_FT":652.73,"HEARING_DATE":"2026-10-08","WELLS":1,"AVG_LATERAL_FT":21436},"geometry":{"type":"Polygon","coordinates":[[[-80.773775,40.080529],[-80.777035,40.079147],[-80.783529,40.088075],[-80.799429,40.110622],[-80.800238,40.110274],[-80.815322,40.131164],[-80.814292,40.131564],[-80.811162,40.132779],[-80.773775,40.080529]]]}},{"type":"Feature","properties":{"UNIT_ID":"VIPER_NE_SHC_HR","UNIT_NAME":"Viper NE SHC HR","OPERATOR":"Ascent","STATUS":"PEN","FORMATION":"Utica","ACRES":497.6,"DC_PER_FT":686.24,"HEARING_DATE":"2026-09-17","WELLS":1,"AVG_LATERAL_FT":18055},"geometry":{"type":"Polygon","coordinates":[[[-80.945446,40.209396],[-80.950721,40.207196],[-80.951968,40.206675],[-80.952293,40.20654],[-80.969418,40.230094],[-80.969014,40.230264],[-80.96578,40.231623],[-80.962403,40.233042],[-80.945446,40.209396]]]}},{"type":"Feature","properties":{"UNIT_ID":"VIPER_NW_SHC_HR","UNIT_NAME":"Viper NW SHC HR","OPERATOR":"Ascent","STATUS":"PEN","FORMATION":"Utica","ACRES":512.4,"DC_PER_FT":803.67,"HEARING_DATE":"2026-09-02","WELLS":2,"AVG_LATERAL_FT":12008},"geometry":{"type":"Polygon","coordinates":[[[-80.976508,40.227113],[-80.976326,40.22719],[-80.959211,40.203653],[-80.960784,40.202997],[-80.961285,40.202788],[-80.963535,40.201849],[-80.964406,40.201485],[-80.96495,40.201259],[-80.986403,40.230756],[-80.983699,40.231897],[-80.980857,40.233097],[-80.976508,40.227113]]]}},{"type":"Feature","properties":{"UNIT_ID":"VIPER_N_SHC_HR","UNIT_NAME":"Viper N SHC HR","OPERATOR":"Ascent","STATUS":"PEN","FORMATION":"Utica","ACRES":496.0,"DC_PER_FT":714.04,"HEARING_DATE":"2026-09-10","WELLS":1,"AVG_LATERAL_FT":18041},"geometry":{"type":"Polygon","coordinates":[[[-80.952293,40.20654],[-80.95509,40.205373],[-80.957639,40.204309],[-80.958074,40.204128],[-80.959211,40.203653],[-80.976326,40.22719],[-80.972248,40.228904],[-80.969418,40.230094],[-80.952293,40.20654]]]}},{"type":"Feature","properties":{"UNIT_ID":"WAGNER_GY_CEN_SE","UNIT_NAME":"Wagner GY CEN SE","OPERATOR":"EOG Ohio","STATUS":"EFF","FORMATION":"Utica","ACRES":443.3,"DC_PER_FT":758.73,"HEARING_DATE":"2024-05-15","WELLS":1,"AVG_LATERAL_FT":23724},"geometry":{"type":"Polygon","coordinates":[[[-81.44051,40.004659],[-81.483561,40.063184],[-81.481076,40.064269],[-81.47529,40.056409],[-81.439751,40.00809],[-81.439793,40.007207],[-81.439915,40.004647],[-81.44051,40.004659]]]}},{"type":"Feature","properties":{"UNIT_ID":"WAGNER_GY_CEN_SW","UNIT_NAME":"Wagner GY CEN SW","OPERATOR":"EOG Ohio","STATUS":"EFF","FORMATION":"Utica","ACRES":1217.4,"DC_PER_FT":759.89,"HEARING_DATE":"2024-05-23","WELLS":3,"AVG_LATERAL_FT":21494},"geometry":{"type":"Polygon","coordinates":[[[-81.483561,40.063184],[-81.44051,40.004659],[-81.445393,40.004763],[-81.451047,40.012214],[-81.453647,40.012305],[-81.455661,40.012376],[-81.491586,40.060595],[-81.486595,40.062775],[-81.486081,40.062085],[-81.483561,40.063184]]]}},{"type":"Feature","properties":{"UNIT_ID":"WALTERS_B","UNIT_NAME":"Walters B","OPERATOR":"EOG Ohio","STATUS":"EFF","FORMATION":"Utica","ACRES":1174.5,"DC_PER_FT":781.39,"HEARING_DATE":"2025-09-17","WELLS":2,"AVG_LATERAL_FT":16166},"geometry":{"type":"Polygon","coordinates":[[[-81.06879,40.491933],[-81.064525,40.486214],[-81.064254,40.486338],[-81.058455,40.478428],[-81.057804,40.478666],[-81.054584,40.474241],[-81.064547,40.469834],[-81.065108,40.470597],[-81.071305,40.479027],[-81.071657,40.479506],[-81.07204,40.480029],[-81.073564,40.482107],[-81.073784,40.482014],[-81.083639,40.494788],[-81.084395,40.495767],[-81.085415,40.49702],[-81.094511,40.508866],[-81.093572,40.509266],[-81.089537,40.510986],[-81.089529,40.510989],[-81.084175,40.513271],[-81.078313,40.505125],[-81.075548,40.501282],[-81.074779,40.499839],[-81.069588,40.493002],[-81.06879,40.491933]]]}},{"type":"Feature","properties":{"UNIT_ID":"WATKINS_CR_MON_SOUTH","UNIT_NAME":"Watkins CR MON South","OPERATOR":"EOG Ohio","STATUS":"EFF","FORMATION":"Utica","ACRES":1046.3,"DC_PER_FT":781.48,"HEARING_DATE":"2025-06-18","WELLS":4,"AVG_LATERAL_FT":14204},"geometry":{"type":"Polygon","coordinates":[[[-81.20944,40.523768],[-81.199801,40.527666],[-81.18734,40.511179],[-81.173726,40.493155],[-81.178715,40.491148],[-81.181653,40.489951],[-81.184053,40.488972],[-81.196977,40.506697],[-81.20944,40.523768]]]}},{"type":"Feature","properties":{"UNIT_ID":"WESLEY_EAST","UNIT_NAME":"Wesley East","OPERATOR":"Gulfport Appalachia","STATUS":"PEN","FORMATION":"Utica","ACRES":692.6,"DC_PER_FT":920.02,"HEARING_DATE":"2026-10-14","WELLS":1,"AVG_LATERAL_FT":16630},"geometry":{"type":"Polygon","coordinates":[[[-81.160563,39.894129],[-81.175233,39.914383],[-81.175265,39.914426],[-81.175335,39.914519],[-81.191421,39.933493],[-81.19079,39.933765],[-81.186928,39.935426],[-81.184608,39.936423],[-81.153912,39.894053],[-81.1543,39.894057],[-81.160563,39.894129]]]}},{"type":"Feature","properties":{"UNIT_ID":"WESLEY_WEST","UNIT_NAME":"Wesley West","OPERATOR":"Gulfport Appalachia","STATUS":"PEN","FORMATION":"Utica","ACRES":634.3,"DC_PER_FT":941.1,"HEARING_DATE":"2026-10-08","WELLS":1,"AVG_LATERAL_FT":16045},"geometry":{"type":"Polygon","coordinates":[[[-81.196578,39.931274],[-81.191421,39.933493],[-81.175335,39.914519],[-81.175265,39.914426],[-81.175233,39.914383],[-81.160563,39.894129],[-81.166626,39.894198],[-81.179836,39.913228],[-81.186828,39.913307],[-81.186772,39.914566],[-81.186609,39.91821],[-81.187069,39.918222],[-81.187331,39.918581],[-81.196578,39.931274]]]}},{"type":"Feature","properties":{"UNIT_ID":"WEST_I","UNIT_NAME":"West I","OPERATOR":"Gulfport Energy Transferred to Gulfport Appalachia","STATUS":"EFF","FORMATION":"Utica","ACRES":971.9,"DC_PER_FT":897.86,"HEARING_DATE":"2024-06-12","WELLS":2,"AVG_LATERAL_FT":14111},"geometry":{"type":"Polygon","coordinates":[[[-81.090151,39.917003],[-81.088085,39.917889],[-81.08579,39.918873],[-81.060813,39.884303],[-81.062249,39.883687],[-81.065172,39.882435],[-81.066921,39.881686],[-81.069961,39.880383],[-81.09494,39.91495],[-81.09447,39.915152],[-81.092464,39.916011],[-81.090151,39.917003]]]}},{"type":"Feature","properties":{"UNIT_ID":"WEST_II_UNIT","UNIT_NAME":"West II Unit","OPERATOR":"Gulfport Energy Transferred to Gulfport Appalachia","STATUS":"EFF","FORMATION":"Utica","ACRES":897.2,"DC_PER_FT":914.45,"HEARING_DATE":"2024-06-20","WELLS":2,"AVG_LATERAL_FT":13855},"geometry":{"type":"Polygon","coordinates":[[[-81.080901,39.920012],[-81.078137,39.921197],[-81.076851,39.921748],[-81.060869,39.899628],[-81.052941,39.888649],[-81.05308,39.886284],[-81.053153,39.885334],[-81.052365,39.885305],[-81.055901,39.88379],[-81.057345,39.88579],[-81.060813,39.884303],[-81.08579,39.918873],[-81.085184,39.919132],[-81.084657,39.918402],[-81.080901,39.920012]]]}},{"type":"Feature","properties":{"UNIT_ID":"WHITACRE_CBN_4B","UNIT_NAME":"Whitacre CBN 4B","OPERATOR":"EOG Resources","STATUS":"EFF","FORMATION":"Utica","ACRES":570.8,"DC_PER_FT":676.29,"HEARING_DATE":"2024-09-27","WELLS":1,"AVG_LATERAL_FT":24531},"geometry":{"type":"Polygon","coordinates":[[[-81.275141,40.723594],[-81.271391,40.723478],[-81.226929,40.665274],[-81.229933,40.663747],[-81.233104,40.667902],[-81.232808,40.667964],[-81.233241,40.668082],[-81.273847,40.721232],[-81.273904,40.721673],[-81.27419,40.721681],[-81.274191,40.721681],[-81.275176,40.722971],[-81.275141,40.723594]]]}},{"type":"Feature","properties":{"UNIT_ID":"WHITACRE_CBR_SOUTHEAST","UNIT_NAME":"Whitacre CBR Southeast","OPERATOR":"EOG Resources","STATUS":"EFF","FORMATION":"Utica","ACRES":2093.5,"DC_PER_FT":556.24,"HEARING_DATE":"2026-03-25","WELLS":4,"AVG_LATERAL_FT":21771},"geometry":{"type":"Polygon","coordinates":[[[-81.187962,40.613513],[-81.186214,40.611219],[-81.190703,40.609315],[-81.221564,40.649813],[-81.221811,40.650137],[-81.221815,40.650142],[-81.2191,40.650095],[-81.219271,40.65032],[-81.223383,40.65571],[-81.229539,40.663777],[-81.229851,40.663639],[-81.229933,40.663747],[-81.229933,40.663747],[-81.226929,40.665274],[-81.218334,40.669075],[-81.214329,40.663825],[-81.211985,40.660751],[-81.179009,40.617472],[-81.187962,40.613513]]]}},{"type":"Feature","properties":{"UNIT_ID":"WHITE_RHINO_NBK_B","UNIT_NAME":"White Rhino NBK B","OPERATOR":"EOG Resources","STATUS":"EFF","FORMATION":"Utica","ACRES":1533.1,"DC_PER_FT":705.13,"HEARING_DATE":"2024-02-21","WELLS":4,"AVG_LATERAL_FT":15600},"geometry":{"type":"Polygon","coordinates":[[[-81.606012,39.797583],[-81.583426,39.766437],[-81.596464,39.760808],[-81.624097,39.798897],[-81.611053,39.80453],[-81.606012,39.797583]]]}},{"type":"Feature","properties":{"UNIT_ID":"WILLIAMS_CR_MON_WEST","UNIT_NAME":"Williams CR MON West","OPERATOR":"EOG Ohio","STATUS":"EFF","FORMATION":"Utica","ACRES":640.4,"DC_PER_FT":772.94,"HEARING_DATE":"2025-05-08","WELLS":2,"AVG_LATERAL_FT":15848},"geometry":{"type":"Polygon","coordinates":[[[-81.196961,40.586831],[-81.196639,40.586976],[-81.164653,40.543783],[-81.166868,40.542814],[-81.16714,40.543175],[-81.170187,40.541967],[-81.197293,40.578599],[-81.197247,40.579832],[-81.197175,40.581775],[-81.19712,40.583261],[-81.197046,40.585269],[-81.197034,40.585439],[-81.197033,40.585455],[-81.19703,40.585499],[-81.197006,40.585863],[-81.196961,40.586831]]]}},{"type":"Feature","properties":{"UNIT_ID":"WINDSOR","UNIT_NAME":"Windsor","OPERATOR":"Antero","STATUS":"EFF","FORMATION":"Utica","ACRES":491.1,"DC_PER_FT":918.82,"HEARING_DATE":"2025-09-17","WELLS":1,"AVG_LATERAL_FT":18650},"geometry":{"type":"Polygon","coordinates":[[[-81.250299,39.934431],[-81.250332,39.934417],[-81.283111,39.97951],[-81.281305,39.98055],[-81.281001,39.980791],[-81.280813,39.981157],[-81.280746,39.981622],[-81.280706,39.982767],[-81.273095,39.972485],[-81.273231,39.972421],[-81.248995,39.938621],[-81.247008,39.935848],[-81.250299,39.934432],[-81.250299,39.934431]]]}},{"type":"Feature","properties":{"UNIT_ID":"WITHEY_NE_WRN_BL","UNIT_NAME":"Withey NE WRN BL","OPERATOR":"Ascent","STATUS":"EFF","FORMATION":"Utica","ACRES":691.2,"DC_PER_FT":665.69,"HEARING_DATE":"2025-12-11","WELLS":2,"AVG_LATERAL_FT":15961},"geometry":{"type":"Polygon","coordinates":[[[-81.214057,39.959217],[-81.212124,39.956556],[-81.214378,39.955582],[-81.214436,39.955661],[-81.217948,39.954154],[-81.246242,39.993081],[-81.240483,39.99557],[-81.214057,39.959217]]]}},{"type":"Feature","properties":{"UNIT_ID":"WITHEY_NW_WRN_BL","UNIT_NAME":"Withey NW WRN BL","OPERATOR":"Ascent","STATUS":"EFF","FORMATION":"Utica","ACRES":725.9,"DC_PER_FT":684.67,"HEARING_DATE":"2025-12-10","WELLS":2,"AVG_LATERAL_FT":15738},"geometry":{"type":"Polygon","coordinates":[[[-81.218441,39.953943],[-81.218488,39.95306],[-81.225537,39.953264],[-81.251829,39.989955],[-81.251829,39.989955],[-81.252219,39.990499],[-81.246242,39.993081],[-81.221592,39.959169],[-81.221195,39.958623],[-81.217948,39.954154],[-81.218441,39.953943]]]}},{"type":"Feature","properties":{"UNIT_ID":"WYLIE_NE_SHC_HR","UNIT_NAME":"Wylie NE SHC HR","OPERATOR":"Ascent","STATUS":"COI","FORMATION":"Utica","ACRES":562.6,"DC_PER_FT":665.32,"HEARING_DATE":"2026-02-13","WELLS":1,"AVG_LATERAL_FT":20742},"geometry":{"type":"Polygon","coordinates":[[[-80.962403,40.233042],[-80.964162,40.232303],[-80.96578,40.231623],[-81.005377,40.286332],[-81.004864,40.28655],[-81.002007,40.287765],[-80.962403,40.233042]],[[-80.995505,40.275241],[-80.995773,40.275422],[-80.995927,40.275288],[-80.995659,40.27511],[-80.995505,40.275241]]]}},{"type":"Feature","properties":{"UNIT_ID":"WYLIE_NW_SHC_HR","UNIT_NAME":"Wylie NW SHC HR","OPERATOR":"Ascent","STATUS":"EFF","FORMATION":"Utica","ACRES":717.5,"DC_PER_FT":652.61,"HEARING_DATE":"2026-01-14","WELLS":1,"AVG_LATERAL_FT":22479},"geometry":{"type":"Polygon","coordinates":[[[-80.972248,40.228904],[-80.973865,40.228224],[-80.976508,40.227113],[-80.980857,40.233097],[-81.003611,40.264386],[-81.016081,40.281784],[-81.011833,40.283589],[-80.972248,40.228904]]]}},{"type":"Feature","properties":{"UNIT_ID":"WYLIE_N_SHC_HR","UNIT_NAME":"Wylie N SHC HR","OPERATOR":"Ascent","STATUS":"COI","FORMATION":"Utica","ACRES":538.9,"DC_PER_FT":652.35,"HEARING_DATE":"2026-02-04","WELLS":1,"AVG_LATERAL_FT":22488},"geometry":{"type":"Polygon","coordinates":[[[-80.96578,40.231623],[-80.967397,40.230943],[-80.969014,40.230264],[-81.008605,40.284961],[-81.005377,40.286332],[-80.96578,40.231623]]]}},{"type":"Feature","properties":{"UNIT_ID":"WYLIE_W_SHC_HR","UNIT_NAME":"Wylie W SHC HR","OPERATOR":"Ascent","STATUS":"EFF","FORMATION":"Utica","ACRES":538.8,"DC_PER_FT":652.46,"HEARING_DATE":"2026-01-28","WELLS":1,"AVG_LATERAL_FT":22484},"geometry":{"type":"Polygon","coordinates":[[[-80.969014,40.230264],[-80.970631,40.229584],[-80.972248,40.228904],[-81.011833,40.283589],[-81.008605,40.284961],[-80.969014,40.230264]]]}},{"type":"Feature","properties":{"UNIT_ID":"XAVIER_HFP_B","UNIT_NAME":"Xavier HFP B","OPERATOR":"EOG Resources","STATUS":"EFF","FORMATION":"Utica","ACRES":864.7,"DC_PER_FT":675.63,"HEARING_DATE":"2024-12-05","WELLS":3,"AVG_LATERAL_FT":15600},"geometry":{"type":"Polygon","coordinates":[[[-81.24066,40.228242],[-81.247452,40.225183],[-81.276315,40.262808],[-81.268475,40.266339],[-81.24066,40.228242]]]}},{"type":"Feature","properties":{"UNIT_ID":"YOUNG_I","UNIT_NAME":"Young I","OPERATOR":"Gulfport Energy Transferred to Gulfport Appalachia","STATUS":"EFF","FORMATION":"Utica","ACRES":413.6,"DC_PER_FT":680.0,"HEARING_DATE":"2025-08-27","WELLS":1,"AVG_LATERAL_FT":20000},"geometry":{"type":"Polygon","coordinates":[[[-81.07314,40.149376],[-81.037856,40.100679],[-81.040628,40.099495],[-81.052384,40.115728],[-81.075914,40.148192],[-81.07314,40.149376]]]}},{"type":"Feature","properties":{"UNIT_ID":"YOUNG_II","UNIT_NAME":"Young II","OPERATOR":"Gulfport Energy Transferred to Gulfport Appalachia","STATUS":"EFF","FORMATION":"Utica","ACRES":431.1,"DC_PER_FT":679.97,"HEARING_DATE":"2025-09-24","WELLS":1,"AVG_LATERAL_FT":20001},"geometry":{"type":"Polygon","coordinates":[[[-81.037856,40.100679],[-81.07314,40.149376],[-81.070249,40.150611],[-81.034966,40.101913],[-81.037856,40.100679]]]}},{"type":"Feature","properties":{"UNIT_ID":"YOUNG_III","UNIT_NAME":"Young III","OPERATOR":"Gulfport Energy Transferred to Gulfport Appalachia","STATUS":"EFF","FORMATION":"Utica","ACRES":432.1,"DC_PER_FT":666.63,"HEARING_DATE":"2025-10-29","WELLS":1,"AVG_LATERAL_FT":19951},"geometry":{"type":"Polygon","coordinates":[[[-81.069829,40.15079],[-81.070354,40.151515],[-81.070054,40.151505],[-81.069501,40.151485],[-81.067034,40.1514],[-81.032076,40.103147],[-81.034966,40.101913],[-81.070249,40.150611],[-81.069829,40.15079]]]}},{"type":"Feature","properties":{"UNIT_ID":"YOUNG_IV","UNIT_NAME":"Young IV","OPERATOR":"Gulfport Energy Transferred to Gulfport Appalachia","STATUS":"EFF","FORMATION":"Utica","ACRES":428.7,"DC_PER_FT":653.0,"HEARING_DATE":"2025-10-08","WELLS":1,"AVG_LATERAL_FT":19755},"geometry":{"type":"Polygon","coordinates":[[[-81.063432,40.151653],[-81.029159,40.104343],[-81.029336,40.103941],[-81.02986,40.103185],[-81.030497,40.102676],[-81.030992,40.1024],[-81.031407,40.102223],[-81.032076,40.103147],[-81.067034,40.1514],[-81.066543,40.151383],[-81.065499,40.151346],[-81.065361,40.15142],[-81.064717,40.151765],[-81.063432,40.151653]]]}},{"type":"Feature","properties":{"UNIT_ID":"ZIMNOX_NE_WEL_JF","UNIT_NAME":"Zimnox NE WEL JF","OPERATOR":"Ascent","STATUS":"EFF","FORMATION":"Utica","ACRES":585.4,"DC_PER_FT":848.97,"HEARING_DATE":"2024-10-23","WELLS":2,"AVG_LATERAL_FT":10478},"geometry":{"type":"Polygon","coordinates":[[[-80.700949,40.293439],[-80.6818,40.266887],[-80.682948,40.266358],[-80.685369,40.26524],[-80.686797,40.264548],[-80.688968,40.263498],[-80.707593,40.289301],[-80.707504,40.290288],[-80.70685,40.290273],[-80.705274,40.290221],[-80.70445,40.290193],[-80.702548,40.29182],[-80.702498,40.292967],[-80.70235,40.292965],[-80.70143,40.294006],[-80.701425,40.293999],[-80.701401,40.294026],[-80.700949,40.293439]]]}},{"type":"Feature","properties":{"UNIT_ID":"ZIMNOX_NW_WEL_JF","UNIT_NAME":"Zimnox NW WEL JF","OPERATOR":"Ascent","STATUS":"EFF","FORMATION":"Utica","ACRES":373.2,"DC_PER_FT":835.79,"HEARING_DATE":"2024-10-16","WELLS":1,"AVG_LATERAL_FT":10535},"geometry":{"type":"Polygon","coordinates":[[[-80.693408,40.26173],[-80.70497,40.276984],[-80.713162,40.288407],[-80.712771,40.288355],[-80.709071,40.288779],[-80.707593,40.289301],[-80.688968,40.263498],[-80.691714,40.262165],[-80.692681,40.262037],[-80.693408,40.26173]]]}}]}
