{"type":"FeatureCollection","name":"ODNR_Units","crs":{"type":"name","properties":{"name":"urn:ogc:def:crs:OGC:1.3:CRS84"}},"features":[{"type":"Feature","properties":{"UNIT_ID":"BOWERSTON_NORTH","UNIT_NAME":"Bowerston North","ORDER_NO":"2016-237","OPERATOR":"EOG Ohio","STATUS":"EFF","FORMATION":"Utica","ACRES":866.2,"EDIT_DATE":"2026-02-26"},"geometry":{"type":"Polygon","coordinates":[[[-81.16954,40.433902],[-81.169499,40.433846],[-81.161647,40.423052],[-81.174292,40.417695],[-81.180867,40.426391],[-81.190656,40.439812],[-81.177805,40.44526],[-81.16954,40.433902]]]}},{"type":"Feature","properties":{"UNIT_ID":"EDIE_NORTH","UNIT_NAME":"Edie North","ORDER_NO":"2023-91","OPERATOR":"EOG Ohio","STATUS":"EFF","FORMATION":"Utica","ACRES":769.2,"EDIT_DATE":"2026-02-26"},"geometry":{"type":"Polygon","coordinates":[[[-81.157676,40.477636],[-81.150566,40.467852],[-81.137907,40.450326],[-81.137968,40.450296],[-81.146762,40.446023],[-81.166418,40.472858],[-81.160662,40.475463],[-81.16174,40.476834],[-81.158153,40.478292],[-81.157676,40.477636]]]}},{"type":"Feature","properties":{"UNIT_ID":"TROYER_W_LND_GR","UNIT_NAME":"Troyer W LND GR","ORDER_NO":"2016-118","OPERATOR":"Ascent","STATUS":"EFF","FORMATION":"Utica","ACRES":502.6,"EDIT_DATE":"2025-10-17"},"geometry":{"type":"Polygon","coordinates":[[[-81.274161,40.109453],[-81.258806,40.088022],[-81.266339,40.084721],[-81.281903,40.106124],[-81.274161,40.109453]]]}},{"type":"Feature","properties":{"UNIT_ID":"GARVEY_SOUTH","UNIT_NAME":"Garvey South","ORDER_NO":"2023-28","OPERATOR":"EOG Ohio","STATUS":"EFF","FORMATION":"Utica","ACRES":662.2,"EDIT_DATE":"2026-02-26"},"geometry":{"type":"Polygon","coordinates":[[[-81.059637,40.366955],[-81.071085,40.382682],[-81.075498,40.388742],[-81.065405,40.392898],[-81.049694,40.371207],[-81.059637,40.366955]]]}},{"type":"Feature","properties":{"UNIT_ID":"JAMAR_SOUTH","UNIT_NAME":"Jamar South","ORDER_NO":"2016-254","OPERATOR":"EOG Ohio","STATUS":"EFF","FORMATION":"Utica","ACRES":731.6,"EDIT_DATE":"2026-02-26"},"geometry":{"type":"Polygon","coordinates":[[[-81.145452,40.418058],[-81.152019,40.427163],[-81.141273,40.431353],[-81.125226,40.409074],[-81.124998,40.409071],[-81.124955,40.408703],[-81.124412,40.407961],[-81.123551,40.407951],[-81.121936,40.405744],[-81.123939,40.405002],[-81.124819,40.404702],[-81.12516,40.404546],[-81.12705,40.403821],[-81.127331,40.403688],[-81.130347,40.403801],[-81.130362,40.404107],[-81.130622,40.404177],[-81.130911,40.404298],[-81.131275,40.404525],[-81.142063,40.414867],[-81.143836,40.416589],[-81.144354,40.416936],[-81.144593,40.417117],[-81.144719,40.417163],[-81.144835,40.417202],[-81.145452,40.418058]]]}},{"type":"Feature","properties":{"UNIT_ID":"CADDIS","UNIT_NAME":"Caddis","ORDER_NO":"2016-325","OPERATOR":"Antero","STATUS":"EFF","FORMATION":"Utica","ACRES":724.1,"EDIT_DATE":"2025-09-25"},"geometry":{"type":"Polygon","coordinates":[[[-81.175864,39.861194],[-81.157971,39.836704],[-81.158069,39.834955],[-81.161088,39.835075],[-81.161125,39.83325],[-81.166718,39.833369],[-81.167605,39.833039],[-81.184836,39.856659],[-81.184789,39.857326],[-81.175864,39.861194]]]}},{"type":"Feature","properties":{"UNIT_ID":"GEORGE_SE","UNIT_NAME":"George SE","ORDER_NO":"2015-580","OPERATOR":"Gulfport Energy","STATUS":"EFF","FORMATION":"Utica","ACRES":469.4,"EDIT_DATE":"2025-09-25"},"geometry":{"type":"Polygon","coordinates":[[[-80.97561,39.911826],[-80.957853,39.886967],[-80.963824,39.884073],[-80.981625,39.908996],[-80.97561,39.911826]]]}},{"type":"Feature","properties":{"UNIT_ID":"EMERSYN_E_RCH_BL","UNIT_NAME":"Emersyn E RCH BL","ORDER_NO":"2015-412","OPERATOR":"Ascent","STATUS":"EFF","FORMATION":"Utica","ACRES":289.6,"EDIT_DATE":"2025-10-17"},"geometry":{"type":"Polygon","coordinates":[[[-81.006607,40.110713],[-80.989721,40.086733],[-80.994225,40.084976],[-81.010468,40.109887],[-81.010466,40.109946],[-81.010093,40.109976],[-81.010101,40.110043],[-81.009505,40.109964],[-81.009499,40.110189],[-81.008054,40.110189],[-81.007845,40.110835],[-81.007723,40.110805],[-81.006607,40.110713]]]}},{"type":"Feature","properties":{"UNIT_ID":"OUR_LAND_CO","UNIT_NAME":"Our Land Co.","ORDER_NO":"2015-348","OPERATOR":"EOG Ohio","STATUS":"EFF","FORMATION":"Utica","ACRES":596.0,"EDIT_DATE":"2026-02-26"},"geometry":{"type":"Polygon","coordinates":[[[-81.168358,40.409262],[-81.154864,40.390663],[-81.16522,40.386067],[-81.178815,40.404648],[-81.168358,40.409262]]]}},{"type":"Feature","properties":{"UNIT_ID":"DELMAR_SOUTH","UNIT_NAME":"Delmar South","ORDER_NO":"2015-314","OPERATOR":"EOG Ohio","STATUS":"EFF","FORMATION":"Utica","ACRES":239.9,"EDIT_DATE":"2026-02-26"},"geometry":{"type":"Polygon","coordinates":[[[-81.166662,40.472953],[-81.153074,40.454346],[-81.157199,40.452574],[-81.170966,40.471098],[-81.166662,40.472953]]]}},{"type":"Feature","properties":{"UNIT_ID":"LORADITCH","UNIT_NAME":"Loraditch","ORDER_NO":"2015-56","OPERATOR":"Antero","STATUS":"EFF","FORMATION":"Utica","ACRES":676.8,"EDIT_DATE":"2025-09-25"},"geometry":{"type":"Polygon","coordinates":[[[-81.266418,39.829738],[-81.282308,39.851945],[-81.271487,39.855363],[-81.25625,39.833938],[-81.266418,39.829738]]]}},{"type":"Feature","properties":{"UNIT_ID":"BARNHART_SOUTH","UNIT_NAME":"Barnhart South","ORDER_NO":"2015-16","OPERATOR":"EOG Ohio","STATUS":"EFF","FORMATION":"Utica","ACRES":449.9,"EDIT_DATE":"2026-02-26"},"geometry":{"type":"Polygon","coordinates":[[[-81.081991,40.441327],[-81.082056,40.441299],[-81.094577,40.458195],[-81.094988,40.458749],[-81.08536,40.462872],[-81.075294,40.449048],[-81.080722,40.44668],[-81.077958,40.443031],[-81.081991,40.441327],[-81.081991,40.441327]]]}},{"type":"Feature","properties":{"UNIT_ID":"HALL","UNIT_NAME":"Hall","ORDER_NO":"2015-540","OPERATOR":"Antero","STATUS":"EFF","FORMATION":"Utica","ACRES":595.5,"EDIT_DATE":"2025-04-08"},"geometry":{"type":"Polygon","coordinates":[[[-81.383445,39.895877],[-81.362737,39.868627],[-81.369266,39.865632],[-81.385146,39.886497],[-81.387338,39.885608],[-81.390389,39.894005],[-81.383445,39.895877]]]}},{"type":"Feature","properties":{"UNIT_ID":"ELLIE_SOUTH_UNIT","UNIT_NAME":"Ellie South Unit","ORDER_NO":"2015-579","OPERATOR":"EOG Ohio","STATUS":"EFF","FORMATION":"Utica","ACRES":524.2,"EDIT_DATE":"2026-02-26"},"geometry":{"type":"Polygon","coordinates":[[[-81.137968,40.450296],[-81.137907,40.450326],[-81.150566,40.467852],[-81.157676,40.477636],[-81.157493,40.477703],[-81.151073,40.480489],[-81.131526,40.453505],[-81.137611,40.453677],[-81.137747,40.450171],[-81.137968,40.450296]]]}},{"type":"Feature","properties":{"UNIT_ID":"DONALD","UNIT_NAME":"Donald","ORDER_NO":"2016-255","OPERATOR":"EOG Ohio","STATUS":"EFF","FORMATION":"Utica","ACRES":539.4,"EDIT_DATE":"2026-02-26"},"geometry":{"type":"Polygon","coordinates":[[[-81.152019,40.427163],[-81.145452,40.418058],[-81.149587,40.417708],[-81.149598,40.417165],[-81.157534,40.417447],[-81.161647,40.423052],[-81.169499,40.433846],[-81.16954,40.433902],[-81.159895,40.43792],[-81.152019,40.427163]]]}},{"type":"Feature","properties":{"UNIT_ID":"COLESCOTT_SOUTH","UNIT_NAME":"Colescott South","ORDER_NO":"2013-06","OPERATOR":"EOG Ohio","STATUS":"EFF","FORMATION":"Utica","ACRES":556.7,"EDIT_DATE":"2026-02-26"},"geometry":{"type":"Polygon","coordinates":[[[-81.010194,40.45258],[-80.998529,40.43664],[-81.009866,40.431742],[-81.021652,40.447697],[-81.010194,40.45258]]]}},{"type":"Feature","properties":{"UNIT_ID":"WRIGHT","UNIT_NAME":"Wright","ORDER_NO":"2014-30","OPERATOR":"EOG Ohio","STATUS":"EFF","FORMATION":"Utica","ACRES":1193.0,"EDIT_DATE":"2026-02-26"},"geometry":{"type":"Polygon","coordinates":[[[-81.084343,40.348312],[-81.083074,40.346579],[-81.07914,40.341211],[-81.083036,40.341339],[-81.088467,40.341431],[-81.093185,40.341499],[-81.103527,40.355685],[-81.103018,40.355911],[-81.120455,40.380106],[-81.107421,40.379781],[-81.092832,40.359892],[-81.087604,40.35276],[-81.08712,40.352101],[-81.08546,40.349835],[-81.084529,40.348565],[-81.084343,40.348312]]]}},{"type":"Feature","properties":{"UNIT_ID":"DODSON_SOUTH","UNIT_NAME":"Dodson South","ORDER_NO":"2014-31","OPERATOR":"EOG Ohio","STATUS":"EFF","FORMATION":"Utica","ACRES":586.1,"EDIT_DATE":"2026-02-26"},"geometry":{"type":"Polygon","coordinates":[[[-81.070029,40.346382],[-81.060448,40.333184],[-81.070269,40.329042],[-81.079287,40.341412],[-81.083074,40.346579],[-81.084343,40.348312],[-81.074812,40.352969],[-81.070029,40.346382]]]}},{"type":"Feature","properties":{"UNIT_ID":"HELEN_HALTER_NORTH","UNIT_NAME":"Helen Halter North","ORDER_NO":"2014-71","OPERATOR":"EOG Ohio","STATUS":"EFF","FORMATION":"Utica","ACRES":608.9,"EDIT_DATE":"2026-02-26"},"geometry":{"type":"Polygon","coordinates":[[[-81.059637,40.366955],[-81.05582,40.361404],[-81.065137,40.357428],[-81.08042,40.378596],[-81.071085,40.382682],[-81.059637,40.366955]]]}},{"type":"Feature","properties":{"UNIT_ID":"PIDGEON_A_WEST","UNIT_NAME":"Pidgeon A West","ORDER_NO":"2014-386","OPERATOR":"EOG Ohio","STATUS":"EFF","FORMATION":"Utica","ACRES":610.2,"EDIT_DATE":"2026-02-26"},"geometry":{"type":"Polygon","coordinates":[[[-81.025115,40.694032],[-81.013028,40.677552],[-81.004983,40.664127],[-81.011909,40.661586],[-81.019849,40.674479],[-81.031998,40.691001],[-81.025115,40.694032]]]}},{"type":"Feature","properties":{"UNIT_ID":"SENECA","UNIT_NAME":"Seneca","ORDER_NO":"2014-423","OPERATOR":"Antero","STATUS":"EFF","FORMATION":"Utica","ACRES":902.0,"EDIT_DATE":"2025-09-25"},"geometry":{"type":"Polygon","coordinates":[[[-81.41036,39.91571],[-81.398591,39.884071],[-81.40599,39.879693],[-81.410724,39.886394],[-81.416836,39.897499],[-81.417897,39.900975],[-81.419492,39.903284],[-81.419082,39.903401],[-81.419893,39.905703],[-81.422909,39.908698],[-81.421968,39.908995],[-81.420861,39.909343],[-81.420269,39.909681],[-81.415661,39.912318],[-81.414796,39.912812],[-81.413878,39.913328],[-81.413086,39.913876],[-81.41036,39.91571]]]}},{"type":"Feature","properties":{"UNIT_ID":"RAY_HAYLEY_10H","UNIT_NAME":"Ray Hayley 10H","ORDER_NO":"2014-446","OPERATOR":"EOG Ohio","STATUS":"EFF","FORMATION":"Utica","ACRES":353.7,"EDIT_DATE":"2026-02-26"},"geometry":{"type":"Polygon","coordinates":[[[-81.104882,40.454904],[-81.084999,40.42703],[-81.089036,40.425342],[-81.109258,40.453119],[-81.104882,40.454904]]]}},{"type":"Feature","properties":{"UNIT_ID":"LEGGETT_SOUTH","UNIT_NAME":"Leggett South","ORDER_NO":"2014-470","OPERATOR":"EOG Ohio","STATUS":"EFF","FORMATION":"Utica","ACRES":510.9,"EDIT_DATE":"2026-02-26"},"geometry":{"type":"Polygon","coordinates":[[[-81.081991,40.441327],[-81.092093,40.436978],[-81.104235,40.454075],[-81.094577,40.458195],[-81.082056,40.441299],[-81.081991,40.441327]]]}},{"type":"Feature","properties":{"UNIT_ID":"KLODT","UNIT_NAME":"Klodt","ORDER_NO":"2014-522","OPERATOR":"EOG Ohio","STATUS":"EFF","FORMATION":"Utica","ACRES":1250.4,"EDIT_DATE":"2026-02-26"},"geometry":{"type":"Polygon","coordinates":[[[-81.08042,40.378596],[-81.065137,40.357428],[-81.05997,40.350584],[-81.070029,40.346382],[-81.074812,40.352969],[-81.100189,40.388026],[-81.089873,40.391741],[-81.08042,40.378596]]]}},{"type":"Feature","properties":{"UNIT_ID":"HESTON_SOUTHEAST","UNIT_NAME":"Heston Southeast","ORDER_NO":"2014-545","OPERATOR":"EOG Ohio","STATUS":"EFF","FORMATION":"Utica","ACRES":259.1,"EDIT_DATE":"2026-02-26"},"geometry":{"type":"Polygon","coordinates":[[[-80.973803,40.687444],[-80.956144,40.663583],[-80.95979,40.662011],[-80.97725,40.685956],[-80.973803,40.687444]]]}},{"type":"Feature","properties":{"UNIT_ID":"GOEBELER_SW","UNIT_NAME":"Goebeler SW","ORDER_NO":"2014-542","OPERATOR":"INR Ohio","STATUS":"EFF","FORMATION":"Utica","ACRES":590.3,"EDIT_DATE":"2025-09-25"},"geometry":{"type":"Polygon","coordinates":[[[-81.096547,40.645224],[-81.081242,40.6278],[-81.091247,40.622582],[-81.106554,40.640021],[-81.096547,40.645224]]]}},{"type":"Feature","properties":{"UNIT_ID":"GOEBELER_SE","UNIT_NAME":"Goebeler SE","ORDER_NO":"2014-543","OPERATOR":"INR Ohio","STATUS":"EFF","FORMATION":"Utica","ACRES":554.2,"EDIT_DATE":"2025-09-25"},"geometry":{"type":"Polygon","coordinates":[[[-81.081242,40.6278],[-81.096547,40.645224],[-81.091637,40.647711],[-81.089219,40.647644],[-81.089165,40.648897],[-81.088524,40.649233],[-81.070284,40.628662],[-81.078264,40.624576],[-81.081242,40.6278]]]}},{"type":"Feature","properties":{"UNIT_ID":"HOGSTON_C_UNIT","UNIT_NAME":"Hogston C Unit","ORDER_NO":"2016-437","OPERATOR":"Gulfport Energy Transferred to Gulfport Appalachia","STATUS":"EFF","FORMATION":"Utica","ACRES":589.5,"EDIT_DATE":"2025-04-08"},"geometry":{"type":"Polygon","coordinates":[[[-80.998981,39.967002],[-80.975777,39.936482],[-80.976467,39.936141],[-80.962117,39.916338],[-80.965534,39.914943],[-80.996428,39.95759],[-80.997838,39.95697],[-81.003681,39.964781],[-80.998981,39.967002]]]}},{"type":"Feature","properties":{"UNIT_ID":"HOGSTON_A_UNIT","UNIT_NAME":"Hogston A Unit","ORDER_NO":"2016-451","OPERATOR":"Gulfport Energy Transferred to Gulfport Appalachia","STATUS":"EFF","FORMATION":"Utica","ACRES":444.0,"EDIT_DATE":"2025-04-08"},"geometry":{"type":"Polygon","coordinates":[[[-80.99945,39.956253],[-80.968899,39.913576],[-80.972071,39.912277],[-81.002976,39.954481],[-80.99945,39.956253]]]}},{"type":"Feature","properties":{"UNIT_ID":"HOGSTON_B_UNIT","UNIT_NAME":"Hogston B Unit","ORDER_NO":"2017-11","OPERATOR":"Gulfport Energy Transferred to Gulfport Appalachia","STATUS":"EFF","FORMATION":"Utica","ACRES":416.2,"EDIT_DATE":"2025-04-08"},"geometry":{"type":"Polygon","coordinates":[[[-80.996428,39.95759],[-80.965502,39.914956],[-80.968899,39.913576],[-80.999396,39.956253],[-80.996428,39.95759]]]}},{"type":"Feature","properties":{"UNIT_ID":"CRESTONE","UNIT_NAME":"Crestone","ORDER_NO":"2017-38","OPERATOR":"Antero","STATUS":"EFF","FORMATION":"Utica","ACRES":961.5,"EDIT_DATE":"2025-04-08"},"geometry":{"type":"Polygon","coordinates":[[[-81.195744,39.855248],[-81.186695,39.859338],[-81.185137,39.857277],[-81.184778,39.857331],[-81.184795,39.856603],[-81.180062,39.850118],[-81.167335,39.8328],[-81.165736,39.829805],[-81.165228,39.829699],[-81.164656,39.826951],[-81.164043,39.823793],[-81.170981,39.820814],[-81.195744,39.855248]]]}},{"type":"Feature","properties":{"UNIT_ID":"PA_19A_EAST","UNIT_NAME":"PA 19A East","ORDER_NO":"2017-169","OPERATOR":"Gulfport Energy Transferred to Gulfport Appalachia","STATUS":"EFF","FORMATION":"Utica","ACRES":510.0,"EDIT_DATE":"2025-09-25"},"geometry":{"type":"Polygon","coordinates":[[[-80.789931,39.954749],[-80.775847,39.935113],[-80.779017,39.933838],[-80.787126,39.945065],[-80.790268,39.943652],[-80.805099,39.964405],[-80.798796,39.967109],[-80.789931,39.954749]]]}},{"type":"Feature","properties":{"UNIT_ID":"HANCHIN_NORTH","UNIT_NAME":"Hanchin North","ORDER_NO":"2017-152","OPERATOR":"EOG Ohio","STATUS":"EFF","FORMATION":"Utica","ACRES":853.2,"EDIT_DATE":"2026-02-26"},"geometry":{"type":"Polygon","coordinates":[[[-80.902474,40.443884],[-80.880571,40.413953],[-80.890627,40.409702],[-80.905411,40.43006],[-80.905362,40.431276],[-80.904994,40.432358],[-80.9045,40.433005],[-80.910156,40.440659],[-80.902474,40.443884]]]}},{"type":"Feature","properties":{"UNIT_ID":"BOZICH_B","UNIT_NAME":"Bozich B","ORDER_NO":"2017-128","OPERATOR":"EOG Ohio","STATUS":"EFF","FORMATION":"Utica","ACRES":642.7,"EDIT_DATE":"2026-02-26"},"geometry":{"type":"Polygon","coordinates":[[[-80.733973,40.459977],[-80.710105,40.426868],[-80.716494,40.424153],[-80.740399,40.457376],[-80.733973,40.459977]]]}},{"type":"Feature","properties":{"UNIT_ID":"CLARA","UNIT_NAME":"Clara","ORDER_NO":"2016-120","OPERATOR":"Antero","STATUS":"EFF","FORMATION":"Utica","ACRES":711.4,"EDIT_DATE":"2025-09-25"},"geometry":{"type":"Polygon","coordinates":[[[-81.25223,39.810262],[-81.262469,39.805785],[-81.278707,39.828467],[-81.278719,39.828485],[-81.275421,39.82988],[-81.268587,39.83277],[-81.268506,39.832804],[-81.26632,39.829778],[-81.25223,39.810262]]]}},{"type":"Feature","properties":{"UNIT_ID":"PA_19B","UNIT_NAME":"PA 19B","ORDER_NO":"2017-255","OPERATOR":"Gulfport Energy Transferred to Gulfport Appalachia","STATUS":"EFF","FORMATION":"Utica","ACRES":629.0,"EDIT_DATE":"2025-09-25"},"geometry":{"type":"Polygon","coordinates":[[[-80.792555,39.969965],[-80.769502,39.937878],[-80.775946,39.935073],[-80.798796,39.967109],[-80.792555,39.969965]]]}},{"type":"Feature","properties":{"UNIT_ID":"SHANNON_SOUTH_2019","UNIT_NAME":"Shannon South 2019","ORDER_NO":"2020-07","OPERATOR":"Gulfport Energy Transferred to Gulfport Appalachia","STATUS":"EFF","FORMATION":"Utica","ACRES":611.6,"EDIT_DATE":"2025-11-21"},"geometry":{"type":"Polygon","coordinates":[[[-80.824472,39.883401],[-80.814475,39.887586],[-80.80058,39.868346],[-80.800825,39.868233],[-80.800835,39.867821],[-80.800913,39.867589],[-80.802847,39.866151],[-80.80324,39.866408],[-80.804728,39.865685],[-80.804819,39.865752],[-80.805349,39.865321],[-80.805218,39.865084],[-80.805576,39.86496],[-80.805672,39.865058],[-80.805746,39.864998],[-80.805934,39.864565],[-80.806189,39.864621],[-80.8065,39.864236],[-80.807063,39.864097],[-80.807222,39.863818],[-80.807648,39.863898],[-80.808151,39.86399],[-80.808466,39.864041],[-80.808906,39.864114],[-80.809336,39.864186],[-80.809902,39.864273],[-80.810402,39.864532],[-80.810795,39.864509],[-80.810827,39.864609],[-80.810914,39.864768],[-80.811285,39.86502],[-80.824472,39.883401]]]}},{"type":"Feature","properties":{"UNIT_ID":"MELLOTT_RIDGE_II_EAST","UNIT_NAME":"Mellott Ridge II East","ORDER_NO":"2017-455","OPERATOR":"Gulfport Energy Transferred to Gulfport Appalachia","STATUS":"EFF","FORMATION":"Utica","ACRES":710.3,"EDIT_DATE":"2025-09-17"},"geometry":{"type":"Polygon","coordinates":[[[-81.00759,39.83484],[-81.001182,39.837631],[-80.975331,39.801435],[-80.981705,39.798712],[-81.00759,39.83484]]]}},{"type":"Feature","properties":{"UNIT_ID":"SHANNON_FAR_EAST_2019","UNIT_NAME":"Shannon Far East 2019","ORDER_NO":"2020-06","OPERATOR":"Gulfport Energy Transferred to Gulfport Appalachia","STATUS":"EFF","FORMATION":"Utica","ACRES":438.3,"EDIT_DATE":"2025-11-21"},"geometry":{"type":"Polygon","coordinates":[[[-80.82541,39.90952],[-80.7973,39.870537],[-80.797707,39.870331],[-80.797717,39.870332],[-80.798956,39.870413],[-80.798889,39.870986],[-80.799044,39.87101],[-80.799102,39.870384],[-80.799509,39.870523],[-80.79953,39.870332],[-80.799865,39.869859],[-80.802305,39.870726],[-80.814425,39.887517],[-80.829128,39.907999],[-80.82541,39.90952]]]}},{"type":"Feature","properties":{"UNIT_ID":"CONDOR_EAST","UNIT_NAME":"Condor East","ORDER_NO":"2017-443","OPERATOR":"Gulfport Energy Transferred to Gulfport Appalachia","STATUS":"EFF","FORMATION":"Utica","ACRES":688.8,"EDIT_DATE":"2025-04-08"},"geometry":{"type":"Polygon","coordinates":[[[-80.957749,39.944219],[-80.951284,39.94692],[-80.925997,39.911864],[-80.932458,39.909236],[-80.957749,39.944219]]]}},{"type":"Feature","properties":{"UNIT_ID":"CONDOR_WEST","UNIT_NAME":"Condor West","ORDER_NO":"2017-444","OPERATOR":"Gulfport Energy Transferred to Gulfport Appalachia","STATUS":"EFF","FORMATION":"Utica","ACRES":643.2,"EDIT_DATE":"2025-04-08"},"geometry":{"type":"Polygon","coordinates":[[[-80.963741,39.941124],[-80.963255,39.941283],[-80.963209,39.941919],[-80.957749,39.944219],[-80.934252,39.911719],[-80.93469,39.910339],[-80.939908,39.908136],[-80.963741,39.941124]]]}},{"type":"Feature","properties":{"UNIT_ID":"PIDGEON_A_EAST","UNIT_NAME":"Pidgeon A East","ORDER_NO":"2014-290","OPERATOR":"EOG Ohio","STATUS":"EFF","FORMATION":"Utica","ACRES":590.2,"EDIT_DATE":"2026-02-26"},"geometry":{"type":"Polygon","coordinates":[[[-81.015048,40.680306],[-81.02512,40.69403],[-81.022446,40.695273],[-81.01906,40.696646],[-81.01845,40.696823],[-81.010503,40.685791],[-81.008923,40.683597],[-81.009384,40.683342],[-80.997437,40.667135],[-81.004983,40.664127],[-81.011315,40.674693],[-81.012553,40.67676],[-81.013016,40.677531],[-81.013338,40.677974],[-81.015048,40.680306]]]}},{"type":"Feature","properties":{"UNIT_ID":"SCHNEGG_UNIT_C","UNIT_NAME":"Schnegg Unit C","ORDER_NO":"2016-264","OPERATOR":"Ascent","STATUS":"EFF","FORMATION":"Utica","ACRES":424.4,"EDIT_DATE":"2025-04-09"},"geometry":{"type":"Polygon","coordinates":[[[-80.849854,39.864213],[-80.845131,39.86131],[-80.837977,39.856889],[-80.838636,39.853902],[-80.838858,39.853904],[-80.839833,39.853746],[-80.840298,39.85353],[-80.84135,39.853386],[-80.841649,39.853228],[-80.842606,39.853423],[-80.843247,39.853449],[-80.844698,39.853509],[-80.845437,39.853539],[-80.84611,39.853686],[-80.846452,39.854019],[-80.847279,39.854007],[-80.84806,39.854236],[-80.847911,39.855323],[-80.865113,39.86606],[-80.865041,39.867327],[-80.8617,39.870402],[-80.859408,39.87029],[-80.852967,39.866348],[-80.849854,39.864213]]]}},{"type":"Feature","properties":{"UNIT_ID":"MELLOTT_RIDGE_II_WEST","UNIT_NAME":"Mellott Ridge II West","ORDER_NO":"2018-04","OPERATOR":"Gulfport Energy Transferred to Gulfport Appalachia","STATUS":"EFF","FORMATION":"Utica","ACRES":720.2,"EDIT_DATE":"2025-10-14"},"geometry":{"type":"Polygon","coordinates":[[[-81.00759,39.83484],[-80.981705,39.798713],[-80.98807,39.795829],[-81.014055,39.831949],[-81.00759,39.83484]]]}},{"type":"Feature","properties":{"UNIT_ID":"HENDERSHOT_WEST_2019","UNIT_NAME":"Hendershot West 2019","ORDER_NO":"2020-02","OPERATOR":"Gulfport Energy Transferred to Gulfport Appalachia","STATUS":"EFF","FORMATION":"Utica","ACRES":402.5,"EDIT_DATE":"2025-11-21"},"geometry":{"type":"Polygon","coordinates":[[[-80.82204,39.911082],[-80.794177,39.87217],[-80.794507,39.871167],[-80.796765,39.871284],[-80.796972,39.871345],[-80.797045,39.870689],[-80.797338,39.870588],[-80.82541,39.909524],[-80.82204,39.911082]]]}},{"type":"Feature","properties":{"UNIT_ID":"PICKENS","UNIT_NAME":"Pickens","ORDER_NO":"2018-14","OPERATOR":"EOG Ohio","STATUS":"EFF","FORMATION":"Utica","ACRES":1115.9,"EDIT_DATE":"2026-02-26"},"geometry":{"type":"Polygon","coordinates":[[[-80.919989,40.421691],[-80.893881,40.385469],[-80.900566,40.382712],[-80.903893,40.381229],[-80.924587,40.409604],[-80.930309,40.417311],[-80.919989,40.421691]]]}},{"type":"Feature","properties":{"UNIT_ID":"HORSESHOE_B","UNIT_NAME":"Horseshoe B","ORDER_NO":"2018-51","OPERATOR":"Gulfport Energy Transferred to Gulfport Appalachia","STATUS":"EFF","FORMATION":"Utica","ACRES":689.7,"EDIT_DATE":"2025-04-08"},"geometry":{"type":"Polygon","coordinates":[[[-80.907452,39.874233],[-80.932458,39.909236],[-80.926018,39.911892],[-80.90422,39.881542],[-80.900995,39.877061],[-80.901174,39.8769],[-80.901738,39.876647],[-80.907452,39.874233]]]}},{"type":"Feature","properties":{"UNIT_ID":"OLD_OAK_FARM_CENTRAL","UNIT_NAME":"Old Oak Farm Central","ORDER_NO":"2018-45","OPERATOR":"EOG Ohio","STATUS":"EFF","FORMATION":"Utica","ACRES":559.8,"EDIT_DATE":"2026-02-26"},"geometry":{"type":"Polygon","coordinates":[[[-80.779115,40.493199],[-80.74057,40.439359],[-80.743931,40.437972],[-80.782692,40.491806],[-80.779115,40.493199]]]}},{"type":"Feature","properties":{"UNIT_ID":"OLD_OAK_FARM_WEST","UNIT_NAME":"Old Oak Farm West","ORDER_NO":"2018-88","OPERATOR":"EOG Ohio","STATUS":"EFF","FORMATION":"Utica","ACRES":522.5,"EDIT_DATE":"2026-02-26"},"geometry":{"type":"Polygon","coordinates":[[[-80.782655,40.49182],[-80.743931,40.437972],[-80.74705,40.436694],[-80.763911,40.45999],[-80.785928,40.490388],[-80.782655,40.49182]]]}},{"type":"Feature","properties":{"UNIT_ID":"OLD_OAK_FARM_EAST","UNIT_NAME":"Old Oak Farm East","ORDER_NO":"2018-87","OPERATOR":"EOG Ohio","STATUS":"EFF","FORMATION":"Utica","ACRES":564.7,"EDIT_DATE":"2026-02-26"},"geometry":{"type":"Polygon","coordinates":[[[-80.775962,40.494543],[-80.736207,40.439702],[-80.739993,40.438174],[-80.740848,40.439237],[-80.740567,40.439354],[-80.779184,40.493169],[-80.775962,40.494543]]]}},{"type":"Feature","properties":{"UNIT_ID":"WARE_SOUTH","UNIT_NAME":"Ware South","ORDER_NO":"2018-110","OPERATOR":"Gulfport Energy Transferred to Gulfport Appalachia","STATUS":"EFF","FORMATION":"Utica","ACRES":638.4,"EDIT_DATE":"2025-04-08"},"geometry":{"type":"Polygon","coordinates":[[[-80.755846,40.099623],[-80.771715,40.12165],[-80.76634,40.123941],[-80.765678,40.122976],[-80.761303,40.124755],[-80.746182,40.103758],[-80.755846,40.099623]]]}},{"type":"Feature","properties":{"UNIT_ID":"MCBRIDE_EAST","UNIT_NAME":"McBride East","ORDER_NO":"2018-101","OPERATOR":"EOG Ohio","STATUS":"EFF","FORMATION":"Utica","ACRES":556.7,"EDIT_DATE":"2026-02-26"},"geometry":{"type":"Polygon","coordinates":[[[-80.944303,40.436153],[-80.924493,40.409422],[-80.903893,40.381229],[-80.90742,40.379661],[-80.924523,40.403446],[-80.947341,40.434902],[-80.944303,40.436153]]]}},{"type":"Feature","properties":{"UNIT_ID":"MCBRIDE_CENTRAL","UNIT_NAME":"McBride Central","ORDER_NO":"2018-108","OPERATOR":"EOG Ohio","STATUS":"EFF","FORMATION":"Utica","ACRES":614.1,"EDIT_DATE":"2026-02-26"},"geometry":{"type":"Polygon","coordinates":[[[-80.930966,40.400788],[-80.95375,40.432104],[-80.94732,40.434873],[-80.924558,40.403502],[-80.930966,40.400788]]]}},{"type":"Feature","properties":{"UNIT_ID":"TIMBER_WOLF","UNIT_NAME":"Timber Wolf","ORDER_NO":"2019-209","OPERATOR":"Gulfport Energy","STATUS":"EFF","FORMATION":"Utica","ACRES":650.7,"EDIT_DATE":"2025-09-25"},"geometry":{"type":"Polygon","coordinates":[[[-80.963741,39.941124],[-80.951834,39.924478],[-80.964106,39.919084],[-80.976467,39.936141],[-80.975777,39.936482],[-80.964055,39.941573],[-80.963741,39.941124]]]}},{"type":"Feature","properties":{"UNIT_ID":"ROTH_A","UNIT_NAME":"Roth A","ORDER_NO":"2018-151","OPERATOR":"SWN Production","STATUS":"EFF","FORMATION":"Utica","ACRES":569.9,"EDIT_DATE":"2025-04-09"},"geometry":{"type":"Polygon","coordinates":[[[-81.036785,39.701298],[-80.983295,39.660158],[-80.98356,39.659893],[-80.987076,39.657239],[-81.000975,39.668021],[-81.000206,39.668449],[-81.000166,39.669135],[-81.040361,39.699987],[-81.036785,39.701298]]]}},{"type":"Feature","properties":{"UNIT_ID":"ROTH_D","UNIT_NAME":"Roth D","ORDER_NO":"2018-152","OPERATOR":"SWN Production","STATUS":"EFF","FORMATION":"Utica","ACRES":622.9,"EDIT_DATE":"2025-04-09"},"geometry":{"type":"Polygon","coordinates":[[[-80.97927,39.6644],[-80.992803,39.674787],[-80.992789,39.675448],[-81.031625,39.705311],[-81.030104,39.705964],[-81.029635,39.705837],[-81.029549,39.7062],[-81.029223,39.706338],[-81.029074,39.706068],[-81.028902,39.706083],[-81.029005,39.706431],[-81.027718,39.706978],[-80.974613,39.666264],[-80.974761,39.664087],[-80.97927,39.6644]]]}},{"type":"Feature","properties":{"UNIT_ID":"ROTH_E","UNIT_NAME":"Roth E","ORDER_NO":"2018-175","OPERATOR":"SWN Production","STATUS":"EFF","FORMATION":"Utica","ACRES":521.7,"EDIT_DATE":"2025-04-09"},"geometry":{"type":"Polygon","coordinates":[[[-81.027718,39.706978],[-81.02393,39.708516],[-80.974462,39.670361],[-80.9748,39.666407],[-81.027718,39.706978]]]}},{"type":"Feature","properties":{"UNIT_ID":"ROLLAND_F","UNIT_NAME":"Rolland F","ORDER_NO":"2018-230","OPERATOR":"SWN Production","STATUS":"EFF","FORMATION":"Utica","ACRES":589.8,"EDIT_DATE":"2025-04-09"},"geometry":{"type":"Polygon","coordinates":[[[-81.000884,39.667952],[-80.969512,39.643607],[-80.971069,39.642518],[-80.963833,39.636766],[-80.966459,39.634645],[-81.007814,39.666599],[-81.005319,39.667179],[-81.004321,39.668076],[-81.000884,39.667952]]]}},{"type":"Feature","properties":{"UNIT_ID":"ROLLAND_D","UNIT_NAME":"Rolland D","ORDER_NO":"2018-251","OPERATOR":"SWN Production","STATUS":"EFF","FORMATION":"Utica","ACRES":389.3,"EDIT_DATE":"2025-04-09"},"geometry":{"type":"Polygon","coordinates":[[[-81.010404,39.663488],[-80.976804,39.637797],[-80.96962,39.632197],[-80.972255,39.630134],[-81.013014,39.66156],[-81.010404,39.663488]]]}},{"type":"Feature","properties":{"UNIT_ID":"RAMSEY_2019","UNIT_NAME":"Ramsey 2019","ORDER_NO":"2020-08","OPERATOR":"Gulfport Energy Transferred to Gulfport Appalachia","STATUS":"EFF","FORMATION":"Utica","ACRES":614.5,"EDIT_DATE":"2025-11-21"},"geometry":{"type":"Polygon","coordinates":[[[-80.825831,39.885295],[-80.811285,39.86502],[-80.811309,39.864977],[-80.811978,39.864146],[-80.813038,39.862842],[-80.812975,39.862723],[-80.813661,39.861889],[-80.818554,39.860433],[-80.819314,39.859661],[-80.819235,39.859614],[-80.819292,39.859557],[-80.819458,39.859391],[-80.835189,39.881315],[-80.825831,39.885295]]]}},{"type":"Feature","properties":{"UNIT_ID":"MCKEEGAN_SOUTH","UNIT_NAME":"McKeegan South","ORDER_NO":"2018-94","OPERATOR":"Gulfport Energy Transferred to Gulfport Appalachia","STATUS":"EFF","FORMATION":"Utica","ACRES":601.3,"EDIT_DATE":"2025-04-08"},"geometry":{"type":"Polygon","coordinates":[[[-80.731881,40.153259],[-80.718634,40.134525],[-80.713228,40.12706],[-80.712251,40.122992],[-80.711336,40.120908],[-80.712011,40.120228],[-80.712218,40.120258],[-80.712358,40.12018],[-80.711714,40.119666],[-80.711792,40.119322],[-80.712206,40.119381],[-80.712486,40.119253],[-80.713201,40.119688],[-80.713479,40.119613],[-80.714708,40.120242],[-80.715155,40.120329],[-80.715778,40.120285],[-80.715928,40.119836],[-80.716647,40.120112],[-80.716815,40.120327],[-80.738453,40.15057],[-80.731881,40.153259]]]}},{"type":"Feature","properties":{"UNIT_ID":"FINERAN_A","UNIT_NAME":"Fineran A","ORDER_NO":"2018-279","OPERATOR":"SWN Production","STATUS":"EFF","FORMATION":"Utica","ACRES":668.5,"EDIT_DATE":"2025-06-02"},"geometry":{"type":"Polygon","coordinates":[[[-81.350162,40.026425],[-81.381241,40.067876],[-81.376065,40.070151],[-81.344934,40.028634],[-81.350162,40.026425]]]}},{"type":"Feature","properties":{"UNIT_ID":"WRIGHT_UNIT_A_2018","UNIT_NAME":"Wright Unit A 2018","ORDER_NO":"2018-304","OPERATOR":"Ascent","STATUS":"EFF","FORMATION":"Utica","ACRES":567.0,"EDIT_DATE":"2025-11-21"},"geometry":{"type":"Polygon","coordinates":[[[-80.803283,39.988847],[-80.845663,40.004286],[-80.844457,40.006225],[-80.844565,40.006927],[-80.845168,40.006662],[-80.845099,40.007002],[-80.844971,40.007882],[-80.842703,40.011046],[-80.830373,40.00554],[-80.823863,40.002718],[-80.814631,39.999414],[-80.814722,39.997432],[-80.812478,39.996035],[-80.812152,39.995335],[-80.811044,39.995293],[-80.808112,39.993509],[-80.807968,39.993423],[-80.805519,39.992395],[-80.805522,39.991939],[-80.802628,39.990273],[-80.8027,39.989878],[-80.802212,39.989925],[-80.802246,39.989209],[-80.802575,39.989236],[-80.802773,39.989195],[-80.80301,39.989107],[-80.803179,39.988983],[-80.803283,39.988847]]]}},{"type":"Feature","properties":{"UNIT_ID":"WRIGHT_UNIT_B_2018","UNIT_NAME":"Wright Unit B 2018","ORDER_NO":"2018-305","OPERATOR":"Ascent","STATUS":"EFF","FORMATION":"Utica","ACRES":642.1,"EDIT_DATE":"2025-11-21"},"geometry":{"type":"Polygon","coordinates":[[[-80.834247,39.993601],[-80.84881,39.999069],[-80.845663,40.004286],[-80.803283,39.988847],[-80.802471,39.988554],[-80.804553,39.985641],[-80.80458,39.985458],[-80.804725,39.985462],[-80.806399,39.983638],[-80.825952,39.990812],[-80.826238,39.990858],[-80.826315,39.990778],[-80.826383,39.990816],[-80.826437,39.990878],[-80.826559,39.990945],[-80.834247,39.993601]]]}},{"type":"Feature","properties":{"UNIT_ID":"FINERAN_B","UNIT_NAME":"Fineran B","ORDER_NO":"2018-284","OPERATOR":"SWN Production","STATUS":"EFF","FORMATION":"Utica","ACRES":655.5,"EDIT_DATE":"2025-06-02"},"geometry":{"type":"Polygon","coordinates":[[[-81.37087,40.072292],[-81.339883,40.030836],[-81.340112,40.030745],[-81.344934,40.028634],[-81.376065,40.070151],[-81.37087,40.072292]]]}},{"type":"Feature","properties":{"UNIT_ID":"MILLER_UNIT_C","UNIT_NAME":"Miller Unit C","ORDER_NO":"2018-411","OPERATOR":"Ascent","STATUS":"EFF","FORMATION":"Utica","ACRES":643.1,"EDIT_DATE":"2025-11-21"},"geometry":{"type":"Polygon","coordinates":[[[-80.818043,40.016955],[-80.785474,39.999409],[-80.78993,39.994478],[-80.804518,40.002305],[-80.813406,40.006928],[-80.814095,40.006375],[-80.816077,40.005066],[-80.819306,40.006751],[-80.819605,40.007138],[-80.822504,40.010207],[-80.82308,40.014027],[-80.823162,40.014575],[-80.823111,40.016293],[-80.820291,40.015779],[-80.819505,40.015299],[-80.819604,40.0161],[-80.81813,40.016716],[-80.818043,40.016955]]]}},{"type":"Feature","properties":{"UNIT_ID":"PATTON_B","UNIT_NAME":"Patton B","ORDER_NO":"2018-410","OPERATOR":"Gulfport Energy Transferred to Gulfport Appalachia","STATUS":"EFF","FORMATION":"Utica","ACRES":660.1,"EDIT_DATE":"2025-11-21"},"geometry":{"type":"Polygon","coordinates":[[[-80.923734,39.908715],[-80.947786,39.942085],[-80.939079,39.941726],[-80.91619,39.910117],[-80.92229,39.907491],[-80.923271,39.908894],[-80.923734,39.908715]]]}},{"type":"Feature","properties":{"UNIT_ID":"PATTON_C","UNIT_NAME":"Patton C","ORDER_NO":"2018-414","OPERATOR":"Gulfport Energy Transferred to Gulfport Appalachia","STATUS":"EFF","FORMATION":"Utica","ACRES":610.7,"EDIT_DATE":"2025-11-21"},"geometry":{"type":"Polygon","coordinates":[[[-80.916195,39.910123],[-80.939079,39.941726],[-80.930248,39.941348],[-80.908408,39.911108],[-80.913385,39.911329],[-80.916195,39.910123]]]}},{"type":"Feature","properties":{"UNIT_ID":"CHARLIE_SOUTH","UNIT_NAME":"Charlie South","ORDER_NO":"2018-200","OPERATOR":"Gulfport Energy Transferred to Gulfport Appalachia","STATUS":"EFF","FORMATION":"Utica","ACRES":699.7,"EDIT_DATE":"2025-11-21"},"geometry":{"type":"Polygon","coordinates":[[[-80.835328,39.881508],[-80.819458,39.859391],[-80.822951,39.855848],[-80.822683,39.855696],[-80.824055,39.854268],[-80.822866,39.854195],[-80.82319,39.853866],[-80.823325,39.853637],[-80.823542,39.853269],[-80.823842,39.852693],[-80.823702,39.852613],[-80.823638,39.852525],[-80.823719,39.852439],[-80.823754,39.852364],[-80.823812,39.852226],[-80.823896,39.852022],[-80.823965,39.851901],[-80.824055,39.85178],[-80.824464,39.851203],[-80.824692,39.85088],[-80.824899,39.850506],[-80.825118,39.850041],[-80.825253,39.850077],[-80.843875,39.876179],[-80.840212,39.879225],[-80.835328,39.881508]]]}},{"type":"Feature","properties":{"UNIT_ID":"AUER_NORTH","UNIT_NAME":"Auer North","ORDER_NO":"2018-231","OPERATOR":"Hilcorp Energy","STATUS":"EFF","FORMATION":"Utica","ACRES":257.3,"EDIT_DATE":"2025-10-17"},"geometry":{"type":"Polygon","coordinates":[[[-80.722832,40.815037],[-80.709234,40.797895],[-80.713759,40.795822],[-80.727063,40.812531],[-80.727042,40.815461],[-80.726825,40.815436],[-80.722832,40.815037]]]}},{"type":"Feature","properties":{"UNIT_ID":"CRAIG_MILLER_B","UNIT_NAME":"Craig Miller B","ORDER_NO":"2018-319","OPERATOR":"SWN Production","STATUS":"EFF","FORMATION":"Utica","ACRES":522.2,"EDIT_DATE":"2025-04-09"},"geometry":{"type":"Polygon","coordinates":[[[-80.960986,39.802044],[-80.934945,39.766507],[-80.937914,39.764413],[-80.939665,39.766897],[-80.940103,39.766893],[-80.940094,39.767168],[-80.94101,39.767139],[-80.942358,39.766858],[-80.942536,39.767122],[-80.942869,39.768015],[-80.943178,39.768871],[-80.943476,39.768875],[-80.94356,39.769129],[-80.943795,39.76927],[-80.943666,39.769729],[-80.9441,39.770333],[-80.944057,39.770885],[-80.944287,39.771302],[-80.944466,39.771282],[-80.944868,39.772],[-80.945106,39.772004],[-80.945307,39.772352],[-80.965848,39.799756],[-80.965726,39.800723],[-80.964651,39.801134],[-80.961068,39.800954],[-80.960986,39.802044]]]}},{"type":"Feature","properties":{"UNIT_ID":"CRAIG_MILLER_A","UNIT_NAME":"Craig Miller A","ORDER_NO":"2018-320","OPERATOR":"SWN Production","STATUS":"EFF","FORMATION":"Utica","ACRES":566.2,"EDIT_DATE":"2025-04-09"},"geometry":{"type":"Polygon","coordinates":[[[-80.965848,39.799756],[-80.94533,39.772381],[-80.945093,39.772003],[-80.94488,39.772001],[-80.944479,39.771305],[-80.944443,39.771245],[-80.945394,39.771295],[-80.945447,39.770575],[-80.94912,39.771114],[-80.949128,39.771006],[-80.953939,39.77124],[-80.972864,39.797853],[-80.966051,39.797579],[-80.965848,39.799756]]]}},{"type":"Feature","properties":{"UNIT_ID":"BLUEBONNET_C","UNIT_NAME":"Bluebonnet C","ORDER_NO":"2018-419","OPERATOR":"SWN Production","STATUS":"EFF","FORMATION":"Utica","ACRES":516.8,"EDIT_DATE":"2025-04-09"},"geometry":{"type":"Polygon","coordinates":[[[-81.010421,39.786089],[-80.981812,39.747884],[-80.982858,39.747365],[-80.983399,39.747152],[-80.983908,39.746891],[-80.984499,39.746713],[-80.984821,39.746658],[-80.985385,39.74664],[-80.985733,39.746662],[-80.986175,39.746732],[-80.986419,39.746784],[-80.986811,39.746878],[-81.014829,39.784255],[-81.010421,39.786089]]]}},{"type":"Feature","properties":{"UNIT_ID":"BLUEBONNET_A","UNIT_NAME":"Bluebonnet A","ORDER_NO":"2019-01","OPERATOR":"SWN Production","STATUS":"EFF","FORMATION":"Utica","ACRES":503.3,"EDIT_DATE":"2025-04-09"},"geometry":{"type":"Polygon","coordinates":[[[-80.998136,39.747108],[-81.023022,39.780137],[-81.022984,39.78076],[-81.019036,39.78234],[-80.990796,39.74467],[-80.99573,39.742549],[-80.998853,39.746797],[-80.998136,39.747108]]]}},{"type":"Feature","properties":{"UNIT_ID":"BLUEBONNET_B","UNIT_NAME":"Bluebonnet B","ORDER_NO":"2019-02","OPERATOR":"SWN Production","STATUS":"EFF","FORMATION":"Utica","ACRES":501.6,"EDIT_DATE":"2025-04-09"},"geometry":{"type":"Polygon","coordinates":[[[-80.990882,39.744784],[-81.018994,39.782285],[-81.014829,39.784255],[-81.01468,39.784057],[-80.986811,39.746878],[-80.9865,39.746431],[-80.990572,39.744473],[-80.990882,39.744784]]]}},{"type":"Feature","properties":{"UNIT_ID":"PYLES_C","UNIT_NAME":"Pyles C","ORDER_NO":"2019-05","OPERATOR":"SWN Production","STATUS":"EFF","FORMATION":"Utica","ACRES":702.0,"EDIT_DATE":"2025-12-04"},"geometry":{"type":"Polygon","coordinates":[[[-80.975389,39.80141],[-80.953939,39.77124],[-80.955841,39.771329],[-80.961481,39.768465],[-80.983438,39.797806],[-80.981782,39.798672],[-80.975389,39.80141]]]}},{"type":"Feature","properties":{"UNIT_ID":"STARVAGGI_WEST","UNIT_NAME":"Starvaggi West","ORDER_NO":"2019-15","OPERATOR":"Gulfport Energy Transferred to Gulfport Appalachia","STATUS":"EFF","FORMATION":"Utica","ACRES":797.5,"EDIT_DATE":"2025-11-21"},"geometry":{"type":"Polygon","coordinates":[[[-80.727395,40.111766],[-80.751107,40.145361],[-80.74468,40.148178],[-80.71621,40.108069],[-80.722148,40.105385],[-80.724124,40.107047],[-80.727395,40.111766]]]}},{"type":"Feature","properties":{"UNIT_ID":"PYLES_B","UNIT_NAME":"Pyles B","ORDER_NO":"2019-19","OPERATOR":"SWN Production","STATUS":"EFF","FORMATION":"Utica","ACRES":330.5,"EDIT_DATE":"2025-12-04"},"geometry":{"type":"Polygon","coordinates":[[[-80.983438,39.797805],[-80.961442,39.768484],[-80.96296,39.767627],[-80.963061,39.765751],[-80.963635,39.765629],[-80.964174,39.765535],[-80.969254,39.772579],[-80.976772,39.783],[-80.977005,39.783323],[-80.977967,39.784657],[-80.987291,39.796181],[-80.983438,39.797805]]]}},{"type":"Feature","properties":{"UNIT_ID":"STARVAGGI_EAST","UNIT_NAME":"Starvaggi East","ORDER_NO":"2019-04","OPERATOR":"Gulfport Energy Transferred to Gulfport Appalachia","STATUS":"EFF","FORMATION":"Utica","ACRES":682.8,"EDIT_DATE":"2025-11-21"},"geometry":{"type":"Polygon","coordinates":[[[-80.744669,40.148182],[-80.738453,40.15057],[-80.71661,40.120098],[-80.714682,40.117714],[-80.71418,40.116473],[-80.713591,40.115565],[-80.714761,40.115113],[-80.716436,40.114432],[-80.714708,40.112105],[-80.718108,40.110744],[-80.744669,40.148182]]]}},{"type":"Feature","properties":{"UNIT_ID":"CROMIKA","UNIT_NAME":"Cromika","ORDER_NO":"2019-82","OPERATOR":"EOG Ohio","STATUS":"EFF","FORMATION":"Utica","ACRES":1117.8,"EDIT_DATE":"2026-02-26"},"geometry":{"type":"Polygon","coordinates":[[[-81.113998,40.305065],[-81.065481,40.238645],[-81.06885,40.237211],[-81.06573,40.232909],[-81.069262,40.231406],[-81.098231,40.271051],[-81.094807,40.272495],[-81.117308,40.30377],[-81.113998,40.305065]]]}},{"type":"Feature","properties":{"UNIT_ID":"SMITH_EAST","UNIT_NAME":"Smith East","ORDER_NO":"2019-69","OPERATOR":"EOG Ohio","STATUS":"EFF","FORMATION":"Utica","ACRES":567.4,"EDIT_DATE":"2026-02-26"},"geometry":{"type":"Polygon","coordinates":[[[-81.099897,40.297971],[-81.096526,40.299421],[-81.056722,40.244711],[-81.06013,40.243263],[-81.099897,40.297971]]]}},{"type":"Feature","properties":{"UNIT_ID":"SMITH","UNIT_NAME":"Smith","ORDER_NO":"2019-77","OPERATOR":"EOG Ohio","STATUS":"EFF","FORMATION":"Utica","ACRES":1254.8,"EDIT_DATE":"2026-02-26"},"geometry":{"type":"Polygon","coordinates":[[[-81.066766,40.240417],[-81.111264,40.301325],[-81.104466,40.304253],[-81.06013,40.243263],[-81.066766,40.240417]]]}},{"type":"Feature","properties":{"UNIT_ID":"K_WALLACE_WEST","UNIT_NAME":"K Wallace West","ORDER_NO":"2019-115","OPERATOR":"EOG Ohio","STATUS":"EFF","FORMATION":"Utica","ACRES":1211.6,"EDIT_DATE":"2026-02-26"},"geometry":{"type":"Polygon","coordinates":[[[-81.079952,40.221822],[-81.102198,40.252436],[-81.101963,40.252538],[-81.116194,40.271943],[-81.139646,40.304378],[-81.133115,40.307162],[-81.129878,40.302706],[-81.105572,40.269122],[-81.108713,40.267634],[-81.076593,40.223118],[-81.079952,40.221822]]]}},{"type":"Feature","properties":{"UNIT_ID":"K_WALLACE_EAST","UNIT_NAME":"K Wallace East","ORDER_NO":"2019-114","OPERATOR":"EOG Ohio","STATUS":"EFF","FORMATION":"Utica","ACRES":1242.3,"EDIT_DATE":"2026-02-26"},"geometry":{"type":"Polygon","coordinates":[[[-81.126459,40.30407],[-81.125726,40.303064],[-81.071021,40.22761],[-81.074321,40.226229],[-81.073199,40.224497],[-81.076593,40.223118],[-81.108713,40.267634],[-81.105572,40.269122],[-81.129878,40.302706],[-81.128888,40.303101],[-81.126459,40.30407]]]}},{"type":"Feature","properties":{"UNIT_ID":"MCKEEGAN_NORTHEAST","UNIT_NAME":"McKeegan Northeast","ORDER_NO":"2019-266","OPERATOR":"Gulfport Energy Transferred to Gulfport Appalachia","STATUS":"EFF","FORMATION":"Utica","ACRES":458.1,"EDIT_DATE":"2025-11-21"},"geometry":{"type":"Polygon","coordinates":[[[-80.735517,40.151771],[-80.76657,40.195349],[-80.763288,40.196761],[-80.737863,40.161555],[-80.731881,40.153259],[-80.735517,40.151771]]]}},{"type":"Feature","properties":{"UNIT_ID":"MCKEEGAN_NORTHWEST","UNIT_NAME":"McKeegan Northwest","ORDER_NO":"2018-425","OPERATOR":"Gulfport Energy Transferred to Gulfport Appalachia","STATUS":"EFF","FORMATION":"Utica","ACRES":406.0,"EDIT_DATE":"2025-11-21"},"geometry":{"type":"Polygon","coordinates":[[[-80.741389,40.149622],[-80.755867,40.169141],[-80.757756,40.171905],[-80.751496,40.174194],[-80.735517,40.151771],[-80.738453,40.15057],[-80.741278,40.149485],[-80.741389,40.149622]]]}},{"type":"Feature","properties":{"UNIT_ID":"JOHNSON_NORTH","UNIT_NAME":"Johnson North","ORDER_NO":"2019-123","OPERATOR":"INR Ohio","STATUS":"EFF","FORMATION":"Utica","ACRES":899.2,"EDIT_DATE":"2026-01-27"},"geometry":{"type":"Polygon","coordinates":[[[-81.402048,40.015736],[-81.401061,40.040381],[-81.400765,40.046392],[-81.400312,40.05503],[-81.390873,40.054792],[-81.391448,40.041043],[-81.390721,40.041386],[-81.391082,40.031104],[-81.391736,40.03109],[-81.391744,40.030944],[-81.392532,40.015439],[-81.402048,40.015736]]]}},{"type":"Feature","properties":{"UNIT_ID":"BLESSED_N_RCH_BL","UNIT_NAME":"Blessed N RCH BL","ORDER_NO":"2019-176","OPERATOR":"Ascent","STATUS":"EFF","FORMATION":"Utica","ACRES":343.9,"EDIT_DATE":"2025-09-25"},"geometry":{"type":"Polygon","coordinates":[[[-80.877225,40.010365],[-80.900935,40.043226],[-80.899501,40.043784],[-80.897469,40.044653],[-80.873817,40.011806],[-80.877225,40.010365]]]}},{"type":"Feature","properties":{"UNIT_ID":"BLESSED_E_RCH_BL","UNIT_NAME":"Blessed E RCH BL","ORDER_NO":"2019-169","OPERATOR":"Ascent","STATUS":"EFF","FORMATION":"Utica","ACRES":593.7,"EDIT_DATE":"2025-09-25"},"geometry":{"type":"Polygon","coordinates":[[[-80.873817,40.011806],[-80.89746,40.04464],[-80.896676,40.04497],[-80.895484,40.045405],[-80.895022,40.045596],[-80.893947,40.045982],[-80.892994,40.046222],[-80.891172,40.04666],[-80.867824,40.014255],[-80.873817,40.011806]]]}},{"type":"Feature","properties":{"UNIT_ID":"BLESSED_W_RCH_BL","UNIT_NAME":"Blessed W RCH BL","ORDER_NO":"2019-188","OPERATOR":"Ascent","STATUS":"EFF","FORMATION":"Utica","ACRES":350.1,"EDIT_DATE":"2025-09-25"},"geometry":{"type":"Polygon","coordinates":[[[-80.900935,40.043226],[-80.877225,40.010365],[-80.87975,40.009285],[-80.879918,40.009443],[-80.880214,40.009309],[-80.880489,40.009339],[-80.880792,40.009371],[-80.880933,40.0092],[-80.904491,40.041841],[-80.900935,40.043226]]]}},{"type":"Feature","properties":{"UNIT_ID":"BARRETT","UNIT_NAME":"Barrett","ORDER_NO":"2019-81","OPERATOR":"EOG Ohio","STATUS":"EFF","FORMATION":"Utica","ACRES":1115.7,"EDIT_DATE":"2026-02-26"},"geometry":{"type":"Polygon","coordinates":[[[-81.117305,40.303766],[-81.094807,40.272495],[-81.098231,40.271051],[-81.069248,40.231387],[-81.067594,40.229069],[-81.071119,40.227569],[-81.125726,40.303064],[-81.122361,40.304483],[-81.121201,40.303004],[-81.117906,40.30438],[-81.117305,40.303766]]]}},{"type":"Feature","properties":{"UNIT_ID":"MORRIS_NORTHEAST","UNIT_NAME":"Morris Northeast","ORDER_NO":"2019-62","OPERATOR":"Gulfport Energy Transferred to Gulfport Appalachia","STATUS":"EFF","FORMATION":"Utica","ACRES":708.8,"EDIT_DATE":"2026-03-31"},"geometry":{"type":"Polygon","coordinates":[[[-81.111152,39.782009],[-81.134539,39.814202],[-81.132122,39.814135],[-81.131951,39.81413],[-81.131766,39.814241],[-81.126529,39.816453],[-81.122672,39.811214],[-81.122807,39.808815],[-81.12087,39.808766],[-81.115409,39.801125],[-81.115397,39.800302],[-81.114808,39.800274],[-81.113612,39.798808],[-81.103793,39.785171],[-81.111152,39.782009]]]}},{"type":"Feature","properties":{"UNIT_ID":"HM_YODER_EAST","UNIT_NAME":"HM Yoder East","ORDER_NO":"2019-227","OPERATOR":"EOG Ohio","STATUS":"EFF","FORMATION":"Utica","ACRES":469.5,"EDIT_DATE":"2026-02-26"},"geometry":{"type":"Polygon","coordinates":[[[-80.76839,40.553819],[-80.763833,40.553797],[-80.732091,40.509626],[-80.73555,40.50824],[-80.76839,40.553819]]]}},{"type":"Feature","properties":{"UNIT_ID":"HM_YODER_WEST","UNIT_NAME":"HM Yoder West","ORDER_NO":"2019-228","OPERATOR":"EOG Ohio","STATUS":"EFF","FORMATION":"Utica","ACRES":895.3,"EDIT_DATE":"2026-02-26"},"geometry":{"type":"Polygon","coordinates":[[[-80.771753,40.546364],[-80.771711,40.547427],[-80.771387,40.553884],[-80.76839,40.553819],[-80.73555,40.50824],[-80.742091,40.505484],[-80.771753,40.546364]]]}},{"type":"Feature","properties":{"UNIT_ID":"SKYHAWK_3","UNIT_NAME":"Skyhawk 3","ORDER_NO":"2019-226","OPERATOR":"Rice Drilling D","STATUS":"EFF","FORMATION":"Utica","ACRES":572.9,"EDIT_DATE":"2025-09-25"},"geometry":{"type":"Polygon","coordinates":[[[-80.868269,40.043839],[-80.886076,40.068568],[-80.883631,40.069241],[-80.883372,40.069237],[-80.883334,40.068834],[-80.882994,40.068673],[-80.882655,40.068765],[-80.882475,40.068857],[-80.882032,40.069085],[-80.881484,40.069352],[-80.88182,40.069469],[-80.881563,40.069952],[-80.880493,40.069487],[-80.879672,40.070138],[-80.877762,40.070445],[-80.876982,40.069716],[-80.87663,40.069387],[-80.876433,40.069202],[-80.876244,40.069025],[-80.861163,40.048304],[-80.861264,40.04678],[-80.861088,40.046728],[-80.861104,40.04656],[-80.861283,40.046501],[-80.861292,40.046338],[-80.861721,40.046303],[-80.862106,40.046284],[-80.862489,40.046256],[-80.862936,40.046181],[-80.863148,40.046131],[-80.863527,40.045892],[-80.863497,40.046341],[-80.864657,40.045838],[-80.86517,40.045581],[-80.866172,40.045342],[-80.86628,40.043745],[-80.868269,40.043839]]]}},{"type":"Feature","properties":{"UNIT_ID":"BOZICH_A","UNIT_NAME":"Bozich A","ORDER_NO":"2019-371","OPERATOR":"EOG Ohio","STATUS":"EFF","FORMATION":"Utica","ACRES":554.7,"EDIT_DATE":"2026-02-26"},"geometry":{"type":"Polygon","coordinates":[[[-80.726821,40.426674],[-80.746988,40.454584],[-80.740399,40.457376],[-80.720397,40.429546],[-80.726821,40.426674]]]}},{"type":"Feature","properties":{"UNIT_ID":"HAMMACK_CRC_JF","UNIT_NAME":"Hammack CRC JF","ORDER_NO":"2019-274","OPERATOR":"Ascent","STATUS":"EFF","FORMATION":"Utica","ACRES":369.5,"EDIT_DATE":"2025-09-25"},"geometry":{"type":"Polygon","coordinates":[[[-80.669193,40.352324],[-80.644194,40.317502],[-80.64888,40.317579],[-80.672719,40.350714],[-80.672774,40.350817],[-80.669193,40.352324]]]}},{"type":"Feature","properties":{"UNIT_ID":"HAMMACK_E_CRC_JF","UNIT_NAME":"Hammack E CRC JF","ORDER_NO":"2019-275","OPERATOR":"Ascent","STATUS":"EFF","FORMATION":"Utica","ACRES":362.9,"EDIT_DATE":"2025-09-25"},"geometry":{"type":"Polygon","coordinates":[[[-80.665404,40.35394],[-80.643609,40.323637],[-80.643695,40.321845],[-80.646425,40.320682],[-80.669201,40.352335],[-80.665404,40.35394]]]}},{"type":"Feature","properties":{"UNIT_ID":"WATSON_E_ML_W_GR","UNIT_NAME":"Watson E ML W GR","ORDER_NO":"2019-285","OPERATOR":"Ascent","STATUS":"EFF","FORMATION":"Utica","ACRES":842.4,"EDIT_DATE":"2025-09-25"},"geometry":{"type":"Polygon","coordinates":[[[-81.382674,40.00309],[-81.354685,39.964214],[-81.362273,39.960897],[-81.384763,39.992077],[-81.384319,40.00313],[-81.382674,40.00309]]]}},{"type":"Feature","properties":{"UNIT_ID":"SHARICK_C","UNIT_NAME":"Sharick C","ORDER_NO":"2019-140","OPERATOR":"SWN Production","STATUS":"EFF","FORMATION":"Utica","ACRES":577.2,"EDIT_DATE":"2025-12-04"},"geometry":{"type":"Polygon","coordinates":[[[-80.985494,39.695219],[-80.954458,39.671255],[-80.959485,39.667194],[-80.990518,39.691251],[-80.985494,39.695219]]]}},{"type":"Feature","properties":{"UNIT_ID":"SHARICK_A","UNIT_NAME":"Sharick A","ORDER_NO":"2019-134","OPERATOR":"SWN Production","STATUS":"EFF","FORMATION":"Utica","ACRES":617.9,"EDIT_DATE":"2025-12-04"},"geometry":{"type":"Polygon","coordinates":[[[-80.990496,39.691269],[-80.959485,39.667194],[-80.964873,39.663002],[-80.996056,39.687047],[-80.990496,39.691269]]]}},{"type":"Feature","properties":{"UNIT_ID":"THREE_DADS_RCH_BL","UNIT_NAME":"Three Dads RCH BL","ORDER_NO":"2019-402","OPERATOR":"Ascent","STATUS":"EFF","FORMATION":"Utica","ACRES":501.2,"EDIT_DATE":"2025-09-25"},"geometry":{"type":"Polygon","coordinates":[[[-80.852401,40.099787],[-80.833957,40.074273],[-80.832676,40.072461],[-80.833898,40.072182],[-80.839179,40.070645],[-80.843948,40.077188],[-80.858829,40.09794],[-80.854848,40.099219],[-80.853315,40.099762],[-80.85299,40.09974],[-80.852752,40.099504],[-80.852401,40.099787]]]}},{"type":"Feature","properties":{"UNIT_ID":"GND_TRUST_NORTHEAST","UNIT_NAME":"GND Trust Northeast","ORDER_NO":"2020-56","OPERATOR":"EOG Ohio","STATUS":"EFF","FORMATION":"Utica","ACRES":698.6,"EDIT_DATE":"2026-02-26"},"geometry":{"type":"Polygon","coordinates":[[[-80.873687,40.481437],[-80.901753,40.519809],[-80.895637,40.522324],[-80.867799,40.483923],[-80.873687,40.481437]]]}},{"type":"Feature","properties":{"UNIT_ID":"CAROLINE_B","UNIT_NAME":"Caroline B","ORDER_NO":"2019-376","OPERATOR":"SWN Production","STATUS":"EFF","FORMATION":"Utica","ACRES":705.4,"EDIT_DATE":"2025-09-25"},"geometry":{"type":"Polygon","coordinates":[[[-80.920698,39.652706],[-80.881275,39.622167],[-80.884731,39.620214],[-80.885861,39.619706],[-80.887435,39.619023],[-80.904195,39.632012],[-80.903864,39.632349],[-80.923552,39.647491],[-80.924042,39.646656],[-80.926266,39.64846],[-80.920698,39.652706]]]}},{"type":"Feature","properties":{"UNIT_ID":"JD","UNIT_NAME":"JD","ORDER_NO":"2020-62","OPERATOR":"EOG Ohio","STATUS":"EFF","FORMATION":"Utica","ACRES":1147.9,"EDIT_DATE":"2026-02-26"},"geometry":{"type":"Polygon","coordinates":[[[-81.032666,40.744432],[-81.008185,40.710656],[-81.011333,40.70926],[-81.00928,40.706503],[-81.008439,40.706524],[-81.008551,40.706089],[-81.009821,40.706136],[-81.009911,40.705762],[-81.01069,40.705772],[-81.012366,40.705107],[-81.013622,40.706745],[-81.017326,40.705184],[-81.044539,40.741801],[-81.036259,40.745303],[-81.032666,40.744432]]]}},{"type":"Feature","properties":{"UNIT_ID":"MASTERS_WEST_HN_MON","UNIT_NAME":"Masters West HN MON","ORDER_NO":"2020-134","OPERATOR":"EOG Ohio","STATUS":"EFF","FORMATION":"Utica","ACRES":1175.0,"EDIT_DATE":"2026-02-26"},"geometry":{"type":"Polygon","coordinates":[[[-81.160256,40.356867],[-81.174714,40.376647],[-81.206446,40.420539],[-81.200588,40.423134],[-81.154485,40.359913],[-81.156522,40.358827],[-81.156573,40.35807],[-81.160256,40.356867]]]}},{"type":"Feature","properties":{"UNIT_ID":"MASTERS_EAST_HN_MON","UNIT_NAME":"Masters East HN Mon","ORDER_NO":"2020-133","OPERATOR":"EOG Ohio","STATUS":"EFF","FORMATION":"Utica","ACRES":1213.1,"EDIT_DATE":"2026-02-26"},"geometry":{"type":"Polygon","coordinates":[[[-81.154614,40.360065],[-81.200541,40.423174],[-81.194188,40.425854],[-81.191531,40.422212],[-81.149995,40.365087],[-81.152581,40.363947],[-81.14914,40.359331],[-81.152176,40.359349],[-81.15218,40.360278],[-81.153978,40.36035],[-81.154614,40.360065]]]}},{"type":"Feature","properties":{"UNIT_ID":"CONNIE_JO_W","UNIT_NAME":"Connie Jo W","ORDER_NO":"2020-140","OPERATOR":"Ascent","STATUS":"EFF","FORMATION":"Utica","ACRES":440.6,"EDIT_DATE":"2025-04-08"},"geometry":{"type":"Polygon","coordinates":[[[-80.839376,40.13762],[-80.863952,40.171839],[-80.859792,40.173624],[-80.835102,40.139425],[-80.839376,40.13762]]]}},{"type":"Feature","properties":{"UNIT_ID":"HOCHSTETLER_EAST","UNIT_NAME":"Hochstetler East","ORDER_NO":"2019-377","OPERATOR":"EOG Ohio","STATUS":"EFF","FORMATION":"Utica","ACRES":339.5,"EDIT_DATE":"2026-02-26"},"geometry":{"type":"Polygon","coordinates":[[[-81.040911,40.340916],[-81.017821,40.309627],[-81.021371,40.308122],[-81.044431,40.339387],[-81.040911,40.340916]]]}},{"type":"Feature","properties":{"UNIT_ID":"CONNIE_JO_E","UNIT_NAME":"Connie Jo E","ORDER_NO":"2020-156","OPERATOR":"Ascent","STATUS":"EFF","FORMATION":"Utica","ACRES":447.2,"EDIT_DATE":"2025-04-08"},"geometry":{"type":"Polygon","coordinates":[[[-80.855601,40.175444],[-80.830728,40.141231],[-80.835102,40.13932],[-80.835101,40.139385],[-80.859774,40.173672],[-80.855601,40.175444]]]}},{"type":"Feature","properties":{"UNIT_ID":"COFFIELD_W_RCH_BL","UNIT_NAME":"Coffield W RCH BL","ORDER_NO":"2020-135","OPERATOR":"Ascent","STATUS":"EFF","FORMATION":"Utica","ACRES":416.8,"EDIT_DATE":"2025-04-08"},"geometry":{"type":"Polygon","coordinates":[[[-80.855672,39.997337],[-80.888172,40.042521],[-80.884996,40.043801],[-80.853815,40.000209],[-80.854148,39.999804],[-80.854176,39.999409],[-80.855672,39.997337]]]}},{"type":"Feature","properties":{"UNIT_ID":"COFFIELD_S_RCH_BL","UNIT_NAME":"Coffield S RCH BL","ORDER_NO":"2020-143","OPERATOR":"Ascent","STATUS":"EFF","FORMATION":"Utica","ACRES":418.0,"EDIT_DATE":"2025-04-08"},"geometry":{"type":"Polygon","coordinates":[[[-80.853786,40.000348],[-80.884917,40.043774],[-80.881834,40.045059],[-80.848829,39.999065],[-80.85345,40.000796],[-80.853786,40.000348]]]}},{"type":"Feature","properties":{"UNIT_ID":"WILEY_A","UNIT_NAME":"Wiley A","ORDER_NO":"2020-101","OPERATOR":"SWN Production","STATUS":"EFF","FORMATION":"Utica","ACRES":391.8,"EDIT_DATE":"2025-04-09"},"geometry":{"type":"Polygon","coordinates":[[[-81.010713,39.741545],[-81.035019,39.7753],[-81.031359,39.776891],[-81.006847,39.743211],[-81.010713,39.741545]]]}},{"type":"Feature","properties":{"UNIT_ID":"WILEY_B","UNIT_NAME":"Wiley B","ORDER_NO":"2020-109","OPERATOR":"SWN Production","STATUS":"EFF","FORMATION":"Utica","ACRES":443.0,"EDIT_DATE":"2025-04-09"},"geometry":{"type":"Polygon","coordinates":[[[-81.006844,39.743219],[-81.031458,39.777049],[-81.027311,39.778794],[-81.002515,39.745156],[-81.006844,39.743219]]]}},{"type":"Feature","properties":{"UNIT_ID":"WILEY_C","UNIT_NAME":"Wiley C","ORDER_NO":"2020-114","OPERATOR":"SWN Production","STATUS":"EFF","FORMATION":"Utica","ACRES":436.8,"EDIT_DATE":"2025-04-09"},"geometry":{"type":"Polygon","coordinates":[[[-81.002504,39.745148],[-81.027311,39.778794],[-81.024993,39.779891],[-81.023043,39.779822],[-81.023022,39.780137],[-80.998136,39.747108],[-81.002504,39.745148]]]}},{"type":"Feature","properties":{"UNIT_ID":"BESECE_S_MTP_JF","UNIT_NAME":"Besece S MTP JF","ORDER_NO":"2020-175","OPERATOR":"Ascent","STATUS":"EFF","FORMATION":"Utica","ACRES":232.3,"EDIT_DATE":"2025-04-08"},"geometry":{"type":"Polygon","coordinates":[[[-80.84557,40.187571],[-80.829453,40.165213],[-80.83289,40.16376],[-80.836712,40.169015],[-80.836673,40.169072],[-80.84896,40.186146],[-80.84557,40.187571]]]}},{"type":"Feature","properties":{"UNIT_ID":"COFFIELD_E_RCH_BL","UNIT_NAME":"Coffield E RCH BL","ORDER_NO":"2020-209","OPERATOR":"Ascent","STATUS":"EFF","FORMATION":"Utica","ACRES":465.2,"EDIT_DATE":"2025-04-08"},"geometry":{"type":"Polygon","coordinates":[[[-80.848807,39.999057],[-80.881873,40.045116],[-80.879769,40.046064],[-80.877988,40.045759],[-80.874989,40.041621],[-80.846768,40.002446],[-80.848807,39.999057]]]}},{"type":"Feature","properties":{"UNIT_ID":"COFFIELD_SE_RCH_BL","UNIT_NAME":"Coffield SE RCH BL","ORDER_NO":"2020-210","OPERATOR":"Ascent","STATUS":"EFF","FORMATION":"Utica","ACRES":334.4,"EDIT_DATE":"2025-04-08"},"geometry":{"type":"Polygon","coordinates":[[[-80.846758,40.002442],[-80.874989,40.041621],[-80.871213,40.041482],[-80.844979,40.00539],[-80.846758,40.002442]]]}},{"type":"Feature","properties":{"UNIT_ID":"SHANNON_WEST","UNIT_NAME":"Shannon West","ORDER_NO":"2020-217","OPERATOR":"EOG Ohio","STATUS":"EFF","FORMATION":"Utica","ACRES":987.8,"EDIT_DATE":"2026-02-26"},"geometry":{"type":"Polygon","coordinates":[[[-80.781031,40.553999],[-80.756135,40.519015],[-80.764951,40.515365],[-80.79014,40.550255],[-80.790154,40.550941],[-80.790494,40.550946],[-80.790694,40.554139],[-80.781031,40.553999]]]}},{"type":"Feature","properties":{"UNIT_ID":"CRAVAT_COAL_N_SHC_HR","UNIT_NAME":"Cravat Coal N SHC HR","ORDER_NO":"2020-224","OPERATOR":"Ascent","STATUS":"EFF","FORMATION":"Utica","ACRES":685.5,"EDIT_DATE":"2026-07-16"},"geometry":{"type":"Polygon","coordinates":[[[-80.935722,40.16744],[-80.961324,40.202768],[-80.955184,40.205334],[-80.928116,40.168602],[-80.928773,40.168372],[-80.929573,40.168717],[-80.930066,40.168914],[-80.930656,40.168922],[-80.931214,40.168977],[-80.9319,40.168867],[-80.93215,40.168775],[-80.932902,40.168499],[-80.933747,40.168224],[-80.934593,40.167902],[-80.934938,40.167739],[-80.935095,40.167694],[-80.935722,40.16744]]]}},{"type":"Feature","properties":{"UNIT_ID":"CRAVAT_COAL_NE_SHC_HR","UNIT_NAME":"Cravat Coal NE SHC HR","ORDER_NO":"2020-220","OPERATOR":"Ascent","STATUS":"EFF","FORMATION":"Utica","ACRES":339.8,"EDIT_DATE":"2025-09-25"},"geometry":{"type":"Polygon","coordinates":[[[-80.951804,40.206674],[-80.92546,40.16987],[-80.928196,40.168683],[-80.955105,40.205257],[-80.951804,40.206674]]]}},{"type":"Feature","properties":{"UNIT_ID":"DEEP_RUN_2020","UNIT_NAME":"Deep Run 2020","ORDER_NO":"2020-243","OPERATOR":"Gulfport Energy Transferred to Gulfport Appalachia","STATUS":"EFF","FORMATION":"Utica","ACRES":477.6,"EDIT_DATE":"2025-11-21"},"geometry":{"type":"Polygon","coordinates":[[[-80.732,40.164004],[-80.712791,40.136996],[-80.718632,40.134533],[-80.731881,40.153259],[-80.737863,40.161555],[-80.732,40.164004]]]}},{"type":"Feature","properties":{"UNIT_ID":"DEERSVILLE_HN_FRA","UNIT_NAME":"Deersville HN FRA","ORDER_NO":"2020-244","OPERATOR":"EOG Ohio","STATUS":"EFF","FORMATION":"Utica","ACRES":1174.8,"EDIT_DATE":"2026-08-04"},"geometry":{"type":"Polygon","coordinates":[[[-81.181273,40.307083],[-81.167378,40.287423],[-81.160396,40.27784],[-81.172303,40.272769],[-81.197552,40.307227],[-81.195678,40.307193],[-81.195453,40.307122],[-81.195386,40.30711],[-81.195192,40.307078],[-81.194981,40.307061],[-81.19475,40.307056],[-81.194503,40.307075],[-81.194429,40.307091],[-81.194272,40.307125],[-81.194111,40.307178],[-81.193851,40.307284],[-81.193457,40.307241],[-81.192717,40.307207],[-81.191148,40.307248],[-81.187712,40.307147],[-81.184689,40.307059],[-81.181273,40.307083]]]}},{"type":"Feature","properties":{"UNIT_ID":"GLEN_RUN_WEST_2020","UNIT_NAME":"Glen Run West 2020","ORDER_NO":"2020-247","OPERATOR":"Gulfport Energy Transferred to Gulfport Appalachia","STATUS":"EFF","FORMATION":"Utica","ACRES":750.0,"EDIT_DATE":"2025-11-21"},"geometry":{"type":"Polygon","coordinates":[[[-80.761943,40.205643],[-80.732002,40.164017],[-80.737863,40.161555],[-80.763266,40.196731],[-80.766836,40.201404],[-80.766862,40.201593],[-80.76794,40.202886],[-80.767933,40.203181],[-80.767717,40.20319],[-80.767546,40.203223],[-80.767234,40.203384],[-80.767048,40.203417],[-80.766109,40.203959],[-80.766001,40.203957],[-80.761943,40.205643]]]}},{"type":"Feature","properties":{"UNIT_ID":"GLEN_RUN_EAST_2020","UNIT_NAME":"Glen Run East 2020","ORDER_NO":"2020-248","OPERATOR":"Gulfport Energy Transferred to Gulfport Appalachia","STATUS":"EFF","FORMATION":"Utica","ACRES":564.3,"EDIT_DATE":"2025-11-21"},"geometry":{"type":"Polygon","coordinates":[[[-80.759255,40.209135],[-80.724837,40.161082],[-80.728753,40.15944],[-80.761943,40.205643],[-80.759754,40.2066],[-80.760736,40.207933],[-80.760672,40.207996],[-80.760503,40.208136],[-80.759255,40.209135]]]}},{"type":"Feature","properties":{"UNIT_ID":"PINE_VALLEY","UNIT_NAME":"Pine Valley","ORDER_NO":"2020-263","OPERATOR":"Gulfport Energy Transferred to Gulfport Appalachia","STATUS":"EFF","FORMATION":"Utica","ACRES":564.6,"EDIT_DATE":"2025-11-21"},"geometry":{"type":"Polygon","coordinates":[[[-80.750714,40.211506],[-80.716951,40.164502],[-80.720881,40.162853],[-80.756062,40.211921],[-80.755789,40.211917],[-80.755352,40.211879],[-80.754863,40.211777],[-80.754388,40.211655],[-80.754062,40.211566],[-80.753741,40.210723],[-80.753077,40.210514],[-80.752995,40.210481],[-80.750714,40.211506]]]}},{"type":"Feature","properties":{"UNIT_ID":"ANGELO_2020","UNIT_NAME":"Angelo 2020","ORDER_NO":"2020-261","OPERATOR":"Gulfport Energy Transferred to Gulfport Appalachia","STATUS":"EFF","FORMATION":"Utica","ACRES":585.2,"EDIT_DATE":"2025-11-21"},"geometry":{"type":"Polygon","coordinates":[[[-80.724822,40.161077],[-80.759255,40.209136],[-80.758954,40.209501],[-80.7588,40.209446],[-80.75799,40.210237],[-80.757401,40.210439],[-80.758134,40.211359],[-80.757474,40.211652],[-80.757023,40.211816],[-80.756539,40.211928],[-80.756178,40.211949],[-80.7209,40.162829],[-80.724822,40.161077]]]}},{"type":"Feature","properties":{"UNIT_ID":"OBOY_SW_CLR_BL","UNIT_NAME":"Oboy SW CLR BL","ORDER_NO":"2020-285","OPERATOR":"Ascent","STATUS":"EFF","FORMATION":"Utica","ACRES":693.1,"EDIT_DATE":"2025-09-25"},"geometry":{"type":"Polygon","coordinates":[[[-80.8695,40.13545],[-80.849338,40.106026],[-80.846175,40.101681],[-80.846575,40.101687],[-80.846677,40.101363],[-80.847265,40.101372],[-80.852314,40.099801],[-80.852744,40.0995],[-80.852974,40.099739],[-80.853303,40.099761],[-80.876874,40.132504],[-80.8695,40.13545]]]}},{"type":"Feature","properties":{"UNIT_ID":"BROWN_9","UNIT_NAME":"Brown # 9","ORDER_NO":"2021-50","OPERATOR":"Gulfport Energy Transferred to Gulfport Appalachia","STATUS":"EFF","FORMATION":"Utica","ACRES":616.9,"EDIT_DATE":"2025-11-21"},"geometry":{"type":"Polygon","coordinates":[[[-81.253116,39.905139],[-81.235986,39.882634],[-81.246179,39.882847],[-81.246547,39.88306],[-81.24655,39.882855],[-81.248747,39.882899],[-81.260399,39.898065],[-81.260125,39.905244],[-81.253116,39.905139]]]}},{"type":"Feature","properties":{"UNIT_ID":"BSA_JN_SPR_WEST","UNIT_NAME":"BSA JN SPR West","ORDER_NO":"2020-142","OPERATOR":"EOG Ohio","STATUS":"EFF","FORMATION":"Utica","ACRES":731.3,"EDIT_DATE":"2026-02-26"},"geometry":{"type":"Polygon","coordinates":[[[-80.877814,40.410141],[-80.880571,40.413953],[-80.905017,40.4476],[-80.898678,40.450257],[-80.87132,40.412929],[-80.877814,40.410141]]]}},{"type":"Feature","properties":{"UNIT_ID":"BSA_JN_SPR_EAST","UNIT_NAME":"BSA JN SPR East","ORDER_NO":"2020-157","OPERATOR":"EOG Ohio","STATUS":"EFF","FORMATION":"Utica","ACRES":792.9,"EDIT_DATE":"2026-02-26"},"geometry":{"type":"Polygon","coordinates":[[[-80.891315,40.452757],[-80.864421,40.415879],[-80.871327,40.412967],[-80.898677,40.450253],[-80.898675,40.450346],[-80.893729,40.452437],[-80.893707,40.45279],[-80.891315,40.452757]]]}},{"type":"Feature","properties":{"UNIT_ID":"CRAWFORD_C","UNIT_NAME":"Crawford C","ORDER_NO":"2020-276","OPERATOR":"SWN Production","STATUS":"EFF","FORMATION":"Utica","ACRES":390.3,"EDIT_DATE":"2025-09-25"},"geometry":{"type":"Polygon","coordinates":[[[-80.990727,39.766339],[-80.978718,39.749627],[-80.97847,39.749472],[-80.976669,39.747506],[-80.975277,39.74602],[-80.973339,39.743987],[-80.966679,39.736948],[-80.963539,39.733668],[-80.963521,39.732028],[-80.967515,39.732147],[-80.967195,39.732682],[-80.968663,39.734493],[-80.969121,39.734003],[-80.970645,39.733355],[-80.994199,39.764875],[-80.990727,39.766339]]]}},{"type":"Feature","properties":{"UNIT_ID":"HOWELL_33_S_SMF_JF","UNIT_NAME":"Howell 33 S SMF JF","ORDER_NO":"2021-09","OPERATOR":"Ascent","STATUS":"EFF","FORMATION":"Utica","ACRES":275.8,"EDIT_DATE":"2025-09-25"},"geometry":{"type":"Polygon","coordinates":[[[-80.785242,40.233566],[-80.76548,40.206003],[-80.766293,40.205511],[-80.766033,40.20524],[-80.766179,40.205179],[-80.76644,40.205403],[-80.76675,40.205298],[-80.766491,40.205026],[-80.766636,40.20495],[-80.76872,40.204556],[-80.788507,40.23223],[-80.785242,40.233566]]]}},{"type":"Feature","properties":{"UNIT_ID":"CRAWFORD_A","UNIT_NAME":"Crawford A","ORDER_NO":"2020-286","OPERATOR":"SWN Production","STATUS":"EFF","FORMATION":"Utica","ACRES":472.1,"EDIT_DATE":"2025-04-09"},"geometry":{"type":"Polygon","coordinates":[[[-81.019338,39.806032],[-80.990815,39.766282],[-80.994155,39.764901],[-80.994199,39.764875],[-81.023801,39.804301],[-81.019338,39.806032]]]}},{"type":"Feature","properties":{"UNIT_ID":"CRAWFORD_D","UNIT_NAME":"Crawford D","ORDER_NO":"2020-288","OPERATOR":"SWN Production","STATUS":"EFF","FORMATION":"Utica","ACRES":496.6,"EDIT_DATE":"2025-09-25"},"geometry":{"type":"Polygon","coordinates":[[[-81.011208,39.809524],[-80.982901,39.76978],[-80.986925,39.767996],[-81.015324,39.807824],[-81.011208,39.809524]]]}},{"type":"Feature","properties":{"UNIT_ID":"HOWELL_33_SE_SMF_JF","UNIT_NAME":"Howell 33 SE SMF JF","ORDER_NO":"2021-13","OPERATOR":"Ascent","STATUS":"EFF","FORMATION":"Utica","ACRES":566.8,"EDIT_DATE":"2025-09-25"},"geometry":{"type":"Polygon","coordinates":[[[-80.777274,40.234817],[-80.759269,40.209614],[-80.759398,40.209425],[-80.759079,40.209249],[-80.760824,40.207944],[-80.761317,40.207101],[-80.762586,40.206395],[-80.764477,40.205391],[-80.765094,40.206215],[-80.765454,40.205985],[-80.785216,40.233611],[-80.779678,40.235956],[-80.778538,40.23431],[-80.777274,40.234817]]]}},{"type":"Feature","properties":{"UNIT_ID":"HOWELL_33_SW_SMF_JF","UNIT_NAME":"Howell 33 SW SMF JF","ORDER_NO":"2021-14","OPERATOR":"Ascent","STATUS":"EFF","FORMATION":"Utica","ACRES":525.0,"EDIT_DATE":"2025-09-25"},"geometry":{"type":"Polygon","coordinates":[[[-80.768712,40.204539],[-80.771941,40.20381],[-80.775192,40.202203],[-80.795033,40.229849],[-80.793232,40.230601],[-80.792989,40.230359],[-80.788497,40.232217],[-80.768712,40.204539]]]}},{"type":"Feature","properties":{"UNIT_ID":"CRAWFORD_B","UNIT_NAME":"Crawford B","ORDER_NO":"2020-287","OPERATOR":"SWN Production","STATUS":"EFF","FORMATION":"Utica","ACRES":484.7,"EDIT_DATE":"2025-04-09"},"geometry":{"type":"Polygon","coordinates":[[[-81.015321,39.80783],[-80.986929,39.767966],[-80.990765,39.766251],[-81.019315,39.806032],[-81.019413,39.806162],[-81.015321,39.80783]]]}},{"type":"Feature","properties":{"UNIT_ID":"RANDALL_A","UNIT_NAME":"Randall A","ORDER_NO":"2020-275","OPERATOR":"SWN Production","STATUS":"EFF","FORMATION":"Utica","ACRES":420.0,"EDIT_DATE":"2025-09-25"},"geometry":{"type":"Polygon","coordinates":[[[-81.008906,39.733253],[-80.982205,39.697615],[-80.985371,39.695311],[-81.012563,39.731422],[-81.012444,39.731726],[-81.008906,39.733253]]]}},{"type":"Feature","properties":{"UNIT_ID":"RANDALL_B","UNIT_NAME":"Randall B","ORDER_NO":"2021-10","OPERATOR":"SWN Production","STATUS":"EFF","FORMATION":"Utica","ACRES":420.3,"EDIT_DATE":"2025-09-25"},"geometry":{"type":"Polygon","coordinates":[[[-81.005133,39.734935],[-80.978985,39.70009],[-80.982205,39.697601],[-81.008923,39.733251],[-81.005133,39.734935]]]}},{"type":"Feature","properties":{"UNIT_ID":"DOYEN_NW_WEL_JF","UNIT_NAME":"Doyen NW WEL JF","ORDER_NO":"2021-36","OPERATOR":"Ascent","STATUS":"EFF","FORMATION":"Utica","ACRES":397.5,"EDIT_DATE":"2025-09-25"},"geometry":{"type":"Polygon","coordinates":[[[-80.72842,40.291874],[-80.701462,40.254185],[-80.704942,40.252742],[-80.732278,40.291077],[-80.731214,40.291036],[-80.73123,40.291722],[-80.72842,40.291874]]]}},{"type":"Feature","properties":{"UNIT_ID":"DOYEN_SW_WEL_JF_UNIT","UNIT_NAME":"Doyen SW WEL JF Unit","ORDER_NO":"2021-40","OPERATOR":"Ascent","STATUS":"EFF","FORMATION":"Utica","ACRES":465.2,"EDIT_DATE":"2025-04-08"},"geometry":{"type":"Polygon","coordinates":[[[-80.701462,40.254185],[-80.670237,40.210497],[-80.672928,40.207972],[-80.704942,40.252742],[-80.701462,40.254185]]]}},{"type":"Feature","properties":{"UNIT_ID":"AMBER_SW_WEL_JF","UNIT_NAME":"Amber SW WEL JF","ORDER_NO":"2021-35","OPERATOR":"Ascent","STATUS":"EFF","FORMATION":"Utica","ACRES":438.2,"EDIT_DATE":"2025-09-25"},"geometry":{"type":"Polygon","coordinates":[[[-80.668135,40.213946],[-80.698837,40.25667],[-80.695321,40.258074],[-80.666642,40.21818],[-80.666672,40.218105],[-80.666618,40.218018],[-80.66665,40.217867],[-80.666763,40.21788],[-80.666931,40.217374],[-80.666894,40.217169],[-80.666884,40.217006],[-80.666937,40.216618],[-80.667105,40.216124],[-80.667256,40.215748],[-80.667473,40.215524],[-80.667558,40.215007],[-80.667699,40.215009],[-80.668135,40.213946]]]}},{"type":"Feature","properties":{"UNIT_ID":"PECKENS_NORTH_UNIT","UNIT_NAME":"Peckens North Unit","ORDER_NO":"2021-28","OPERATOR":"EOG Ohio","STATUS":"EFF","FORMATION":"Utica","ACRES":1232.4,"EDIT_DATE":"2026-02-26"},"geometry":{"type":"Polygon","coordinates":[[[-80.815177,40.410779],[-80.84123,40.446791],[-80.837646,40.448188],[-80.8398,40.451148],[-80.836308,40.452582],[-80.838832,40.455946],[-80.835389,40.457344],[-80.804721,40.41521],[-80.815177,40.410779]]]}},{"type":"Feature","properties":{"UNIT_ID":"BREEZE_W_RCH_BL","UNIT_NAME":"Breeze W RCH BL","ORDER_NO":"2021-48","OPERATOR":"Ascent","STATUS":"EFF","FORMATION":"Utica","ACRES":317.8,"EDIT_DATE":"2025-09-25"},"geometry":{"type":"Polygon","coordinates":[[[-80.997221,40.063279],[-80.975904,40.034706],[-80.975966,40.034636],[-80.976303,40.034617],[-80.976793,40.03453],[-80.97719,40.034535],[-80.977589,40.034446],[-80.978018,40.034334],[-80.978265,40.034244],[-80.978725,40.034156],[-80.979031,40.034113],[-80.979337,40.03407],[-80.979675,40.03398],[-80.980009,40.034032],[-80.980438,40.03399],[-80.982741,40.037563],[-80.983013,40.037661],[-80.983753,40.03875],[-80.98479,40.038763],[-80.984667,40.04024],[-80.98878,40.046207],[-80.989512,40.046263],[-81.001372,40.06287],[-80.997221,40.063279]]]}},{"type":"Feature","properties":{"UNIT_ID":"DOYEN_SE_WEL_JF","UNIT_NAME":"Doyen SE WEL JF","ORDER_NO":"2021-49","OPERATOR":"Ascent","STATUS":"EFF","FORMATION":"Utica","ACRES":445.6,"EDIT_DATE":"2025-09-25"},"geometry":{"type":"Polygon","coordinates":[[[-80.670237,40.210497],[-80.701462,40.254185],[-80.698023,40.255523],[-80.6681,40.213861],[-80.670237,40.210497]]]}},{"type":"Feature","properties":{"UNIT_ID":"DENOON_SOUTH","UNIT_NAME":"Denoon South","ORDER_NO":"2021-51","OPERATOR":"EOG Ohio","STATUS":"EFF","FORMATION":"Utica","ACRES":1130.9,"EDIT_DATE":"2026-02-26"},"geometry":{"type":"Polygon","coordinates":[[[-80.756162,40.443488],[-80.729398,40.406524],[-80.739591,40.402287],[-80.766151,40.439301],[-80.756162,40.443488]]]}},{"type":"Feature","properties":{"UNIT_ID":"DILUZIO","UNIT_NAME":"Diluzio","ORDER_NO":"2021-135","OPERATOR":"Gulfport Energy Transferred to Gulfport Appalachia","STATUS":"EFF","FORMATION":"Utica","ACRES":843.6,"EDIT_DATE":"2025-11-21"},"geometry":{"type":"Polygon","coordinates":[[[-80.745004,40.214535],[-80.71212,40.168927],[-80.718254,40.166306],[-80.750678,40.211474],[-80.748034,40.212872],[-80.747545,40.213175],[-80.746923,40.213768],[-80.745004,40.214535]]]}},{"type":"Feature","properties":{"UNIT_ID":"VANNELLE_S_WHL_BL","UNIT_NAME":"Vannelle S WHL BL","ORDER_NO":"2021-52","OPERATOR":"Ascent","STATUS":"EFF","FORMATION":"Utica","ACRES":407.5,"EDIT_DATE":"2025-09-25"},"geometry":{"type":"Polygon","coordinates":[[[-80.938701,40.107506],[-80.966813,40.146058],[-80.96338,40.147546],[-80.935276,40.10901],[-80.938701,40.107506]]]}},{"type":"Feature","properties":{"UNIT_ID":"VANNELLE_SE_WHL_BL","UNIT_NAME":"Vannelle SE WHL BL","ORDER_NO":"2021-65","OPERATOR":"Ascent","STATUS":"EFF","FORMATION":"Utica","ACRES":416.6,"EDIT_DATE":"2025-09-25"},"geometry":{"type":"Polygon","coordinates":[[[-80.935268,40.10901],[-80.96338,40.147546],[-80.959881,40.14906],[-80.932076,40.111013],[-80.932106,40.110438],[-80.935268,40.10901]]]}},{"type":"Feature","properties":{"UNIT_ID":"VANNELLE_SW_WHL_BL","UNIT_NAME":"Vannelle SW WHL BL","ORDER_NO":"2021- 66","OPERATOR":"Ascent","STATUS":"EFF","FORMATION":"Utica","ACRES":546.0,"EDIT_DATE":"2025-09-25"},"geometry":{"type":"Polygon","coordinates":[[[-80.942186,40.104191],[-80.971227,40.144237],[-80.966812,40.14606],[-80.938666,40.107461],[-80.937674,40.105787],[-80.941177,40.104546],[-80.9412,40.104437],[-80.942186,40.104191]]]}},{"type":"Feature","properties":{"UNIT_ID":"EDISON_SOUTHWEST_CR_ORG","UNIT_NAME":"Edison Southwest CR ORG","ORDER_NO":"2021-47","OPERATOR":"EOG Ohio","STATUS":"EFF","FORMATION":"Utica","ACRES":660.0,"EDIT_DATE":"2026-02-26"},"geometry":{"type":"Polygon","coordinates":[[[-81.206446,40.420539],[-81.231779,40.455531],[-81.233144,40.45749],[-81.227437,40.45995],[-81.200544,40.423198],[-81.206446,40.420539]]]}},{"type":"Feature","properties":{"UNIT_ID":"EDISON_SOUTHEAST_CR_ORG","UNIT_NAME":"Edison Southeast CR ORG","ORDER_NO":"2021-45","OPERATOR":"EOG Ohio","STATUS":"EFF","FORMATION":"Utica","ACRES":698.6,"EDIT_DATE":"2026-02-26"},"geometry":{"type":"Polygon","coordinates":[[[-81.200567,40.423242],[-81.227419,40.459942],[-81.22122,40.462549],[-81.216059,40.455547],[-81.194244,40.425831],[-81.200567,40.423242]]]}},{"type":"Feature","properties":{"UNIT_ID":"CROWELL_S_WYN_JF","UNIT_NAME":"Crowell S WYN JF","ORDER_NO":"2021-74","OPERATOR":"Ascent","STATUS":"EFF","FORMATION":"Utica","ACRES":413.6,"EDIT_DATE":"2025-09-25"},"geometry":{"type":"Polygon","coordinates":[[[-80.833706,40.332399],[-80.812029,40.302439],[-80.811041,40.302829],[-80.805676,40.295505],[-80.810205,40.293673],[-80.837093,40.330875],[-80.833706,40.332399]]]}},{"type":"Feature","properties":{"UNIT_ID":"CROWELL_W_WYN_JF","UNIT_NAME":"Crowell W WYN JF","ORDER_NO":"2021-78","OPERATOR":"Ascent","STATUS":"EFF","FORMATION":"Utica","ACRES":427.7,"EDIT_DATE":"2025-09-25"},"geometry":{"type":"Polygon","coordinates":[[[-80.83709,40.330842],[-80.810249,40.293723],[-80.814066,40.292104],[-80.840834,40.329258],[-80.83709,40.330842]]]}},{"type":"Feature","properties":{"UNIT_ID":"CROWELL_WYN_JF","UNIT_NAME":"Crowell WYN JF","ORDER_NO":"2021-77","OPERATOR":"Ascent","STATUS":"EFF","FORMATION":"Utica","ACRES":320.4,"EDIT_DATE":"2025-09-25"},"geometry":{"type":"Polygon","coordinates":[[[-80.81202,40.302404],[-80.833682,40.332405],[-80.830284,40.333928],[-80.808473,40.303939],[-80.81202,40.302404]]]}},{"type":"Feature","properties":{"UNIT_ID":"RUFENER_B","UNIT_NAME":"Rufener B","ORDER_NO":"2021-72","OPERATOR":"SWN Production","STATUS":"EFF","FORMATION":"Utica","ACRES":481.8,"EDIT_DATE":"2025-09-25"},"geometry":{"type":"Polygon","coordinates":[[[-80.990649,39.691155],[-81.018471,39.719837],[-81.011238,39.722873],[-80.988208,39.69311],[-80.990649,39.691155]]]}},{"type":"Feature","properties":{"UNIT_ID":"RUFENER_A","UNIT_NAME":"Rufener A","ORDER_NO":"2021-67","OPERATOR":"SWN Production","STATUS":"EFF","FORMATION":"Utica","ACRES":879.0,"EDIT_DATE":"2025-09-25"},"geometry":{"type":"Polygon","coordinates":[[[-80.996029,39.68701],[-81.02393,39.708516],[-81.024185,39.708523],[-81.023851,39.712701],[-81.023834,39.7128],[-81.022841,39.718015],[-81.018496,39.719862],[-80.990658,39.691155],[-80.996029,39.68701]]]}},{"type":"Feature","properties":{"UNIT_ID":"RANDALL_D","UNIT_NAME":"Randall D","ORDER_NO":"2021-85","OPERATOR":"SWN Production","STATUS":"EFF","FORMATION":"Utica","ACRES":407.3,"EDIT_DATE":"2025-09-25"},"geometry":{"type":"Polygon","coordinates":[[[-81.01248,39.731263],[-80.985376,39.69531],[-80.988225,39.69313],[-81.011224,39.722861],[-81.015942,39.728929],[-81.012458,39.730347],[-81.01248,39.731263]]]}},{"type":"Feature","properties":{"UNIT_ID":"RANDALL_C","UNIT_NAME":"Randall C","ORDER_NO":"2021-86","OPERATOR":"SWN Production","STATUS":"EFF","FORMATION":"Utica","ACRES":570.3,"EDIT_DATE":"2025-09-25"},"geometry":{"type":"Polygon","coordinates":[[[-80.954458,39.671255],[-80.985497,39.69522],[-80.980704,39.698761],[-80.947426,39.673015],[-80.952589,39.669077],[-80.954913,39.670888],[-80.954458,39.671255]]]}},{"type":"Feature","properties":{"UNIT_ID":"WINDY_RIDGE_PLATFORM_CR_ORG","UNIT_NAME":"Windy Ridge Platform CR ORG","ORDER_NO":"2021-89","OPERATOR":"EOG Ohio","STATUS":"EFF","FORMATION":"Utica","ACRES":1202.5,"EDIT_DATE":"2026-07-13"},"geometry":{"type":"Polygon","coordinates":[[[-81.224319,40.407425],[-81.235633,40.422967],[-81.252994,40.4466],[-81.242888,40.450911],[-81.21428,40.411669],[-81.224319,40.407425]]]}},{"type":"Feature","properties":{"UNIT_ID":"SCOUT_W_SHC_HR","UNIT_NAME":"Scout W SHC HR","ORDER_NO":"2021-101","OPERATOR":"Ascent","STATUS":"EFF","FORMATION":"Utica","ACRES":714.4,"EDIT_DATE":"2025-12-03"},"geometry":{"type":"Polygon","coordinates":[[[-80.909584,40.160168],[-80.939736,40.201486],[-80.933848,40.20389],[-80.90409,40.162452],[-80.909584,40.160168]]]}},{"type":"Feature","properties":{"UNIT_ID":"DWAYNE_GRN_HN","UNIT_NAME":"Dwayne GRN HN","ORDER_NO":"2020-271","OPERATOR":"Ascent","STATUS":"EFF","FORMATION":"Utica","ACRES":363.4,"EDIT_DATE":"2025-09-25"},"geometry":{"type":"Polygon","coordinates":[[[-80.89545,40.256216],[-80.892459,40.257504],[-80.86404,40.218526],[-80.867133,40.217205],[-80.89545,40.256216]]]}},{"type":"Feature","properties":{"UNIT_ID":"SCOUT_E_SHC_HR","UNIT_NAME":"Scout E SHC HR","ORDER_NO":"2021-100","OPERATOR":"Ascent","STATUS":"EFF","FORMATION":"Utica","ACRES":460.4,"EDIT_DATE":"2025-12-03"},"geometry":{"type":"Polygon","coordinates":[[[-80.90409,40.162452],[-80.933848,40.20389],[-80.930311,40.205397],[-80.899449,40.162609],[-80.899614,40.162521],[-80.901496,40.162566],[-80.902723,40.162743],[-80.903252,40.162858],[-80.90409,40.162452]]]}},{"type":"Feature","properties":{"UNIT_ID":"BARNHART","UNIT_NAME":"Barnhart","ORDER_NO":"2021-46","OPERATOR":"EOG Ohio","STATUS":"EFF","FORMATION":"Utica","ACRES":906.7,"EDIT_DATE":"2026-02-26"},"geometry":{"type":"Polygon","coordinates":[[[-81.111434,40.498037],[-81.085338,40.462877],[-81.094989,40.458733],[-81.109811,40.478993],[-81.107121,40.480107],[-81.118284,40.495171],[-81.111434,40.498037]]]}},{"type":"Feature","properties":{"UNIT_ID":"KELPIE_SW_WEL_JF","UNIT_NAME":"Kelpie SW WEL JF","ORDER_NO":"2021-105","OPERATOR":"Ascent","STATUS":"EFF","FORMATION":"Utica","ACRES":494.6,"EDIT_DATE":"2025-09-25"},"geometry":{"type":"Polygon","coordinates":[[[-80.706678,40.248791],[-80.674708,40.203784],[-80.675034,40.203607],[-80.675503,40.203025],[-80.675356,40.20295],[-80.676743,40.201181],[-80.677198,40.200837],[-80.710279,40.247286],[-80.706678,40.248791]]]}},{"type":"Feature","properties":{"UNIT_ID":"KELPIE_SE_WEL_JF","UNIT_NAME":"Kelpie SE WEL JF","ORDER_NO":"2021-106","OPERATOR":"Ascent","STATUS":"EFF","FORMATION":"Utica","ACRES":478.2,"EDIT_DATE":"2025-09-25"},"geometry":{"type":"Polygon","coordinates":[[[-80.703143,40.250219],[-80.672161,40.206899],[-80.674661,40.203788],[-80.706678,40.248791],[-80.703143,40.250219]]]}},{"type":"Feature","properties":{"UNIT_ID":"KELPIE_NE_WEL_JF","UNIT_NAME":"Kelpie NE WEL JF","ORDER_NO":"2021-108","OPERATOR":"Ascent","STATUS":"EFF","FORMATION":"Utica","ACRES":440.6,"EDIT_DATE":"2025-09-25"},"geometry":{"type":"Polygon","coordinates":[[[-80.732273,40.291058],[-80.703143,40.250219],[-80.706678,40.248791],[-80.736117,40.289969],[-80.735486,40.290292],[-80.734323,40.29048],[-80.733769,40.291097],[-80.732273,40.291058]]]}},{"type":"Feature","properties":{"UNIT_ID":"KELPIE_NW_WEL_JF","UNIT_NAME":"Kelpie NW WEL JF","ORDER_NO":"2021-111","OPERATOR":"Ascent","STATUS":"EFF","FORMATION":"Utica","ACRES":384.6,"EDIT_DATE":"2025-09-25"},"geometry":{"type":"Polygon","coordinates":[[[-80.736121,40.289953],[-80.706678,40.248791],[-80.710279,40.247286],[-80.738503,40.2886],[-80.738014,40.289054],[-80.736121,40.289953]]]}},{"type":"Feature","properties":{"UNIT_ID":"BEETLE_SHC_HR","UNIT_NAME":"Beetle SHC HR","ORDER_NO":"2021-126","OPERATOR":"Ascent","STATUS":"EFF","FORMATION":"Utica","ACRES":541.6,"EDIT_DATE":"2026-07-23"},"geometry":{"type":"Polygon","coordinates":[[[-80.945446,40.209396],[-80.926527,40.183056],[-80.928939,40.183147],[-80.929233,40.175499],[-80.929107,40.174969],[-80.951835,40.206731],[-80.945446,40.209396]]]}},{"type":"Feature","properties":{"UNIT_ID":"KENNETH_LLOYD_NORTH","UNIT_NAME":"Kenneth Lloyd North","ORDER_NO":"2021-27","OPERATOR":"EOG Ohio","STATUS":"EFF","FORMATION":"Utica","ACRES":1196.2,"EDIT_DATE":"2026-02-26"},"geometry":{"type":"Polygon","coordinates":[[[-81.23544,40.49941],[-81.206077,40.459737],[-81.216059,40.455547],[-81.245184,40.495204],[-81.23544,40.49941]]]}},{"type":"Feature","properties":{"UNIT_ID":"BEROS_SW","UNIT_NAME":"Beros SW","ORDER_NO":"2024-322","OPERATOR":"INR Onio","STATUS":"EFF","FORMATION":"Utica","ACRES":924.5,"EDIT_DATE":"2025-09-25"},"geometry":{"type":"Polygon","coordinates":[[[-81.448983,39.930057],[-81.472202,39.961851],[-81.463495,39.965618],[-81.462271,39.963939],[-81.439516,39.932777],[-81.439952,39.927477],[-81.441851,39.927532],[-81.443565,39.928231],[-81.445549,39.929498],[-81.445657,39.929461],[-81.445941,39.929541],[-81.446581,39.930042],[-81.447027,39.930129],[-81.448983,39.930057]]]}},{"type":"Feature","properties":{"UNIT_ID":"LLOYD_SMITH_SOUTH","UNIT_NAME":"Lloyd Smith South","ORDER_NO":"2021-125","OPERATOR":"EOG Ohio","STATUS":"EFF","FORMATION":"Utica","ACRES":840.7,"EDIT_DATE":"2026-02-26"},"geometry":{"type":"Polygon","coordinates":[[[-81.210579,40.479427],[-81.183825,40.442735],[-81.191216,40.439572],[-81.206077,40.459737],[-81.218183,40.47614],[-81.210579,40.479427]]]}},{"type":"Feature","properties":{"UNIT_ID":"ATHENA_NW_SMF_JF_UNIT","UNIT_NAME":"Athena NW SMF JF Unit","ORDER_NO":"2021-137","OPERATOR":"Ascent","STATUS":"EFF","FORMATION":"Utica","ACRES":404.1,"EDIT_DATE":"2025-04-08"},"geometry":{"type":"Polygon","coordinates":[[[-80.788608,40.314986],[-80.763314,40.280031],[-80.76711,40.278392],[-80.792371,40.313376],[-80.788608,40.314986]]]}},{"type":"Feature","properties":{"UNIT_ID":"ATHENA_N_SMF_JF_UNIT","UNIT_NAME":"Athena N SMF JF Unit","ORDER_NO":"2021-140","OPERATOR":"Ascent","STATUS":"EFF","FORMATION":"Utica","ACRES":328.7,"EDIT_DATE":"2025-04-08"},"geometry":{"type":"Polygon","coordinates":[[[-80.784007,40.314288],[-80.760177,40.281386],[-80.763314,40.280031],[-80.788608,40.314986],[-80.786467,40.315911],[-80.785023,40.313879],[-80.784007,40.314288]]]}},{"type":"Feature","properties":{"UNIT_ID":"ATHENA_NE_SMF_JF_UNIT","UNIT_NAME":"Athena NE SMF JF Unit","ORDER_NO":"2021-139","OPERATOR":"Ascent","STATUS":"EFF","FORMATION":"Utica","ACRES":660.6,"EDIT_DATE":"2025-04-08"},"geometry":{"type":"Polygon","coordinates":[[[-80.777429,40.317058],[-80.753584,40.284203],[-80.760177,40.281386],[-80.784007,40.314288],[-80.777429,40.317058]]]}},{"type":"Feature","properties":{"UNIT_ID":"CAMSKY_WEST_2021","UNIT_NAME":"Camsky West (2021)","ORDER_NO":"2021-144","OPERATOR":"Gulfport Energy Transferred to Gulfport Appalachia","STATUS":"EFF","FORMATION":"Utica","ACRES":768.6,"EDIT_DATE":"2025-11-21"},"geometry":{"type":"Polygon","coordinates":[[[-80.908408,39.911108],[-80.930248,39.941348],[-80.918832,39.940852],[-80.899868,39.914531],[-80.899993,39.912778],[-80.900186,39.910685],[-80.900208,39.910344],[-80.900512,39.910768],[-80.908408,39.911108]]]}},{"type":"Feature","properties":{"UNIT_ID":"CRICKET_SHC_HR","UNIT_NAME":"Cricket SHC HR","ORDER_NO":"2021-153","OPERATOR":"Ascent","STATUS":"EFF","FORMATION":"Utica","ACRES":452.4,"EDIT_DATE":"2025-09-25"},"geometry":{"type":"Polygon","coordinates":[[[-80.882482,40.220345],[-80.913819,40.262754],[-80.910339,40.264241],[-80.87902,40.221829],[-80.882482,40.220345]]]}},{"type":"Feature","properties":{"UNIT_ID":"CRICKET_W_SHC_HR","UNIT_NAME":"Cricket W SHC HR","ORDER_NO":"2021-154","OPERATOR":"Ascent","STATUS":"EFF","FORMATION":"Utica","ACRES":467.5,"EDIT_DATE":"2025-09-25"},"geometry":{"type":"Polygon","coordinates":[[[-80.913819,40.262754],[-80.882487,40.220342],[-80.88621,40.218746],[-80.917265,40.261276],[-80.913819,40.262754]]]}},{"type":"Feature","properties":{"UNIT_ID":"CRICKET_E_SHC_HR","UNIT_NAME":"Cricket E SHC HR","ORDER_NO":"2021-155","OPERATOR":"Ascent","STATUS":"EFF","FORMATION":"Utica","ACRES":445.5,"EDIT_DATE":"2025-09-25"},"geometry":{"type":"Polygon","coordinates":[[[-80.87902,40.221829],[-80.910339,40.264241],[-80.906864,40.265747],[-80.87567,40.223265],[-80.87902,40.221829]]]}},{"type":"Feature","properties":{"UNIT_ID":"DWAYNE_W_GRN_HR","UNIT_NAME":"Dwayne W GRN HR","ORDER_NO":"2021-156","OPERATOR":"Ascent","STATUS":"EFF","FORMATION":"Utica","ACRES":393.3,"EDIT_DATE":"2025-09-25"},"geometry":{"type":"Polygon","coordinates":[[[-80.869661,40.215074],[-80.898802,40.254773],[-80.89545,40.256216],[-80.867149,40.2172],[-80.866916,40.217203],[-80.866394,40.216467],[-80.869661,40.215074]]]}},{"type":"Feature","properties":{"UNIT_ID":"SMITH_SE_CLR_BL","UNIT_NAME":"Smith SE CLR BL","ORDER_NO":"2021-158","OPERATOR":"Ascent","STATUS":"EFF","FORMATION":"Utica","ACRES":621.0,"EDIT_DATE":"2025-09-25"},"geometry":{"type":"Polygon","coordinates":[[[-80.794874,40.077057],[-80.819436,40.11179],[-80.813577,40.114376],[-80.788658,40.079091],[-80.79302,40.079205],[-80.792657,40.077525],[-80.793655,40.07754],[-80.794874,40.077057]]]}},{"type":"Feature","properties":{"UNIT_ID":"CAMSKY_EAST_2021","UNIT_NAME":"Camsky East (2021)","ORDER_NO":"2021-162","OPERATOR":"Gulfport Energy Transferred to Gulfport Appalachia","STATUS":"EFF","FORMATION":"Utica","ACRES":674.2,"EDIT_DATE":"2025-11-21"},"geometry":{"type":"Polygon","coordinates":[[[-80.910567,39.940557],[-80.887944,39.910387],[-80.897886,39.906636],[-80.900208,39.910344],[-80.899868,39.914531],[-80.918832,39.940852],[-80.910567,39.940557]]]}},{"type":"Feature","properties":{"UNIT_ID":"MASKALUK_CL_WAS_NORTHEAST","UNIT_NAME":"Maskaluk CL WAS Northeast","ORDER_NO":"2021-130","OPERATOR":"EOG Ohio","STATUS":"EFF","FORMATION":"Utica","ACRES":587.9,"EDIT_DATE":"2026-02-26"},"geometry":{"type":"Polygon","coordinates":[[[-80.804008,40.626304],[-80.826917,40.657897],[-80.82089,40.660379],[-80.797621,40.628762],[-80.804008,40.626304]]]}},{"type":"Feature","properties":{"UNIT_ID":"MASKALUK_CL_WAS_NORTHWEST","UNIT_NAME":"Maskaluk CL WAS Northwest","ORDER_NO":"2021-133","OPERATOR":"EOG Ohio","STATUS":"EFF","FORMATION":"Utica","ACRES":603.0,"EDIT_DATE":"2026-02-26"},"geometry":{"type":"Polygon","coordinates":[[[-80.810358,40.623718],[-80.833201,40.655196],[-80.826917,40.657897],[-80.804008,40.626304],[-80.810358,40.623718]]]}},{"type":"Feature","properties":{"UNIT_ID":"SMITH_SW_CLR_BL","UNIT_NAME":"Smith SW CLR BL","ORDER_NO":"2021-163","OPERATOR":"Ascent","STATUS":"EFF","FORMATION":"Utica","ACRES":478.4,"EDIT_DATE":"2025-09-25"},"geometry":{"type":"Polygon","coordinates":[[[-80.819436,40.11179],[-80.795646,40.078149],[-80.794874,40.077057],[-80.79498,40.077012],[-80.794642,40.076544],[-80.79527,40.076281],[-80.795887,40.076023],[-80.79657,40.075568],[-80.797159,40.075375],[-80.797479,40.075345],[-80.797921,40.075337],[-80.798173,40.075348],[-80.798548,40.075432],[-80.79915,40.075567],[-80.799553,40.07575],[-80.799681,40.075823],[-80.799879,40.075936],[-80.799989,40.075962],[-80.800093,40.075967],[-80.800122,40.075954],[-80.801835,40.078423],[-80.801722,40.079723],[-80.80178,40.081058],[-80.801935,40.081221],[-80.802056,40.081349],[-80.802215,40.081375],[-80.802431,40.081411],[-80.802817,40.081399],[-80.803429,40.081351],[-80.803755,40.081251],[-80.823951,40.1098],[-80.819436,40.11179]]]}},{"type":"Feature","properties":{"UNIT_ID":"HERRICK_C_WEST","UNIT_NAME":"Herrick C West","ORDER_NO":"2021-132","OPERATOR":"Eclipse","STATUS":"EFF","FORMATION":"Utica","ACRES":435.6,"EDIT_DATE":"2025-09-25"},"geometry":{"type":"Polygon","coordinates":[[[-80.960661,39.64687],[-80.923866,39.618379],[-80.924416,39.618337],[-80.925004,39.61819],[-80.926061,39.617927],[-80.927013,39.617692],[-80.928292,39.617293],[-80.929806,39.618814],[-80.931098,39.620055],[-80.931807,39.620626],[-80.94596,39.631502],[-80.947121,39.630658],[-80.95319,39.635373],[-80.953085,39.637039],[-80.955508,39.637133],[-80.96543,39.644938],[-80.966913,39.645009],[-80.966303,39.645579],[-80.966464,39.645852],[-80.96646,39.646175],[-80.963208,39.648508],[-80.962821,39.648161],[-80.962402,39.647962],[-80.962144,39.647813],[-80.961757,39.647565],[-80.961403,39.647366],[-80.961209,39.647217],[-80.960983,39.647093],[-80.960661,39.64687]]]}},{"type":"Feature","properties":{"UNIT_ID":"DULKOSKI_HN_GMN_UNIT","UNIT_NAME":"Dulkoski HN GMN Unit","ORDER_NO":"2021-159","OPERATOR":"EOG Ohio","STATUS":"EFF","FORMATION":"Utica","ACRES":940.6,"EDIT_DATE":"2026-02-26"},"geometry":{"type":"Polygon","coordinates":[[[-80.948737,40.373191],[-80.959962,40.388679],[-80.971403,40.404196],[-80.961237,40.408527],[-80.938976,40.377287],[-80.938369,40.376658],[-80.940495,40.3767],[-80.948737,40.373191]]]}},{"type":"Feature","properties":{"UNIT_ID":"BARNESVILLE_EAST","UNIT_NAME":"Barnesville East","ORDER_NO":"2021-169","OPERATOR":"Gulfport Energy Transferred to Gulfport Appalachia","STATUS":"EFF","FORMATION":"Utica","ACRES":471.4,"EDIT_DATE":"2026-08-20"},"geometry":{"type":"Polygon","coordinates":[[[-81.147975,39.891959],[-81.181234,39.937873],[-81.177883,39.939394],[-81.144681,39.893335],[-81.147975,39.891959]]]}},{"type":"Feature","properties":{"UNIT_ID":"BORUM_NW_SMF_JF","UNIT_NAME":"Borum NW SMF JF","ORDER_NO":"2021-166","OPERATOR":"Ascent","STATUS":"EFF","FORMATION":"Utica","ACRES":332.9,"EDIT_DATE":"2025-09-25"},"geometry":{"type":"Polygon","coordinates":[[[-80.862761,40.28891],[-80.884388,40.318803],[-80.880766,40.320346],[-80.859071,40.290448],[-80.862761,40.28891]]]}},{"type":"Feature","properties":{"UNIT_ID":"BORUM_N_SMF_JF","UNIT_NAME":"Borum N SMF JF","ORDER_NO":"2021-167","OPERATOR":"Ascent","STATUS":"EFF","FORMATION":"Utica","ACRES":326.3,"EDIT_DATE":"2025-09-25"},"geometry":{"type":"Polygon","coordinates":[[[-80.859071,40.290448],[-80.880545,40.320042],[-80.876921,40.321564],[-80.855444,40.29196],[-80.859071,40.290448]]]}},{"type":"Feature","properties":{"UNIT_ID":"BORUM_NE_SMF_JF","UNIT_NAME":"Borum NE SMF JF","ORDER_NO":"2021-168","OPERATOR":"Ascent","STATUS":"EFF","FORMATION":"Utica","ACRES":375.9,"EDIT_DATE":"2025-09-25"},"geometry":{"type":"Polygon","coordinates":[[[-80.855459,40.291999],[-80.880279,40.326205],[-80.880169,40.326263],[-80.878465,40.326573],[-80.876422,40.327391],[-80.851818,40.293559],[-80.855459,40.291999]]]}},{"type":"Feature","properties":{"UNIT_ID":"GABRIEL_SW_WEL_JF","UNIT_NAME":"Gabriel SW WEL JF","ORDER_NO":"2021-174","OPERATOR":"Ascent","STATUS":"EFF","FORMATION":"Utica","ACRES":615.2,"EDIT_DATE":"2025-09-25"},"geometry":{"type":"Polygon","coordinates":[[[-80.720449,40.255468],[-80.679363,40.198153],[-80.67945,40.198046],[-80.679485,40.197818],[-80.679702,40.197567],[-80.680045,40.19717],[-80.68022,40.1969],[-80.680453,40.196576],[-80.68083,40.196161],[-80.681789,40.19526],[-80.723978,40.254028],[-80.720449,40.255468]]]}},{"type":"Feature","properties":{"UNIT_ID":"GABRIEL_SE_WEL_JF","UNIT_NAME":"Gabriel SE WEL JF","ORDER_NO":"2021-175","OPERATOR":"Ascent","STATUS":"EFF","FORMATION":"Utica","ACRES":561.6,"EDIT_DATE":"2025-09-25"},"geometry":{"type":"Polygon","coordinates":[[[-80.720449,40.255468],[-80.716774,40.256962],[-80.710279,40.247286],[-80.677198,40.200837],[-80.679363,40.198153],[-80.720449,40.255468]]]}},{"type":"Feature","properties":{"UNIT_ID":"BAUER_NORTHEAST","UNIT_NAME":"Bauer Northeast","ORDER_NO":"2021-187","OPERATOR":"EOG Ohio","STATUS":"EFF","FORMATION":"Utica","ACRES":740.0,"EDIT_DATE":"2026-02-26"},"geometry":{"type":"Polygon","coordinates":[[[-81.138736,40.495702],[-81.172265,40.541144],[-81.170187,40.541967],[-81.16714,40.543175],[-81.134653,40.500149],[-81.133082,40.498127],[-81.138736,40.495702]]]}},{"type":"Feature","properties":{"UNIT_ID":"BARNESVILLE_WEST","UNIT_NAME":"Barnesville West","ORDER_NO":"2021-170","OPERATOR":"Gulfport Energy Transferred to Gulfport Appalachia","STATUS":"EFF","FORMATION":"Utica","ACRES":494.2,"EDIT_DATE":"2026-08-20"},"geometry":{"type":"Polygon","coordinates":[[[-81.15356,39.88956],[-81.154451,39.89079],[-81.1543,39.894057],[-81.153912,39.894053],[-81.184608,39.936423],[-81.181234,39.937873],[-81.147975,39.891959],[-81.15356,39.88956]]]}},{"type":"Feature","properties":{"UNIT_ID":"BEACON_SOUTH","UNIT_NAME":"Beacon South","ORDER_NO":"2021-171","OPERATOR":"Gulfport Energy Transferred to Gulfport Appalachia","STATUS":"EFF","FORMATION":"Utica","ACRES":570.1,"EDIT_DATE":"2026-08-20"},"geometry":{"type":"Polygon","coordinates":[[[-81.144627,39.893403],[-81.163048,39.918824],[-81.155732,39.921989],[-81.137378,39.896509],[-81.141597,39.894697],[-81.144627,39.893403]]]}},{"type":"Feature","properties":{"UNIT_ID":"WIANDT_NORTH","UNIT_NAME":"Wiandt North","ORDER_NO":"2021-191","OPERATOR":"EOG Ohio","STATUS":"EFF","FORMATION":"Utica","ACRES":1133.8,"EDIT_DATE":"2026-02-26"},"geometry":{"type":"Polygon","coordinates":[[[-81.152784,40.501356],[-81.127582,40.46651],[-81.137502,40.46248],[-81.13756,40.461838],[-81.151073,40.480489],[-81.151876,40.48011],[-81.164246,40.496954],[-81.159086,40.498936],[-81.152784,40.501356]]]}},{"type":"Feature","properties":{"UNIT_ID":"DAWSON_N_SMF_JF","UNIT_NAME":"Dawson N SMF JF","ORDER_NO":"2021-197","OPERATOR":"Ascent","STATUS":"EFF","FORMATION":"Utica","ACRES":977.0,"EDIT_DATE":"2025-09-25"},"geometry":{"type":"Polygon","coordinates":[[[-80.838659,40.326241],[-80.80843,40.284327],[-80.808982,40.284187],[-80.808996,40.283606],[-80.809758,40.283627],[-80.809183,40.282797],[-80.815505,40.280173],[-80.845648,40.322448],[-80.842272,40.323868],[-80.841959,40.323808],[-80.841963,40.323906],[-80.841721,40.323874],[-80.841606,40.323986],[-80.841921,40.324361],[-80.841887,40.324849],[-80.838659,40.326241]]]}},{"type":"Feature","properties":{"UNIT_ID":"BLAYNEY_SE_WHL_BL","UNIT_NAME":"Blayney SE WHL BL","ORDER_NO":"2023-110","OPERATOR":"Ascent","STATUS":"EFF","FORMATION":"Utica","ACRES":343.9,"EDIT_DATE":"2026-06-01"},"geometry":{"type":"Polygon","coordinates":[[[-80.989429,40.116765],[-80.972334,40.09312],[-80.961146,40.077636],[-80.96305,40.076805],[-80.963624,40.077545],[-80.963716,40.077527],[-80.963799,40.077454],[-80.963863,40.077335],[-80.963951,40.077101],[-80.964048,40.076773],[-80.964171,40.076653],[-80.991664,40.114546],[-80.99127,40.116015],[-80.989429,40.116765]]]}},{"type":"Feature","properties":{"UNIT_ID":"BLAYNEY_SW_WHL_BL","UNIT_NAME":"Blayney SW WHL BL","ORDER_NO":"2021-189","OPERATOR":"Ascent","STATUS":"EFF","FORMATION":"Utica","ACRES":415.4,"EDIT_DATE":"2025-09-25"},"geometry":{"type":"Polygon","coordinates":[[[-80.995047,40.113401],[-80.969779,40.078247],[-80.969289,40.077698],[-80.969053,40.077409],[-80.968197,40.076136],[-80.967932,40.075626],[-80.967407,40.074287],[-80.970114,40.072444],[-80.981504,40.088311],[-80.998905,40.112438],[-80.998419,40.112597],[-80.996155,40.112849],[-80.995047,40.113401]]]}},{"type":"Feature","properties":{"UNIT_ID":"BLAYNEY_S_WHL_BL","UNIT_NAME":"Blayney S WHL BL","ORDER_NO":"2021-190","OPERATOR":"Ascent","STATUS":"EFF","FORMATION":"Utica","ACRES":382.1,"EDIT_DATE":"2025-09-25"},"geometry":{"type":"Polygon","coordinates":[[[-80.991664,40.114546],[-80.964171,40.076653],[-80.965638,40.076119],[-80.965818,40.076021],[-80.966309,40.075886],[-80.96714,40.075848],[-80.967669,40.075899],[-80.968098,40.075944],[-80.968353,40.076367],[-80.968806,40.07704],[-80.969053,40.077409],[-80.969405,40.077828],[-80.969779,40.078247],[-80.995047,40.113401],[-80.994664,40.113594],[-80.991852,40.113873],[-80.991664,40.114546]]]}},{"type":"Feature","properties":{"UNIT_ID":"ELKRUN_WERTZ_NORTHEAST","UNIT_NAME":"Elkrun Wertz Northeast","ORDER_NO":"2021-192","OPERATOR":"Hilcorp Energy","STATUS":"EFF","FORMATION":"Utica","ACRES":312.7,"EDIT_DATE":"2025-10-17"},"geometry":{"type":"Polygon","coordinates":[[[-80.722645,40.782313],[-80.735779,40.801234],[-80.73393,40.802084],[-80.733145,40.802516],[-80.732923,40.802613],[-80.732788,40.802733],[-80.732607,40.802941],[-80.731854,40.803819],[-80.73163,40.803342],[-80.731488,40.803364],[-80.731369,40.803934],[-80.731763,40.803962],[-80.731255,40.804376],[-80.716942,40.784672],[-80.722645,40.782313]]]}},{"type":"Feature","properties":{"UNIT_ID":"SATORI_SE_WEL_JF","UNIT_NAME":"Satori SE WEL JF","ORDER_NO":"2021-202","OPERATOR":"Ascent","STATUS":"EFF","FORMATION":"Utica","ACRES":336.1,"EDIT_DATE":"2025-09-25"},"geometry":{"type":"Polygon","coordinates":[[[-80.729484,40.261602],[-80.705204,40.227891],[-80.70847,40.22639],[-80.7327,40.260265],[-80.729484,40.261602]]]}},{"type":"Feature","properties":{"UNIT_ID":"BAUER_NORTHWEST","UNIT_NAME":"Bauer Northwest","ORDER_NO":"2021-201","OPERATOR":"EOG Ohio","STATUS":"EFF","FORMATION":"Utica","ACRES":1049.4,"EDIT_DATE":"2026-02-26"},"geometry":{"type":"Polygon","coordinates":[[[-81.172265,40.541144],[-81.138736,40.495702],[-81.146346,40.492458],[-81.152784,40.501356],[-81.179943,40.538103],[-81.175501,40.539862],[-81.172265,40.541144]]]}},{"type":"Feature","properties":{"UNIT_ID":"PINE_VALLEY_NE_GRN_HR","UNIT_NAME":"Pine Valley NE GRN HR","ORDER_NO":"2021-203","OPERATOR":"Ascent","STATUS":"EFF","FORMATION":"Utica","ACRES":575.8,"EDIT_DATE":"2025-09-25"},"geometry":{"type":"Polygon","coordinates":[[[-80.872159,40.289886],[-80.892862,40.318645],[-80.886329,40.321416],[-80.865589,40.292693],[-80.866582,40.292205],[-80.866141,40.291581],[-80.867987,40.29164],[-80.872159,40.289886]]]}},{"type":"Feature","properties":{"UNIT_ID":"WISE_SW_PLT_BL","UNIT_NAME":"Wise SW PLT BL","ORDER_NO":"2021-200","OPERATOR":"Ascent","STATUS":"EFF","FORMATION":"Utica","ACRES":675.4,"EDIT_DATE":"2026-08-04"},"geometry":{"type":"Polygon","coordinates":[[[-80.777734,40.046907],[-80.756768,40.0181],[-80.757695,40.0177],[-80.757705,40.017426],[-80.757919,40.01743],[-80.757928,40.017167],[-80.761033,40.017233],[-80.761051,40.017281],[-80.761276,40.016782],[-80.762048,40.016449],[-80.763227,40.015936],[-80.763376,40.015983],[-80.76333,40.015895],[-80.763825,40.015679],[-80.76432,40.015633],[-80.764803,40.016292],[-80.764902,40.016288],[-80.76503,40.016283],[-80.765479,40.016265],[-80.765984,40.016962],[-80.785619,40.043998],[-80.779206,40.04675],[-80.778817,40.046701],[-80.778556,40.046726],[-80.778293,40.046793],[-80.777734,40.046907]]]}},{"type":"Feature","properties":{"UNIT_ID":"CRAWFORD_SOUTH","UNIT_NAME":"Crawford South","ORDER_NO":"2021-143","OPERATOR":"EOG Ohio","STATUS":"EFF","FORMATION":"Utica","ACRES":737.4,"EDIT_DATE":"2026-02-26"},"geometry":{"type":"Polygon","coordinates":[[[-80.835411,40.438821],[-80.815177,40.410779],[-80.821549,40.408202],[-80.825585,40.413697],[-80.828457,40.412549],[-80.844649,40.434677],[-80.835411,40.438821]]]}},{"type":"Feature","properties":{"UNIT_ID":"SATORI_N_WEL_JF","UNIT_NAME":"Satori N WEL JF","ORDER_NO":"2022-04","OPERATOR":"Ascent","STATUS":"EFF","FORMATION":"Utica","ACRES":515.1,"EDIT_DATE":"2025-09-25"},"geometry":{"type":"Polygon","coordinates":[[[-80.735834,40.258975],[-80.754007,40.284051],[-80.753584,40.284203],[-80.75464,40.285635],[-80.754357,40.285591],[-80.754298,40.285761],[-80.754169,40.285748],[-80.754082,40.286097],[-80.753757,40.286501],[-80.753537,40.286773],[-80.752202,40.286768],[-80.751416,40.286758],[-80.749926,40.286902],[-80.749942,40.286996],[-80.747685,40.287154],[-80.729484,40.261602],[-80.735834,40.258975]]]}},{"type":"Feature","properties":{"UNIT_ID":"WISE_SE_PLT_BL","UNIT_NAME":"Wise SE PLT BL","ORDER_NO":"2022-09","OPERATOR":"Ascent","STATUS":"EFF","FORMATION":"Utica","ACRES":540.7,"EDIT_DATE":"2026-08-04"},"geometry":{"type":"Polygon","coordinates":[[[-80.756761,40.018091],[-80.775232,40.043471],[-80.771832,40.044919],[-80.76934,40.045953],[-80.76907,40.045986],[-80.768062,40.045847],[-80.749493,40.02041],[-80.756439,40.017648],[-80.756761,40.018091]]]}},{"type":"Feature","properties":{"UNIT_ID":"SHEPORGI_SW_GRN_HR","UNIT_NAME":"Sheporgi SW GRN HR","ORDER_NO":"2022-10","OPERATOR":"Ascent","STATUS":"EFF","FORMATION":"Utica","ACRES":557.5,"EDIT_DATE":"2025-09-25"},"geometry":{"type":"Polygon","coordinates":[[[-80.868131,40.248638],[-80.88919,40.27734],[-80.882579,40.28002],[-80.863694,40.254352],[-80.864554,40.253311],[-80.86516,40.25332],[-80.865211,40.250465],[-80.864334,40.250769],[-80.864446,40.250141],[-80.86426,40.249481],[-80.86526,40.249362],[-80.866273,40.24952],[-80.867277,40.24872],[-80.867938,40.248697],[-80.868131,40.248638]]]}},{"type":"Feature","properties":{"UNIT_ID":"SHEPORGI_S_GRN_HR","UNIT_NAME":"Sheporgi S GRN HR","ORDER_NO":"2022-11","OPERATOR":"Ascent","STATUS":"EFF","FORMATION":"Utica","ACRES":496.8,"EDIT_DATE":"2025-09-25"},"geometry":{"type":"Polygon","coordinates":[[[-80.882651,40.280228],[-80.876299,40.282929],[-80.857569,40.257423],[-80.861366,40.255676],[-80.861251,40.255457],[-80.863641,40.254447],[-80.882651,40.280228]]]}},{"type":"Feature","properties":{"UNIT_ID":"WILLIAMSON_RUN","UNIT_NAME":"Williamson Run","ORDER_NO":"2022-18","OPERATOR":"Gulfport Energy Transferred to Gulfport Appalachia","STATUS":"EFF","FORMATION":"Utica","ACRES":653.0,"EDIT_DATE":"2025-11-21"},"geometry":{"type":"Polygon","coordinates":[[[-80.705374,40.227813],[-80.680173,40.192831],[-80.686306,40.190276],[-80.711499,40.225153],[-80.70847,40.22639],[-80.705374,40.227813]]]}},{"type":"Feature","properties":{"UNIT_ID":"RUSH_RUN_SOUTH","UNIT_NAME":"Rush Run South","ORDER_NO":"2022-19","OPERATOR":"Gulfport Energy Transferred to Gulfport Appalachia","STATUS":"EFF","FORMATION":"Utica","ACRES":1058.6,"EDIT_DATE":"2025-11-21"},"geometry":{"type":"Polygon","coordinates":[[[-80.684863,40.188077],[-80.684938,40.187661],[-80.685197,40.186745],[-80.683763,40.186612],[-80.682811,40.185221],[-80.683067,40.185009],[-80.683312,40.184807],[-80.683922,40.184088],[-80.684321,40.183618],[-80.684585,40.183308],[-80.684821,40.182903],[-80.685552,40.182156],[-80.686417,40.181272],[-80.686818,40.180701],[-80.68715,40.180277],[-80.6874,40.179926],[-80.687767,40.179413],[-80.688184,40.178995],[-80.688415,40.179004],[-80.688604,40.178632],[-80.720764,40.223348],[-80.712653,40.226836],[-80.711118,40.22483],[-80.686618,40.190249],[-80.684863,40.188077]]]}},{"type":"Feature","properties":{"UNIT_ID":"KRINKE_NW_MTP_JF","UNIT_NAME":"Krinke NW MTP JF","ORDER_NO":"2022-12","OPERATOR":"Ascent","STATUS":"EFF","FORMATION":"Utica","ACRES":544.5,"EDIT_DATE":"2025-09-25"},"geometry":{"type":"Polygon","coordinates":[[[-80.8068,40.162432],[-80.826271,40.18962],[-80.823664,40.19075],[-80.828707,40.197892],[-80.825667,40.199191],[-80.801684,40.166193],[-80.804045,40.165211],[-80.804137,40.163686],[-80.8068,40.162432]]]}},{"type":"Feature","properties":{"UNIT_ID":"DAWSON_SOUTH","UNIT_NAME":"Dawson South","ORDER_NO":"2021-173","OPERATOR":"EOG Ohio","STATUS":"EFF","FORMATION":"Utica","ACRES":1166.9,"EDIT_DATE":"2026-02-26"},"geometry":{"type":"Polygon","coordinates":[[[-80.863996,40.372587],[-80.864041,40.372213],[-80.864114,40.369812],[-80.875008,40.369893],[-80.901263,40.406225],[-80.891233,40.410537],[-80.890627,40.409702],[-80.869596,40.380478],[-80.863996,40.372587]]]}},{"type":"Feature","properties":{"UNIT_ID":"SATORI_SW_WEL_JF","UNIT_NAME":"Satori SW WEL JF","ORDER_NO":"2022-27","OPERATOR":"Ascent","STATUS":"EFF","FORMATION":"Utica","ACRES":310.0,"EDIT_DATE":"2025-09-25"},"geometry":{"type":"Polygon","coordinates":[[[-80.7327,40.260265],[-80.70847,40.22639],[-80.711396,40.225193],[-80.735834,40.258975],[-80.7327,40.260265]]]}},{"type":"Feature","properties":{"UNIT_ID":"EXTREME_EAST","UNIT_NAME":"Extreme East","ORDER_NO":"2022-29","OPERATOR":"Gulfport Energy Transferred to Gulfport Appalachia","STATUS":"EFF","FORMATION":"Utica","ACRES":786.0,"EDIT_DATE":"2025-11-21"},"geometry":{"type":"Polygon","coordinates":[[[-80.698567,40.163991],[-80.723301,40.19847],[-80.715616,40.20203],[-80.693087,40.170745],[-80.693222,40.170619],[-80.693752,40.169928],[-80.694248,40.169282],[-80.69486,40.169412],[-80.695399,40.168647],[-80.697018,40.166352],[-80.697183,40.166021],[-80.69831,40.164364],[-80.698567,40.163991]]]}},{"type":"Feature","properties":{"UNIT_ID":"EXTREME_WEST","UNIT_NAME":"Extreme West","ORDER_NO":"2022-30","OPERATOR":"Gulfport Energy Transferred to Gulfport Appalachia","STATUS":"EFF","FORMATION":"Utica","ACRES":858.7,"EDIT_DATE":"2025-11-21"},"geometry":{"type":"Polygon","coordinates":[[[-80.723197,40.198327],[-80.698567,40.163991],[-80.698726,40.163689],[-80.699156,40.163354],[-80.699293,40.163125],[-80.699449,40.162867],[-80.699618,40.162585],[-80.69997,40.162001],[-80.700322,40.161376],[-80.700356,40.161009],[-80.700446,40.160851],[-80.700715,40.160838],[-80.701082,40.160429],[-80.70212,40.158696],[-80.702727,40.15775],[-80.703055,40.157107],[-80.703801,40.15712],[-80.730886,40.194963],[-80.723197,40.198327]]]}},{"type":"Feature","properties":{"UNIT_ID":"KRINKE_NE_MTP_JF","UNIT_NAME":"Krinke NE MTP JF","ORDER_NO":"2022-58","OPERATOR":"Ascent","STATUS":"EFF","FORMATION":"Utica","ACRES":381.7,"EDIT_DATE":"2025-09-25"},"geometry":{"type":"Polygon","coordinates":[[[-80.821887,40.200877],[-80.798006,40.167882],[-80.801763,40.166301],[-80.825667,40.199191],[-80.825674,40.199286],[-80.821887,40.200877]]]}},{"type":"Feature","properties":{"UNIT_ID":"LEEPER_EAST","UNIT_NAME":"Leeper East","ORDER_NO":"2022-60","OPERATOR":"EOG Ohio","STATUS":"EFF","FORMATION":"Utica","ACRES":521.8,"EDIT_DATE":"2026-07-13"},"geometry":{"type":"Polygon","coordinates":[[[-81.240738,40.420687],[-81.265092,40.45385],[-81.264072,40.454289],[-81.260021,40.456057],[-81.252994,40.4466],[-81.252989,40.446592],[-81.235633,40.422967],[-81.240738,40.420687]]]}},{"type":"Feature","properties":{"UNIT_ID":"LIMESTONE_RUN_SOUTH","UNIT_NAME":"Limestone Run South","ORDER_NO":"2022-59","OPERATOR":"Gulfport Energy Transferred to Gulfport Appalachia","STATUS":"EFF","FORMATION":"Utica","ACRES":1127.2,"EDIT_DATE":"2025-11-21"},"geometry":{"type":"Polygon","coordinates":[[[-80.728093,40.2157],[-80.718307,40.219934],[-80.688604,40.178632],[-80.688773,40.178303],[-80.688703,40.178293],[-80.68953,40.176619],[-80.688805,40.176482],[-80.690007,40.174741],[-80.690649,40.174902],[-80.691548,40.173768],[-80.691368,40.173737],[-80.693047,40.171588],[-80.692417,40.171565],[-80.693087,40.170745],[-80.715616,40.20203],[-80.71748,40.201131],[-80.728093,40.2157]]]}},{"type":"Feature","properties":{"UNIT_ID":"LEEPER_WEST","UNIT_NAME":"Leeper West","ORDER_NO":"2022-61","OPERATOR":"EOG Ohio","STATUS":"EFF","FORMATION":"Utica","ACRES":491.2,"EDIT_DATE":"2026-07-13"},"geometry":{"type":"Polygon","coordinates":[[[-81.240738,40.420687],[-81.2453,40.418649],[-81.245353,40.418624],[-81.262336,40.441301],[-81.269321,40.450621],[-81.26927,40.452053],[-81.265092,40.45385],[-81.240738,40.420687]]]}},{"type":"Feature","properties":{"UNIT_ID":"MOUNTZ_EAST_CL_HAN_UNIT","UNIT_NAME":"Mountz East CL HAN Unit","ORDER_NO":"2022-68","OPERATOR":"EOG Ohio","STATUS":"EFF","FORMATION":"Utica","ACRES":523.3,"EDIT_DATE":"2026-02-26"},"geometry":{"type":"Polygon","coordinates":[[[-80.921082,40.808208],[-80.947441,40.843871],[-80.942502,40.845879],[-80.916305,40.810209],[-80.921082,40.808208]]]}},{"type":"Feature","properties":{"UNIT_ID":"WILLIAMS_CR_MON_NE","UNIT_NAME":"Williams CR MON NE","ORDER_NO":"2022-73","OPERATOR":"EOG Ohio","STATUS":"EFF","FORMATION":"Utica","ACRES":911.5,"EDIT_DATE":"2026-02-26"},"geometry":{"type":"Polygon","coordinates":[[[-81.159537,40.546021],[-81.192367,40.590458],[-81.185917,40.593111],[-81.175924,40.579625],[-81.175243,40.579918],[-81.153089,40.549191],[-81.159537,40.546021]]]}},{"type":"Feature","properties":{"UNIT_ID":"MOUNTZ_WEST_CL_HAN","UNIT_NAME":"Mountz West CL HAN","ORDER_NO":"2022-69","OPERATOR":"EOG Ohio","STATUS":"EFF","FORMATION":"Utica","ACRES":519.2,"EDIT_DATE":"2026-02-26"},"geometry":{"type":"Polygon","coordinates":[[[-80.925753,40.80599],[-80.952235,40.841808],[-80.947375,40.843808],[-80.92106,40.808014],[-80.925753,40.80599]]]}},{"type":"Feature","properties":{"UNIT_ID":"SEABRIGHT_N_CLR_BL","UNIT_NAME":"Seabright N CLR BL","ORDER_NO":"2022-74","OPERATOR":"Ascent","STATUS":"EFF","FORMATION":"Utica","ACRES":579.9,"EDIT_DATE":"2026-08-13"},"geometry":{"type":"Polygon","coordinates":[[[-80.808218,40.10679],[-80.813577,40.114376],[-80.811861,40.115073],[-80.830728,40.141231],[-80.827062,40.142726],[-80.817978,40.130108],[-80.815322,40.131164],[-80.800238,40.110274],[-80.808218,40.10679]]]}},{"type":"Feature","properties":{"UNIT_ID":"ORC_WEST","UNIT_NAME":"ORC West","ORDER_NO":"2022-82","OPERATOR":"Gulfport Energy Transferred to Gulfport Appalachia","STATUS":"EFF","FORMATION":"Utica","ACRES":533.9,"EDIT_DATE":"2025-11-21"},"geometry":{"type":"Polygon","coordinates":[[[-80.82866,40.033696],[-80.856901,40.073082],[-80.856819,40.073226],[-80.855487,40.073284],[-80.855484,40.07351],[-80.85528,40.073517],[-80.855016,40.073544],[-80.854716,40.073418],[-80.854553,40.07335],[-80.854497,40.073141],[-80.854179,40.07309],[-80.854144,40.072918],[-80.851745,40.073923],[-80.823453,40.034464],[-80.825928,40.033409],[-80.82866,40.033696]]]}},{"type":"Feature","properties":{"UNIT_ID":"RICHARD_STALDER_B","UNIT_NAME":"Richard Stalder B","ORDER_NO":"2022-83","OPERATOR":"SWN Production","STATUS":"EFF","FORMATION":"Utica","ACRES":617.8,"EDIT_DATE":"2025-10-17"},"geometry":{"type":"Polygon","coordinates":[[[-80.931074,39.636046],[-80.948069,39.649362],[-80.948133,39.64959],[-80.94851,39.649707],[-80.949105,39.650174],[-80.947583,39.651331],[-80.963548,39.663801],[-80.958721,39.667811],[-80.942628,39.655218],[-80.944007,39.654112],[-80.927543,39.641369],[-80.931074,39.636046]]]}},{"type":"Feature","properties":{"UNIT_ID":"WILLIAMS_CR_MON_NW","UNIT_NAME":"Williams CR MON NW","ORDER_NO":"2022-91","OPERATOR":"EOG Ohio","STATUS":"EFF","FORMATION":"Utica","ACRES":684.0,"EDIT_DATE":"2026-02-26"},"geometry":{"type":"Polygon","coordinates":[[[-81.164653,40.543783],[-81.196639,40.586976],[-81.191487,40.589267],[-81.159537,40.546021],[-81.16194,40.54497],[-81.164653,40.543783]]]}},{"type":"Feature","properties":{"UNIT_ID":"LORI_NE_SMF_JF","UNIT_NAME":"Lori NE SMF JF","ORDER_NO":"2022-92","OPERATOR":"Ascent","STATUS":"EFF","FORMATION":"Utica","ACRES":575.1,"EDIT_DATE":"2025-09-25"},"geometry":{"type":"Polygon","coordinates":[[[-80.769237,40.239395],[-80.789676,40.267683],[-80.786469,40.269066],[-80.786847,40.2696],[-80.783848,40.270887],[-80.784173,40.271335],[-80.783758,40.271472],[-80.762683,40.242194],[-80.769237,40.239395]]]}},{"type":"Feature","properties":{"UNIT_ID":"RICHARD_STALDER_C_WEST","UNIT_NAME":"Richard Stalder C West","ORDER_NO":"2022-98","OPERATOR":"SWN Production","STATUS":"EFF","FORMATION":"Utica","ACRES":290.4,"EDIT_DATE":"2025-10-17"},"geometry":{"type":"Polygon","coordinates":[[[-80.897111,39.617494],[-80.91376,39.623967],[-80.930491,39.636924],[-80.928824,39.639437],[-80.911734,39.626323],[-80.892611,39.618839],[-80.893283,39.617752],[-80.894366,39.617576],[-80.897111,39.617494]]]}},{"type":"Feature","properties":{"UNIT_ID":"ORC_EAST","UNIT_NAME":"ORC East","ORDER_NO":"2022-97","OPERATOR":"Gulfport Energy Transferred to Gulfport Appalachia","STATUS":"EFF","FORMATION":"Utica","ACRES":917.7,"EDIT_DATE":"2025-11-21"},"geometry":{"type":"Polygon","coordinates":[[[-80.851745,40.073923],[-80.843948,40.077188],[-80.839179,40.070645],[-80.840729,40.07008],[-80.812627,40.031106],[-80.819114,40.028344],[-80.823453,40.034464],[-80.851745,40.073923]]]}},{"type":"Feature","properties":{"UNIT_ID":"KROBY_NW_MDS_GR","UNIT_NAME":"Kroby NW MDS GR","ORDER_NO":"2022-105","OPERATOR":"Ascent","STATUS":"EFF","FORMATION":"Utica","ACRES":604.9,"EDIT_DATE":"2025-09-25"},"geometry":{"type":"Polygon","coordinates":[[[-81.362534,40.122148],[-81.391873,40.162678],[-81.386884,40.164789],[-81.35775,40.124174],[-81.359533,40.123423],[-81.362534,40.122148]]]}},{"type":"Feature","properties":{"UNIT_ID":"KROBY_NE_MDS_GR","UNIT_NAME":"Kroby NE MDS GR","ORDER_NO":"2022-104","OPERATOR":"Ascent","STATUS":"EFF","FORMATION":"Utica","ACRES":603.0,"EDIT_DATE":"2025-09-25"},"geometry":{"type":"Polygon","coordinates":[[[-81.35775,40.124174],[-81.386884,40.164789],[-81.382035,40.166879],[-81.352878,40.126229],[-81.35775,40.124174]]]}},{"type":"Feature","properties":{"UNIT_ID":"ATLAS_NE_WEL_JF_UNIT","UNIT_NAME":"Atlas NE WEL JF Unit","ORDER_NO":"2022-117","OPERATOR":"Ascent","STATUS":"EFF","FORMATION":"Utica","ACRES":446.8,"EDIT_DATE":"2025-04-08"},"geometry":{"type":"Polygon","coordinates":[[[-80.76812,40.267954],[-80.761544,40.270769],[-80.745514,40.248602],[-80.752174,40.245816],[-80.76812,40.267954]]]}},{"type":"Feature","properties":{"UNIT_ID":"R_HOOVER_SW_WHL_BL","UNIT_NAME":"R Hoover SW WHL BL","ORDER_NO":"2022-118","OPERATOR":"Ascent","STATUS":"EFF","FORMATION":"Utica","ACRES":568.2,"EDIT_DATE":"2025-09-25"},"geometry":{"type":"Polygon","coordinates":[[[-80.89645,40.139317],[-80.867358,40.100564],[-80.871593,40.098786],[-80.891241,40.124982],[-80.892778,40.124327],[-80.900882,40.135659],[-80.902806,40.138348],[-80.90196,40.138542],[-80.89645,40.139317]]]}},{"type":"Feature","properties":{"UNIT_ID":"LAVADA_RCH_GR","UNIT_NAME":"Lavada RCH GR","ORDER_NO":"2022-122","OPERATOR":"Ascent","STATUS":"EFF","FORMATION":"Utica","ACRES":615.0,"EDIT_DATE":"2025-09-25"},"geometry":{"type":"Polygon","coordinates":[[[-81.385846,39.929207],[-81.414136,39.967956],[-81.413747,39.975115],[-81.412358,39.974304],[-81.381743,39.932085],[-81.381764,39.93098],[-81.385846,39.929207]]]}},{"type":"Feature","properties":{"UNIT_ID":"R_HOOVER_S_WHL_BL","UNIT_NAME":"R Hoover S WHL BL","ORDER_NO":"2022-126","OPERATOR":"Ascent","STATUS":"EFF","FORMATION":"Utica","ACRES":329.7,"EDIT_DATE":"2025-09-25"},"geometry":{"type":"Polygon","coordinates":[[[-80.888033,40.13981],[-80.860829,40.103344],[-80.86225,40.102708],[-80.86377,40.10207],[-80.891158,40.138918],[-80.88893,40.139679],[-80.888426,40.139736],[-80.888033,40.13981]]]}},{"type":"Feature","properties":{"UNIT_ID":"R_HOOVER_W_WHL_BL","UNIT_NAME":"R Hoover W WHL BL","ORDER_NO":"2022-123","OPERATOR":"Ascent","STATUS":"EFF","FORMATION":"Utica","ACRES":437.4,"EDIT_DATE":"2025-09-25"},"geometry":{"type":"Polygon","coordinates":[[[-80.891158,40.138918],[-80.86377,40.10207],[-80.867358,40.100564],[-80.89645,40.139317],[-80.891651,40.140221],[-80.890961,40.139105],[-80.891158,40.138918]]]}},{"type":"Feature","properties":{"UNIT_ID":"BISHOP_SOUTHWEST","UNIT_NAME":"Bishop Southwest","ORDER_NO":"2022-134","OPERATOR":"Gulfport Energy Transferred to Gulfport Appalachia","STATUS":"EFF","FORMATION":"Utica","ACRES":802.3,"EDIT_DATE":"2025-11-21"},"geometry":{"type":"Polygon","coordinates":[[[-81.139516,39.767128],[-81.104153,39.718132],[-81.111499,39.718401],[-81.144977,39.764779],[-81.139516,39.767128]]]}},{"type":"Feature","properties":{"UNIT_ID":"R_HOOVER_SE_WHL_BL","UNIT_NAME":"R Hoover SE WHL BL","ORDER_NO":"2022-137","OPERATOR":"Ascent","STATUS":"EFF","FORMATION":"Utica","ACRES":535.6,"EDIT_DATE":"2025-09-25"},"geometry":{"type":"Polygon","coordinates":[[[-80.883507,40.141305],[-80.877154,40.13237],[-80.876862,40.132487],[-80.853303,40.099761],[-80.854848,40.099219],[-80.858829,40.09794],[-80.86225,40.102708],[-80.860829,40.103344],[-80.888033,40.13981],[-80.886919,40.139928],[-80.883507,40.141305]]]}},{"type":"Feature","properties":{"UNIT_ID":"VANNELLE_NW_WHL_BL","UNIT_NAME":"Vannelle NW WHL BL","ORDER_NO":"2022-143","OPERATOR":"Ascent","STATUS":"EFF","FORMATION":"Utica","ACRES":542.5,"EDIT_DATE":"2025-09-25"},"geometry":{"type":"Polygon","coordinates":[[[-80.971227,40.144237],[-81.003138,40.189166],[-80.999375,40.190758],[-80.967063,40.146035],[-80.971227,40.144237]]]}},{"type":"Feature","properties":{"UNIT_ID":"VANNELLE_N_WHL_BL","UNIT_NAME":"Vannelle N WHL BL","ORDER_NO":"2022-144","OPERATOR":"Ascent","STATUS":"EFF","FORMATION":"Utica","ACRES":446.0,"EDIT_DATE":"2025-09-25"},"geometry":{"type":"Polygon","coordinates":[[[-80.967063,40.146035],[-80.999375,40.190758],[-80.996111,40.192102],[-80.963744,40.147388],[-80.967063,40.146035]]]}},{"type":"Feature","properties":{"UNIT_ID":"VANNELLE_NE_WHL_BL","UNIT_NAME":"Vannelle NE WHL BL","ORDER_NO":"2022-142","OPERATOR":"Ascent","STATUS":"EFF","FORMATION":"Utica","ACRES":488.4,"EDIT_DATE":"2025-09-25"},"geometry":{"type":"Polygon","coordinates":[[[-80.963744,40.147388],[-80.996111,40.192102],[-80.992928,40.193522],[-80.981911,40.178277],[-80.981476,40.178461],[-80.959881,40.14906],[-80.963744,40.147388]]]}},{"type":"Feature","properties":{"UNIT_ID":"JUDY","UNIT_NAME":"Judy","ORDER_NO":"2022-141","OPERATOR":"Gulfport Energy Transferred to Gulfport Appalachia","STATUS":"EFF","FORMATION":"Utica","ACRES":954.9,"EDIT_DATE":"2025-11-21"},"geometry":{"type":"Polygon","coordinates":[[[-81.097036,39.717944],[-81.134045,39.769499],[-81.1283,39.772084],[-81.089141,39.717713],[-81.097036,39.717944]]]}},{"type":"Feature","properties":{"UNIT_ID":"BISHOP_SOUTHEAST","UNIT_NAME":"Bishop Southeast","ORDER_NO":"2022-140","OPERATOR":"Gulfport Energy Transferred to Gulfport Appalachia","STATUS":"EFF","FORMATION":"Utica","ACRES":837.3,"EDIT_DATE":"2025-11-21"},"geometry":{"type":"Polygon","coordinates":[[[-81.104153,39.718132],[-81.139516,39.767128],[-81.134045,39.769499],[-81.097022,39.717927],[-81.104153,39.718132]]]}},{"type":"Feature","properties":{"UNIT_ID":"WENDELL_WEST","UNIT_NAME":"Wendell West","ORDER_NO":"2022-145","OPERATOR":"EOG Ohio","STATUS":"EFF","FORMATION":"Utica","ACRES":721.1,"EDIT_DATE":"2026-02-26"},"geometry":{"type":"Polygon","coordinates":[[[-81.232753,40.52818],[-81.20876,40.494326],[-81.215723,40.491484],[-81.228765,40.509753],[-81.233461,40.516312],[-81.240344,40.525399],[-81.232753,40.52818]]]}},{"type":"Feature","properties":{"UNIT_ID":"CRAWFORD_NORTH","UNIT_NAME":"Crawford North","ORDER_NO":"2022-146","OPERATOR":"EOG Ohio","STATUS":"EFF","FORMATION":"Utica","ACRES":565.3,"EDIT_DATE":"2026-02-26"},"geometry":{"type":"MultiPolygon","coordinates":[[[[-80.849547,40.439655],[-80.85903,40.452742],[-80.84871,40.457101],[-80.835335,40.438698],[-80.844723,40.434681],[-80.848374,40.439625],[-80.849547,40.439655]]],[[[-80.849552,40.439655],[-80.849547,40.439655],[-80.849516,40.439612],[-80.849552,40.439655]]]]}},{"type":"Feature","properties":{"UNIT_ID":"WENDELL_EAST","UNIT_NAME":"Wendell East","ORDER_NO":"2022-161","OPERATOR":"EOG Ohio","STATUS":"EFF","FORMATION":"Utica","ACRES":573.9,"EDIT_DATE":"2026-02-26"},"geometry":{"type":"Polygon","coordinates":[[[-81.20876,40.494326],[-81.232753,40.52818],[-81.227258,40.530425],[-81.202879,40.496551],[-81.20876,40.494326]]]}},{"type":"Feature","properties":{"UNIT_ID":"PATRIOT_NE_STB_JF","UNIT_NAME":"Patriot NE STB JF","ORDER_NO":"2022-139","OPERATOR":"Ascent","STATUS":"EFF","FORMATION":"Utica","ACRES":586.8,"EDIT_DATE":"2025-09-25"},"geometry":{"type":"Polygon","coordinates":[[[-80.644609,40.29994],[-80.66296,40.325689],[-80.662926,40.32657],[-80.664333,40.327089],[-80.664398,40.327309],[-80.664504,40.327665],[-80.664689,40.328287],[-80.665009,40.328666],[-80.665381,40.328929],[-80.665658,40.329187],[-80.666008,40.329336],[-80.666354,40.329732],[-80.65912,40.332206],[-80.648377,40.317549],[-80.64888,40.317579],[-80.638221,40.302556],[-80.644609,40.29994]]]}},{"type":"Feature","properties":{"UNIT_ID":"PATRIOT_NW_STB_JF","UNIT_NAME":"Patriot NW STB JF","ORDER_NO":"2022-138","OPERATOR":"Ascent","STATUS":"EFF","FORMATION":"Utica","ACRES":302.6,"EDIT_DATE":"2025-09-25"},"geometry":{"type":"Polygon","coordinates":[[[-80.648671,40.298308],[-80.663004,40.317901],[-80.665596,40.321413],[-80.663086,40.322458],[-80.66296,40.325689],[-80.644609,40.29994],[-80.648671,40.298308]]]}},{"type":"Feature","properties":{"UNIT_ID":"STOCKER_HN_MON","UNIT_NAME":"Stocker HN MON","ORDER_NO":"2022-165","OPERATOR":"EOG Ohio","STATUS":"EFF","FORMATION":"Utica","ACRES":1130.8,"EDIT_DATE":"2026-02-26"},"geometry":{"type":"Polygon","coordinates":[[[-81.269957,40.433204],[-81.238105,40.390581],[-81.237942,40.390367],[-81.247737,40.385731],[-81.270453,40.41614],[-81.269957,40.433204]]]}},{"type":"Feature","properties":{"UNIT_ID":"ELKRUN_FAIRMONT_ROAD_SOUTH","UNIT_NAME":"Elkrun Fairmont Road South","ORDER_NO":"2022-164","OPERATOR":"Hilcorp Energy","STATUS":"EFF","FORMATION":"Utica","ACRES":940.8,"EDIT_DATE":"2025-10-17"},"geometry":{"type":"Polygon","coordinates":[[[-80.658623,40.73916],[-80.670333,40.754106],[-80.670344,40.755583],[-80.671454,40.75558],[-80.679403,40.765509],[-80.679404,40.766274],[-80.668816,40.770698],[-80.645496,40.741287],[-80.652576,40.741297],[-80.654661,40.740497],[-80.658623,40.73916]]]}},{"type":"Feature","properties":{"UNIT_ID":"GEOFLO_WHL_BL","UNIT_NAME":"Geoflo WHL BL","ORDER_NO":"2022-166","OPERATOR":"Ascent","STATUS":"EFF","FORMATION":"Utica","ACRES":1038.5,"EDIT_DATE":"2025-09-25"},"geometry":{"type":"Polygon","coordinates":[[[-80.902982,40.085049],[-80.926709,40.117865],[-80.915585,40.122593],[-80.902749,40.104959],[-80.902554,40.104756],[-80.902692,40.104553],[-80.902879,40.104175],[-80.902952,40.103935],[-80.90305,40.103406],[-80.903097,40.103166],[-80.903159,40.102933],[-80.903273,40.102663],[-80.903342,40.102532],[-80.903365,40.102393],[-80.893716,40.089061],[-80.902982,40.085049]]]}},{"type":"Feature","properties":{"UNIT_ID":"STILLION_SE_UNIT","UNIT_NAME":"Stillion SE Unit","ORDER_NO":"2022-178","OPERATOR":"INR Ohio","STATUS":"EFF","FORMATION":"Utica","ACRES":241.7,"EDIT_DATE":"2025-11-21"},"geometry":{"type":"Polygon","coordinates":[[[-81.472141,39.961767],[-81.449111,39.930232],[-81.449142,39.930223],[-81.44967,39.929728],[-81.450277,39.929512],[-81.450899,39.929489],[-81.451991,39.929721],[-81.474631,39.96068],[-81.472141,39.961767]]]}},{"type":"Feature","properties":{"UNIT_ID":"JACKALOPE_SW_WSG_GR","UNIT_NAME":"Jackalope SW WSG GR","ORDER_NO":"2022-168","OPERATOR":"Ascent","STATUS":"EFF","FORMATION":"Utica","ACRES":447.6,"EDIT_DATE":"2025-09-25"},"geometry":{"type":"Polygon","coordinates":[[[-81.340608,40.126551],[-81.357159,40.150477],[-81.355865,40.151007],[-81.367008,40.166162],[-81.364171,40.167341],[-81.335837,40.128509],[-81.340608,40.126551]]]}},{"type":"Feature","properties":{"UNIT_ID":"JACKALOPE_SE_WSG_GR","UNIT_NAME":"Jackalope SE WSG GR","ORDER_NO":"2022-167","OPERATOR":"Ascent","STATUS":"EFF","FORMATION":"Utica","ACRES":573.2,"EDIT_DATE":"2025-09-25"},"geometry":{"type":"Polygon","coordinates":[[[-81.335837,40.128509],[-81.364171,40.167341],[-81.359273,40.169433],[-81.353831,40.162077],[-81.332501,40.132667],[-81.334195,40.131995],[-81.332691,40.129891],[-81.335837,40.128509]]]}},{"type":"Feature","properties":{"UNIT_ID":"ROTHENBUHLER_A","UNIT_NAME":"Rothenbuhler A","ORDER_NO":"2022-171","OPERATOR":"SWN Production","STATUS":"EFF","FORMATION":"Utica","ACRES":488.3,"EDIT_DATE":"2025-10-17"},"geometry":{"type":"Polygon","coordinates":[[[-80.961496,39.734486],[-80.968057,39.74861],[-80.969088,39.750793],[-80.970493,39.752813],[-80.98983,39.77981],[-80.986025,39.781451],[-80.967769,39.75585],[-80.966872,39.754575],[-80.966635,39.754143],[-80.966458,39.753759],[-80.963871,39.748137],[-80.964008,39.747869],[-80.963546,39.747429],[-80.958226,39.735834],[-80.960249,39.734507],[-80.961496,39.734486]]]}},{"type":"Feature","properties":{"UNIT_ID":"WAMPUM_RCH_GR","UNIT_NAME":"Wampum RCH GR","ORDER_NO":"2022-193","OPERATOR":"Ascent","STATUS":"EFF","FORMATION":"Utica","ACRES":795.7,"EDIT_DATE":"2025-09-25"},"geometry":{"type":"Polygon","coordinates":[[[-81.434365,39.960467],[-81.462847,39.997999],[-81.458968,39.997889],[-81.458744,40.005077],[-81.428767,39.965845],[-81.43409,39.966001],[-81.434365,39.960467]]]}},{"type":"Feature","properties":{"UNIT_ID":"FAUNA_E_WEL_JF","UNIT_NAME":"Fauna E WEL JF","ORDER_NO":"2022-194","OPERATOR":"Ascent","STATUS":"EFF","FORMATION":"Utica","ACRES":362.1,"EDIT_DATE":"2026-09-17"},"geometry":{"type":"Polygon","coordinates":[[[-80.621629,40.285917],[-80.646805,40.321567],[-80.64365,40.32305],[-80.643572,40.323611],[-80.619676,40.288933],[-80.619448,40.286425],[-80.621629,40.285917]]]}},{"type":"Feature","properties":{"UNIT_ID":"PATRIOT_SE_STB_JF","UNIT_NAME":"Patriot SE STB JF","ORDER_NO":"2022-192","OPERATOR":"Ascent","STATUS":"EFF","FORMATION":"Utica","ACRES":321.5,"EDIT_DATE":"2025-09-25"},"geometry":{"type":"Polygon","coordinates":[[[-80.620848,40.271431],[-80.641868,40.301063],[-80.638221,40.302556],[-80.618438,40.274832],[-80.618654,40.274226],[-80.619002,40.273374],[-80.619185,40.273053],[-80.619508,40.272638],[-80.619854,40.272419],[-80.620039,40.272179],[-80.620137,40.272057],[-80.620258,40.271954],[-80.620415,40.271819],[-80.620643,40.271604],[-80.620848,40.271431]]]}},{"type":"Feature","properties":{"UNIT_ID":"EDINGTON_W_ATH_HR","UNIT_NAME":"Edington W ATH HR","ORDER_NO":"2022-163","OPERATOR":"Ascent","STATUS":"EFF","FORMATION":"Utica","ACRES":548.7,"EDIT_DATE":"2025-09-25"},"geometry":{"type":"Polygon","coordinates":[[[-81.033491,40.148007],[-81.041296,40.159229],[-81.041818,40.159963],[-81.047929,40.168321],[-81.055927,40.179327],[-81.049535,40.181551],[-81.027935,40.150503],[-81.033491,40.148007]]]}},{"type":"Feature","properties":{"UNIT_ID":"EDINGTON_E_ATH_HR","UNIT_NAME":"Edington E ATH HR","ORDER_NO":"2022-162","OPERATOR":"Ascent","STATUS":"EFF","FORMATION":"Utica","ACRES":299.6,"EDIT_DATE":"2025-09-25"},"geometry":{"type":"Polygon","coordinates":[[[-81.027935,40.150503],[-81.049535,40.181551],[-81.046794,40.182468],[-81.032632,40.163205],[-81.031532,40.163534],[-81.024726,40.151837],[-81.027935,40.150503]]]}},{"type":"Feature","properties":{"UNIT_ID":"FAUNA_W_WEL_JF","UNIT_NAME":"Fauna W WEL JF","ORDER_NO":"2022-205","OPERATOR":"Ascent","STATUS":"EFF","FORMATION":"Utica","ACRES":430.0,"EDIT_DATE":"2025-09-25"},"geometry":{"type":"Polygon","coordinates":[[[-80.643905,40.317498],[-80.621629,40.285917],[-80.618964,40.282239],[-80.61861,40.278098],[-80.620437,40.277636],[-80.64888,40.317579],[-80.643905,40.317498]]]}},{"type":"Feature","properties":{"UNIT_ID":"PATRIOT_SW_STB_JF","UNIT_NAME":"Patriot SW STB JF","ORDER_NO":"2022-206","OPERATOR":"Ascent","STATUS":"EFF","FORMATION":"Utica","ACRES":609.1,"EDIT_DATE":"2025-09-25"},"geometry":{"type":"Polygon","coordinates":[[[-80.627342,40.268396],[-80.648671,40.298308],[-80.641868,40.301063],[-80.620848,40.271431],[-80.620971,40.271352],[-80.621755,40.27084],[-80.622827,40.270302],[-80.622979,40.270216],[-80.622923,40.269926],[-80.623543,40.269661],[-80.623517,40.269551],[-80.627342,40.268396]]]}},{"type":"Feature","properties":{"UNIT_ID":"WHISKEY_RUN_2","UNIT_NAME":"Whiskey Run 2","ORDER_NO":"2022-210","OPERATOR":"Gulfport Energy Transferred to Gulfport Appalachia","STATUS":"EFF","FORMATION":"Utica","ACRES":1083.1,"EDIT_DATE":"2025-11-21"},"geometry":{"type":"Polygon","coordinates":[[[-80.753504,40.025745],[-80.788572,40.074161],[-80.781247,40.077315],[-80.746283,40.028902],[-80.753504,40.025745]]]}},{"type":"Feature","properties":{"UNIT_ID":"HN_26_EAST","UNIT_NAME":"HN-26 East","ORDER_NO":"2022-213","OPERATOR":"EOG Ohio","STATUS":"EFF","FORMATION":"Utica","ACRES":699.9,"EDIT_DATE":"2026-02-26"},"geometry":{"type":"Polygon","coordinates":[[[-81.121248,40.269613],[-81.152985,40.31323],[-81.14773,40.315492],[-81.139646,40.304378],[-81.116033,40.271856],[-81.121248,40.269613]]]}},{"type":"Feature","properties":{"UNIT_ID":"POINTER_N_CRC_JF","UNIT_NAME":"Pointer N CRC JF","ORDER_NO":"2022-208","OPERATOR":"Ascent","STATUS":"EFF","FORMATION":"Utica","ACRES":724.8,"EDIT_DATE":"2025-09-25"},"geometry":{"type":"Polygon","coordinates":[[[-80.72152,40.32239],[-80.750791,40.362155],[-80.745099,40.364656],[-80.715083,40.324513],[-80.72152,40.32239]]]}},{"type":"Feature","properties":{"UNIT_ID":"POINTER_W_CRC_JF","UNIT_NAME":"Pointer W CRC JF","ORDER_NO":"2022-211","OPERATOR":"Ascent","STATUS":"EFF","FORMATION":"Utica","ACRES":486.2,"EDIT_DATE":"2025-09-25"},"geometry":{"type":"Polygon","coordinates":[[[-80.749028,40.359761],[-80.72152,40.32239],[-80.72053,40.322717],[-80.716478,40.315714],[-80.720481,40.314005],[-80.752295,40.358633],[-80.749028,40.359761]]]}},{"type":"Feature","properties":{"UNIT_ID":"WHISKEY_RUN_3","UNIT_NAME":"Whiskey Run 3","ORDER_NO":"2022-218","OPERATOR":"Gulfport Energy Transferred to Gulfport Appalachia","STATUS":"EFF","FORMATION":"Utica","ACRES":641.3,"EDIT_DATE":"2026-08-13"},"geometry":{"type":"Polygon","coordinates":[[[-80.748622,40.032143],[-80.781247,40.077315],[-80.777035,40.079147],[-80.776597,40.079332],[-80.744044,40.034145],[-80.748622,40.032143]]]}},{"type":"Feature","properties":{"UNIT_ID":"ROTHENBUHLER_C","UNIT_NAME":"Rothenbuhler C","ORDER_NO":"2022-219","OPERATOR":"SWN Production","STATUS":"EFF","FORMATION":"Utica","ACRES":503.5,"EDIT_DATE":"2025-10-17"},"geometry":{"type":"Polygon","coordinates":[[[-80.939884,39.747044],[-80.942975,39.744906],[-80.952578,39.753168],[-80.954646,39.754957],[-80.968276,39.763745],[-80.981881,39.783086],[-80.977967,39.784657],[-80.964174,39.765535],[-80.951923,39.757424],[-80.951704,39.757292],[-80.951321,39.757015],[-80.939884,39.747044]]]}},{"type":"Feature","properties":{"UNIT_ID":"EDISON_NORTHWEST_CR_ORG","UNIT_NAME":"Edison Northwest CR ORG","ORDER_NO":"2022-220","OPERATOR":"EOG Ohio","STATUS":"EFF","FORMATION":"Utica","ACRES":599.0,"EDIT_DATE":"2026-02-26"},"geometry":{"type":"Polygon","coordinates":[[[-81.231916,40.458045],[-81.258901,40.495024],[-81.253633,40.497291],[-81.230462,40.465624],[-81.226582,40.460295],[-81.231916,40.458045]]]}},{"type":"Feature","properties":{"UNIT_ID":"EDISON_NORTHEAST_CR_ORG","UNIT_NAME":"Edison Northeast CR ORG","ORDER_NO":"2022-226","OPERATOR":"EOG Ohio","STATUS":"EFF","FORMATION":"Utica","ACRES":595.7,"EDIT_DATE":"2026-02-26"},"geometry":{"type":"Polygon","coordinates":[[[-81.253633,40.497291],[-81.251019,40.498397],[-81.250665,40.498346],[-81.249897,40.498324],[-81.248564,40.498286],[-81.247385,40.498257],[-81.22122,40.462549],[-81.226582,40.460295],[-81.253633,40.497291]]]}},{"type":"Feature","properties":{"UNIT_ID":"ROTHENBUHLER_B","UNIT_NAME":"Rothenbuhler B","ORDER_NO":"2022-221","OPERATOR":"SWN Production","STATUS":"EFF","FORMATION":"Utica","ACRES":678.6,"EDIT_DATE":"2025-10-17"},"geometry":{"type":"Polygon","coordinates":[[[-80.932466,39.730551],[-80.957519,39.752452],[-80.958125,39.752896],[-80.971622,39.761255],[-80.986025,39.781451],[-80.981881,39.783086],[-80.968276,39.763745],[-80.962843,39.760242],[-80.955238,39.755339],[-80.954046,39.754431],[-80.953681,39.754034],[-80.942975,39.744906],[-80.929596,39.732529],[-80.932466,39.730551]]]}},{"type":"Feature","properties":{"UNIT_ID":"MITCHELL_NW","UNIT_NAME":"Mitchell NW","ORDER_NO":"2022-229","OPERATOR":"EOG Ohio","STATUS":"EFF","FORMATION":"Utica","ACRES":525.1,"EDIT_DATE":"2026-02-26"},"geometry":{"type":"Polygon","coordinates":[[[-81.087885,40.518334],[-81.109148,40.547362],[-81.110133,40.547391],[-81.103523,40.550333],[-81.082189,40.520883],[-81.087885,40.518334]]]}},{"type":"Feature","properties":{"UNIT_ID":"BANNOCK_N_UNN_BL","UNIT_NAME":"Bannock N UNN BL","ORDER_NO":"2022-230","OPERATOR":"Ascent","STATUS":"EFF","FORMATION":"Utica","ACRES":672.9,"EDIT_DATE":"2025-09-25"},"geometry":{"type":"Polygon","coordinates":[[[-81.011319,40.117232],[-81.018131,40.126691],[-81.029165,40.142048],[-81.029207,40.142064],[-81.033491,40.148007],[-81.024578,40.151581],[-81.014981,40.135215],[-81.015579,40.134998],[-81.009607,40.12648],[-81.009766,40.126406],[-81.0051,40.119891],[-81.011319,40.117232]]]}},{"type":"Feature","properties":{"UNIT_ID":"WHISKEY_RUN_5","UNIT_NAME":"Whiskey Run 5","ORDER_NO":"2022-239","OPERATOR":"Gulfport Energy Transferred to Gulfport Appalachia","STATUS":"EFF","FORMATION":"Utica","ACRES":646.7,"EDIT_DATE":"2026-08-13"},"geometry":{"type":"Polygon","coordinates":[[[-80.767149,40.083338],[-80.735279,40.039046],[-80.740038,40.037028],[-80.77195,40.081304],[-80.767149,40.083338]]]}},{"type":"Feature","properties":{"UNIT_ID":"KOVACH_NORTH","UNIT_NAME":"Kovach North","ORDER_NO":"2022-240","OPERATOR":"EOG Ohio","STATUS":"EFF","FORMATION":"Utica","ACRES":1016.6,"EDIT_DATE":"2026-02-26"},"geometry":{"type":"Polygon","coordinates":[[[-81.117038,40.61684],[-81.130097,40.634193],[-81.122319,40.637449],[-81.117236,40.6304],[-81.116817,40.629859],[-81.11651,40.629587],[-81.112565,40.62558],[-81.109963,40.62281],[-81.107895,40.620671],[-81.107133,40.619709],[-81.105577,40.617428],[-81.105655,40.617045],[-81.105081,40.616856],[-81.096362,40.605293],[-81.108306,40.59962],[-81.119442,40.614333],[-81.119371,40.61584],[-81.117038,40.61684]]]}},{"type":"Feature","properties":{"UNIT_ID":"SHC_ENTERPRISES_SW_HN_MON","UNIT_NAME":"SHC Enterprises SW HN MON","ORDER_NO":"2022-108","OPERATOR":"EOG Ohio","STATUS":"EFF","FORMATION":"Utica","ACRES":642.3,"EDIT_DATE":"2026-02-26"},"geometry":{"type":"Polygon","coordinates":[[[-81.240121,40.45215],[-81.214576,40.417172],[-81.214262,40.417117],[-81.182057,40.373431],[-81.184624,40.372325],[-81.213076,40.411219],[-81.213586,40.411915],[-81.21428,40.411669],[-81.242888,40.450911],[-81.240121,40.45215]]]}},{"type":"Feature","properties":{"UNIT_ID":"SHC_ENTERPRISES_NW_HN_MON","UNIT_NAME":"SHC Enterprises NW HN MON","ORDER_NO":"2022-107","OPERATOR":"EOG Ohio","STATUS":"EFF","FORMATION":"Utica","ACRES":617.4,"EDIT_DATE":"2026-02-26"},"geometry":{"type":"Polygon","coordinates":[[[-81.234786,40.454427],[-81.177049,40.375611],[-81.179676,40.374445],[-81.237261,40.45338],[-81.234786,40.454427]]]}},{"type":"Feature","properties":{"UNIT_ID":"SHC_ENTERPRISES_SE_HN_MON","UNIT_NAME":"SHC Enterprises SE HN MON","ORDER_NO":"2022-110","OPERATOR":"EOG Ohio","STATUS":"EFF","FORMATION":"Utica","ACRES":643.6,"EDIT_DATE":"2026-02-26"},"geometry":{"type":"Polygon","coordinates":[[[-81.237261,40.45338],[-81.179676,40.374445],[-81.182057,40.373431],[-81.214262,40.417117],[-81.214576,40.417172],[-81.240121,40.45215],[-81.237433,40.453315],[-81.237261,40.45338]]]}},{"type":"Feature","properties":{"UNIT_ID":"SHC_ENTERPRISES_NE_HN_MON","UNIT_NAME":"SHC Enterprises NE HN MON","ORDER_NO":"2022-109","OPERATOR":"EOG Ohio","STATUS":"EFF","FORMATION":"Utica","ACRES":633.5,"EDIT_DATE":"2026-02-26"},"geometry":{"type":"Polygon","coordinates":[[[-81.177049,40.375611],[-81.234786,40.454427],[-81.231779,40.455531],[-81.174714,40.376647],[-81.177049,40.375611]]]}},{"type":"Feature","properties":{"UNIT_ID":"ADDY_SOUTH_HN_STO","UNIT_NAME":"Addy South HN STO","ORDER_NO":"2022-253","OPERATOR":"EOG Ohio","STATUS":"EFF","FORMATION":"Utica","ACRES":1498.0,"EDIT_DATE":"2026-02-26"},"geometry":{"type":"Polygon","coordinates":[[[-81.131136,40.336809],[-81.130995,40.335942],[-81.130621,40.335364],[-81.130298,40.335312],[-81.13027,40.335218],[-81.129673,40.334669],[-81.128971,40.333946],[-81.128485,40.333493],[-81.12817,40.333459],[-81.127867,40.333524],[-81.127499,40.333637],[-81.126908,40.333988],[-81.126511,40.33437],[-81.126385,40.334422],[-81.104466,40.304253],[-81.111264,40.301325],[-81.113998,40.305065],[-81.117305,40.303766],[-81.117906,40.30438],[-81.121201,40.303004],[-81.122361,40.304483],[-81.147617,40.339616],[-81.137985,40.343988],[-81.132769,40.336796],[-81.131136,40.336809]]]}},{"type":"Feature","properties":{"UNIT_ID":"FLEAGANE_NE_PLT_BL","UNIT_NAME":"Fleagane NE PLT BL","ORDER_NO":"2022-259","OPERATOR":"Ascent","STATUS":"EFF","FORMATION":"Utica","ACRES":617.3,"EDIT_DATE":"2025-09-25"},"geometry":{"type":"Polygon","coordinates":[[[-80.79599,40.045963],[-80.819277,40.078205],[-80.81469,40.080128],[-80.811415,40.075464],[-80.811249,40.075495],[-80.808038,40.075384],[-80.808072,40.075036],[-80.80811,40.074648],[-80.808148,40.074256],[-80.807627,40.073561],[-80.807389,40.073244],[-80.807177,40.0729],[-80.806945,40.072268],[-80.80681,40.0719],[-80.806697,40.071601],[-80.806489,40.071489],[-80.806001,40.071452],[-80.8058,40.071372],[-80.78885,40.047944],[-80.790466,40.047375],[-80.791318,40.047471],[-80.79204,40.047426],[-80.792523,40.047306],[-80.792962,40.047137],[-80.793141,40.047177],[-80.79462,40.046548],[-80.79599,40.045963]]]}},{"type":"Feature","properties":{"UNIT_ID":"BELLA_NW_CDZ_HR","UNIT_NAME":"Bella NW CDZ HR","ORDER_NO":"2022-238","OPERATOR":"Ascent","STATUS":"EFF","FORMATION":"Utica","ACRES":372.3,"EDIT_DATE":"2025-09-25"},"geometry":{"type":"Polygon","coordinates":[[[-81.017947,40.233044],[-81.044954,40.269673],[-81.04646,40.269101],[-81.050927,40.276993],[-81.049643,40.277263],[-81.04805,40.277891],[-81.046738,40.276058],[-81.044455,40.272852],[-81.044193,40.272662],[-81.043574,40.272091],[-81.043098,40.271615],[-81.042551,40.271092],[-81.042313,40.270854],[-81.042099,40.270592],[-81.041861,40.270316],[-81.015412,40.234276],[-81.017947,40.233044]]]}},{"type":"Feature","properties":{"UNIT_ID":"MCBRIDE_NW","UNIT_NAME":"McBride NW","ORDER_NO":"2022-275","OPERATOR":"EOG Ohio","STATUS":"EFF","FORMATION":"Utica","ACRES":533.8,"EDIT_DATE":"2026-02-26"},"geometry":{"type":"Polygon","coordinates":[[[-80.951121,40.428491],[-80.930966,40.400788],[-80.93736,40.398084],[-80.957343,40.425765],[-80.951121,40.428491]]]}},{"type":"Feature","properties":{"UNIT_ID":"BELLA_N_CDZ_HR","UNIT_NAME":"Bella N CDZ HR","ORDER_NO":"2022-241","OPERATOR":"Ascent","STATUS":"EFF","FORMATION":"Utica","ACRES":338.8,"EDIT_DATE":"2025-09-25"},"geometry":{"type":"Polygon","coordinates":[[[-81.041387,40.274345],[-81.014008,40.237376],[-81.01682,40.236194],[-81.02071,40.241781],[-81.022118,40.24368],[-81.02693,40.250172],[-81.031178,40.255904],[-81.034275,40.260082],[-81.035316,40.261486],[-81.03637,40.262908],[-81.037058,40.263837],[-81.039013,40.266475],[-81.039784,40.267515],[-81.040544,40.268539],[-81.04132,40.269586],[-81.041861,40.270316],[-81.043285,40.271802],[-81.043868,40.272362],[-81.044193,40.272662],[-81.044455,40.272852],[-81.04805,40.277891],[-81.04569,40.278963],[-81.041978,40.274085],[-81.041387,40.274345]]]}},{"type":"Feature","properties":{"UNIT_ID":"MILLER_B","UNIT_NAME":"Miller B","ORDER_NO":"2022-278","OPERATOR":"SWN Production","STATUS":"EFF","FORMATION":"Utica","ACRES":409.2,"EDIT_DATE":"2025-10-17"},"geometry":{"type":"Polygon","coordinates":[[[-80.981535,39.723572],[-80.958866,39.69327],[-80.958926,39.692605],[-80.960247,39.691761],[-80.963572,39.691892],[-80.966098,39.695289],[-80.985149,39.720832],[-80.98572,39.721635],[-80.981535,39.723572]]]}},{"type":"Feature","properties":{"UNIT_ID":"MILLER_C","UNIT_NAME":"Miller C","ORDER_NO":"2022-276","OPERATOR":"SWN Production","STATUS":"EFF","FORMATION":"Utica","ACRES":549.1,"EDIT_DATE":"2025-10-17"},"geometry":{"type":"Polygon","coordinates":[[[-80.971839,39.691906],[-80.966098,39.695289],[-80.963527,39.691832],[-80.954756,39.684481],[-80.954803,39.684115],[-80.954323,39.684141],[-80.940873,39.672835],[-80.940887,39.67266],[-80.940334,39.672523],[-80.936246,39.66855],[-80.924013,39.657929],[-80.926135,39.656301],[-80.947426,39.673015],[-80.971839,39.691906]]]}},{"type":"Feature","properties":{"UNIT_ID":"DOMINO_N_CDZ_HR","UNIT_NAME":"Domino N CDZ HR","ORDER_NO":"2022-279","OPERATOR":"Ascent","STATUS":"EFF","FORMATION":"Utica","ACRES":304.6,"EDIT_DATE":"2025-09-25"},"geometry":{"type":"Polygon","coordinates":[[[-81.050527,40.267381],[-81.023716,40.230868],[-81.026514,40.229821],[-81.053365,40.266378],[-81.050527,40.267381]]]}},{"type":"Feature","properties":{"UNIT_ID":"WHISKEY_RUN_4","UNIT_NAME":"Whiskey Run 4","ORDER_NO":"2022-281","OPERATOR":"Gulfport Energy Transferred to Gulfport Appalachia","STATUS":"EFF","FORMATION":"Utica","ACRES":642.8,"EDIT_DATE":"2026-08-13"},"geometry":{"type":"Polygon","coordinates":[[[-80.740038,40.037028],[-80.739416,40.036082],[-80.744044,40.034145],[-80.776597,40.079332],[-80.773775,40.080529],[-80.77195,40.081304],[-80.740038,40.037028]]]}},{"type":"Feature","properties":{"UNIT_ID":"LIMESTONE_RUN_NORTH","UNIT_NAME":"Limestone Run North","ORDER_NO":"2022-273","OPERATOR":"Gulfport Energy Transferred to Gulfport Appalachia","STATUS":"EFF","FORMATION":"Utica","ACRES":821.5,"EDIT_DATE":"2025-11-21"},"geometry":{"type":"Polygon","coordinates":[[[-80.720764,40.223348],[-80.718307,40.219934],[-80.728093,40.2157],[-80.733608,40.222586],[-80.731099,40.223678],[-80.748216,40.247471],[-80.745514,40.248602],[-80.747403,40.251215],[-80.742232,40.253372],[-80.720764,40.223348]]]}},{"type":"Feature","properties":{"UNIT_ID":"BELLA_NE_CDZ_HR","UNIT_NAME":"Bella NE CDZ HR","ORDER_NO":"2022-260","OPERATOR":"Ascent","STATUS":"EFF","FORMATION":"Utica","ACRES":308.2,"EDIT_DATE":"2025-09-25"},"geometry":{"type":"Polygon","coordinates":[[[-81.038708,40.275518],[-81.011209,40.238433],[-81.014008,40.237376],[-81.041387,40.274345],[-81.038708,40.275518]]]}},{"type":"Feature","properties":{"UNIT_ID":"SANOR_FARMS_CL_KNX_SW","UNIT_NAME":"Sanor Farms CL KNX SW","ORDER_NO":"2022-277","OPERATOR":"EOG Ohio","STATUS":"EFF","FORMATION":"Utica","ACRES":730.2,"EDIT_DATE":"2026-02-26"},"geometry":{"type":"Polygon","coordinates":[[[-80.96848,40.801391],[-80.973778,40.799286],[-81.007518,40.845503],[-81.002301,40.847667],[-80.96848,40.801391]]]}},{"type":"Feature","properties":{"UNIT_ID":"TIMBERWOLF_CBN15_A","UNIT_NAME":"Timberwolf CBN15 A","ORDER_NO":"2022-286","OPERATOR":"EOG Resources","STATUS":"EFF","FORMATION":"Utica","ACRES":1472.1,"EDIT_DATE":"2026-07-20"},"geometry":{"type":"Polygon","coordinates":[[[-81.139545,40.695146],[-81.152179,40.689545],[-81.180895,40.727365],[-81.168375,40.732859],[-81.139545,40.695146]]]}},{"type":"Feature","properties":{"UNIT_ID":"BARBER_RIDGE_EAST","UNIT_NAME":"Barber Ridge East","ORDER_NO":"2022-315","OPERATOR":"Gulfport Energy Transferred to Gulfport Appalachia","STATUS":"EFF","FORMATION":"Utica","ACRES":1898.5,"EDIT_DATE":"2025-11-21"},"geometry":{"type":"Polygon","coordinates":[[[-81.123982,39.773902],[-81.1283,39.772084],[-81.136153,39.768664],[-81.173286,39.819812],[-81.170981,39.820814],[-81.166812,39.822604],[-81.158999,39.822233],[-81.123982,39.773902]]]}},{"type":"Feature","properties":{"UNIT_ID":"JACKALOPE_NE_WSG_GR","UNIT_NAME":"Jackalope NE WSG GR","ORDER_NO":"2022-184","OPERATOR":"Ascent","STATUS":"EFF","FORMATION":"Utica","ACRES":372.9,"EDIT_DATE":"2025-09-25"},"geometry":{"type":"Polygon","coordinates":[[[-81.396494,40.21564],[-81.39299,40.215574],[-81.359273,40.169433],[-81.361845,40.168334],[-81.396494,40.21564]]]}},{"type":"Feature","properties":{"UNIT_ID":"JACKALOPE_NW_WSG_GR","UNIT_NAME":"Jackalope NW WSG GR","ORDER_NO":"2022-177","OPERATOR":"Ascent","STATUS":"EFF","FORMATION":"Utica","ACRES":755.3,"EDIT_DATE":"2025-09-25"},"geometry":{"type":"Polygon","coordinates":[[[-81.403174,40.215769],[-81.403089,40.215783],[-81.403074,40.21581],[-81.396494,40.21564],[-81.361845,40.168334],[-81.367008,40.166162],[-81.403174,40.215769]]]}},{"type":"Feature","properties":{"UNIT_ID":"BELLA_SW_CDZ_HR","UNIT_NAME":"Bella SW CDZ HR","ORDER_NO":"2022-280","OPERATOR":"Ascent","STATUS":"EFF","FORMATION":"Utica","ACRES":325.9,"EDIT_DATE":"2025-09-25"},"geometry":{"type":"Polygon","coordinates":[[[-81.013363,40.23762],[-80.994278,40.211939],[-80.997579,40.210476],[-80.999007,40.21238],[-81.000082,40.211975],[-81.016053,40.233965],[-81.015412,40.234276],[-81.01682,40.236194],[-81.013363,40.23762]]]}},{"type":"Feature","properties":{"UNIT_ID":"BELLA_SE_CDZ_HR","UNIT_NAME":"Bella SE CDZ HR","ORDER_NO":"2023-39","OPERATOR":"Ascent","STATUS":"EFF","FORMATION":"Utica","ACRES":555.9,"EDIT_DATE":"2025-09-25"},"geometry":{"type":"Polygon","coordinates":[[[-80.976296,40.186175],[-80.994707,40.211758],[-80.994278,40.211939],[-81.013363,40.23762],[-81.011209,40.238433],[-81.009937,40.238938],[-80.972316,40.187841],[-80.976296,40.186175]]]}},{"type":"Feature","properties":{"UNIT_ID":"ELKRUN_SCHEEL_SOUTHEAST","UNIT_NAME":"Elkrun Scheel Southeast","ORDER_NO":"2023-57","OPERATOR":"Hilcorp Energy","STATUS":"EFF","FORMATION":"Utica","ACRES":304.3,"EDIT_DATE":"2025-10-17"},"geometry":{"type":"Polygon","coordinates":[[[-80.691577,40.809862],[-80.676139,40.790719],[-80.678958,40.788547],[-80.680391,40.787736],[-80.680908,40.78834],[-80.681545,40.789045],[-80.681905,40.789531],[-80.682728,40.790561],[-80.683759,40.79184],[-80.684518,40.792758],[-80.686793,40.795582],[-80.687188,40.796041],[-80.687548,40.796643],[-80.688032,40.797294],[-80.68858,40.797875],[-80.688883,40.798285],[-80.689314,40.798577],[-80.689523,40.798938],[-80.689796,40.799276],[-80.690248,40.799951],[-80.691007,40.800868],[-80.692158,40.802364],[-80.692674,40.802992],[-80.693224,40.803525],[-80.69347,40.803719],[-80.693558,40.803935],[-80.693771,40.804177],[-80.694193,40.804803],[-80.694648,40.805358],[-80.694767,40.805598],[-80.695281,40.806298],[-80.696402,40.807769],[-80.691577,40.809862]]]}},{"type":"Feature","properties":{"UNIT_ID":"GND_TRUST_NORTHWEST","UNIT_NAME":"GND Trust Northwest","ORDER_NO":"2020-51","OPERATOR":"EOG Ohio","STATUS":"EFF","FORMATION":"Utica","ACRES":697.0,"EDIT_DATE":"2026-02-26"},"geometry":{"type":"Polygon","coordinates":[[[-80.873687,40.481437],[-80.879579,40.47891],[-80.907745,40.517236],[-80.901753,40.519809],[-80.873687,40.481437]]]}},{"type":"Feature","properties":{"UNIT_ID":"HERRICK_B_EAST","UNIT_NAME":"Herrick B East","ORDER_NO":"2022-01","OPERATOR":"SWN Production","STATUS":"EFF","FORMATION":"Utica","ACRES":258.8,"EDIT_DATE":"2025-10-17"},"geometry":{"type":"Polygon","coordinates":[[[-80.990355,39.672897],[-80.97927,39.6644],[-80.978382,39.664339],[-80.961073,39.650276],[-80.963208,39.648508],[-80.992091,39.670535],[-80.990355,39.672897]]]}},{"type":"Feature","properties":{"UNIT_ID":"BEROS_NW","UNIT_NAME":"Beros NW","ORDER_NO":"2022-24","OPERATOR":"INR Ohio","STATUS":"EFF","FORMATION":"Utica","ACRES":794.8,"EDIT_DATE":"2025-09-25"},"geometry":{"type":"Polygon","coordinates":[[[-81.487933,39.999104],[-81.463495,39.965618],[-81.472202,39.961851],[-81.474319,39.964727],[-81.48483,39.979186],[-81.49036,39.98669],[-81.493649,39.991192],[-81.493131,39.991177],[-81.490355,39.991145],[-81.488371,39.991114],[-81.487933,39.999104]]]}},{"type":"Feature","properties":{"UNIT_ID":"KRANTZ_NORTH","UNIT_NAME":"Krantz North","ORDER_NO":"2022-136","OPERATOR":"EOG Ohio","STATUS":"EFF","FORMATION":"Utica","ACRES":1031.2,"EDIT_DATE":"2026-02-26"},"geometry":{"type":"Polygon","coordinates":[[[-81.221678,40.540415],[-81.197017,40.506757],[-81.206754,40.501938],[-81.227258,40.530425],[-81.231606,40.536324],[-81.221678,40.540415]]]}},{"type":"Feature","properties":{"UNIT_ID":"SHUTWAY_SE_UNN_BL","UNIT_NAME":"Shutway SE UNN BL","ORDER_NO":"2023-184","OPERATOR":"Ascent","STATUS":"EFF","FORMATION":"Utica","ACRES":332.6,"EDIT_DATE":"2025-09-25"},"geometry":{"type":"Polygon","coordinates":[[[-81.065767,40.119169],[-81.042304,40.088039],[-81.043838,40.086838],[-81.045389,40.086121],[-81.069189,40.117723],[-81.065767,40.119169]]]}},{"type":"Feature","properties":{"UNIT_ID":"JAC_II","UNIT_NAME":"JAC II","ORDER_NO":"2023-194","OPERATOR":"Gulfport Energy Transferred to Gulfport Appalachia","STATUS":"EFF","FORMATION":"Utica","ACRES":581.1,"EDIT_DATE":"2025-11-21"},"geometry":{"type":"Polygon","coordinates":[[[-81.090041,39.949726],[-81.08757,39.94963],[-81.086761,39.94961],[-81.085952,39.949591],[-81.08574,39.949586],[-81.08482,39.949563],[-81.050373,39.901896],[-81.054267,39.900228],[-81.055496,39.901929],[-81.090041,39.949726]]]}},{"type":"Feature","properties":{"UNIT_ID":"CLARK_II","UNIT_NAME":"Clark II","ORDER_NO":"2023-182","OPERATOR":"Gulfport Energy Transferred to Gulfport Appalachia","STATUS":"EFF","FORMATION":"Utica","ACRES":987.2,"EDIT_DATE":"2025-11-21"},"geometry":{"type":"Polygon","coordinates":[[[-81.102704,39.85579],[-81.106578,39.854128],[-81.109723,39.852778],[-81.12636,39.875791],[-81.127549,39.87528],[-81.141597,39.894697],[-81.137328,39.89653],[-81.133387,39.898223],[-81.102704,39.85579]]]}},{"type":"Feature","properties":{"UNIT_ID":"TOWE_HN_MON_SW","UNIT_NAME":"Towe HN MON SW","ORDER_NO":"2022-287","OPERATOR":"EOG Ohio","STATUS":"EFF","FORMATION":"Utica","ACRES":494.7,"EDIT_DATE":"2026-07-13"},"geometry":{"type":"Polygon","coordinates":[[[-81.190223,40.35443],[-81.195174,40.352272],[-81.219645,40.383972],[-81.214608,40.386211],[-81.190223,40.35443]]]}},{"type":"Feature","properties":{"UNIT_ID":"TOWE_HN_MON_SE","UNIT_NAME":"Towe HN MON SE","ORDER_NO":"2022-308","OPERATOR":"EOG Ohio","STATUS":"EFF","FORMATION":"Utica","ACRES":503.4,"EDIT_DATE":"2026-07-13"},"geometry":{"type":"Polygon","coordinates":[[[-81.190262,40.35448],[-81.214608,40.386211],[-81.209586,40.388443],[-81.18512,40.356739],[-81.190262,40.35448]]]}},{"type":"Feature","properties":{"UNIT_ID":"HENDERSHOT_SOUTHEAST","UNIT_NAME":"Hendershot Southeast","ORDER_NO":"2023-04","OPERATOR":"Gulfport Energy Transferred to Gulfport Appalachia","STATUS":"EFF","FORMATION":"Marcellus","ACRES":261.5,"EDIT_DATE":"2025-11-21"},"geometry":{"type":"Polygon","coordinates":[[[-80.801135,39.888814],[-80.793141,39.877618],[-80.793221,39.87739],[-80.793074,39.877316],[-80.79305,39.87753],[-80.791315,39.875002],[-80.791173,39.874742],[-80.791038,39.874197],[-80.790778,39.873478],[-80.790567,39.872764],[-80.790357,39.871862],[-80.790433,39.869559],[-80.792745,39.870166],[-80.809019,39.892934],[-80.80537,39.894487],[-80.804021,39.892827],[-80.803269,39.891748],[-80.802533,39.890779],[-80.801887,39.889897],[-80.801135,39.888814]]]}},{"type":"Feature","properties":{"UNIT_ID":"SANOR_FARMS_CL_KNX_SE","UNIT_NAME":"Sanor Farms CL KNX SE","ORDER_NO":"2023-16","OPERATOR":"EOG Ohio","STATUS":"EFF","FORMATION":"Utica","ACRES":720.0,"EDIT_DATE":"2026-02-26"},"geometry":{"type":"Polygon","coordinates":[[[-80.96848,40.801391],[-81.002301,40.847667],[-80.997251,40.84985],[-80.96326,40.803522],[-80.96848,40.801391]]]}},{"type":"Feature","properties":{"UNIT_ID":"BOWLING_NORTH_BRN_CR","UNIT_NAME":"Bowling North BRN CR","ORDER_NO":"2023-24","OPERATOR":"EOG Ohio","STATUS":"EFF","FORMATION":"Utica","ACRES":990.7,"EDIT_DATE":"2026-07-20"},"geometry":{"type":"Polygon","coordinates":[[[-81.135774,40.720125],[-81.109692,40.684335],[-81.11993,40.680325],[-81.144283,40.714084],[-81.144392,40.714235],[-81.143027,40.714217],[-81.142612,40.714212],[-81.142229,40.714207],[-81.142041,40.714205],[-81.141736,40.714201],[-81.14046,40.714056],[-81.139383,40.71397],[-81.138039,40.713922],[-81.137176,40.713894],[-81.136731,40.713891],[-81.135867,40.713952],[-81.135822,40.716961],[-81.135774,40.720125]]]}},{"type":"Feature","properties":{"UNIT_ID":"XAVIER_HFP07_A","UNIT_NAME":"Xavier HFP07 A","ORDER_NO":"2023-48","OPERATOR":"EOG Resources","STATUS":"EFF","FORMATION":"Utica","ACRES":949.1,"EDIT_DATE":"2025-09-25"},"geometry":{"type":"Polygon","coordinates":[[[-81.27639,40.262776],[-81.276315,40.262808],[-81.247452,40.225183],[-81.255479,40.221567],[-81.284344,40.25919],[-81.281088,40.260657],[-81.27639,40.262776]]]}},{"type":"Feature","properties":{"UNIT_ID":"SCHINDLER_S_2","UNIT_NAME":"Schindler S #2","ORDER_NO":"2023-55","OPERATOR":"Rice Drilling D","STATUS":"EFF","FORMATION":"Utica","ACRES":531.0,"EDIT_DATE":"2026-02-04"},"geometry":{"type":"Polygon","coordinates":[[[-80.911393,39.728773],[-80.865581,39.688905],[-80.865661,39.688648],[-80.865716,39.688474],[-80.865799,39.688307],[-80.865872,39.687849],[-80.866023,39.68744],[-80.8662,39.686907],[-80.866247,39.686612],[-80.866322,39.686556],[-80.866288,39.686427],[-80.866335,39.686042],[-80.866376,39.685871],[-80.866435,39.685714],[-80.866441,39.685471],[-80.866488,39.685057],[-80.86883,39.686921],[-80.914534,39.726672],[-80.911393,39.728773]]]}},{"type":"Feature","properties":{"UNIT_ID":"SCHINDLER_S_3","UNIT_NAME":"Schindler S #3","ORDER_NO":"2023-60","OPERATOR":"Rice Drilling D","STATUS":"EFF","FORMATION":"Utica","ACRES":514.3,"EDIT_DATE":"2026-02-04"},"geometry":{"type":"Polygon","coordinates":[[[-80.908336,39.730883],[-80.886037,39.711715],[-80.882686,39.708756],[-80.882193,39.70871],[-80.881987,39.708059],[-80.880714,39.706573],[-80.879571,39.70589],[-80.864665,39.69289],[-80.863528,39.692445],[-80.863775,39.69235],[-80.863957,39.691991],[-80.864286,39.691614],[-80.864544,39.69118],[-80.864794,39.69105],[-80.864975,39.69069],[-80.865105,39.690406],[-80.865135,39.690216],[-80.865237,39.690084],[-80.865219,39.689779],[-80.865299,39.689532],[-80.865426,39.689381],[-80.865482,39.689115],[-80.865581,39.688905],[-80.911393,39.728773],[-80.908336,39.730883]]]}},{"type":"Feature","properties":{"UNIT_ID":"SCHINDLER_S_4","UNIT_NAME":"Schindler S #4","ORDER_NO":"2023-70","OPERATOR":"Rice Drilling D","STATUS":"EFF","FORMATION":"Utica","ACRES":514.9,"EDIT_DATE":"2026-02-04"},"geometry":{"type":"Polygon","coordinates":[[[-80.863528,39.692445],[-80.864665,39.69289],[-80.879571,39.70589],[-80.880714,39.706573],[-80.881987,39.708059],[-80.882193,39.70871],[-80.882686,39.708756],[-80.885764,39.711474],[-80.892427,39.717209],[-80.903431,39.726668],[-80.908336,39.730883],[-80.90506,39.73316],[-80.900031,39.728748],[-80.899712,39.728744],[-80.899741,39.728497],[-80.869426,39.702032],[-80.869077,39.70202],[-80.869095,39.701743],[-80.86205,39.695383],[-80.861814,39.695194],[-80.861574,39.695176],[-80.861012,39.69471],[-80.861406,39.694487],[-80.861994,39.693867],[-80.862373,39.693529],[-80.863528,39.692445]]]}},{"type":"Feature","properties":{"UNIT_ID":"POSEY_A","UNIT_NAME":"Posey A","ORDER_NO":"2023-83","OPERATOR":"SWN Production","STATUS":"EFF","FORMATION":"Utica","ACRES":407.1,"EDIT_DATE":"2025-10-17"},"geometry":{"type":"Polygon","coordinates":[[[-81.335465,40.024946],[-81.339883,40.030836],[-81.373645,40.076082],[-81.371137,40.077076],[-81.332774,40.026068],[-81.335465,40.024946]]]}},{"type":"Feature","properties":{"UNIT_ID":"PELLETIER_NORTH","UNIT_NAME":"Pelletier North","ORDER_NO":"2023-106","OPERATOR":"EOG Ohio","STATUS":"EFF","FORMATION":"Utica","ACRES":860.6,"EDIT_DATE":"2026-02-26"},"geometry":{"type":"Polygon","coordinates":[[[-80.898819,40.47258],[-80.860122,40.419738],[-80.865584,40.417471],[-80.904083,40.47039],[-80.898819,40.47258]]]}},{"type":"Feature","properties":{"UNIT_ID":"LAKE_VII","UNIT_NAME":"Lake VII","ORDER_NO":"2023-56","OPERATOR":"Gulfport Energy Transferred to Gulfport Appalachia","STATUS":"EFF","FORMATION":"Utica","ACRES":899.8,"EDIT_DATE":"2026-07-08"},"geometry":{"type":"Polygon","coordinates":[[[-81.218752,40.288136],[-81.192608,40.251902],[-81.200763,40.248398],[-81.222705,40.278927],[-81.226866,40.284695],[-81.218752,40.288136]]]}},{"type":"Feature","properties":{"UNIT_ID":"POSEY_C","UNIT_NAME":"Posey C","ORDER_NO":"2023-125","OPERATOR":"SWN Production","STATUS":"EFF","FORMATION":"Utica","ACRES":440.6,"EDIT_DATE":"2026-05-27"},"geometry":{"type":"Polygon","coordinates":[[[-81.330004,40.027313],[-81.348382,40.051643],[-81.36837,40.078255],[-81.367241,40.078723],[-81.36552,40.079437],[-81.3273,40.028488],[-81.330004,40.027313]]]}},{"type":"Feature","properties":{"UNIT_ID":"DOMINO_NW_CDZ_HR","UNIT_NAME":"Domino NW CDZ HR","ORDER_NO":"2022-313","OPERATOR":"Ascent","STATUS":"EFF","FORMATION":"Utica","ACRES":603.7,"EDIT_DATE":"2025-09-25"},"geometry":{"type":"Polygon","coordinates":[[[-81.053365,40.266378],[-81.026413,40.22968],[-81.030067,40.22819],[-81.031484,40.23021],[-81.033437,40.229338],[-81.033438,40.22936],[-81.058987,40.264454],[-81.058985,40.264464],[-81.053365,40.266378]]]}},{"type":"Feature","properties":{"UNIT_ID":"DOMINO_NE_CDZ_HR","UNIT_NAME":"Domino NE CDZ HR","ORDER_NO":"2022-316","OPERATOR":"Ascent","STATUS":"EFF","FORMATION":"Utica","ACRES":624.8,"EDIT_DATE":"2025-09-25"},"geometry":{"type":"Polygon","coordinates":[[[-81.044954,40.269673],[-81.017947,40.233044],[-81.023698,40.230814],[-81.050527,40.267381],[-81.046313,40.268871],[-81.04646,40.269101],[-81.044954,40.269673]]]}},{"type":"Feature","properties":{"UNIT_ID":"JEFFCO_SE_GRN_HR","UNIT_NAME":"Jeffco SE GRN HR","ORDER_NO":"2023-03","OPERATOR":"Ascent","STATUS":"EFF","FORMATION":"Utica","ACRES":538.8,"EDIT_DATE":"2025-09-25"},"geometry":{"type":"Polygon","coordinates":[[[-80.872292,40.247789],[-80.902589,40.288813],[-80.903798,40.290563],[-80.900558,40.291995],[-80.900134,40.291513],[-80.897829,40.292396],[-80.88899,40.277414],[-80.88919,40.27734],[-80.868131,40.248638],[-80.868859,40.248386],[-80.868895,40.247786],[-80.872292,40.247789]]]}},{"type":"Feature","properties":{"UNIT_ID":"JEFFCO_SW_GRN_HR","UNIT_NAME":"Jeffco SW GRN HR","ORDER_NO":"2023-05","OPERATOR":"Ascent","STATUS":"EFF","FORMATION":"Utica","ACRES":553.3,"EDIT_DATE":"2025-09-25"},"geometry":{"type":"Polygon","coordinates":[[[-80.902589,40.288813],[-80.872292,40.247789],[-80.874561,40.247799],[-80.874739,40.247415],[-80.876037,40.245109],[-80.876524,40.244252],[-80.877008,40.243484],[-80.877324,40.243244],[-80.877804,40.243236],[-80.889195,40.258914],[-80.885735,40.260403],[-80.905705,40.287556],[-80.902589,40.288813]]]}},{"type":"Feature","properties":{"UNIT_ID":"FLEAGANE_NW_PLT_BL","UNIT_NAME":"Fleagane NW PLT BL","ORDER_NO":"2023-20","OPERATOR":"Ascent","STATUS":"EFF","FORMATION":"Utica","ACRES":275.0,"EDIT_DATE":"2025-09-25"},"geometry":{"type":"Polygon","coordinates":[[[-80.822981,40.074893],[-80.800584,40.043989],[-80.804154,40.042454],[-80.809296,40.050906],[-80.825853,40.073898],[-80.822981,40.074893]]]}},{"type":"Feature","properties":{"UNIT_ID":"FLEAGANE_N_PLT_BL","UNIT_NAME":"Fleagane N PLT BL","ORDER_NO":"2023-17","OPERATOR":"Ascent","STATUS":"EFF","FORMATION":"Utica","ACRES":482.4,"EDIT_DATE":"2025-09-25"},"geometry":{"type":"Polygon","coordinates":[[[-80.819277,40.078205],[-80.79599,40.045963],[-80.800584,40.043989],[-80.822967,40.074917],[-80.823395,40.074777],[-80.825453,40.077682],[-80.820388,40.079794],[-80.819277,40.078205]]]}},{"type":"Feature","properties":{"UNIT_ID":"JEFFCO_NW_GRN_HR","UNIT_NAME":"Jeffco NW GRN HR","ORDER_NO":"2023-36","OPERATOR":"Ascent","STATUS":"EFF","FORMATION":"Utica","ACRES":452.6,"EDIT_DATE":"2025-09-25"},"geometry":{"type":"Polygon","coordinates":[[[-80.936508,40.334898],[-80.903633,40.290636],[-80.903798,40.290563],[-80.902589,40.288813],[-80.905705,40.287556],[-80.918877,40.30545],[-80.939631,40.333546],[-80.936508,40.334898]]]}},{"type":"Feature","properties":{"UNIT_ID":"JEFFCO_NE_GRN_HR","UNIT_NAME":"Jeffco NE GRN HR","ORDER_NO":"2023-68","OPERATOR":"Ascent","STATUS":"EFF","FORMATION":"Utica","ACRES":832.6,"EDIT_DATE":"2025-09-25"},"geometry":{"type":"Polygon","coordinates":[[[-80.900134,40.291513],[-80.900558,40.291995],[-80.933325,40.336276],[-80.927376,40.338851],[-80.893919,40.293895],[-80.900134,40.291513]]]}},{"type":"Feature","properties":{"UNIT_ID":"RUTH_NE_MTP_JF","UNIT_NAME":"Ruth NE MTP JF","ORDER_NO":"2023-73","OPERATOR":"Ascent","STATUS":"EFF","FORMATION":"Utica","ACRES":614.5,"EDIT_DATE":"2025-09-25"},"geometry":{"type":"Polygon","coordinates":[[[-80.875759,40.174887],[-80.908605,40.220171],[-80.902632,40.222696],[-80.893657,40.210541],[-80.895869,40.209564],[-80.871892,40.176509],[-80.875759,40.174887]]]}},{"type":"Feature","properties":{"UNIT_ID":"RUTH_MTP_JF","UNIT_NAME":"Ruth MTP JF","ORDER_NO":"2023-74","OPERATOR":"Ascent","STATUS":"EFF","FORMATION":"Utica","ACRES":483.5,"EDIT_DATE":"2025-09-25"},"geometry":{"type":"Polygon","coordinates":[[[-80.879294,40.173386],[-80.912053,40.218713],[-80.909787,40.219671],[-80.908605,40.220171],[-80.875785,40.174943],[-80.879294,40.173386]]]}},{"type":"Feature","properties":{"UNIT_ID":"PEARL_NW_WEL_JF","UNIT_NAME":"Pearl NW WEL JF","ORDER_NO":"2023-215","OPERATOR":"Ascent","STATUS":"EFF","FORMATION":"Utica","ACRES":436.9,"EDIT_DATE":"2025-09-25"},"geometry":{"type":"Polygon","coordinates":[[[-80.644152,40.260706],[-80.675018,40.303711],[-80.67167,40.305116],[-80.640832,40.262148],[-80.644152,40.260706]]]}},{"type":"Feature","properties":{"UNIT_ID":"HUFFMAN_B","UNIT_NAME":"Huffman B","ORDER_NO":"2023-207","OPERATOR":"SWN Production","STATUS":"EFF","FORMATION":"Utica","ACRES":685.8,"EDIT_DATE":"2025-10-17"},"geometry":{"type":"Polygon","coordinates":[[[-81.050051,39.758851],[-81.030859,39.73242],[-81.02779,39.712783],[-81.028208,39.70864],[-81.028317,39.706723],[-81.029005,39.706431],[-81.028902,39.706083],[-81.029074,39.706068],[-81.029223,39.706338],[-81.029549,39.7062],[-81.029635,39.705837],[-81.030104,39.705964],[-81.032098,39.705107],[-81.036219,39.731461],[-81.054489,39.756954],[-81.050051,39.758851]]]}},{"type":"Feature","properties":{"UNIT_ID":"RUTH_NW_MTP_JF","UNIT_NAME":"Ruth NW MTP JF","ORDER_NO":"2023-112","OPERATOR":"Ascent","STATUS":"EFF","FORMATION":"Utica","ACRES":496.3,"EDIT_DATE":"2025-09-25"},"geometry":{"type":"Polygon","coordinates":[[[-80.918977,40.215785],[-80.885407,40.169204],[-80.88892,40.167727],[-80.922459,40.214312],[-80.919438,40.21559],[-80.918977,40.215785]]]}},{"type":"Feature","properties":{"UNIT_ID":"RUTH_N_MTP_JF","UNIT_NAME":"Ruth N MTP JF","ORDER_NO":"2023-111","OPERATOR":"Ascent","STATUS":"EFF","FORMATION":"Utica","ACRES":499.1,"EDIT_DATE":"2025-09-25"},"geometry":{"type":"Polygon","coordinates":[[[-80.885407,40.169204],[-80.918977,40.215785],[-80.916221,40.216951],[-80.915435,40.217283],[-80.881931,40.170695],[-80.885407,40.169204]]]}},{"type":"Feature","properties":{"UNIT_ID":"POSEY_B","UNIT_NAME":"Posey B","ORDER_NO":"2023-117","OPERATOR":"SWN Production","STATUS":"EFF","FORMATION":"Utica","ACRES":439.3,"EDIT_DATE":"2025-10-17"},"geometry":{"type":"Polygon","coordinates":[[[-81.36837,40.078255],[-81.330004,40.027313],[-81.332774,40.026068],[-81.371137,40.077076],[-81.36837,40.078255]]]}},{"type":"Feature","properties":{"UNIT_ID":"DONNA_NW_LND_GR","UNIT_NAME":"Donna NW LND GR","ORDER_NO":"2023-220","OPERATOR":"Ascent","STATUS":"EFF","FORMATION":"Utica","ACRES":624.8,"EDIT_DATE":"2025-09-25"},"geometry":{"type":"Polygon","coordinates":[[[-81.289594,40.16769],[-81.257964,40.124843],[-81.259201,40.124291],[-81.261365,40.123326],[-81.262602,40.122774],[-81.286907,40.155701],[-81.287126,40.155606],[-81.2945,40.165664],[-81.289594,40.16769]]]}},{"type":"Feature","properties":{"UNIT_ID":"LEHWALD_CL_BUT_NORTH","UNIT_NAME":"Lehwald CL BUT North","ORDER_NO":"2023-133","OPERATOR":"EOG Ohio","STATUS":"EFF","FORMATION":"Utica","ACRES":1141.4,"EDIT_DATE":"2026-02-26"},"geometry":{"type":"Polygon","coordinates":[[[-80.973038,40.833182],[-80.999956,40.870191],[-80.989689,40.874384],[-80.962822,40.837526],[-80.973038,40.833182]]]}},{"type":"Feature","properties":{"UNIT_ID":"PELLETIER_SOUTH_UNIT","UNIT_NAME":"Pelletier South Unit","ORDER_NO":"2023-137","OPERATOR":"EOG Ohio","STATUS":"EFF","FORMATION":"Utica","ACRES":637.7,"EDIT_DATE":"2026-02-26"},"geometry":{"type":"Polygon","coordinates":[[[-80.860122,40.419738],[-80.832862,40.382104],[-80.838515,40.379627],[-80.864421,40.415879],[-80.865584,40.417471],[-80.860122,40.419738]]]}},{"type":"Feature","properties":{"UNIT_ID":"DUTCH_VALLEY_SW","UNIT_NAME":"Dutch Valley SW","ORDER_NO":"2023-138","OPERATOR":"EOG Ohio","STATUS":"EFF","FORMATION":"Utica","ACRES":741.2,"EDIT_DATE":"2026-04-30"},"geometry":{"type":"Polygon","coordinates":[[[-81.395181,40.263083],[-81.359664,40.215845],[-81.364752,40.213692],[-81.400258,40.260873],[-81.395181,40.263083]]]}},{"type":"Feature","properties":{"UNIT_ID":"PEARL_N_WEL_JF","UNIT_NAME":"Pearl N WEL JF","ORDER_NO":"2023-211","OPERATOR":"Ascent","STATUS":"EFF","FORMATION":"Utica","ACRES":435.9,"EDIT_DATE":"2025-09-25"},"geometry":{"type":"Polygon","coordinates":[[[-80.664974,40.307926],[-80.634193,40.265031],[-80.634646,40.264835],[-80.634695,40.264892],[-80.637513,40.26359],[-80.668322,40.306521],[-80.664974,40.307926]]]}},{"type":"Feature","properties":{"UNIT_ID":"PECKENS_JN_SAL_SOUTH_UNIT","UNIT_NAME":"Peckens JN SAL South Unit","ORDER_NO":"2023-234","OPERATOR":"EOG Ohio","STATUS":"EFF","FORMATION":"Utica","ACRES":1157.7,"EDIT_DATE":"2026-02-26"},"geometry":{"type":"Polygon","coordinates":[[[-80.807172,40.414168],[-80.772091,40.36553],[-80.779737,40.362294],[-80.815177,40.410779],[-80.807172,40.414168]]]}},{"type":"Feature","properties":{"UNIT_ID":"DONNA_N_LND_GR","UNIT_NAME":"Donna N LND GR","ORDER_NO":"2023-229","OPERATOR":"Ascent","STATUS":"EFF","FORMATION":"Utica","ACRES":640.0,"EDIT_DATE":"2025-09-25"},"geometry":{"type":"Polygon","coordinates":[[[-81.257964,40.124843],[-81.289594,40.16769],[-81.284709,40.169707],[-81.252521,40.126099],[-81.255024,40.126155],[-81.257964,40.124843]]]}},{"type":"Feature","properties":{"UNIT_ID":"PEARL_E_WEL_JF","UNIT_NAME":"Pearl E WEL JF","ORDER_NO":"2023-213","OPERATOR":"Ascent","STATUS":"EFF","FORMATION":"Utica","ACRES":465.8,"EDIT_DATE":"2025-09-25"},"geometry":{"type":"Polygon","coordinates":[[[-80.634193,40.265031],[-80.664974,40.307926],[-80.6614,40.309426],[-80.6306,40.266501],[-80.631919,40.26567],[-80.632202,40.265927],[-80.634193,40.265031]]]}},{"type":"Feature","properties":{"UNIT_ID":"LIGGETT_N_ATH_HR","UNIT_NAME":"Liggett N ATH HR","ORDER_NO":"2023-224","OPERATOR":"Ascent","STATUS":"EFF","FORMATION":"Utica","ACRES":412.1,"EDIT_DATE":"2025-09-25"},"geometry":{"type":"Polygon","coordinates":[[[-81.03183,40.273882],[-81.02923,40.27492],[-80.99097,40.222321],[-80.993527,40.221228],[-81.03183,40.273882]]]}},{"type":"Feature","properties":{"UNIT_ID":"LIGGETT_NE_ATH_HR","UNIT_NAME":"Liggett NE ATH HR","ORDER_NO":"2023-223","OPERATOR":"Ascent","STATUS":"EFF","FORMATION":"Utica","ACRES":431.1,"EDIT_DATE":"2025-09-25"},"geometry":{"type":"Polygon","coordinates":[[[-80.99097,40.222321],[-81.02923,40.27492],[-81.03066,40.274349],[-81.031841,40.275977],[-81.027781,40.277539],[-80.988412,40.223414],[-80.99097,40.222321]]]}},{"type":"Feature","properties":{"UNIT_ID":"LIGGETT_NW_ATH_HR","UNIT_NAME":"Liggett NW ATH HR","ORDER_NO":"2023-222","OPERATOR":"Ascent","STATUS":"EFF","FORMATION":"Utica","ACRES":575.9,"EDIT_DATE":"2025-09-25"},"geometry":{"type":"Polygon","coordinates":[[[-81.03183,40.273882],[-80.993527,40.221228],[-80.996085,40.220135],[-81.009937,40.238938],[-81.011209,40.238433],[-81.036105,40.27209],[-81.03183,40.273882]]]}},{"type":"Feature","properties":{"UNIT_ID":"NOELLE_SE_CRC_JF","UNIT_NAME":"Noelle SE CRC JF","ORDER_NO":"2023-140","OPERATOR":"Ascent","STATUS":"EFF","FORMATION":"Utica","ACRES":661.7,"EDIT_DATE":"2025-09-25"},"geometry":{"type":"Polygon","coordinates":[[[-80.705867,40.333527],[-80.727004,40.361885],[-80.719538,40.365031],[-80.701392,40.339844],[-80.701273,40.339892],[-80.697693,40.334936],[-80.699079,40.333443],[-80.700546,40.332928],[-80.705477,40.333045],[-80.705443,40.333521],[-80.705867,40.333527]]]}},{"type":"Feature","properties":{"UNIT_ID":"RUTH_C_MTP_JF","UNIT_NAME":"Ruth C MTP JF","ORDER_NO":"2023-144","OPERATOR":"Ascent","STATUS":"EFF","FORMATION":"Utica","ACRES":493.0,"EDIT_DATE":"2025-09-25"},"geometry":{"type":"Polygon","coordinates":[[[-80.881931,40.170695],[-80.915435,40.217283],[-80.912053,40.218713],[-80.879294,40.173386],[-80.878294,40.173829],[-80.877383,40.172591],[-80.881931,40.170695]]]}},{"type":"Feature","properties":{"UNIT_ID":"EMERSON_BELLE_C","UNIT_NAME":"Emerson Belle C","ORDER_NO":"2023-145","OPERATOR":"SWN Production","STATUS":"EFF","FORMATION":"Utica","ACRES":771.7,"EDIT_DATE":"2025-10-17"},"geometry":{"type":"Polygon","coordinates":[[[-81.011915,39.735068],[-81.052603,39.791965],[-81.048437,39.79382],[-81.035019,39.7753],[-81.010713,39.741545],[-81.010127,39.741797],[-81.006707,39.737252],[-81.011915,39.735068]]]}},{"type":"Feature","properties":{"UNIT_ID":"EMERSON_BELLE_A_UNIT","UNIT_NAME":"Emerson Belle A Unit","ORDER_NO":"2023-146","OPERATOR":"SWN Production","STATUS":"EFF","FORMATION":"Utica","ACRES":698.3,"EDIT_DATE":"2025-10-17"},"geometry":{"type":"Polygon","coordinates":[[[-81.021027,39.733761],[-81.038282,39.757219],[-81.059922,39.787728],[-81.059994,39.787844],[-81.060164,39.788575],[-81.056125,39.790298],[-81.017301,39.735337],[-81.021027,39.733761]]]}},{"type":"Feature","properties":{"UNIT_ID":"EMERSON_BELLE_B_UNIT","UNIT_NAME":"Emerson Belle B Unit","ORDER_NO":"2023-154","OPERATOR":"SWN Production","STATUS":"EFF","FORMATION":"Utica","ACRES":643.1,"EDIT_DATE":"2025-10-17"},"geometry":{"type":"Polygon","coordinates":[[[-81.052603,39.791965],[-81.013075,39.736691],[-81.017077,39.734998],[-81.017301,39.735337],[-81.056125,39.790298],[-81.052603,39.791965]]]}},{"type":"Feature","properties":{"UNIT_ID":"LAKE_VI","UNIT_NAME":"Lake VI","ORDER_NO":"2023-45","OPERATOR":"Gulfport Energy Transferred to Gulfport Appalachia","STATUS":"EFF","FORMATION":"Utica","ACRES":1484.1,"EDIT_DATE":"2026-07-08"},"geometry":{"type":"Polygon","coordinates":[[[-81.18612,40.266591],[-81.168037,40.241824],[-81.181472,40.236449],[-81.218651,40.288011],[-81.218606,40.288612],[-81.216422,40.288549],[-81.213488,40.284621],[-81.208872,40.286582],[-81.192514,40.263955],[-81.18612,40.266591]]]}},{"type":"Feature","properties":{"UNIT_ID":"JEFFCO_N_GRN_HR","UNIT_NAME":"Jeffco N GRN HR","ORDER_NO":"2023-46","OPERATOR":"Ascent","STATUS":"EFF","FORMATION":"Utica","ACRES":427.9,"EDIT_DATE":"2025-09-25"},"geometry":{"type":"Polygon","coordinates":[[[-80.903633,40.290636],[-80.936508,40.334898],[-80.933325,40.336276],[-80.900558,40.291995],[-80.903633,40.290636]]]}},{"type":"Feature","properties":{"UNIT_ID":"SHUTWAY_E_UNN_BL","UNIT_NAME":"Shutway E UNN BL","ORDER_NO":"2023-165","OPERATOR":"Ascent","STATUS":"EFF","FORMATION":"Utica","ACRES":683.8,"EDIT_DATE":"2025-09-25"},"geometry":{"type":"Polygon","coordinates":[[[-81.069189,40.117723],[-81.040496,40.079667],[-81.040539,40.078904],[-81.045652,40.076641],[-81.075012,40.115236],[-81.069189,40.117723]]]}},{"type":"Feature","properties":{"UNIT_ID":"DUTCH_VALLEY_SE_UNIT","UNIT_NAME":"Dutch Valley SE Unit","ORDER_NO":"2023-164","OPERATOR":"EOG Ohio","STATUS":"EFF","FORMATION":"Utica","ACRES":734.7,"EDIT_DATE":"2026-04-30"},"geometry":{"type":"Polygon","coordinates":[[[-81.359664,40.215845],[-81.395181,40.263083],[-81.390113,40.265247],[-81.37669,40.247373],[-81.354688,40.218051],[-81.359664,40.215845]]]}},{"type":"Feature","properties":{"UNIT_ID":"SHUTWAY_W_UNN_BL","UNIT_NAME":"Shutway W UNN BL","ORDER_NO":"2023-163","OPERATOR":"Ascent","STATUS":"EFF","FORMATION":"Utica","ACRES":328.3,"EDIT_DATE":"2025-09-25"},"geometry":{"type":"Polygon","coordinates":[[[-81.050337,40.077678],[-81.077872,40.114069],[-81.075012,40.115236],[-81.047045,40.078474],[-81.049049,40.077653],[-81.050337,40.077678]]]}},{"type":"Feature","properties":{"UNIT_ID":"ROSS_NW_WHL_BL","UNIT_NAME":"Ross NW WHL BL","ORDER_NO":"2023-44","OPERATOR":"Ascent","STATUS":"EFF","FORMATION":"Utica","ACRES":529.8,"EDIT_DATE":"2025-09-25"},"geometry":{"type":"Polygon","coordinates":[[[-80.989413,40.140979],[-80.974246,40.120175],[-80.97526,40.119759],[-80.96072,40.099504],[-80.9644,40.097991],[-80.991557,40.135476],[-80.994022,40.139297],[-80.989413,40.140979]]]}},{"type":"Feature","properties":{"UNIT_ID":"NOELLE_SW_CRC_JF","UNIT_NAME":"Noelle SW CRC JF","ORDER_NO":"2023-97","OPERATOR":"Ascent","STATUS":"EFF","FORMATION":"Utica","ACRES":684.4,"EDIT_DATE":"2025-09-25"},"geometry":{"type":"Polygon","coordinates":[[[-80.70996,40.326616],[-80.733853,40.359076],[-80.727004,40.361885],[-80.705867,40.333527],[-80.706054,40.33353],[-80.703069,40.329393],[-80.70996,40.326616]]]}},{"type":"Feature","properties":{"UNIT_ID":"FAIRFIELD_UNKEFER_NORTHWEST","UNIT_NAME":"Fairfield Unkefer Northwest","ORDER_NO":"2023-132","OPERATOR":"Hilcorp Energy","STATUS":"EFF","FORMATION":"Utica","ACRES":668.4,"EDIT_DATE":"2025-10-17"},"geometry":{"type":"Polygon","coordinates":[[[-80.699679,40.819622],[-80.722937,40.848632],[-80.715377,40.851721],[-80.69226,40.822678],[-80.699679,40.819622]]]}},{"type":"Feature","properties":{"UNIT_ID":"WISE_NE_PLT_BL","UNIT_NAME":"Wise NE PLT BL","ORDER_NO":"2023-232","OPERATOR":"Ascent","STATUS":"EFF","FORMATION":"Utica","ACRES":658.3,"EDIT_DATE":"2025-09-25"},"geometry":{"type":"Polygon","coordinates":[[[-80.79131,40.0779],[-80.768062,40.045847],[-80.76907,40.045986],[-80.76934,40.045953],[-80.775232,40.043471],[-80.798343,40.075315],[-80.798115,40.075253],[-80.797475,40.075332],[-80.79709,40.07535],[-80.796329,40.075638],[-80.795873,40.075993],[-80.795633,40.076093],[-80.795178,40.076283],[-80.794168,40.076733],[-80.79131,40.0779]]]}},{"type":"Feature","properties":{"UNIT_ID":"PEARL_NE_WEL_JF","UNIT_NAME":"Pearl NE WEL JF","ORDER_NO":"2023-236","OPERATOR":"Ascent","STATUS":"EFF","FORMATION":"Utica","ACRES":548.9,"EDIT_DATE":"2025-09-25"},"geometry":{"type":"Polygon","coordinates":[[[-80.663004,40.317901],[-80.648671,40.298308],[-80.627491,40.268605],[-80.628186,40.26824],[-80.627926,40.26797],[-80.628397,40.267739],[-80.629424,40.267237],[-80.6306,40.266501],[-80.6614,40.309426],[-80.667682,40.318127],[-80.663004,40.317901]]]}},{"type":"Feature","properties":{"UNIT_ID":"SPARKMAN_GY_CEN","UNIT_NAME":"Sparkman GY CEN","ORDER_NO":"2023-169","OPERATOR":"EOG Ohio","STATUS":"EFF","FORMATION":"Utica","ACRES":1272.2,"EDIT_DATE":"2026-02-26"},"geometry":{"type":"Polygon","coordinates":[[[-81.492285,40.052664],[-81.462932,40.012581],[-81.467857,40.012725],[-81.46841,40.002002],[-81.484712,40.024252],[-81.502176,40.048261],[-81.492285,40.052664]]]}},{"type":"Feature","properties":{"UNIT_ID":"DONNA_NE_LND_GR","UNIT_NAME":"Donna NE LND GR","ORDER_NO":"2023-230","OPERATOR":"Ascent","STATUS":"EFF","FORMATION":"Utica","ACRES":348.2,"EDIT_DATE":"2025-09-25"},"geometry":{"type":"Polygon","coordinates":[[[-81.252521,40.126099],[-81.284709,40.169707],[-81.282113,40.170778],[-81.270701,40.155308],[-81.249107,40.126022],[-81.252521,40.126099]]]}},{"type":"Feature","properties":{"UNIT_ID":"BARBER_RIDGE_WEST","UNIT_NAME":"Barber Ridge West","ORDER_NO":"2022-284","OPERATOR":"Gulfport Energy Transferred to Gulfport Appalachia","STATUS":"EFF","FORMATION":"Utica","ACRES":854.9,"EDIT_DATE":"2025-11-21"},"geometry":{"type":"Polygon","coordinates":[[[-81.173286,39.819812],[-81.136215,39.76855],[-81.14163,39.766218],[-81.170594,39.806286],[-81.178696,39.817482],[-81.173286,39.819812]]]}},{"type":"Feature","properties":{"UNIT_ID":"HENDERSHOT_NORTHEAST","UNIT_NAME":"Hendershot Northeast","ORDER_NO":"2023-96","OPERATOR":"Gulfport Energy Transferred to Gulfport Appalachia","STATUS":"EFF","FORMATION":"Marcellus","ACRES":596.5,"EDIT_DATE":"2025-11-21"},"geometry":{"type":"Polygon","coordinates":[[[-80.809019,39.892934],[-80.846215,39.944734],[-80.842329,39.946363],[-80.80537,39.894487],[-80.809019,39.892934]]]}},{"type":"Feature","properties":{"UNIT_ID":"DYNAMITE_NW","UNIT_NAME":"Dynamite NW","ORDER_NO":"2023-47","OPERATOR":"INR Ohio","STATUS":"EFF","FORMATION":"Utica","ACRES":569.0,"EDIT_DATE":"2025-09-25"},"geometry":{"type":"Polygon","coordinates":[[[-81.424819,40.011663],[-81.4203,39.977079],[-81.420374,39.97708],[-81.420378,39.97687],[-81.425879,39.976901],[-81.425821,39.978439],[-81.428064,39.981409],[-81.431183,40.004502],[-81.430842,40.01185],[-81.424819,40.011663]]]}},{"type":"Feature","properties":{"UNIT_ID":"JAC_I","UNIT_NAME":"JAC I","ORDER_NO":"2023-176","OPERATOR":"Gulfport Energy Transferred to Gulfport Appalachia","STATUS":"EFF","FORMATION":"Utica","ACRES":902.8,"EDIT_DATE":"2025-11-21"},"geometry":{"type":"Polygon","coordinates":[[[-81.090041,39.949726],[-81.055496,39.901929],[-81.060869,39.899628],[-81.076851,39.921748],[-81.078137,39.921197],[-81.097164,39.947508],[-81.092044,39.949803],[-81.090041,39.949726]]]}},{"type":"Feature","properties":{"UNIT_ID":"SPROUL_TC_RSH_NW","UNIT_NAME":"Sproul TC RSH NW","ORDER_NO":"2023-168","OPERATOR":"EOG Ohio","STATUS":"EFF","FORMATION":"Utica","ACRES":740.1,"EDIT_DATE":"2026-07-08"},"geometry":{"type":"Polygon","coordinates":[[[-81.278422,40.330219],[-81.310933,40.374736],[-81.310631,40.383358],[-81.27334,40.332422],[-81.278422,40.330219]]]}},{"type":"Feature","properties":{"UNIT_ID":"SPROUL_TC_RSH_NE","UNIT_NAME":"Sproul TC RSH NE","ORDER_NO":"2023-171","OPERATOR":"EOG Ohio","STATUS":"EFF","FORMATION":"Utica","ACRES":772.2,"EDIT_DATE":"2026-07-08"},"geometry":{"type":"Polygon","coordinates":[[[-81.27334,40.332422],[-81.310631,40.383358],[-81.310623,40.38358],[-81.304075,40.38347],[-81.268326,40.334602],[-81.27334,40.332422]]]}},{"type":"Feature","properties":{"UNIT_ID":"SLABAUGH_E_RCH_GR","UNIT_NAME":"Slabaugh E RCH GR","ORDER_NO":"2023-170","OPERATOR":"Ascent","STATUS":"EFF","FORMATION":"Utica","ACRES":468.3,"EDIT_DATE":"2025-09-25"},"geometry":{"type":"Polygon","coordinates":[[[-81.435458,39.954631],[-81.462185,39.989827],[-81.46205,39.99219],[-81.462047,39.992237],[-81.462097,39.993323],[-81.46189,39.996725],[-81.434365,39.960467],[-81.434664,39.954857],[-81.435458,39.954631]]]}},{"type":"Feature","properties":{"UNIT_ID":"RECTOR_NE_MTP_JF","UNIT_NAME":"Rector NE MTP JF","ORDER_NO":"2023-250","OPERATOR":"Ascent","STATUS":"EFF","FORMATION":"Utica","ACRES":377.2,"EDIT_DATE":"2025-09-25"},"geometry":{"type":"Polygon","coordinates":[[[-80.857549,40.190851],[-80.879583,40.221588],[-80.87567,40.223265],[-80.869661,40.215075],[-80.86961,40.215096],[-80.853532,40.192555],[-80.857549,40.190851]]]}},{"type":"Feature","properties":{"UNIT_ID":"RECTOR_N_MTP_JF","UNIT_NAME":"Rector N MTP JF","ORDER_NO":"2023-249","OPERATOR":"Ascent","STATUS":"EFF","FORMATION":"Utica","ACRES":307.9,"EDIT_DATE":"2025-09-25"},"geometry":{"type":"Polygon","coordinates":[[[-80.860837,40.189455],[-80.882864,40.220181],[-80.879583,40.221588],[-80.857549,40.190851],[-80.860837,40.189455]]]}},{"type":"Feature","properties":{"UNIT_ID":"CYPRESS_N_CDZ_HR","UNIT_NAME":"Cypress N CDZ HR","ORDER_NO":"2023-254","OPERATOR":"Ascent","STATUS":"EFF","FORMATION":"Utica","ACRES":403.7,"EDIT_DATE":"2025-03-17"},"geometry":{"type":"Polygon","coordinates":[[[-81.022109,40.279773],[-80.986444,40.230738],[-80.98914,40.2296],[-81.024836,40.278674],[-81.022109,40.279773]]]}},{"type":"Feature","properties":{"UNIT_ID":"CYPRESS_NW_CDZ_HR","UNIT_NAME":"Cypress NW CDZ HR","ORDER_NO":"2023-253","OPERATOR":"Ascent","STATUS":"EFF","FORMATION":"Utica","ACRES":431.4,"EDIT_DATE":"2025-03-17"},"geometry":{"type":"Polygon","coordinates":[[[-81.024836,40.278674],[-80.98914,40.2296],[-80.992012,40.228387],[-81.027781,40.277539],[-81.024836,40.278674]]]}},{"type":"Feature","properties":{"UNIT_ID":"WESTHAWK_I","UNIT_NAME":"Westhawk I","ORDER_NO":"2023-235","OPERATOR":"Gulfport Energy Transferred to Gulfport Appalachia","STATUS":"EFF","FORMATION":"Utica","ACRES":619.4,"EDIT_DATE":"2025-11-21"},"geometry":{"type":"Polygon","coordinates":[[[-81.045669,39.842359],[-81.07237,39.879351],[-81.066921,39.881686],[-81.040222,39.844694],[-81.045669,39.842359]]]}},{"type":"Feature","properties":{"UNIT_ID":"SHUGERT_GY_CEN_NORTH","UNIT_NAME":"Shugert GY CEN North","ORDER_NO":"2023-258","OPERATOR":"EOG Ohio","STATUS":"EFF","FORMATION":"Utica","ACRES":1380.0,"EDIT_DATE":"2026-02-26"},"geometry":{"type":"Polygon","coordinates":[[[-81.514867,40.044819],[-81.548869,40.091232],[-81.546223,40.092398],[-81.545418,40.092387],[-81.541378,40.092329],[-81.536048,40.091602],[-81.505003,40.049213],[-81.514867,40.044819]]]}},{"type":"Feature","properties":{"UNIT_ID":"RECTOR_NW_MTP_JF","UNIT_NAME":"Rector NW MTP JF","ORDER_NO":"2023-260","OPERATOR":"Ascent","STATUS":"EFF","FORMATION":"Utica","ACRES":350.6,"EDIT_DATE":"2025-09-25"},"geometry":{"type":"Polygon","coordinates":[[[-80.864529,40.187888],[-80.883497,40.213887],[-80.882863,40.214158],[-80.88621,40.218746],[-80.882864,40.220181],[-80.860837,40.189455],[-80.864529,40.187888]]]}},{"type":"Feature","properties":{"UNIT_ID":"WOLVERINE_HFP07_A","UNIT_NAME":"Wolverine HFP07 A","ORDER_NO":"2024-12","OPERATOR":"EOG Resources","STATUS":"EFF","FORMATION":"Utica","ACRES":1241.1,"EDIT_DATE":"2025-09-25"},"geometry":{"type":"Polygon","coordinates":[[[-81.255479,40.221567],[-81.265975,40.216838],[-81.294844,40.254458],[-81.284344,40.25919],[-81.255479,40.221567]]]}},{"type":"Feature","properties":{"UNIT_ID":"SLABAUGH_W_RCH_GR","UNIT_NAME":"Slabaugh W RCH GR","ORDER_NO":"2023-183","OPERATOR":"Ascent","STATUS":"EFF","FORMATION":"Utica","ACRES":702.5,"EDIT_DATE":"2025-03-17"},"geometry":{"type":"Polygon","coordinates":[[[-81.462185,39.989827],[-81.435417,39.95462],[-81.436653,39.954265],[-81.435643,39.951961],[-81.438192,39.95048],[-81.43852,39.950311],[-81.438811,39.950134],[-81.438897,39.95007],[-81.438972,39.950008],[-81.439009,39.949976],[-81.439071,39.949919],[-81.439311,39.949666],[-81.439758,39.949191],[-81.439957,39.94898],[-81.455416,39.970246],[-81.468561,39.988235],[-81.465296,39.988039],[-81.462276,39.988007],[-81.462185,39.989827]]]}},{"type":"Feature","properties":{"UNIT_ID":"SCOUT_N_SHC_HR","UNIT_NAME":"Scout N SHC HR","ORDER_NO":"2023-197","OPERATOR":"Ascent","STATUS":"EFF","FORMATION":"Utica","ACRES":522.3,"EDIT_DATE":"2025-09-25"},"geometry":{"type":"Polygon","coordinates":[[[-80.894749,40.162444],[-80.928768,40.20956],[-80.925234,40.211064],[-80.890199,40.162498],[-80.892956,40.161332],[-80.892999,40.161411],[-80.894377,40.16144],[-80.894717,40.162329],[-80.894749,40.162444]]]}},{"type":"Feature","properties":{"UNIT_ID":"SCOUT_NW_SHC_HR","UNIT_NAME":"Scout NW SHC HR","ORDER_NO":"2023-201","OPERATOR":"Ascent","STATUS":"EFF","FORMATION":"Utica","ACRES":496.2,"EDIT_DATE":"2025-09-25"},"geometry":{"type":"Polygon","coordinates":[[[-80.899371,40.162502],[-80.930311,40.205397],[-80.930456,40.205337],[-80.932423,40.208007],[-80.928768,40.20956],[-80.894749,40.162444],[-80.895842,40.162373],[-80.899371,40.162502]]]}},{"type":"Feature","properties":{"UNIT_ID":"SCOUT_NE_SHC_HR","UNIT_NAME":"Scout NE SHC HR","ORDER_NO":"2023-178","OPERATOR":"Ascent","STATUS":"EFF","FORMATION":"Utica","ACRES":550.9,"EDIT_DATE":"2025-09-25"},"geometry":{"type":"Polygon","coordinates":[[[-80.892766,40.166059],[-80.925234,40.211064],[-80.924719,40.211282],[-80.925867,40.212872],[-80.922654,40.21423],[-80.922459,40.214312],[-80.88892,40.167727],[-80.892766,40.166059]]]}},{"type":"Feature","properties":{"UNIT_ID":"LARKE_CR_BRN","UNIT_NAME":"Larke CR BRN","ORDER_NO":"2023-261","OPERATOR":"EOG Ohio","STATUS":"EFF","FORMATION":"Utica","ACRES":1577.1,"EDIT_DATE":"2026-02-26"},"geometry":{"type":"Polygon","coordinates":[[[-81.132437,40.627683],[-81.159649,40.663437],[-81.156503,40.663335],[-81.16117,40.669479],[-81.156922,40.671354],[-81.158552,40.673491],[-81.15295,40.675964],[-81.123385,40.637007],[-81.130097,40.634193],[-81.117038,40.61684],[-81.119371,40.61584],[-81.119435,40.614481],[-81.130196,40.628672],[-81.132437,40.627683]]]}},{"type":"Feature","properties":{"UNIT_ID":"JAC_III","UNIT_NAME":"JAC III","ORDER_NO":"2023-200","OPERATOR":"Gulfport Energy Transferred to Gulfport Appalachia","STATUS":"EFF","FORMATION":"Utica","ACRES":582.0,"EDIT_DATE":"2025-11-21"},"geometry":{"type":"Polygon","coordinates":[[[-81.079624,39.949433],[-81.045116,39.901676],[-81.04901,39.900008],[-81.08482,39.949563],[-81.079624,39.949433]]]}},{"type":"Feature","properties":{"UNIT_ID":"HUFFMAN_A","UNIT_NAME":"Huffman A","ORDER_NO":"2023-206","OPERATOR":"SWN Production","STATUS":"EFF","FORMATION":"Utica","ACRES":608.9,"EDIT_DATE":"2025-10-17"},"geometry":{"type":"Polygon","coordinates":[[[-81.050051,39.758851],[-81.045948,39.760605],[-81.024267,39.730862],[-81.023011,39.717638],[-81.023851,39.712701],[-81.02779,39.712783],[-81.030859,39.73242],[-81.050051,39.758851]]]}},{"type":"Feature","properties":{"UNIT_ID":"HUFFMAN_C","UNIT_NAME":"Huffman C","ORDER_NO":"2023-199","OPERATOR":"SWN Production","STATUS":"EFF","FORMATION":"Utica","ACRES":486.2,"EDIT_DATE":"2026-05-14"},"geometry":{"type":"Polygon","coordinates":[[[-81.042026,39.76228],[-81.02042,39.732936],[-81.016259,39.720765],[-81.018471,39.719837],[-81.018496,39.719862],[-81.019813,39.719328],[-81.024267,39.730862],[-81.045948,39.760605],[-81.042026,39.76228]]]}},{"type":"Feature","properties":{"UNIT_ID":"WISE_NW_PLT_BL","UNIT_NAME":"Wise NW PLT BL","ORDER_NO":"2023-205","OPERATOR":"Ascent","STATUS":"EFF","FORMATION":"Utica","ACRES":684.1,"EDIT_DATE":"2025-09-25"},"geometry":{"type":"Polygon","coordinates":[[[-80.799989,40.075962],[-80.79944,40.075615],[-80.798343,40.075315],[-80.777734,40.046907],[-80.778664,40.046694],[-80.779154,40.046758],[-80.785671,40.044062],[-80.8058,40.071372],[-80.805897,40.071505],[-80.802908,40.075176],[-80.802036,40.075142],[-80.800093,40.075967],[-80.799989,40.075962]]]}},{"type":"Feature","properties":{"UNIT_ID":"ROCK_RIDGE_S_WRN_BL","UNIT_NAME":"Rock Ridge S WRN BL","ORDER_NO":"2024-11","OPERATOR":"Ascent","STATUS":"EFF","FORMATION":"Utica","ACRES":753.6,"EDIT_DATE":"2025-09-25"},"geometry":{"type":"Polygon","coordinates":[[[-81.230739,40.001534],[-81.20873,39.976443],[-81.200569,39.970115],[-81.211174,39.965147],[-81.235023,39.997928],[-81.232358,39.999066],[-81.232271,40.001569],[-81.230739,40.001534]]]}},{"type":"Feature","properties":{"UNIT_ID":"PEARL_W_WEL_JF","UNIT_NAME":"Pearl W WEL JF","ORDER_NO":"2023-209","OPERATOR":"Ascent","STATUS":"EFF","FORMATION":"Utica","ACRES":436.6,"EDIT_DATE":"2025-09-25"},"geometry":{"type":"Polygon","coordinates":[[[-80.640832,40.262148],[-80.67167,40.305116],[-80.668322,40.306521],[-80.637513,40.26359],[-80.640832,40.262148]]]}},{"type":"Feature","properties":{"UNIT_ID":"BERGER_TC_PER_EAST","UNIT_NAME":"Berger TC PER East","ORDER_NO":"2023-202","OPERATOR":"EOG Ohio","STATUS":"EFF","FORMATION":"Utica","ACRES":721.0,"EDIT_DATE":"2026-02-26"},"geometry":{"type":"Polygon","coordinates":[[[-81.335822,40.240256],[-81.369993,40.286942],[-81.364928,40.289082],[-81.330778,40.242385],[-81.335822,40.240256]]]}},{"type":"Feature","properties":{"UNIT_ID":"GROVE_CL_KNX_NE","UNIT_NAME":"Grove CL KNX NE","ORDER_NO":"2023-208","OPERATOR":"EOG Ohio","STATUS":"EFF","FORMATION":"Utica","ACRES":696.5,"EDIT_DATE":"2026-02-26"},"geometry":{"type":"Polygon","coordinates":[[[-81.016406,40.841708],[-81.049265,40.886643],[-81.044132,40.888784],[-81.011282,40.843857],[-81.016406,40.841708]]]}},{"type":"Feature","properties":{"UNIT_ID":"BERGER_TC_PER_WEST","UNIT_NAME":"Berger TC PER West","ORDER_NO":"2023-203","OPERATOR":"EOG Ohio","STATUS":"EFF","FORMATION":"Utica","ACRES":721.0,"EDIT_DATE":"2026-02-26"},"geometry":{"type":"Polygon","coordinates":[[[-81.340865,40.238126],[-81.375057,40.284803],[-81.369993,40.286942],[-81.335822,40.240256],[-81.340865,40.238126]]]}},{"type":"Feature","properties":{"UNIT_ID":"NOELLE_W_CRC_JF","UNIT_NAME":"Noelle W CRC JF","ORDER_NO":"2023-167","OPERATOR":"Ascent","STATUS":"EFF","FORMATION":"Utica","ACRES":516.0,"EDIT_DATE":"2025-09-25"},"geometry":{"type":"Polygon","coordinates":[[[-80.733799,40.358956],[-80.70996,40.326616],[-80.709863,40.326466],[-80.715218,40.324695],[-80.739209,40.356782],[-80.733799,40.358956]]]}},{"type":"Feature","properties":{"UNIT_ID":"JENNINGS_W_WLS_GR","UNIT_NAME":"Jennings W WLS GR","ORDER_NO":"2022-52","OPERATOR":"Ascent","STATUS":"EFF","FORMATION":"Utica","ACRES":631.7,"EDIT_DATE":"2025-09-25"},"geometry":{"type":"Polygon","coordinates":[[[-81.428767,39.965845],[-81.458744,40.005077],[-81.458541,40.010277],[-81.458115,40.010262],[-81.457999,40.010657],[-81.457877,40.010953],[-81.456595,40.010938],[-81.426214,39.970938],[-81.426481,39.965827],[-81.428767,39.965845]]]}},{"type":"Feature","properties":{"UNIT_ID":"ROCK_RIDGE_SW_WRN_BL","UNIT_NAME":"Rock Ridge SW WRN BL","ORDER_NO":"2024-20","OPERATOR":"Ascent","STATUS":"EFF","FORMATION":"Utica","ACRES":612.1,"EDIT_DATE":"2025-09-25"},"geometry":{"type":"Polygon","coordinates":[[[-81.214057,39.959217],[-81.240483,39.99557],[-81.235023,39.997928],[-81.208579,39.961578],[-81.214057,39.959217]]]}},{"type":"Feature","properties":{"UNIT_ID":"ROCK_RIDGE_SE_WRN_BL","UNIT_NAME":"Rock Ridge SE WRN BL","ORDER_NO":"2024-19","OPERATOR":"Ascent","STATUS":"EFF","FORMATION":"Utica","ACRES":604.0,"EDIT_DATE":"2025-09-25"},"geometry":{"type":"Polygon","coordinates":[[[-81.225947,40.000226],[-81.193103,39.974327],[-81.20036,39.969953],[-81.20873,39.976443],[-81.230739,40.001534],[-81.226909,40.001434],[-81.22567,40.000434],[-81.225947,40.000226]]]}},{"type":"Feature","properties":{"UNIT_ID":"OLIVER_CR_MON_NORTH","UNIT_NAME":"Oliver CR MON North","ORDER_NO":"2022-285","OPERATOR":"EOG Ohio","STATUS":"EFF","FORMATION":"Utica","ACRES":1340.2,"EDIT_DATE":"2026-02-26"},"geometry":{"type":"Polygon","coordinates":[[[-81.210357,40.559948],[-81.205749,40.553725],[-81.177532,40.515134],[-81.18734,40.511179],[-81.200767,40.529039],[-81.220004,40.555886],[-81.210357,40.559948]]]}},{"type":"Feature","properties":{"UNIT_ID":"KILBURN_III","UNIT_NAME":"Kilburn III","ORDER_NO":"2024-69","OPERATOR":"Gulfport Energy Transferred to Gulfport Appalachia","STATUS":"EFF","FORMATION":"Utica","ACRES":677.8,"EDIT_DATE":"2025-11-21"},"geometry":{"type":"Polygon","coordinates":[[[-81.141631,39.766218],[-81.14712,39.763856],[-81.176086,39.803923],[-81.170594,39.806286],[-81.141631,39.766218]]]}},{"type":"Feature","properties":{"UNIT_ID":"WESTHAWK_II","UNIT_NAME":"WestHawk II","ORDER_NO":"2023-221","OPERATOR":"Gulfport Energy Transferred to Gulfport Appalachia","STATUS":"EFF","FORMATION":"Utica","ACRES":540.3,"EDIT_DATE":"2025-11-21"},"geometry":{"type":"Polygon","coordinates":[[[-81.0396,39.844954],[-81.039626,39.844949],[-81.040222,39.844694],[-81.066921,39.881686],[-81.063027,39.883353],[-81.062249,39.883687],[-81.034897,39.845785],[-81.035921,39.84583],[-81.035973,39.844917],[-81.036137,39.844924],[-81.037415,39.844977],[-81.037458,39.844406],[-81.039153,39.84495],[-81.039146,39.845035],[-81.0396,39.844954]]]}},{"type":"Feature","properties":{"UNIT_ID":"NAVY_CBR18_A","UNIT_NAME":"Navy CBR18 A","ORDER_NO":"2024-68","OPERATOR":"EOG Resources","STATUS":"EFF","FORMATION":"Utica","ACRES":1549.7,"EDIT_DATE":"2025-09-25"},"geometry":{"type":"Polygon","coordinates":[[[-81.179233,40.689693],[-81.159228,40.663434],[-81.159649,40.663437],[-81.15777,40.660966],[-81.169926,40.655598],[-81.200506,40.69572],[-81.188029,40.701232],[-81.179275,40.689749],[-81.179673,40.689699],[-81.179602,40.689374],[-81.179593,40.689331],[-81.179556,40.689169],[-81.179129,40.689225],[-81.179166,40.689387],[-81.179175,40.689427],[-81.179233,40.689693]]]}},{"type":"Feature","properties":{"UNIT_ID":"SKULL_FORK_NW_LND_GR","UNIT_NAME":"Skull Fork NW LND GR","ORDER_NO":"2024-74","OPERATOR":"Ascent","STATUS":"EFF","FORMATION":"Utica","ACRES":391.2,"EDIT_DATE":"2025-09-25"},"geometry":{"type":"Polygon","coordinates":[[[-81.305763,40.207264],[-81.26821,40.15639],[-81.270701,40.155308],[-81.308255,40.206181],[-81.305763,40.207264]]]}},{"type":"Feature","properties":{"UNIT_ID":"SKULL_FORK_W_LND_GR","UNIT_NAME":"Skull Fork W LND GR","ORDER_NO":"2024-70","OPERATOR":"Ascent","STATUS":"EFF","FORMATION":"Utica","ACRES":386.2,"EDIT_DATE":"2025-09-25"},"geometry":{"type":"Polygon","coordinates":[[[-81.26821,40.15639],[-81.305283,40.206615],[-81.302791,40.207697],[-81.265719,40.157471],[-81.26821,40.15639]]]}},{"type":"Feature","properties":{"UNIT_ID":"DICKSON_SE_CRC_JF","UNIT_NAME":"Dickson SE CRC JF","ORDER_NO":"2024-76","OPERATOR":"Ascent","STATUS":"EFF","FORMATION":"Utica","ACRES":557.9,"EDIT_DATE":"2025-09-25"},"geometry":{"type":"Polygon","coordinates":[[[-80.683186,40.306161],[-80.644155,40.251909],[-80.645662,40.250997],[-80.645916,40.250742],[-80.646629,40.250313],[-80.647127,40.249958],[-80.686501,40.304719],[-80.685645,40.305339],[-80.685754,40.305436],[-80.685701,40.305834],[-80.685443,40.306044],[-80.685099,40.305984],[-80.684787,40.306151],[-80.68443,40.306068],[-80.683186,40.306161]]]}},{"type":"Feature","properties":{"UNIT_ID":"KILBURN_II","UNIT_NAME":"Kilburn II","ORDER_NO":"2024-77","OPERATOR":"Gulfport Energy Transferred to Gulfport Appalachia","STATUS":"EFF","FORMATION":"Utica","ACRES":846.4,"EDIT_DATE":"2025-11-21"},"geometry":{"type":"Polygon","coordinates":[[[-81.176086,39.803923],[-81.14712,39.763856],[-81.144977,39.764779],[-81.1389,39.756365],[-81.146336,39.753165],[-81.147527,39.754814],[-81.181381,39.801644],[-81.176086,39.803923]]]}},{"type":"Feature","properties":{"UNIT_ID":"DICKSON_SW_CRC_JF","UNIT_NAME":"Dickson SW CRC JF","ORDER_NO":"2024-79","OPERATOR":"Ascent","STATUS":"EFF","FORMATION":"Utica","ACRES":672.3,"EDIT_DATE":"2025-09-25"},"geometry":{"type":"Polygon","coordinates":[[[-80.68903,40.302467],[-80.649817,40.24791],[-80.651101,40.246914],[-80.652933,40.244805],[-80.693062,40.300913],[-80.690036,40.300981],[-80.690001,40.301313],[-80.689644,40.302479],[-80.68903,40.302467]]]}},{"type":"Feature","properties":{"UNIT_ID":"DICKSON_E_CRC_JF","UNIT_NAME":"Dickson E CRC JF","ORDER_NO":"2024-82","OPERATOR":"Ascent","STATUS":"EFF","FORMATION":"Utica","ACRES":801.8,"EDIT_DATE":"2025-09-25"},"geometry":{"type":"Polygon","coordinates":[[[-80.683186,40.306161],[-80.678261,40.308238],[-80.644152,40.260706],[-80.639731,40.254586],[-80.644155,40.251909],[-80.683186,40.306161]]]}},{"type":"Feature","properties":{"UNIT_ID":"TOOT_CR_MON_NORTH","UNIT_NAME":"Toot CR MON North","ORDER_NO":"2024-89","OPERATOR":"EOG Ohio","STATUS":"EFF","FORMATION":"Utica","ACRES":590.4,"EDIT_DATE":"2026-02-26"},"geometry":{"type":"Polygon","coordinates":[[[-81.197293,40.578599],[-81.170187,40.541967],[-81.175501,40.539862],[-81.203689,40.577983],[-81.197317,40.577825],[-81.197293,40.578599]]]}},{"type":"Feature","properties":{"UNIT_ID":"SKULL_FORK_N_LND_GR","UNIT_NAME":"Skull Fork N LND GR","ORDER_NO":"2024-95","OPERATOR":"Ascent","STATUS":"EFF","FORMATION":"Utica","ACRES":380.8,"EDIT_DATE":"2025-09-25"},"geometry":{"type":"Polygon","coordinates":[[[-81.30228,40.207005],[-81.299788,40.208087],[-81.263228,40.158553],[-81.265719,40.157471],[-81.30228,40.207005]]]}},{"type":"Feature","properties":{"UNIT_ID":"STOCKER_HN_MON_SOUTH","UNIT_NAME":"Stocker HN MON South","ORDER_NO":"2023-251","OPERATOR":"EOG Ohio","STATUS":"EFF","FORMATION":"Utica","ACRES":1047.4,"EDIT_DATE":"2026-02-26"},"geometry":{"type":"Polygon","coordinates":[[[-81.205445,40.347977],[-81.210608,40.345856],[-81.216762,40.353891],[-81.222323,40.361149],[-81.224038,40.362184],[-81.227781,40.363094],[-81.229881,40.362158],[-81.231224,40.363931],[-81.247737,40.385731],[-81.242953,40.387996],[-81.237942,40.390367],[-81.211661,40.35609],[-81.205445,40.347977]]]}},{"type":"Feature","properties":{"UNIT_ID":"E_CLARK_SOUTH_HFP25_B","UNIT_NAME":"E Clark South HFP25 B","ORDER_NO":"2024-97","OPERATOR":"EOG Resources","STATUS":"EFF","FORMATION":"Utica","ACRES":904.6,"EDIT_DATE":"2025-09-25"},"geometry":{"type":"Polygon","coordinates":[[[-81.304295,40.245899],[-81.2965,40.227472],[-81.297506,40.227167],[-81.300538,40.225897],[-81.303848,40.225307],[-81.303975,40.225284],[-81.305995,40.22929],[-81.309653,40.236673],[-81.310086,40.237643],[-81.311196,40.240564],[-81.312482,40.244172],[-81.312954,40.244183],[-81.312959,40.24419],[-81.314149,40.245739],[-81.32911,40.265208],[-81.321698,40.268551],[-81.304295,40.245899]]]}},{"type":"Feature","properties":{"UNIT_ID":"LODGE_NW_WSG_GR","UNIT_NAME":"Lodge NW WSG GR","ORDER_NO":"2024-96","OPERATOR":"Ascent","STATUS":"EFF","FORMATION":"Utica","ACRES":812.6,"EDIT_DATE":"2025-09-25"},"geometry":{"type":"Polygon","coordinates":[[[-81.38623,40.215424],[-81.348798,40.164242],[-81.349182,40.164076],[-81.350046,40.163705],[-81.350293,40.163598],[-81.353831,40.162077],[-81.393011,40.215574],[-81.393021,40.215575],[-81.393033,40.21559],[-81.38623,40.215424]]]}},{"type":"Feature","properties":{"UNIT_ID":"WHITE_RHINO_NBK_B","UNIT_NAME":"White Rhino NBK B","ORDER_NO":"2024-101","OPERATOR":"EOG Resources","STATUS":"EFF","FORMATION":"Utica","ACRES":1533.1,"EDIT_DATE":"2025-09-25"},"geometry":{"type":"Polygon","coordinates":[[[-81.606012,39.797583],[-81.583426,39.766437],[-81.596464,39.760808],[-81.624097,39.798897],[-81.611053,39.80453],[-81.606012,39.797583]]]}},{"type":"Feature","properties":{"UNIT_ID":"KILBURN_I","UNIT_NAME":"Kilburn I","ORDER_NO":"2024-109","OPERATOR":"Gulfport Energy Transferred to Gulfport Appalachia","STATUS":"EFF","FORMATION":"Utica","ACRES":859.6,"EDIT_DATE":"2025-11-21"},"geometry":{"type":"Polygon","coordinates":[[[-81.181381,39.801644],[-81.147527,39.754814],[-81.146336,39.753165],[-81.152089,39.75069],[-81.15432,39.753778],[-81.187137,39.799166],[-81.181381,39.801644]]]}},{"type":"Feature","properties":{"UNIT_ID":"SKULL_FORK_NE_LND_GR","UNIT_NAME":"Skull Fork NE LND GR","ORDER_NO":"2024-123","OPERATOR":"Ascent","STATUS":"EFF","FORMATION":"Utica","ACRES":391.2,"EDIT_DATE":"2025-09-25"},"geometry":{"type":"Polygon","coordinates":[[[-81.263228,40.158553],[-81.300778,40.209428],[-81.298286,40.21051],[-81.260737,40.159634],[-81.263228,40.158553]]]}},{"type":"Feature","properties":{"UNIT_ID":"SAUERS_CR_UNI_NW","UNIT_NAME":"Sauers CR UNI NW","ORDER_NO":"2024-134","OPERATOR":"EOG Ohio","STATUS":"EFF","FORMATION":"Utica","ACRES":641.1,"EDIT_DATE":"2026-02-26"},"geometry":{"type":"Polygon","coordinates":[[[-81.129838,40.502195],[-81.134613,40.500166],[-81.134653,40.500149],[-81.166868,40.542814],[-81.16194,40.54497],[-81.129838,40.502195],[-81.129838,40.502195]]]}},{"type":"Feature","properties":{"UNIT_ID":"SAUERS_CR_UNI_NE","UNIT_NAME":"Sauers CR UNI NE","ORDER_NO":"2024-133","OPERATOR":"EOG Ohio","STATUS":"EFF","FORMATION":"Utica","ACRES":641.6,"EDIT_DATE":"2026-02-26"},"geometry":{"type":"Polygon","coordinates":[[[-81.129838,40.502195],[-81.129838,40.502195],[-81.16194,40.54497],[-81.157013,40.547126],[-81.155146,40.544624],[-81.14936,40.536869],[-81.146794,40.533428],[-81.140342,40.52478],[-81.139375,40.523484],[-81.135162,40.517837],[-81.125023,40.504241],[-81.129838,40.502195]]]}},{"type":"Feature","properties":{"UNIT_ID":"LODGE_NE_WSG_GR","UNIT_NAME":"Lodge NE WSG GR","ORDER_NO":"2024-126","OPERATOR":"Ascent","STATUS":"EFF","FORMATION":"Utica","ACRES":757.9,"EDIT_DATE":"2026-02-26"},"geometry":{"type":"Polygon","coordinates":[[[-81.379618,40.215262],[-81.343868,40.166361],[-81.348798,40.164242],[-81.386221,40.215424],[-81.379618,40.215262]]]}},{"type":"Feature","properties":{"UNIT_ID":"AKERS_HN_FRA_EAST","UNIT_NAME":"Akers HN FRA East","ORDER_NO":"2024-135","OPERATOR":"EOG Ohio","STATUS":"EFF","FORMATION":"Utica","ACRES":348.2,"EDIT_DATE":"2026-02-26"},"geometry":{"type":"Polygon","coordinates":[[[-81.197552,40.307227],[-81.197815,40.307232],[-81.230899,40.352619],[-81.227597,40.352598],[-81.194429,40.307091],[-81.194503,40.307075],[-81.194733,40.307056],[-81.194969,40.30706],[-81.195214,40.30708],[-81.195453,40.307122],[-81.195678,40.307193],[-81.197552,40.307227]]]}},{"type":"Feature","properties":{"UNIT_ID":"AKERS_HN_FRA_NE","UNIT_NAME":"Akers HN FRA NE","ORDER_NO":"2024-143","OPERATOR":"EOG Ohio","STATUS":"EFF","FORMATION":"Utica","ACRES":393.4,"EDIT_DATE":"2026-02-26"},"geometry":{"type":"Polygon","coordinates":[[[-81.230899,40.352619],[-81.197815,40.307232],[-81.197552,40.307227],[-81.197527,40.307193],[-81.197284,40.306858],[-81.197092,40.306594],[-81.197037,40.306518],[-81.197009,40.306479],[-81.196879,40.3063],[-81.196628,40.305954],[-81.196461,40.305723],[-81.194049,40.302407],[-81.193439,40.301569],[-81.197022,40.301634],[-81.233689,40.351937],[-81.233092,40.352633],[-81.230899,40.352619]]]}},{"type":"Feature","properties":{"UNIT_ID":"AKERS_HN_FRA_NW","UNIT_NAME":"Akers HN FRA NW","ORDER_NO":"2024-144","OPERATOR":"EOG Ohio","STATUS":"EFF","FORMATION":"Utica","ACRES":377.3,"EDIT_DATE":"2026-02-26"},"geometry":{"type":"Polygon","coordinates":[[[-81.197022,40.301634],[-81.197644,40.301646],[-81.197727,40.301647],[-81.20035,40.301695],[-81.235559,40.349994],[-81.23524,40.35013],[-81.233689,40.351937],[-81.197022,40.301634]]]}},{"type":"Feature","properties":{"UNIT_ID":"STONE_NE_CRC_JF","UNIT_NAME":"Stone NE CRC JF","ORDER_NO":"2024-285","OPERATOR":"Ascent","STATUS":"EFF","FORMATION":"Utica","ACRES":509.1,"EDIT_DATE":"2025-09-25"},"geometry":{"type":"Polygon","coordinates":[[[-80.704632,40.368218],[-80.69121,40.349697],[-80.689878,40.347858],[-80.68835,40.345749],[-80.688112,40.345421],[-80.688719,40.345197],[-80.691393,40.344056],[-80.694983,40.34253],[-80.697913,40.346575],[-80.697968,40.346567],[-80.698006,40.346673],[-80.697986,40.346676],[-80.713592,40.368207],[-80.709369,40.368438],[-80.709311,40.368446],[-80.708955,40.368472],[-80.704632,40.368218]]]}},{"type":"Feature","properties":{"UNIT_ID":"ROGUE_HWS_18A","UNIT_NAME":"Rogue HWS 18A","ORDER_NO":"2024-88","OPERATOR":"EOG Resources","STATUS":"EFF","FORMATION":"Utica","ACRES":1309.6,"EDIT_DATE":"2025-09-25"},"geometry":{"type":"Polygon","coordinates":[[[-81.259353,40.293065],[-81.262723,40.293133],[-81.266368,40.293204],[-81.271833,40.290907],[-81.301803,40.329912],[-81.291293,40.334645],[-81.259353,40.293065]]]}},{"type":"Feature","properties":{"UNIT_ID":"AKERS_HN_FRA_WEST","UNIT_NAME":"Akers HN FRA West","ORDER_NO":"2024-286","OPERATOR":"EOG Ohio","STATUS":"EFF","FORMATION":"Utica","ACRES":365.8,"EDIT_DATE":"2026-02-26"},"geometry":{"type":"Polygon","coordinates":[[[-81.20035,40.301695],[-81.200914,40.301705],[-81.201067,40.301708],[-81.201982,40.301724],[-81.202065,40.301726],[-81.202232,40.301729],[-81.202258,40.301729],[-81.202331,40.301731],[-81.203542,40.301736],[-81.203664,40.301736],[-81.203686,40.301766],[-81.219305,40.3232],[-81.231367,40.339743],[-81.235754,40.345757],[-81.238065,40.348924],[-81.235559,40.349994],[-81.20035,40.301695]]]}},{"type":"Feature","properties":{"UNIT_ID":"DAVID_WEAVER_HN_STO_SOUTH","UNIT_NAME":"David Weaver HN STO South","ORDER_NO":"2024-300","OPERATOR":"EOG Ohio","STATUS":"EFF","FORMATION":"Utica","ACRES":1081.2,"EDIT_DATE":"2026-02-26"},"geometry":{"type":"Polygon","coordinates":[[[-81.147578,40.339562],[-81.134252,40.321255],[-81.122361,40.304483],[-81.125726,40.303064],[-81.126459,40.30407],[-81.129878,40.302706],[-81.133115,40.307162],[-81.135023,40.306349],[-81.161313,40.342498],[-81.152559,40.346406],[-81.148776,40.341208],[-81.147578,40.339562]]]}},{"type":"Feature","properties":{"UNIT_ID":"STONE_SW_CRC_JF","UNIT_NAME":"Stone SW CRC JF","ORDER_NO":"2024-301","OPERATOR":"Ascent","STATUS":"EFF","FORMATION":"Utica","ACRES":330.9,"EDIT_DATE":"2025-09-25"},"geometry":{"type":"Polygon","coordinates":[[[-80.675018,40.303711],[-80.678261,40.308238],[-80.691478,40.326432],[-80.691776,40.326458],[-80.693118,40.326962],[-80.694271,40.327713],[-80.694381,40.32797],[-80.694613,40.328465],[-80.694727,40.329753],[-80.694965,40.330968],[-80.695895,40.331975],[-80.69686,40.332704],[-80.698454,40.333389],[-80.698744,40.33379],[-80.697693,40.334936],[-80.701273,40.339892],[-80.701392,40.339844],[-80.701721,40.340298],[-80.700448,40.34024],[-80.698322,40.34113],[-80.672302,40.304851],[-80.675018,40.303711]]]}},{"type":"Feature","properties":{"UNIT_ID":"STONE_S_CRC_JF","UNIT_NAME":"Stone S CRC JF","ORDER_NO":"2024-304","OPERATOR":"Ascent","STATUS":"EFF","FORMATION":"Utica","ACRES":488.9,"EDIT_DATE":"2025-09-25"},"geometry":{"type":"Polygon","coordinates":[[[-80.694658,40.342668],[-80.679856,40.322323],[-80.67829,40.322991],[-80.667019,40.307068],[-80.672302,40.304851],[-80.698322,40.34113],[-80.694658,40.342668]]]}},{"type":"Feature","properties":{"UNIT_ID":"STONE_E_CRC_JF","UNIT_NAME":"Stone E CRC JF","ORDER_NO":"2024-287","OPERATOR":"Ascent","STATUS":"EFF","FORMATION":"Utica","ACRES":503.2,"EDIT_DATE":"2025-09-25"},"geometry":{"type":"Polygon","coordinates":[[[-80.687656,40.345589],[-80.6614,40.309426],[-80.667019,40.307068],[-80.67829,40.322991],[-80.676723,40.323658],[-80.691523,40.344002],[-80.688656,40.345221],[-80.688112,40.345421],[-80.687656,40.345589]]]}},{"type":"Feature","properties":{"UNIT_ID":"KRAMER_HN_FRA_EAST","UNIT_NAME":"Kramer HN FRA East","ORDER_NO":"2024-325","OPERATOR":"EOG Ohio","STATUS":"EFF","FORMATION":"Utica","ACRES":630.2,"EDIT_DATE":"2026-02-26"},"geometry":{"type":"Polygon","coordinates":[[[-81.22354,40.305634],[-81.252433,40.345099],[-81.247179,40.347344],[-81.242265,40.340609],[-81.227063,40.319764],[-81.227047,40.319771],[-81.218357,40.307849],[-81.218362,40.307847],[-81.219316,40.30744],[-81.221143,40.306659],[-81.222761,40.305967],[-81.22354,40.305634]]]}},{"type":"Feature","properties":{"UNIT_ID":"KRAMER_HN_FRA_WEST","UNIT_NAME":"Kramer HN FRA West","ORDER_NO":"2024-332","OPERATOR":"EOG Ohio","STATUS":"EFF","FORMATION":"Utica","ACRES":630.3,"EDIT_DATE":"2026-02-26"},"geometry":{"type":"Polygon","coordinates":[[[-81.257687,40.342854],[-81.252433,40.345099],[-81.22354,40.305634],[-81.227619,40.303891],[-81.228716,40.303419],[-81.257687,40.342854]]]}},{"type":"Feature","properties":{"UNIT_ID":"SHADOW_CBR07_B","UNIT_NAME":"Shadow CBR07 B","ORDER_NO":"2024-323","OPERATOR":"EOG Resources","STATUS":"EFF","FORMATION":"Utica","ACRES":1021.1,"EDIT_DATE":"2025-03-17"},"geometry":{"type":"Polygon","coordinates":[[[-81.202124,40.755187],[-81.166264,40.708029],[-81.170827,40.706016],[-81.177962,40.715375],[-81.180971,40.714047],[-81.209715,40.751836],[-81.202124,40.755187]]]}},{"type":"Feature","properties":{"UNIT_ID":"CROSS_CREEK_A_SE_CRC_JF","UNIT_NAME":"Cross Creek A SE CRC JF","ORDER_NO":"2024-335","OPERATOR":"Ascent","STATUS":"EFF","FORMATION":"Utica","ACRES":537.6,"EDIT_DATE":"2025-09-25"},"geometry":{"type":"Polygon","coordinates":[[[-80.703938,40.310169],[-80.700865,40.311209],[-80.658778,40.252983],[-80.661803,40.251543],[-80.703938,40.310169]]]}},{"type":"Feature","properties":{"UNIT_ID":"STELLA_SW_MDS_GR","UNIT_NAME":"Stella SW MDS GR","ORDER_NO":"2024-256","OPERATOR":"Ascent","STATUS":"EFF","FORMATION":"Utica","ACRES":576.2,"EDIT_DATE":"2025-03-17"},"geometry":{"type":"Polygon","coordinates":[[[-81.367241,40.078723],[-81.393184,40.114132],[-81.38836,40.116251],[-81.358642,40.075908],[-81.362961,40.076028],[-81.36552,40.079437],[-81.367241,40.078723]]]}},{"type":"Feature","properties":{"UNIT_ID":"WAGNER_GY_CEN_SE","UNIT_NAME":"Wagner GY CEN SE","ORDER_NO":"2024-377","OPERATOR":"EOG Ohio","STATUS":"EFF","FORMATION":"Utica","ACRES":443.3,"EDIT_DATE":"2026-02-26"},"geometry":{"type":"Polygon","coordinates":[[[-81.44051,40.004659],[-81.483561,40.063184],[-81.481076,40.064269],[-81.47529,40.056409],[-81.439751,40.00809],[-81.439793,40.007207],[-81.439915,40.004647],[-81.44051,40.004659]]]}},{"type":"Feature","properties":{"UNIT_ID":"RUBY_OPAL_SW_SNC_NB","UNIT_NAME":"Ruby Opal SW SNC NB","ORDER_NO":"2024-376","OPERATOR":"Ascent","STATUS":"EFF","FORMATION":"Utica","ACRES":587.9,"EDIT_DATE":"2025-03-17"},"geometry":{"type":"Polygon","coordinates":[[[-81.363787,39.789914],[-81.378726,39.809736],[-81.380604,39.80902],[-81.380573,39.809718],[-81.402962,39.835107],[-81.398174,39.835036],[-81.397169,39.833898],[-81.395536,39.833875],[-81.35927,39.791918],[-81.363787,39.789914]]]}},{"type":"Feature","properties":{"UNIT_ID":"STELLA_SE_MDS_GR","UNIT_NAME":"Stella SE MDS GR","ORDER_NO":"2024-378","OPERATOR":"Ascent","STATUS":"EFF","FORMATION":"Utica","ACRES":558.0,"EDIT_DATE":"2025-09-25"},"geometry":{"type":"Polygon","coordinates":[[[-81.358642,40.075908],[-81.38836,40.116251],[-81.383536,40.11837],[-81.379873,40.113424],[-81.379459,40.112864],[-81.379286,40.112697],[-81.379131,40.112547],[-81.379005,40.112424],[-81.378932,40.112354],[-81.378608,40.111917],[-81.361943,40.08942],[-81.363932,40.08857],[-81.354636,40.075844],[-81.354697,40.075804],[-81.358642,40.075908]]]}},{"type":"Feature","properties":{"UNIT_ID":"RUBY_OPAL_S_SNC_NB","UNIT_NAME":"Ruby Opal S SNC NB","ORDER_NO":"2024-380","OPERATOR":"Ascent","STATUS":"EFF","FORMATION":"Utica","ACRES":588.2,"EDIT_DATE":"2025-09-25"},"geometry":{"type":"Polygon","coordinates":[[[-81.359229,39.791871],[-81.395536,39.833875],[-81.389849,39.836858],[-81.388106,39.834883],[-81.389783,39.833974],[-81.355022,39.793735],[-81.359229,39.791871]]]}},{"type":"Feature","properties":{"UNIT_ID":"STRIPED_BASS_GY_CEN_SOUTH_UNIT","UNIT_NAME":"Striped Bass GY CEN South Unit","ORDER_NO":"2024-384","OPERATOR":"EOG Ohio","STATUS":"EFF","FORMATION":"Utica","ACRES":1297.9,"EDIT_DATE":"2026-02-26"},"geometry":{"type":"Polygon","coordinates":[[[-81.524184,40.037496],[-81.514393,40.041857],[-81.487651,40.005347],[-81.487742,40.003409],[-81.487822,40.001643],[-81.487936,39.999112],[-81.487952,39.99877],[-81.488003,39.997856],[-81.488054,39.996955],[-81.488105,39.996053],[-81.488156,39.995152],[-81.488211,39.994162],[-81.488261,39.993262],[-81.488318,39.992182],[-81.488374,39.991122],[-81.489195,39.991131],[-81.48998,39.99114],[-81.490355,39.991145],[-81.524184,40.037496]]]}},{"type":"Feature","properties":{"UNIT_ID":"WAGNER_GY_CEN_SW","UNIT_NAME":"Wagner GY CEN SW","ORDER_NO":"2024-386","OPERATOR":"EOG Ohio","STATUS":"EFF","FORMATION":"Utica","ACRES":1217.4,"EDIT_DATE":"2026-02-26"},"geometry":{"type":"Polygon","coordinates":[[[-81.483561,40.063184],[-81.44051,40.004659],[-81.445393,40.004763],[-81.451047,40.012214],[-81.453647,40.012305],[-81.455661,40.012376],[-81.491586,40.060595],[-81.486595,40.062775],[-81.486081,40.062085],[-81.483561,40.063184]]]}},{"type":"Feature","properties":{"UNIT_ID":"RUBY_OPAL_SE_SNC_NB","UNIT_NAME":"Ruby Opal SE SNC NB","ORDER_NO":"2024-387","OPERATOR":"Ascent","STATUS":"EFF","FORMATION":"Utica","ACRES":452.8,"EDIT_DATE":"2025-03-17"},"geometry":{"type":"Polygon","coordinates":[[[-81.385701,39.834836],[-81.351566,39.795266],[-81.355022,39.793735],[-81.389783,39.833974],[-81.388106,39.834883],[-81.385701,39.834836]]]}},{"type":"Feature","properties":{"UNIT_ID":"WEST_I","UNIT_NAME":"West I","ORDER_NO":"2024-411","OPERATOR":"Gulfport Energy Transferred to Gulfport Appalachia","STATUS":"EFF","FORMATION":"Utica","ACRES":971.9,"EDIT_DATE":"2025-11-21"},"geometry":{"type":"Polygon","coordinates":[[[-81.090151,39.917003],[-81.088085,39.917889],[-81.08579,39.918873],[-81.060813,39.884303],[-81.062249,39.883687],[-81.065172,39.882435],[-81.066921,39.881686],[-81.069961,39.880383],[-81.09494,39.91495],[-81.09447,39.915152],[-81.092464,39.916011],[-81.090151,39.917003]]]}},{"type":"Feature","properties":{"UNIT_ID":"UNA_SHC_HR","UNIT_NAME":"Una SHC HR","ORDER_NO":"2024-412","OPERATOR":"Ascent","STATUS":"EFF","FORMATION":"Utica","ACRES":381.3,"EDIT_DATE":"2025-09-25"},"geometry":{"type":"Polygon","coordinates":[[[-80.909787,40.219671],[-80.913004,40.218311],[-80.941116,40.257187],[-80.937891,40.258538],[-80.909787,40.219671]]]}},{"type":"Feature","properties":{"UNIT_ID":"WEST_II_UNIT","UNIT_NAME":"West II Unit","ORDER_NO":"2024-414","OPERATOR":"Gulfport Energy Transferred to Gulfport Appalachia","STATUS":"EFF","FORMATION":"Utica","ACRES":897.2,"EDIT_DATE":"2025-11-21"},"geometry":{"type":"Polygon","coordinates":[[[-81.080901,39.920012],[-81.078137,39.921197],[-81.076851,39.921748],[-81.060869,39.899628],[-81.052941,39.888649],[-81.05308,39.886284],[-81.053153,39.885334],[-81.052365,39.885305],[-81.055901,39.88379],[-81.057345,39.88579],[-81.060813,39.884303],[-81.08579,39.918873],[-81.085184,39.919132],[-81.084657,39.918402],[-81.080901,39.920012]]]}},{"type":"Feature","properties":{"UNIT_ID":"BLUE_BUTTERFLY_GY_VAL_SOUTH","UNIT_NAME":"Blue Butterfly GY VAL South","ORDER_NO":"2024-415","OPERATOR":"EOG Ohio","STATUS":"EFF","FORMATION":"Utica","ACRES":1279.4,"EDIT_DATE":"2026-02-26"},"geometry":{"type":"Polygon","coordinates":[[[-81.505126,39.904708],[-81.477985,39.86697],[-81.477215,39.8659],[-81.479487,39.865994],[-81.47622,39.861484],[-81.478438,39.860535],[-81.480931,39.859469],[-81.483423,39.858403],[-81.484518,39.857935],[-81.487957,39.862713],[-81.515101,39.900447],[-81.505126,39.904708]]]}},{"type":"Feature","properties":{"UNIT_ID":"LANDMAN_GY_CEN_SOUTH","UNIT_NAME":"Landman GY CEN South","ORDER_NO":"2024-389","OPERATOR":"EOG Ohio","STATUS":"EFF","FORMATION":"Utica","ACRES":710.0,"EDIT_DATE":"2026-02-26"},"geometry":{"type":"Polygon","coordinates":[[[-81.460611,40.076975],[-81.457436,40.072601],[-81.425764,40.028927],[-81.430158,40.029068],[-81.430749,40.028829],[-81.434304,40.03366],[-81.434366,40.033302],[-81.43543,40.033122],[-81.46246,40.070431],[-81.465582,40.074736],[-81.460611,40.076975]]]}},{"type":"Feature","properties":{"UNIT_ID":"UNA_C_SHC_HR","UNIT_NAME":"Una C SHC HR","ORDER_NO":"2024-388","OPERATOR":"Ascent","STATUS":"EFF","FORMATION":"Utica","ACRES":381.4,"EDIT_DATE":"2025-09-25"},"geometry":{"type":"Polygon","coordinates":[[[-80.916221,40.216951],[-80.944341,40.255835],[-80.941116,40.257187],[-80.913004,40.218311],[-80.916221,40.216951]]]}},{"type":"Feature","properties":{"UNIT_ID":"FOLSAM_CR_HAR_SOUTH","UNIT_NAME":"Folsam CR HAR South","ORDER_NO":"2024-424","OPERATOR":"EOG Ohio","STATUS":"EFF","FORMATION":"Utica","ACRES":1449.4,"EDIT_DATE":"2026-02-26"},"geometry":{"type":"Polygon","coordinates":[[[-81.146049,40.577307],[-81.176753,40.619417],[-81.176633,40.62128],[-81.176599,40.621279],[-81.176553,40.622142],[-81.176456,40.623959],[-81.176414,40.624743],[-81.176271,40.627381],[-81.176235,40.627852],[-81.176209,40.628327],[-81.176209,40.628541],[-81.172958,40.628443],[-81.170135,40.628359],[-81.141756,40.590085],[-81.135734,40.581829],[-81.139371,40.580113],[-81.139476,40.580256],[-81.140384,40.579828],[-81.142811,40.578682],[-81.142895,40.578794],[-81.146049,40.577307]]]}},{"type":"Feature","properties":{"UNIT_ID":"GAMBIT_HFP33_A","UNIT_NAME":"Gambit HFP33 A","ORDER_NO":"2024-423","OPERATOR":"EOG Resources","STATUS":"EFF","FORMATION":"Utica","ACRES":1564.5,"EDIT_DATE":"2025-09-25"},"geometry":{"type":"Polygon","coordinates":[[[-81.314149,40.245739],[-81.312959,40.24419],[-81.316163,40.244265],[-81.316246,40.243078],[-81.31438,40.237798],[-81.314161,40.237229],[-81.313911,40.236667],[-81.307184,40.223078],[-81.303752,40.216697],[-81.317565,40.213493],[-81.332496,40.251297],[-81.339568,40.260497],[-81.32911,40.265208],[-81.314149,40.245739]]]}},{"type":"Feature","properties":{"UNIT_ID":"UNA_NE_SHC_HR","UNIT_NAME":"Una NE SHC HR","ORDER_NO":"2024-418","OPERATOR":"Ascent","STATUS":"EFF","FORMATION":"Utica","ACRES":381.3,"EDIT_DATE":"2025-09-25"},"geometry":{"type":"Polygon","coordinates":[[[-80.909787,40.219671],[-80.937891,40.258538],[-80.934665,40.259889],[-80.90657,40.221031],[-80.909787,40.219671]]]}},{"type":"Feature","properties":{"UNIT_ID":"MCGEE","UNIT_NAME":"McGee","ORDER_NO":"2024-427","OPERATOR":"Tiburon Oil and Gas Ohio","STATUS":"EFF","FORMATION":"Utica","ACRES":1264.0,"EDIT_DATE":"2025-10-17"},"geometry":{"type":"Polygon","coordinates":[[[-81.230682,39.942427],[-81.262881,39.987337],[-81.253108,39.991667],[-81.225538,39.953268],[-81.228645,39.953345],[-81.224183,39.947227],[-81.228243,39.947331],[-81.228315,39.945513],[-81.230591,39.945555],[-81.230682,39.942427]]]}},{"type":"Feature","properties":{"UNIT_ID":"MIKLOVIC_II","UNIT_NAME":"Miklovic II","ORDER_NO":"2024-434","OPERATOR":"Gulfport Energy Transferred to Gulfport Appalachia","STATUS":"EFF","FORMATION":"Utica","ACRES":505.2,"EDIT_DATE":"2025-11-21"},"geometry":{"type":"Polygon","coordinates":[[[-81.085658,40.161625],[-81.052384,40.115728],[-81.055977,40.114193],[-81.089255,40.160093],[-81.085658,40.161625]]]}},{"type":"Feature","properties":{"UNIT_ID":"MIKLOVIC_I","UNIT_NAME":"Miklovic I","ORDER_NO":"2024-435","OPERATOR":"Gulfport Energy Transferred to Gulfport Appalachia","STATUS":"EFF","FORMATION":"Utica","ACRES":1277.8,"EDIT_DATE":"2025-11-21"},"geometry":{"type":"Polygon","coordinates":[[[-81.060545,40.112243],[-81.065767,40.119169],[-81.069189,40.117723],[-81.07094,40.116976],[-81.099151,40.155874],[-81.097752,40.156472],[-81.095487,40.157437],[-81.094396,40.157902],[-81.09264,40.158651],[-81.09074,40.15946],[-81.089255,40.160093],[-81.055977,40.114193],[-81.060545,40.112243]]]}},{"type":"Feature","properties":{"UNIT_ID":"BOUSKA_NE_FRE_HR","UNIT_NAME":"Bouska NE FRE HR","ORDER_NO":"2024-431","OPERATOR":"Ascent","STATUS":"EFF","FORMATION":"Utica","ACRES":491.1,"EDIT_DATE":"2025-09-25"},"geometry":{"type":"Polygon","coordinates":[[[-81.228765,40.1921],[-81.251505,40.223358],[-81.246514,40.225606],[-81.223331,40.193734],[-81.22756,40.192048],[-81.228765,40.1921]]]}},{"type":"Feature","properties":{"UNIT_ID":"JESSE_STALDER_B","UNIT_NAME":"Jesse Stalder B","ORDER_NO":"2024-425","OPERATOR":"SWN Production","STATUS":"EFF","FORMATION":"Utica","ACRES":640.1,"EDIT_DATE":"2025-10-17"},"geometry":{"type":"Polygon","coordinates":[[[-81.06874,39.80545],[-81.105066,39.854777],[-81.100841,39.85659],[-81.064569,39.807241],[-81.06874,39.80545]]]}},{"type":"Feature","properties":{"UNIT_ID":"BOUSKA_N_FRE_HR","UNIT_NAME":"Bouska N FRE HR","ORDER_NO":"2024-433","OPERATOR":"Ascent","STATUS":"EFF","FORMATION":"Utica","ACRES":463.6,"EDIT_DATE":"2025-09-25"},"geometry":{"type":"Polygon","coordinates":[[[-81.25649,40.221103],[-81.251505,40.223358],[-81.229063,40.192509],[-81.230452,40.191915],[-81.232561,40.192363],[-81.23562,40.192419],[-81.25649,40.221103]]]}},{"type":"Feature","properties":{"UNIT_ID":"GROVE_CL_KNX_NW","UNIT_NAME":"Grove CL KNX NW","ORDER_NO":"2023-214","OPERATOR":"EOG Ohio","STATUS":"EFF","FORMATION":"Utica","ACRES":696.5,"EDIT_DATE":"2026-02-26"},"geometry":{"type":"Polygon","coordinates":[[[-81.02153,40.839559],[-81.054395,40.884503],[-81.049265,40.886643],[-81.016406,40.841708],[-81.02153,40.839559]]]}},{"type":"Feature","properties":{"UNIT_ID":"VICTOR_NW_WRN_BL","UNIT_NAME":"Victor NW WRN BL","ORDER_NO":"2024-448","OPERATOR":"Ascent","STATUS":"EFF","FORMATION":"Utica","ACRES":727.0,"EDIT_DATE":"2025-09-25"},"geometry":{"type":"Polygon","coordinates":[[[-81.184509,40.017706],[-81.18474,40.017609],[-81.206817,40.047919],[-81.21424,40.058137],[-81.213319,40.058574],[-81.210562,40.058998],[-81.207453,40.059008],[-81.207074,40.058978],[-81.181614,40.023959],[-81.178808,40.020096],[-81.184509,40.017706]]]}},{"type":"Feature","properties":{"UNIT_ID":"VICTOR_NE_WRN_BL","UNIT_NAME":"Victor NE WRN BL","ORDER_NO":"2024-446","OPERATOR":"Ascent","STATUS":"EFF","FORMATION":"Utica","ACRES":658.2,"EDIT_DATE":"2025-09-25"},"geometry":{"type":"Polygon","coordinates":[[[-81.206406,40.058922],[-81.203767,40.058541],[-81.202667,40.058675],[-81.20018,40.058318],[-81.199,40.058241],[-81.175835,40.026382],[-81.173025,40.022519],[-81.173026,40.022519],[-81.178808,40.020096],[-81.181614,40.023959],[-81.207074,40.058978],[-81.206406,40.058922]]]}},{"type":"Feature","properties":{"UNIT_ID":"TYGERS_GY_VAL_SOUTH","UNIT_NAME":"Tygers GY VAL South","ORDER_NO":"2024-447","OPERATOR":"EOG Ohio","STATUS":"EFF","FORMATION":"Utica","ACRES":1294.9,"EDIT_DATE":"2026-02-26"},"geometry":{"type":"Polygon","coordinates":[[[-81.462174,39.873718],[-81.464945,39.877438],[-81.469576,39.873402],[-81.499693,39.915281],[-81.489715,39.919539],[-81.458038,39.875482],[-81.462174,39.873718]]]}},{"type":"Feature","properties":{"UNIT_ID":"PREMIER_E_WHL_BL","UNIT_NAME":"Premier E WHL BL","ORDER_NO":"2024-460","OPERATOR":"Ascent","STATUS":"EFF","FORMATION":"Utica","ACRES":511.4,"EDIT_DATE":"2025-09-25"},"geometry":{"type":"Polygon","coordinates":[[[-80.991506,40.135414],[-80.96438,40.098028],[-80.962558,40.098739],[-80.960799,40.096295],[-80.966322,40.094009],[-80.995198,40.133814],[-80.998099,40.137807],[-80.994003,40.139299],[-80.991506,40.135414]]]}},{"type":"Feature","properties":{"UNIT_ID":"STITT_SOUTH_CR_UNI_SOUTH","UNIT_NAME":"Stitt South CR UNI South","ORDER_NO":"2024-461","OPERATOR":"EOG Ohio","STATUS":"EFF","FORMATION":"Utica","ACRES":991.1,"EDIT_DATE":"2026-02-26"},"geometry":{"type":"Polygon","coordinates":[[[-81.095265,40.546968],[-81.096412,40.546245],[-81.100306,40.551602],[-81.119645,40.578189],[-81.12027,40.579048],[-81.115095,40.581266],[-81.110113,40.583401],[-81.087155,40.551664],[-81.087295,40.551593],[-81.090549,40.549942],[-81.091161,40.549556],[-81.091592,40.549283],[-81.091703,40.549213],[-81.091783,40.549163],[-81.093499,40.548081],[-81.094827,40.547244],[-81.095265,40.546968]]]}},{"type":"Feature","properties":{"UNIT_ID":"GEMSBOK_NNB_C","UNIT_NAME":"Gemsbok NNB C","ORDER_NO":"2024-462","OPERATOR":"EOG Resources","STATUS":"EFF","FORMATION":"Utica","ACRES":1406.4,"EDIT_DATE":"2025-03-17"},"geometry":{"type":"Polygon","coordinates":[[[-81.550414,39.713314],[-81.559288,39.709483],[-81.596464,39.760808],[-81.587586,39.764641],[-81.550414,39.713314]]]}},{"type":"Feature","properties":{"UNIT_ID":"WESTHAWK_III_AMENDMENT","UNIT_NAME":"Westhawk III Amendment","ORDER_NO":"2023-233","OPERATOR":"Gulfport Energy Transferred to Gulfport Appalachia","STATUS":"EFF","FORMATION":"Utica","ACRES":578.3,"EDIT_DATE":"2025-11-21"},"geometry":{"type":"Polygon","coordinates":[[[-81.028261,39.845482],[-81.029007,39.84557],[-81.029102,39.845059],[-81.029515,39.845253],[-81.029455,39.845702],[-81.030727,39.846295],[-81.031038,39.846308],[-81.031074,39.845986],[-81.031429,39.846153],[-81.031417,39.846325],[-81.0325,39.846371],[-81.033715,39.846424],[-81.033776,39.845736],[-81.034897,39.845785],[-81.062249,39.883687],[-81.057346,39.885791],[-81.055901,39.88379],[-81.045526,39.869416],[-81.04559,39.868439],[-81.044801,39.868411],[-81.044797,39.868406],[-81.044979,39.865771],[-81.044921,39.865768],[-81.044369,39.865923],[-81.043765,39.866712],[-81.043588,39.866732],[-81.028261,39.845482]]]}},{"type":"Feature","properties":{"UNIT_ID":"SNYDER_GR_UNI","UNIT_NAME":"Snyder GR UNI","ORDER_NO":"2024-464","OPERATOR":"EOG Ohio","STATUS":"EFF","FORMATION":"Utica","ACRES":1150.3,"EDIT_DATE":"2026-07-16"},"geometry":{"type":"Polygon","coordinates":[[[-81.179189,40.595659],[-81.179105,40.595555],[-81.17903,40.595475],[-81.178948,40.595399],[-81.178859,40.595326],[-81.178764,40.595259],[-81.178664,40.595196],[-81.178559,40.595139],[-81.178449,40.595087],[-81.178335,40.59504],[-81.178217,40.594999],[-81.178095,40.594964],[-81.177971,40.594936],[-81.177845,40.594913],[-81.177717,40.594897],[-81.177588,40.594887],[-81.177459,40.594884],[-81.177329,40.594887],[-81.1772,40.594897],[-81.177072,40.594913],[-81.176946,40.594936],[-81.176822,40.594964],[-81.176701,40.594999],[-81.176583,40.59504],[-81.176468,40.595086],[-81.176358,40.595139],[-81.176253,40.595196],[-81.176153,40.595259],[-81.176058,40.595326],[-81.17597,40.595398],[-81.175887,40.595475],[-81.175812,40.595555],[-81.175743,40.595639],[-81.175682,40.595726],[-81.175629,40.595816],[-81.175583,40.595909],[-81.175546,40.596003],[-81.175516,40.596099],[-81.175495,40.596197],[-81.175486,40.596265],[-81.173644,40.597056],[-81.151119,40.565949],[-81.1438,40.556366],[-81.141773,40.553712],[-81.14014,40.551574],[-81.138202,40.552441],[-81.136847,40.550668],[-81.142131,40.548318],[-81.142254,40.548264],[-81.143304,40.547797],[-81.143653,40.547642],[-81.144198,40.547399],[-81.146578,40.54636],[-81.147618,40.547834],[-81.148089,40.548502],[-81.148868,40.549596],[-81.149775,40.550853],[-81.151501,40.5533],[-81.160261,40.565698],[-81.160618,40.566196],[-81.171414,40.580937],[-81.171777,40.581433],[-81.172469,40.581135],[-81.17248,40.58115],[-81.180421,40.59149],[-81.18399,40.596317],[-81.184164,40.596549],[-81.186492,40.599608],[-81.182408,40.599515],[-81.18203,40.599507],[-81.179189,40.595659]]]}},{"type":"Feature","properties":{"UNIT_ID":"RUBEL_WEST","UNIT_NAME":"Rubel West","ORDER_NO":"2020-141","OPERATOR":"INR Ohio","STATUS":"EFF","FORMATION":"Utica","ACRES":1067.5,"EDIT_DATE":"2026-08-04"},"geometry":{"type":"Polygon","coordinates":[[[-81.489832,39.970291],[-81.487209,39.966702],[-81.480837,39.957985],[-81.464654,39.935833],[-81.46541,39.933841],[-81.465335,39.932654],[-81.465319,39.932639],[-81.465304,39.932628],[-81.464731,39.932191],[-81.46384,39.931511],[-81.463491,39.927009],[-81.462675,39.927278],[-81.462676,39.927251],[-81.462678,39.927187],[-81.462681,39.927111],[-81.462724,39.925827],[-81.462869,39.923762],[-81.462879,39.923514],[-81.466061,39.923598],[-81.467192,39.923628],[-81.467199,39.923636],[-81.468383,39.925258],[-81.489163,39.9537],[-81.496759,39.964091],[-81.496682,39.965332],[-81.494411,39.96526],[-81.494301,39.967291],[-81.492319,39.967277],[-81.492237,39.968862],[-81.49095,39.968826],[-81.490758,39.96962],[-81.490614,39.970261],[-81.490479,39.970328],[-81.489832,39.970291]]]}},{"type":"Feature","properties":{"UNIT_ID":"KITZMILLER_CL_KNX_SE","UNIT_NAME":"Kitzmiller CL KNX SE","ORDER_NO":"2024-463","OPERATOR":"EOG Ohio","STATUS":"EFF","FORMATION":"Utica","ACRES":750.2,"EDIT_DATE":"2026-02-26"},"geometry":{"type":"Polygon","coordinates":[[[-81.022369,40.792818],[-81.026059,40.797882],[-81.052303,40.833868],[-81.046269,40.836414],[-81.016336,40.795362],[-81.022369,40.792818]]]}},{"type":"Feature","properties":{"UNIT_ID":"DWAYNE_NW_GRN_HR","UNIT_NAME":"Dwayne NW GRN HR","ORDER_NO":"2024-468","OPERATOR":"Ascent","STATUS":"EFF","FORMATION":"Utica","ACRES":865.4,"EDIT_DATE":"2025-09-25"},"geometry":{"type":"Polygon","coordinates":[[[-80.898802,40.254773],[-80.906864,40.265747],[-80.931995,40.2998],[-80.925704,40.30251],[-80.892573,40.257454],[-80.898802,40.254773]]]}},{"type":"Feature","properties":{"UNIT_ID":"DWAYNE_NE_GRN_HR","UNIT_NAME":"Dwayne NE GRN HR","ORDER_NO":"2024-467","OPERATOR":"Ascent","STATUS":"EFF","FORMATION":"Utica","ACRES":946.0,"EDIT_DATE":"2025-09-25"},"geometry":{"type":"Polygon","coordinates":[[[-80.925704,40.30251],[-80.918877,40.30545],[-80.885735,40.260403],[-80.892573,40.257454],[-80.925704,40.30251]]]}},{"type":"Feature","properties":{"UNIT_ID":"SKULL_FORK_SE_LND_GR","UNIT_NAME":"Skull Fork SE LND GR","ORDER_NO":"2024-487","OPERATOR":"Ascent","STATUS":"EFF","FORMATION":"Utica","ACRES":341.3,"EDIT_DATE":"2025-09-25"},"geometry":{"type":"Polygon","coordinates":[[[-81.262195,40.159001],[-81.260737,40.159634],[-81.259691,40.160065],[-81.227909,40.117378],[-81.228042,40.113129],[-81.262195,40.159001]]]}},{"type":"Feature","properties":{"UNIT_ID":"SKULL_FORK_S_LND_GR","UNIT_NAME":"Skull Fork S LND GR","ORDER_NO":"2024-480","OPERATOR":"Ascent","STATUS":"EFF","FORMATION":"Utica","ACRES":755.2,"EDIT_DATE":"2025-09-25"},"geometry":{"type":"Polygon","coordinates":[[[-81.267177,40.156838],[-81.262195,40.159001],[-81.228042,40.113129],[-81.228366,40.10471],[-81.267177,40.156838]]]}},{"type":"Feature","properties":{"UNIT_ID":"JESSE_STALDER_D","UNIT_NAME":"Jesse Stalder D","ORDER_NO":"2024-489","OPERATOR":"SWN Production","STATUS":"EFF","FORMATION":"Utica","ACRES":626.1,"EDIT_DATE":"2025-10-17"},"geometry":{"type":"Polygon","coordinates":[[[-81.096631,39.858397],[-81.09246,39.860186],[-81.056896,39.811918],[-81.061119,39.810107],[-81.096631,39.858397]]]}},{"type":"Feature","properties":{"UNIT_ID":"JESSE_STALDER_C","UNIT_NAME":"Jesse Stalder C","ORDER_NO":"2024-488","OPERATOR":"SWN Production","STATUS":"EFF","FORMATION":"Utica","ACRES":629.1,"EDIT_DATE":"2025-10-17"},"geometry":{"type":"Polygon","coordinates":[[[-81.100841,39.85659],[-81.09663,39.858397],[-81.061119,39.810107],[-81.065342,39.808295],[-81.100841,39.85659]]]}},{"type":"Feature","properties":{"UNIT_ID":"PREMIER_W_WHL_BL","UNIT_NAME":"Premier W WHL BL","ORDER_NO":"2024-481","OPERATOR":"Ascent","STATUS":"EFF","FORMATION":"Utica","ACRES":661.7,"EDIT_DATE":"2025-05-06"},"geometry":{"type":"Polygon","coordinates":[[[-81.003434,40.136123],[-80.99928,40.137538],[-80.99815,40.137788],[-80.998099,40.137807],[-80.967214,40.09524],[-80.972334,40.09312],[-81.003434,40.136123]]]}},{"type":"Feature","properties":{"UNIT_ID":"WHITACRE_CBN_4B","UNIT_NAME":"Whitacre CBN 4B","ORDER_NO":"2024-482","OPERATOR":"EOG Resources","STATUS":"EFF","FORMATION":"Utica","ACRES":570.8,"EDIT_DATE":"2025-09-25"},"geometry":{"type":"Polygon","coordinates":[[[-81.275141,40.723594],[-81.271391,40.723478],[-81.226929,40.665274],[-81.229933,40.663747],[-81.233104,40.667902],[-81.232808,40.667964],[-81.233241,40.668082],[-81.273847,40.721232],[-81.273904,40.721673],[-81.27419,40.721681],[-81.274191,40.721681],[-81.275176,40.722971],[-81.275141,40.723594]]]}},{"type":"Feature","properties":{"UNIT_ID":"CROWELL_NW_WYN_JF","UNIT_NAME":"Crowell NW WYN JF","ORDER_NO":"2024-492","OPERATOR":"Ascent","STATUS":"EFF","FORMATION":"Utica","ACRES":484.0,"EDIT_DATE":"2025-09-25"},"geometry":{"type":"Polygon","coordinates":[[[-80.87201,40.369078],[-80.871974,40.369894],[-80.867438,40.369843],[-80.838731,40.330181],[-80.842615,40.328466],[-80.87201,40.369078]]]}},{"type":"Feature","properties":{"UNIT_ID":"BEARS_NORTH_NB_BUF","UNIT_NAME":"Bears North NB BUF","ORDER_NO":"2024-493","OPERATOR":"EOG Ohio","STATUS":"EFF","FORMATION":"Utica","ACRES":1246.3,"EDIT_DATE":"2026-02-26"},"geometry":{"type":"Polygon","coordinates":[[[-81.501375,39.86325],[-81.511345,39.858991],[-81.53239,39.888234],[-81.532353,39.888794],[-81.532329,39.889133],[-81.533054,39.889156],[-81.539596,39.898241],[-81.540681,39.899747],[-81.530707,39.904009],[-81.529622,39.902502],[-81.501375,39.86325]]]}},{"type":"Feature","properties":{"UNIT_ID":"SKULL_FORK_SW_LND_GR","UNIT_NAME":"Skull Fork SW LND GR","ORDER_NO":"2020-483","OPERATOR":"Ascent","STATUS":"EFF","FORMATION":"Utica","ACRES":513.5,"EDIT_DATE":"2025-09-25"},"geometry":{"type":"Polygon","coordinates":[[[-81.270701,40.155308],[-81.267177,40.156838],[-81.228366,40.10471],[-81.228378,40.104392],[-81.231586,40.104474],[-81.247871,40.125994],[-81.249107,40.126022],[-81.270701,40.155308]]]}},{"type":"Feature","properties":{"UNIT_ID":"CROWELL_N_WYN_JF","UNIT_NAME":"Crowell N WYN JF","ORDER_NO":"2024-500","OPERATOR":"Ascent","STATUS":"EFF","FORMATION":"Utica","ACRES":373.4,"EDIT_DATE":"2025-03-17"},"geometry":{"type":"Polygon","coordinates":[[[-80.867438,40.369843],[-80.864111,40.369804],[-80.86408,40.370871],[-80.835623,40.331553],[-80.838731,40.330181],[-80.867438,40.369843]]]}},{"type":"Feature","properties":{"UNIT_ID":"VANFOSSEN_CR_AUG_WEST","UNIT_NAME":"Vanfossen CR AUG West","ORDER_NO":"2024-495","OPERATOR":"EOG Ohio","STATUS":"EFF","FORMATION":"Utica","ACRES":743.0,"EDIT_DATE":"2026-02-26"},"geometry":{"type":"Polygon","coordinates":[[[-81.055179,40.656266],[-81.063939,40.659447],[-81.098815,40.706617],[-81.093917,40.708708],[-81.055179,40.656266]]]}},{"type":"Feature","properties":{"UNIT_ID":"VANFOSSEN_CR_AUG_EAST","UNIT_NAME":"Vanfossen CR AUG East","ORDER_NO":"2024-496","OPERATOR":"EOG Ohio","STATUS":"EFF","FORMATION":"Utica","ACRES":781.2,"EDIT_DATE":"2026-02-26"},"geometry":{"type":"Polygon","coordinates":[[[-81.055179,40.656266],[-81.093917,40.708708],[-81.089065,40.710779],[-81.05428,40.663118],[-81.047161,40.653355],[-81.055179,40.656266]]]}},{"type":"Feature","properties":{"UNIT_ID":"CROWELL_C_WYN_JF","UNIT_NAME":"Crowell C WYN JF","ORDER_NO":"2024-503","OPERATOR":"Ascent","STATUS":"EFF","FORMATION":"Utica","ACRES":386.1,"EDIT_DATE":"2025-09-25"},"geometry":{"type":"Polygon","coordinates":[[[-80.86408,40.370871],[-80.864038,40.372237],[-80.863996,40.372585],[-80.861869,40.373483],[-80.832516,40.332924],[-80.835623,40.331553],[-80.86408,40.370871]]]}},{"type":"Feature","properties":{"UNIT_ID":"LANDMAN_GY_CEN_SW","UNIT_NAME":"Landman GY CEN SW","ORDER_NO":"2024-419","OPERATOR":"EOG Ohio","STATUS":"EFF","FORMATION":"Utica","ACRES":880.0,"EDIT_DATE":"2026-02-26"},"geometry":{"type":"Polygon","coordinates":[[[-81.465582,40.074736],[-81.43543,40.033122],[-81.436438,40.03295],[-81.436714,40.032962],[-81.443358,40.030758],[-81.465089,40.060479],[-81.464921,40.064068],[-81.471149,40.072228],[-81.465582,40.074736]]]}},{"type":"Feature","properties":{"UNIT_ID":"ZIMNOX_NW_WEL_JF","UNIT_NAME":"Zimnox NW WEL JF","ORDER_NO":"2024-502","OPERATOR":"Ascent","STATUS":"EFF","FORMATION":"Utica","ACRES":373.2,"EDIT_DATE":"2025-09-25"},"geometry":{"type":"Polygon","coordinates":[[[-80.693408,40.26173],[-80.70497,40.276984],[-80.713162,40.288407],[-80.712771,40.288355],[-80.709071,40.288779],[-80.707593,40.289301],[-80.688968,40.263498],[-80.691714,40.262165],[-80.692681,40.262037],[-80.693408,40.26173]]]}},{"type":"Feature","properties":{"UNIT_ID":"ZIMNOX_NE_WEL_JF","UNIT_NAME":"Zimnox NE WEL JF","ORDER_NO":"2024-199","OPERATOR":"Ascent","STATUS":"EFF","FORMATION":"Utica","ACRES":585.4,"EDIT_DATE":"2025-09-25"},"geometry":{"type":"Polygon","coordinates":[[[-80.700949,40.293439],[-80.6818,40.266887],[-80.682948,40.266358],[-80.685369,40.26524],[-80.686797,40.264548],[-80.688968,40.263498],[-80.707593,40.289301],[-80.707504,40.290288],[-80.70685,40.290273],[-80.705274,40.290221],[-80.70445,40.290193],[-80.702548,40.29182],[-80.702498,40.292967],[-80.70235,40.292965],[-80.70143,40.294006],[-80.701425,40.293999],[-80.701401,40.294026],[-80.700949,40.293439]]]}},{"type":"Feature","properties":{"UNIT_ID":"CROWELL_NE_WYN_JF","UNIT_NAME":"Crowell NE WYN JF","ORDER_NO":"2024-504","OPERATOR":"Ascent","STATUS":"EFF","FORMATION":"Utica","ACRES":507.9,"EDIT_DATE":"2025-09-25"},"geometry":{"type":"Polygon","coordinates":[[[-80.832516,40.332924],[-80.861869,40.373483],[-80.863996,40.372587],[-80.869596,40.380478],[-80.864328,40.382543],[-80.83037,40.335626],[-80.831217,40.335252],[-80.830284,40.333928],[-80.832516,40.332924]]]}},{"type":"Feature","properties":{"UNIT_ID":"DICKSON_S_CRC_JF","UNIT_NAME":"Dickson S CRC |JF","ORDER_NO":"2024-72","OPERATOR":"Ascent","STATUS":"EFF","FORMATION":"Utica","ACRES":532.0,"EDIT_DATE":"2025-03-17"},"geometry":{"type":"Polygon","coordinates":[[[-80.649817,40.24791],[-80.688988,40.302409],[-80.688731,40.302515],[-80.687884,40.304287],[-80.687731,40.304282],[-80.686501,40.304719],[-80.647127,40.249958],[-80.647597,40.249571],[-80.647898,40.249318],[-80.648025,40.249011],[-80.648523,40.248857],[-80.649817,40.24791]]]}},{"type":"Feature","properties":{"UNIT_ID":"CROSS_CREEK_S_CRC_JF","UNIT_NAME":"Cross Creek S CRC JF","ORDER_NO":"2024-335","OPERATOR":"Ascent","STATUS":"EFF","FORMATION":"Utica","ACRES":668.5,"EDIT_DATE":"2025-09-25"},"geometry":{"type":"Polygon","coordinates":[[[-80.662049,40.251885],[-80.666748,40.24969],[-80.679545,40.26753],[-80.678717,40.268086],[-80.678172,40.268355],[-80.707394,40.308998],[-80.705666,40.309583],[-80.703938,40.310169],[-80.662049,40.251885]]]}},{"type":"Feature","properties":{"UNIT_ID":"CROSS_CREEK_SW_CRC_JF","UNIT_NAME":"Cross Creek SW CRC JF","ORDER_NO":"2024-326","OPERATOR":"Ascent","STATUS":"EFF","FORMATION":"Utica","ACRES":460.8,"EDIT_DATE":"2025-09-25"},"geometry":{"type":"Polygon","coordinates":[[[-80.678172,40.268355],[-80.678717,40.268086],[-80.679545,40.26753],[-80.681329,40.267105],[-80.6818,40.266887],[-80.700949,40.293439],[-80.701401,40.294026],[-80.701425,40.293999],[-80.711686,40.307545],[-80.707394,40.308998],[-80.678172,40.268355]]]}},{"type":"Feature","properties":{"UNIT_ID":"ATLAS_NW_WEL_JF","UNIT_NAME":"Atlas NW WEL JF","ORDER_NO":"2022-129","OPERATOR":"Ascent","STATUS":"EFF","FORMATION":"Utica","ACRES":610.4,"EDIT_DATE":"2025-03-17"},"geometry":{"type":"Polygon","coordinates":[[[-80.778537,40.276155],[-80.757216,40.246618],[-80.756033,40.244978],[-80.762838,40.242408],[-80.783758,40.271472],[-80.783833,40.271597],[-80.780984,40.272767],[-80.782332,40.274592],[-80.778537,40.276155]]]}},{"type":"Feature","properties":{"UNIT_ID":"SHADOW_2_CBR07_A","UNIT_NAME":"Shadow #2 CBR07 A","ORDER_NO":"2023-226","OPERATOR":"EOG Resources","STATUS":"EFF","FORMATION":"Utica","ACRES":1867.3,"EDIT_DATE":"2025-09-25"},"geometry":{"type":"Polygon","coordinates":[[[-81.19356,40.708487],[-81.17796,40.715375],[-81.149193,40.677621],[-81.15855,40.673491],[-81.156922,40.671354],[-81.163159,40.6686],[-81.179234,40.689697],[-81.179246,40.689752],[-81.179274,40.689749],[-81.19356,40.708487]]]}},{"type":"Feature","properties":{"UNIT_ID":"ATLAS_N_WEL_JF_UNIT","UNIT_NAME":"Atlas N WEL JF Unit","ORDER_NO":"2022-121","OPERATOR":"Ascent","STATUS":"EFF","FORMATION":"Utica","ACRES":361.3,"EDIT_DATE":"2025-04-08"},"geometry":{"type":"Polygon","coordinates":[[[-80.756033,40.244978],[-80.778537,40.276155],[-80.77882,40.276038],[-80.780912,40.278888],[-80.777135,40.280457],[-80.77533,40.27793],[-80.774993,40.277395],[-80.774564,40.277086],[-80.774496,40.277151],[-80.774649,40.277],[-80.770126,40.2708],[-80.769937,40.270788],[-80.769628,40.270303],[-80.769757,40.270255],[-80.76812,40.267954],[-80.752478,40.246238],[-80.755934,40.244835],[-80.756033,40.244978]]]}},{"type":"Feature","properties":{"UNIT_ID":"GUTHRIE_HN_FRA_EAST","UNIT_NAME":"Guthrie HN FRA East","ORDER_NO":"2024-149","OPERATOR":"EOG Ohio","STATUS":"EFF","FORMATION":"Utica","ACRES":627.6,"EDIT_DATE":"2026-02-26"},"geometry":{"type":"Polygon","coordinates":[[[-81.247179,40.347344],[-81.252433,40.345099],[-81.28054,40.382943],[-81.276702,40.382849],[-81.276644,40.386202],[-81.275505,40.386133],[-81.262945,40.368932],[-81.247179,40.347344]]]}},{"type":"Feature","properties":{"UNIT_ID":"ANGEL_HWS_A","UNIT_NAME":"Angel HWS A","ORDER_NO":"2024-202","OPERATOR":"EOG Resources","STATUS":"EFF","FORMATION":"Utica","ACRES":1140.0,"EDIT_DATE":"2026-07-08"},"geometry":{"type":"Polygon","coordinates":[[[-81.248398,40.297212],[-81.257688,40.293032],[-81.258595,40.29305],[-81.259353,40.293065],[-81.285525,40.32714],[-81.274912,40.33174],[-81.248398,40.297212]]]}},{"type":"Feature","properties":{"UNIT_ID":"CAMPBELL_IV","UNIT_NAME":"Campbell IV","ORDER_NO":"2024-203","OPERATOR":"Gulfport Energy Transferred to Gulfport Appalachia","STATUS":"EFF","FORMATION":"Utica","ACRES":359.9,"EDIT_DATE":"2025-11-21"},"geometry":{"type":"Polygon","coordinates":[[[-81.048833,39.841002],[-81.075535,39.877994],[-81.074749,39.878331],[-81.072369,39.879351],[-81.05417,39.854141],[-81.045669,39.842359],[-81.048833,39.841002]]]}},{"type":"Feature","properties":{"UNIT_ID":"CAMPBELL_III","UNIT_NAME":"Campbell III","ORDER_NO":"2025-11","OPERATOR":"Gulfport Energy Transferred to Gulfport Appalachia","STATUS":"EFF","FORMATION":"Utica","ACRES":436.6,"EDIT_DATE":"2025-11-21"},"geometry":{"type":"Polygon","coordinates":[[[-81.052671,39.839356],[-81.079375,39.876347],[-81.079108,39.876462],[-81.07704,39.877349],[-81.075535,39.877994],[-81.048833,39.841002],[-81.050337,39.840357],[-81.051737,39.839756],[-81.052209,39.839554],[-81.052671,39.839356]]]}},{"type":"Feature","properties":{"UNIT_ID":"SAFREED_WEST","UNIT_NAME":"Safreed West","ORDER_NO":"2024-260","OPERATOR":"Gulfport Energy Transferred to Gulfport Appalachia","STATUS":"EFF","FORMATION":"Utica","ACRES":1541.8,"EDIT_DATE":"2025-11-21"},"geometry":{"type":"Polygon","coordinates":[[[-81.197792,39.805441],[-81.15898,39.751773],[-81.168298,39.747761],[-81.207115,39.801426],[-81.197792,39.805441]]]}},{"type":"Feature","properties":{"UNIT_ID":"GUTHRIE_HN_FRA_WEST","UNIT_NAME":"Guthrie HN FRA West","ORDER_NO":"2025-14","OPERATOR":"EOG Ohio","STATUS":"EFF","FORMATION":"Utica","ACRES":616.0,"EDIT_DATE":"2026-02-26"},"geometry":{"type":"Polygon","coordinates":[[[-81.28054,40.382943],[-81.252433,40.345099],[-81.257687,40.342854],[-81.25888,40.344478],[-81.272803,40.363422],[-81.287275,40.383076],[-81.281719,40.382972],[-81.28054,40.382943]]]}},{"type":"Feature","properties":{"UNIT_ID":"SAFREED_EAST","UNIT_NAME":"Safreed East","ORDER_NO":"2025-12","OPERATOR":"Gulfport Energy Transferred to Gulfport Appalachia","STATUS":"EFF","FORMATION":"Utica","ACRES":770.9,"EDIT_DATE":"2025-11-21"},"geometry":{"type":"Polygon","coordinates":[[[-81.19313,39.807448],[-81.187137,39.799166],[-81.15432,39.753778],[-81.15898,39.751773],[-81.197792,39.805441],[-81.19313,39.807448]]]}},{"type":"Feature","properties":{"UNIT_ID":"FRAME","UNIT_NAME":"Frame","ORDER_NO":"2025-17","OPERATOR":"INR Ohio","STATUS":"EFF","FORMATION":"Utica","ACRES":798.8,"EDIT_DATE":"2025-09-25"},"geometry":{"type":"Polygon","coordinates":[[[-81.462097,39.993323],[-81.462067,39.992714],[-81.462047,39.992237],[-81.46205,39.99219],[-81.46207,39.991825],[-81.462072,39.991786],[-81.462234,39.988792],[-81.462253,39.988432],[-81.462276,39.988007],[-81.465296,39.988039],[-81.468561,39.988235],[-81.481409,40.005808],[-81.492453,40.020904],[-81.486934,40.023291],[-81.484712,40.024252],[-81.471347,40.005972],[-81.47137,40.005531],[-81.471017,40.005521],[-81.468408,40.001952],[-81.465565,39.998068],[-81.462097,39.993323]]]}},{"type":"Feature","properties":{"UNIT_ID":"XAVIER_HFP_B","UNIT_NAME":"Xavier HFP B","ORDER_NO":"2025-18","OPERATOR":"EOG Resources","STATUS":"EFF","FORMATION":"Utica","ACRES":864.7,"EDIT_DATE":"2025-09-25"},"geometry":{"type":"Polygon","coordinates":[[[-81.24066,40.228242],[-81.247452,40.225183],[-81.276315,40.262808],[-81.268475,40.266339],[-81.24066,40.228242]]]}},{"type":"Feature","properties":{"UNIT_ID":"STILLION_N","UNIT_NAME":"Stillion N","ORDER_NO":"2022-172","OPERATOR":"INR Ohio","STATUS":"EFF","FORMATION":"Utica","ACRES":695.1,"EDIT_DATE":"2026-07-21"},"geometry":{"type":"Polygon","coordinates":[[[-81.47741,39.968927],[-81.472202,39.961851],[-81.472131,39.961753],[-81.474618,39.960676],[-81.480837,39.957985],[-81.487153,39.966626],[-81.489843,39.970306],[-81.498298,39.981868],[-81.498229,39.983257],[-81.498147,39.983334],[-81.497883,39.983586],[-81.49785,39.983624],[-81.497745,39.983746],[-81.497699,39.983832],[-81.497656,39.983914],[-81.49761,39.984],[-81.49744,39.984598],[-81.497364,39.984862],[-81.4973,39.985133],[-81.49728,39.985442],[-81.497269,39.985609],[-81.497234,39.98615],[-81.496681,39.98616],[-81.496196,39.986167],[-81.496138,39.986888],[-81.49036,39.98669],[-81.479453,39.971887],[-81.479448,39.97188],[-81.47741,39.968927]]]}},{"type":"Feature","properties":{"UNIT_ID":"SMELTZ_CR_LEE_NORTH","UNIT_NAME":"Smeltz CR LEE North","ORDER_NO":"2025-19","OPERATOR":"EOG Ohio","STATUS":"EFF","FORMATION":"Utica","ACRES":1080.9,"EDIT_DATE":"2026-02-26"},"geometry":{"type":"Polygon","coordinates":[[[-81.076126,40.591495],[-81.058659,40.567528],[-81.043316,40.546458],[-81.042844,40.546659],[-81.039937,40.542569],[-81.044345,40.540702],[-81.044365,40.540693],[-81.047808,40.539234],[-81.056835,40.551633],[-81.062861,40.559907],[-81.064781,40.562542],[-81.066113,40.56437],[-81.081546,40.586411],[-81.079586,40.587209],[-81.079056,40.587424],[-81.080084,40.588893],[-81.080317,40.589225],[-81.076126,40.591495]]]}},{"type":"Feature","properties":{"UNIT_ID":"BEROS_SC","UNIT_NAME":"Beros SC","ORDER_NO":"2025-20","OPERATOR":"INR Ohio","STATUS":"EFF","FORMATION":"Utica","ACRES":253.9,"EDIT_DATE":"2025-09-25"},"geometry":{"type":"Polygon","coordinates":[[[-81.459246,39.964268],[-81.435439,39.931944],[-81.439524,39.932122],[-81.43953,39.932796],[-81.462271,39.963939],[-81.461614,39.963935],[-81.460889,39.963912],[-81.460865,39.964323],[-81.459246,39.964268]]]}},{"type":"Feature","properties":{"UNIT_ID":"BANJO_NW_SHC_HR","UNIT_NAME":"Banjo NW SHC HR","ORDER_NO":"2025-23","OPERATOR":"Ascent","STATUS":"EFF","FORMATION":"Utica","ACRES":386.2,"EDIT_DATE":"2025-09-25"},"geometry":{"type":"Polygon","coordinates":[[[-80.972316,40.187841],[-80.996085,40.220135],[-80.992111,40.221833],[-80.968488,40.189446],[-80.972316,40.187841]]]}},{"type":"Feature","properties":{"UNIT_ID":"MILLER_SW_PLT_BL_UNIT","UNIT_NAME":"Miller SW PLT BL Unit","ORDER_NO":"2025-43","OPERATOR":"Ascent","STATUS":"EFF","FORMATION":"Utica","ACRES":349.2,"EDIT_DATE":"2025-03-17"},"geometry":{"type":"Polygon","coordinates":[[[-80.781337,40.001194],[-80.781036,40.001522],[-80.779118,40.002495],[-80.778782,40.002681],[-80.755706,39.961257],[-80.756682,39.960614],[-80.757688,39.959891],[-80.758658,39.959548],[-80.768268,39.977413],[-80.781337,40.001194]]]}},{"type":"Feature","properties":{"UNIT_ID":"CONQUERORS_GY_VAL_NORTH","UNIT_NAME":"Conquerors GY VAL North","ORDER_NO":"2025-22","OPERATOR":"EOG Ohio","STATUS":"EFF","FORMATION":"Utica","ACRES":1427.3,"EDIT_DATE":"2026-02-26"},"geometry":{"type":"Polygon","coordinates":[[[-81.499693,39.915281],[-81.509671,39.911022],[-81.541458,39.955148],[-81.543282,39.957684],[-81.533251,39.961917],[-81.531468,39.959398],[-81.499693,39.915281]]]}},{"type":"Feature","properties":{"UNIT_ID":"CAMPBELL_II","UNIT_NAME":"Campbell II","ORDER_NO":"2025-40","OPERATOR":"Gulfport Energy Transferred to Gulfport Appalachia","STATUS":"EFF","FORMATION":"Utica","ACRES":436.6,"EDIT_DATE":"2025-11-21"},"geometry":{"type":"Polygon","coordinates":[[[-81.056509,39.83771],[-81.083215,39.8747],[-81.079375,39.876347],[-81.052671,39.839356],[-81.055005,39.838355],[-81.056509,39.83771]]]}},{"type":"Feature","properties":{"UNIT_ID":"BANJO_N_SHC_HR","UNIT_NAME":"Banjo N SHC HR","ORDER_NO":"2025-46","OPERATOR":"Ascent","STATUS":"EFF","FORMATION":"Utica","ACRES":366.9,"EDIT_DATE":"2025-09-25"},"geometry":{"type":"Polygon","coordinates":[[[-80.988412,40.223414],[-80.964753,40.191011],[-80.968488,40.189446],[-80.992072,40.221821],[-80.988412,40.223414]]]}},{"type":"Feature","properties":{"UNIT_ID":"BANJO_NE_SHC_HR","UNIT_NAME":"Banjo NE SHC HR","ORDER_NO":"2025-45","OPERATOR":"Ascent","STATUS":"EFF","FORMATION":"Utica","ACRES":587.1,"EDIT_DATE":"2025-09-25"},"geometry":{"type":"Polygon","coordinates":[[[-80.967188,40.194366],[-80.992012,40.228387],[-80.986403,40.230756],[-80.96495,40.201259],[-80.964406,40.201485],[-80.961124,40.196943],[-80.967188,40.194366]]]}},{"type":"Feature","properties":{"UNIT_ID":"MCFREDERICK_D","UNIT_NAME":"McFrederick D","ORDER_NO":"2025-44","OPERATOR":"SWN Production","STATUS":"EFF","FORMATION":"Utica","ACRES":439.0,"EDIT_DATE":"2025-10-17"},"geometry":{"type":"Polygon","coordinates":[[[-81.06719,39.833129],[-81.094924,39.870943],[-81.094507,39.871122],[-81.094514,39.871133],[-81.091108,39.872594],[-81.063492,39.834715],[-81.06719,39.833129]]]}},{"type":"Feature","properties":{"UNIT_ID":"MCFREDERICK_J","UNIT_NAME":"McFrederick J","ORDER_NO":"2025-41","OPERATOR":"SWN Production","STATUS":"EFF","FORMATION":"Utica","ACRES":461.6,"EDIT_DATE":"2025-10-17"},"geometry":{"type":"Polygon","coordinates":[[[-81.101363,39.91665],[-81.073942,39.878678],[-81.07789,39.876987],[-81.105291,39.914883],[-81.101363,39.91665]]]}},{"type":"Feature","properties":{"UNIT_ID":"BEROS_NE","UNIT_NAME":"Beros NE","ORDER_NO":"2024-409","OPERATOR":"INR Ohio","STATUS":"EFF","FORMATION":"Utica","ACRES":1028.0,"EDIT_DATE":"2025-09-25"},"geometry":{"type":"Polygon","coordinates":[[[-81.462271,39.963939],[-81.463495,39.965618],[-81.481676,39.990493],[-81.482057,39.991014],[-81.482926,39.992211],[-81.483888,39.993536],[-81.484318,39.994127],[-81.487933,39.999104],[-81.487818,40.001635],[-81.487738,40.003401],[-81.487615,40.006041],[-81.485232,40.005951],[-81.483126,40.005872],[-81.481409,40.005808],[-81.468561,39.988235],[-81.458826,39.974911],[-81.458792,39.974752],[-81.458708,39.97475],[-81.455416,39.970246],[-81.456698,39.96738],[-81.456713,39.967345],[-81.456723,39.967323],[-81.457043,39.966624],[-81.457204,39.96627],[-81.457293,39.966067],[-81.457389,39.965825],[-81.457453,39.965646],[-81.45754,39.965372],[-81.457582,39.965229],[-81.457601,39.965143],[-81.457657,39.964894],[-81.457705,39.964628],[-81.457732,39.96445],[-81.457757,39.964217],[-81.460865,39.964323],[-81.460889,39.963912],[-81.461614,39.963935],[-81.462271,39.963939]]]}},{"type":"Feature","properties":{"UNIT_ID":"MILLER_SE_PLT_BL_UNIT","UNIT_NAME":"Miller SE PLT BL Unit","ORDER_NO":"2025-49","OPERATOR":"Ascent","STATUS":"EFF","FORMATION":"Utica","ACRES":388.6,"EDIT_DATE":"2025-03-17"},"geometry":{"type":"Polygon","coordinates":[[[-80.776168,40.005111],[-80.752721,39.963013],[-80.752971,39.962887],[-80.753193,39.962774],[-80.753645,39.962516],[-80.754056,39.962278],[-80.754456,39.962045],[-80.754895,39.961789],[-80.755706,39.961257],[-80.778782,40.002681],[-80.778601,40.002782],[-80.777336,40.004239],[-80.777452,40.004351],[-80.776872,40.004751],[-80.776644,40.004789],[-80.776168,40.005111]]]}},{"type":"Feature","properties":{"UNIT_ID":"MCFREDERICK_K","UNIT_NAME":"McFrederick K","ORDER_NO":"2025-48","OPERATOR":"SWN Production","STATUS":"EFF","FORMATION":"Utica","ACRES":465.9,"EDIT_DATE":"2025-09-25"},"geometry":{"type":"Polygon","coordinates":[[[-81.101363,39.91665],[-81.099189,39.917639],[-81.09897,39.917633],[-81.098964,39.917712],[-81.096279,39.917653],[-81.09447,39.915152],[-81.094941,39.91495],[-81.069961,39.880383],[-81.073942,39.878678],[-81.101363,39.91665]]]}},{"type":"Feature","properties":{"UNIT_ID":"ELKRUN_JOHNSTON_SOUTHEAST_UNIT_25","UNIT_NAME":"Elkrun Johnston Southeast Unit 25","ORDER_NO":"2023-55","OPERATOR":"Hilcorp Energy","STATUS":"EFF","FORMATION":"Utica","ACRES":1277.5,"EDIT_DATE":"2025-10-17"},"geometry":{"type":"Polygon","coordinates":[[[-80.608114,40.738504],[-80.609342,40.737956],[-80.627672,40.759615],[-80.62828,40.760334],[-80.628791,40.760937],[-80.628903,40.763203],[-80.629078,40.766737],[-80.629284,40.76698],[-80.629426,40.767148],[-80.640704,40.780466],[-80.639669,40.780918],[-80.637305,40.781951],[-80.636157,40.782453],[-80.634733,40.783075],[-80.634733,40.783075],[-80.634733,40.783075],[-80.634733,40.783075],[-80.634732,40.783076],[-80.634731,40.783076],[-80.634731,40.783076],[-80.634731,40.783076],[-80.634725,40.783078],[-80.634718,40.783082],[-80.634714,40.783083],[-80.634695,40.783092],[-80.634637,40.783118],[-80.634575,40.783146],[-80.63455,40.783157],[-80.634199,40.783314],[-80.634188,40.78332],[-80.633951,40.783426],[-80.633715,40.783532],[-80.633556,40.783603],[-80.633532,40.783614],[-80.633464,40.783644],[-80.633091,40.783807],[-80.598164,40.742945],[-80.608114,40.738504]]]}},{"type":"Feature","properties":{"UNIT_ID":"INDIGO_CBR_A","UNIT_NAME":"Indigo CBR A","ORDER_NO":"2025-61","OPERATOR":"EOG Resources","STATUS":"EFF","FORMATION":"Utica","ACRES":917.0,"EDIT_DATE":"2025-09-25"},"geometry":{"type":"Polygon","coordinates":[[[-81.201142,40.685254],[-81.194696,40.688102],[-81.193687,40.686778],[-81.192565,40.685307],[-81.191981,40.684541],[-81.188911,40.680513],[-81.18703,40.678046],[-81.185928,40.6766],[-81.18453,40.674765],[-81.183924,40.67397],[-81.181094,40.670257],[-81.179804,40.668564],[-81.179376,40.668003],[-81.17719,40.665133],[-81.17491,40.662141],[-81.174506,40.661611],[-81.17228,40.658688],[-81.171119,40.657164],[-81.170817,40.656767],[-81.169926,40.655598],[-81.169116,40.654533],[-81.169029,40.654419],[-81.16708,40.65186],[-81.167655,40.651624],[-81.166784,40.650373],[-81.165776,40.648927],[-81.165812,40.648911],[-81.171466,40.646314],[-81.17265,40.645771],[-81.202337,40.684726],[-81.201142,40.685254]]]}},{"type":"Feature","properties":{"UNIT_ID":"MILLER_MC_PLT_BL","UNIT_NAME":"Miller MC PLT BL","ORDER_NO":"2025-60","OPERATOR":"Ascent","STATUS":"EFF","FORMATION":"Marcellus","ACRES":294.7,"EDIT_DATE":"2025-04-02"},"geometry":{"type":"Polygon","coordinates":[[[-80.781313,40.001235],[-80.778765,40.002232],[-80.752731,39.963019],[-80.755272,39.962021],[-80.781313,40.001235]]]}},{"type":"Feature","properties":{"UNIT_ID":"ELKRUN_JOHNSTON_SOUTHWEST_UNIT_25","UNIT_NAME":"Elkrun Johnston Southwest Unit 25","ORDER_NO":"2025-67","OPERATOR":"Hilcorp Energy","STATUS":"EFF","FORMATION":"Utica","ACRES":1271.1,"EDIT_DATE":"2025-03-17"},"geometry":{"type":"Polygon","coordinates":[[[-80.618063,40.734062],[-80.65219,40.775446],[-80.640704,40.780466],[-80.629078,40.766737],[-80.628791,40.760937],[-80.609342,40.737956],[-80.618063,40.734062]]]}},{"type":"Feature","properties":{"UNIT_ID":"ELKRUN_JOHNSTON_NORTHWEST_UNIT_25","UNIT_NAME":"Elkrun Johnston Northwest Unit 25","ORDER_NO":"2025-59","OPERATOR":"Hilcorp Energy","STATUS":"EFF","FORMATION":"Utica","ACRES":738.9,"EDIT_DATE":"2025-10-17"},"geometry":{"type":"Polygon","coordinates":[[[-80.652412,40.775407],[-80.652475,40.775485],[-80.652489,40.775503],[-80.652546,40.775575],[-80.652554,40.775584],[-80.6526,40.775641],[-80.652641,40.775693],[-80.652682,40.775744],[-80.652738,40.775814],[-80.652769,40.775852],[-80.652802,40.775893],[-80.652848,40.77595],[-80.652862,40.775968],[-80.652916,40.776036],[-80.652934,40.776058],[-80.652992,40.77613],[-80.653044,40.776195],[-80.653045,40.776196],[-80.65312,40.776289],[-80.653196,40.776385],[-80.653251,40.776453],[-80.653278,40.776486],[-80.653353,40.77658],[-80.653533,40.776804],[-80.653584,40.776869],[-80.653686,40.776995],[-80.653713,40.777028],[-80.653737,40.777059],[-80.653739,40.777061],[-80.65374,40.777062],[-80.65383,40.777174],[-80.65388,40.777237],[-80.653987,40.777374],[-80.654002,40.777394],[-80.654078,40.777493],[-80.654158,40.777596],[-80.654264,40.777733],[-80.654354,40.777848],[-80.65442,40.777933],[-80.654544,40.778094],[-80.654612,40.778182],[-80.654892,40.778543],[-80.655031,40.778722],[-80.65522,40.778965],[-80.655404,40.779203],[-80.655537,40.779375],[-80.655827,40.779749],[-80.655971,40.779935],[-80.655991,40.77996],[-80.655999,40.779971],[-80.656009,40.779984],[-80.656023,40.780002],[-80.656029,40.780009],[-80.656053,40.78004],[-80.656059,40.780049],[-80.656088,40.780086],[-80.65609,40.780088],[-80.656098,40.780098],[-80.656121,40.780129],[-80.656124,40.780133],[-80.656143,40.780157],[-80.656159,40.780177],[-80.656177,40.7802],[-80.656179,40.780203],[-80.65621,40.780243],[-80.656213,40.780246],[-80.656245,40.780288],[-80.656245,40.780289],[-80.656261,40.780309],[-80.656276,40.780328],[-80.656282,40.780337],[-80.656293,40.78035],[-80.656299,40.780358],[-80.656314,40.780377],[-80.656326,40.780392],[-80.656335,40.780404],[-80.656346,40.780418],[-80.656355,40.780431],[-80.656369,40.780448],[-80.656377,40.780459],[-80.656396,40.780483],[-80.656403,40.780492],[-80.656428,40.780524],[-80.656434,40.780532],[-80.65645,40.780553],[-80.656466,40.780574],[-80.656473,40.780582],[-80.656488,40.780602],[-80.656533,40.78066],[-80.656548,40.78068],[-80.656601,40.780748],[-80.656608,40.780756],[-80.65667,40.780837],[-80.656677,40.780845],[-80.65673,40.780915],[-80.656741,40.780929],[-80.656795,40.780997],[-80.656805,40.781011],[-80.656858,40.781079],[-80.656865,40.781088],[-80.656922,40.781161],[-80.65693,40.781172],[-80.656981,40.781238],[-80.656994,40.781254],[-80.657049,40.781325],[-80.657058,40.781337],[-80.657113,40.781409],[-80.657125,40.781424],[-80.657185,40.781501],[-80.657189,40.781507],[-80.657253,40.781589],[-80.657263,40.781602],[-80.65732,40.781675],[-80.657327,40.781685],[-80.657379,40.781751],[-80.657395,40.781773],[-80.657448,40.78184],[-80.657448,40.781841],[-80.657453,40.781847],[-80.657498,40.781905],[-80.657506,40.781915],[-80.657521,40.781935],[-80.657547,40.781969],[-80.657557,40.781981],[-80.657597,40.782033],[-80.657607,40.782045],[-80.657649,40.7821],[-80.657657,40.78211],[-80.657699,40.782164],[-80.657708,40.782176],[-80.657753,40.782234],[-80.657759,40.782241],[-80.657804,40.7823],[-80.657815,40.782313],[-80.657858,40.782369],[-80.657865,40.782378],[-80.65791,40.782437],[-80.65792,40.782449],[-80.657961,40.782503],[-80.657972,40.782516],[-80.658015,40.782572],[-80.65802,40.782579],[-80.658065,40.782637],[-80.658074,40.782649],[-80.658116,40.782702],[-80.658121,40.782709],[-80.658164,40.782764],[-80.658173,40.782776],[-80.658216,40.782831],[-80.658223,40.78284],[-80.658268,40.782899],[-80.658276,40.782908],[-80.658317,40.782962],[-80.658322,40.782968],[-80.658325,40.782972],[-80.658354,40.783009],[-80.658362,40.78302],[-80.658377,40.783039],[-80.658392,40.783059],[-80.658398,40.783067],[-80.658428,40.783105],[-80.658435,40.783114],[-80.658456,40.783142],[-80.658469,40.783158],[-80.658493,40.783189],[-80.6585,40.783197],[-80.658529,40.783236],[-80.658536,40.783245],[-80.658565,40.783281],[-80.658572,40.78329],[-80.658582,40.783303],[-80.658582,40.783304],[-80.658593,40.783318],[-80.658599,40.783325],[-80.658604,40.783332],[-80.658609,40.783338],[-80.658617,40.783349],[-80.658623,40.783357],[-80.658641,40.783379],[-80.658647,40.783387],[-80.658665,40.78341],[-80.658671,40.783418],[-80.658688,40.783441],[-80.658695,40.783449],[-80.658715,40.783475],[-80.658719,40.78348],[-80.658738,40.783505],[-80.658743,40.783511],[-80.658764,40.783538],[-80.658769,40.783544],[-80.658791,40.783573],[-80.658795,40.783578],[-80.658817,40.783607],[-80.658821,40.783612],[-80.658843,40.783641],[-80.658847,40.783645],[-80.65887,40.783675],[-80.658873,40.783679],[-80.658896,40.783709],[-80.6589,40.783714],[-80.658923,40.783744],[-80.658926,40.783748],[-80.658951,40.78378],[-80.658955,40.783784],[-80.658979,40.783816],[-80.658982,40.78382],[-80.659005,40.783849],[-80.65901,40.783855],[-80.659031,40.783883],[-80.659035,40.783888],[-80.659059,40.783919],[-80.659061,40.783922],[-80.659084,40.783952],[-80.65909,40.783959],[-80.659109,40.783984],[-80.659115,40.783991],[-80.659135,40.784017],[-80.65914,40.784023],[-80.659161,40.78405],[-80.659165,40.784056],[-80.659188,40.784085],[-80.65919,40.784088],[-80.659212,40.784117],[-80.659217,40.784123],[-80.659236,40.784148],[-80.659241,40.784154],[-80.659264,40.784183],[-80.659265,40.784185],[-80.65929,40.784217],[-80.659293,40.784221],[-80.659316,40.78425],[-80.65932,40.784256],[-80.659342,40.784284],[-80.659346,40.784289],[-80.659369,40.784319],[-80.659373,40.784324],[-80.659397,40.784355],[-80.659399,40.784357],[-80.65942,40.784385],[-80.659424,40.78439],[-80.659449,40.784422],[-80.65945,40.784423],[-80.65945,40.784424],[-80.659465,40.784442],[-80.659466,40.784445],[-80.659477,40.784459],[-80.659482,40.784464],[-80.659483,40.784466],[-80.659498,40.784485],[-80.6595,40.784488],[-80.659515,40.784507],[-80.659517,40.78451],[-80.659531,40.784528],[-80.659534,40.784532],[-80.659547,40.784548],[-80.659549,40.784552],[-80.659564,40.78457],[-80.659565,40.784572],[-80.659581,40.784592],[-80.659582,40.784594],[-80.659598,40.784614],[-80.6596,40.784616],[-80.659613,40.784634],[-80.659616,40.784638],[-80.65963,40.784656],[-80.659632,40.784658],[-80.659632,40.784658],[-80.659634,40.78466],[-80.659649,40.784679],[-80.659651,40.784682],[-80.659659,40.784693],[-80.659659,40.784693],[-80.659666,40.784702],[-80.65967,40.784707],[-80.659671,40.784708],[-80.659681,40.784722],[-80.659682,40.784723],[-80.659693,40.784736],[-80.659693,40.784737],[-80.659704,40.784751],[-80.659704,40.784751],[-80.659715,40.784765],[-80.659715,40.784766],[-80.659727,40.78478],[-80.659727,40.78478],[-80.659737,40.784793],[-80.659738,40.784795],[-80.659747,40.784807],[-80.659748,40.784808],[-80.659757,40.784819],[-80.659758,40.784821],[-80.659758,40.784821],[-80.659764,40.784829],[-80.659766,40.784831],[-80.659769,40.784834],[-80.659772,40.784839],[-80.659773,40.784841],[-80.65978,40.784848],[-80.659782,40.784851],[-80.659785,40.784855],[-80.659786,40.784856],[-80.659793,40.784866],[-80.659794,40.784867],[-80.659801,40.784876],[-80.659802,40.784877],[-80.659808,40.784886],[-80.65981,40.784887],[-80.659817,40.784896],[-80.659817,40.784897],[-80.659825,40.784907],[-80.659825,40.784907],[-80.659832,40.784916],[-80.659834,40.784918],[-80.65984,40.784926],[-80.659841,40.784928],[-80.659847,40.784936],[-80.659849,40.784938],[-80.659855,40.784946],[-80.659856,40.784948],[-80.659863,40.784956],[-80.659864,40.784958],[-80.65987,40.784965],[-80.659872,40.784968],[-80.659877,40.784974],[-80.659879,40.784977],[-80.659884,40.784983],[-80.659886,40.784985],[-80.659892,40.784994],[-80.659893,40.784995],[-80.6599,40.785004],[-80.659901,40.785005],[-80.659908,40.785014],[-80.659908,40.785015],[-80.659913,40.785021],[-80.659914,40.785021],[-80.659915,40.785023],[-80.65992,40.78503],[-80.659921,40.78503],[-80.659927,40.785039],[-80.659928,40.78504],[-80.659934,40.785048],[-80.659935,40.785049],[-80.659941,40.785056],[-80.659942,40.785058],[-80.659948,40.785065],[-80.659948,40.785066],[-80.659955,40.785074],[-80.659955,40.785075],[-80.659962,40.785084],[-80.659962,40.785084],[-80.659969,40.785093],[-80.65997,40.785094],[-80.659976,40.785102],[-80.659977,40.785103],[-80.659983,40.78511],[-80.659983,40.785111],[-80.659988,40.785118],[-80.65999,40.78512],[-80.65999,40.78512],[-80.659996,40.785128],[-80.659997,40.785129],[-80.660003,40.785136],[-80.660004,40.785138],[-80.660005,40.78514],[-80.660006,40.785141],[-80.660009,40.785144],[-80.66001,40.785146],[-80.660013,40.785149],[-80.660016,40.785153],[-80.660016,40.785154],[-80.660022,40.785162],[-80.660023,40.785163],[-80.660029,40.78517],[-80.66003,40.785171],[-80.660031,40.785173],[-80.660036,40.78518],[-80.66004,40.785184],[-80.660041,40.785185],[-80.660042,40.785187],[-80.660042,40.785187],[-80.660043,40.785189],[-80.660045,40.785191],[-80.660048,40.785195],[-80.660049,40.785196],[-80.660051,40.785198],[-80.660053,40.785202],[-80.660054,40.785202],[-80.660057,40.785206],[-80.660059,40.785209],[-80.660063,40.785214],[-80.660073,40.785227],[-80.66008,40.785236],[-80.660096,40.785257],[-80.660097,40.785259],[-80.660111,40.785276],[-80.660122,40.78529],[-80.66015,40.785326],[-80.660164,40.785344],[-80.660173,40.785356],[-80.660232,40.785432],[-80.660301,40.78552],[-80.660311,40.785533],[-80.660447,40.785707],[-80.660459,40.785722],[-80.660496,40.78577],[-80.660595,40.785896],[-80.660612,40.785918],[-80.660681,40.786005],[-80.660749,40.786092],[-80.660758,40.786104],[-80.660852,40.786223],[-80.660892,40.786274],[-80.660907,40.786293],[-80.660911,40.786298],[-80.660979,40.786385],[-80.660999,40.78641],[-80.661045,40.786468],[-80.661057,40.786484],[-80.661065,40.786494],[-80.661078,40.78651],[-80.661152,40.786604],[-80.661163,40.786619],[-80.661196,40.78666],[-80.66124,40.786717],[-80.661245,40.786723],[-80.66125,40.78673],[-80.661304,40.786798],[-80.661309,40.786804],[-80.661339,40.786843],[-80.661365,40.786876],[-80.66137,40.786882],[-80.661409,40.786932],[-80.661425,40.786953],[-80.661431,40.786959],[-80.661484,40.787027],[-80.661491,40.787036],[-80.661507,40.787056],[-80.661539,40.787098],[-80.661548,40.787109],[-80.661595,40.787168],[-80.661603,40.787178],[-80.661623,40.787204],[-80.661641,40.787226],[-80.661648,40.787236],[-80.661661,40.787252],[-80.661679,40.787276],[-80.661681,40.787279],[-80.661718,40.787325],[-80.66172,40.787328],[-80.661754,40.787371],[-80.661759,40.787377],[-80.66179,40.787417],[-80.661795,40.787423],[-80.661828,40.787465],[-80.661831,40.787469],[-80.661865,40.787513],[-80.661869,40.787517],[-80.661902,40.787559],[-80.661905,40.787563],[-80.661906,40.787564],[-80.661916,40.787577],[-80.661923,40.787586],[-80.661924,40.787587],[-80.66194,40.787608],[-80.661943,40.787611],[-80.661943,40.787612],[-80.661959,40.787632],[-80.661961,40.787634],[-80.661978,40.787656],[-80.66198,40.787658],[-80.661997,40.787681],[-80.661998,40.787682],[-80.662015,40.787702],[-80.662018,40.787706],[-80.662033,40.787725],[-80.662035,40.787728],[-80.662052,40.78775],[-80.662053,40.787752],[-80.662071,40.787774],[-80.662073,40.787776],[-80.66209,40.787798],[-80.662092,40.7878],[-80.662109,40.787822],[-80.66211,40.787824],[-80.662111,40.787825],[-80.662121,40.787838],[-80.662122,40.787838],[-80.662123,40.78784],[-80.662129,40.787847],[-80.662129,40.787848],[-80.662129,40.787849],[-80.662134,40.787854],[-80.662136,40.787857],[-80.662137,40.787858],[-80.662144,40.787866],[-80.662144,40.787867],[-80.662144,40.787867],[-80.662151,40.787876],[-80.662151,40.787876],[-80.662152,40.787877],[-80.662159,40.787886],[-80.66216,40.787887],[-80.662166,40.787896],[-80.662167,40.787897],[-80.662174,40.787905],[-80.662175,40.787906],[-80.662182,40.787915],[-80.662182,40.787916],[-80.662189,40.787925],[-80.66219,40.787926],[-80.662197,40.787934],[-80.662197,40.787934],[-80.662197,40.787935],[-80.662204,40.787944],[-80.662204,40.787944],[-80.662205,40.787945],[-80.662212,40.787953],[-80.662213,40.787955],[-80.662218,40.787961],[-80.66222,40.787964],[-80.662224,40.787969],[-80.662224,40.787969],[-80.662225,40.787971],[-80.662226,40.787972],[-80.662229,40.787975],[-80.662229,40.787975],[-80.662232,40.78798],[-80.662233,40.78798],[-80.662233,40.78798],[-80.662233,40.78798],[-80.662236,40.787984],[-80.662236,40.787984],[-80.662236,40.787985],[-80.662237,40.787985],[-80.662238,40.787987],[-80.662238,40.787987],[-80.662238,40.787987],[-80.66224,40.787989],[-80.66224,40.787989],[-80.66224,40.78799],[-80.66224,40.78799],[-80.662242,40.787992],[-80.662242,40.787992],[-80.662244,40.787994],[-80.662244,40.787994],[-80.662244,40.787994],[-80.662246,40.787996],[-80.662246,40.787997],[-80.662246,40.787997],[-80.662248,40.787999],[-80.662248,40.787999],[-80.66225,40.788001],[-80.66225,40.788001],[-80.66225,40.788002],[-80.662251,40.788004],[-80.662251,40.788004],[-80.662252,40.788004],[-80.662253,40.788006],[-80.662253,40.788006],[-80.662254,40.788006],[-80.662255,40.788008],[-80.662255,40.788008],[-80.662255,40.788008],[-80.662255,40.788009],[-80.662256,40.788009],[-80.662257,40.78801],[-80.662257,40.788011],[-80.662257,40.788011],[-80.662257,40.788011],[-80.662258,40.788012],[-80.662259,40.788013],[-80.662259,40.788014],[-80.66226,40.788014],[-80.662261,40.788016],[-80.662261,40.788016],[-80.662262,40.788017],[-80.662262,40.788018],[-80.662263,40.788019],[-80.662263,40.788019],[-80.662264,40.788019],[-80.662264,40.78802],[-80.662265,40.788021],[-80.662265,40.788021],[-80.662266,40.788022],[-80.662266,40.788022],[-80.662266,40.788023],[-80.662268,40.788024],[-80.662268,40.788025],[-80.662268,40.788025],[-80.662269,40.788026],[-80.662269,40.788026],[-80.662273,40.788031],[-80.662311,40.788079],[-80.662313,40.788083],[-80.66238,40.788167],[-80.662381,40.788168],[-80.662389,40.788179],[-80.66246,40.788269],[-80.662599,40.788446],[-80.662726,40.788607],[-80.662747,40.788634],[-80.66303,40.788995],[-80.663105,40.789088],[-80.663111,40.789096],[-80.663116,40.789102],[-80.663121,40.789108],[-80.663139,40.789132],[-80.663244,40.789264],[-80.663255,40.789276],[-80.663367,40.789417],[-80.66337,40.789421],[-80.663375,40.789427],[-80.663491,40.789574],[-80.663501,40.789586],[-80.663534,40.789628],[-80.663618,40.789733],[-80.663625,40.789742],[-80.663743,40.78989],[-80.663752,40.789901],[-80.663872,40.790052],[-80.663878,40.79006],[-80.663999,40.790211],[-80.664006,40.790221],[-80.664125,40.79037],[-80.664133,40.79038],[-80.664179,40.790437],[-80.66425,40.790526],[-80.66426,40.790539],[-80.664373,40.790679],[-80.664385,40.790694],[-80.664491,40.790826],[-80.664491,40.790827],[-80.664492,40.790828],[-80.664493,40.79083],[-80.664507,40.790847],[-80.664534,40.79088],[-80.664536,40.790883],[-80.664572,40.790928],[-80.664575,40.790932],[-80.664577,40.790934],[-80.664593,40.790954],[-80.664609,40.790975],[-80.664613,40.79098],[-80.664626,40.790995],[-80.664647,40.791021],[-80.664651,40.791027],[-80.664671,40.791052],[-80.664676,40.791058],[-80.664688,40.791073],[-80.664697,40.791084],[-80.664698,40.791086],[-80.664713,40.791104],[-80.66472,40.791112],[-80.664721,40.791114],[-80.664743,40.791142],[-80.664744,40.791143],[-80.664763,40.791166],[-80.664768,40.791173],[-80.664784,40.791193],[-80.664788,40.791198],[-80.664805,40.791219],[-80.664806,40.79122],[-80.664807,40.791221],[-80.664807,40.791222],[-80.664809,40.791225],[-80.66481,40.791225],[-80.66481,40.791226],[-80.664813,40.791229],[-80.664813,40.79123],[-80.664815,40.791232],[-80.664816,40.791233],[-80.664817,40.791234],[-80.66482,40.791237],[-80.66482,40.791238],[-80.664822,40.79124],[-80.664823,40.791242],[-80.664825,40.791244],[-80.664826,40.791245],[-80.664828,40.791248],[-80.664829,40.791249],[-80.664831,40.791251],[-80.664831,40.791251],[-80.664832,40.791252],[-80.664833,40.791254],[-80.664833,40.791254],[-80.664834,40.791256],[-80.664835,40.791256],[-80.664835,40.791256],[-80.664836,40.791258],[-80.664836,40.791258],[-80.664838,40.79126],[-80.664838,40.791261],[-80.664839,40.791262],[-80.66484,40.791263],[-80.664841,40.791263],[-80.664841,40.791264],[-80.664842,40.791265],[-80.664842,40.791266],[-80.664843,40.791266],[-80.664843,40.791267],[-80.664844,40.791268],[-80.664845,40.791269],[-80.666394,40.793203],[-80.666436,40.793303],[-80.666444,40.793321],[-80.666446,40.793326],[-80.666451,40.793333],[-80.666552,40.793462],[-80.666631,40.793563],[-80.666828,40.793814],[-80.666874,40.793873],[-80.667089,40.794148],[-80.667279,40.794391],[-80.66732,40.794443],[-80.667547,40.794732],[-80.667555,40.794742],[-80.667796,40.795051],[-80.667797,40.795052],[-80.667847,40.795116],[-80.667987,40.795294],[-80.66804,40.795363],[-80.668071,40.795402],[-80.66811,40.795452],[-80.6681,40.79546],[-80.668028,40.795516],[-80.66788,40.79563],[-80.667799,40.795689],[-80.667677,40.795778],[-80.667662,40.795789],[-80.66765,40.795796],[-80.667636,40.795805],[-80.667621,40.795814],[-80.667568,40.795846],[-80.667203,40.796052],[-80.667058,40.796127],[-80.667042,40.796134],[-80.666963,40.796172],[-80.666914,40.796195],[-80.666838,40.796231],[-80.666834,40.796233],[-80.666796,40.79625],[-80.666613,40.796329],[-80.666573,40.796345],[-80.666438,40.796399],[-80.666384,40.79642],[-80.666331,40.79644],[-80.666158,40.796503],[-80.666147,40.796507],[-80.666103,40.796525],[-80.665875,40.796614],[-80.66546,40.796777],[-80.665436,40.796786],[-80.665037,40.796942],[-80.665031,40.796945],[-80.664863,40.797011],[-80.664783,40.797042],[-80.664704,40.797258],[-80.664661,40.797376],[-80.664374,40.797515],[-80.66405,40.797672],[-80.663347,40.798014],[-80.663368,40.79804],[-80.663834,40.798627],[-80.664864,40.79992],[-80.666656,40.802171],[-80.666749,40.802275],[-80.665808,40.802278],[-80.663193,40.802284],[-80.660769,40.802289],[-80.66056,40.802355],[-80.659859,40.802351],[-80.660187,40.802728],[-80.660322,40.802884],[-80.660407,40.802989],[-80.660469,40.803064],[-80.660522,40.80313],[-80.660616,40.80325],[-80.660657,40.803319],[-80.660728,40.803451],[-80.66079,40.803585],[-80.660781,40.803722],[-80.660774,40.803836],[-80.660759,40.804059],[-80.66073,40.80419],[-80.660721,40.804232],[-80.660534,40.804276],[-80.660478,40.804289],[-80.660452,40.804255],[-80.660392,40.804177],[-80.660206,40.803938],[-80.660061,40.803751],[-80.660039,40.803722],[-80.65992,40.80357],[-80.659629,40.803194],[-80.658996,40.802378],[-80.658817,40.802147],[-80.65858,40.801841],[-80.658566,40.801824],[-80.658263,40.801432],[-80.65804,40.801145],[-80.657594,40.80057],[-80.656349,40.798963],[-80.654998,40.797222],[-80.654174,40.796158],[-80.652105,40.79349],[-80.649601,40.790259],[-80.648589,40.788954],[-80.648085,40.788303],[-80.647987,40.788177],[-80.642018,40.780475],[-80.641904,40.780327],[-80.641697,40.78006],[-80.643735,40.77917],[-80.645912,40.778218],[-80.646363,40.778021],[-80.648321,40.777165],[-80.650747,40.776105],[-80.650834,40.776067],[-80.652394,40.775385],[-80.652399,40.775392],[-80.652412,40.775407]]]}},{"type":"Feature","properties":{"UNIT_ID":"STILLION_S","UNIT_NAME":"Stillion S","ORDER_NO":"2025-68","OPERATOR":"INR Ohio","STATUS":"EFF","FORMATION":"Utica","ACRES":615.3,"EDIT_DATE":"2026-01-07"},"geometry":{"type":"Polygon","coordinates":[[[-81.453216,39.931187],[-81.454615,39.930513],[-81.459166,39.928286],[-81.460353,39.927705],[-81.46197,39.927402],[-81.462675,39.927278],[-81.463487,39.927001],[-81.46384,39.931511],[-81.465318,39.932638],[-81.465335,39.932654],[-81.46541,39.933841],[-81.464654,39.935833],[-81.480837,39.957985],[-81.478742,39.958892],[-81.474618,39.960676],[-81.463436,39.945272],[-81.461563,39.942692],[-81.459981,39.940512],[-81.458755,39.938822],[-81.453216,39.931187]]]}},{"type":"Feature","properties":{"UNIT_ID":"CAMPBELL_I","UNIT_NAME":"Campbell I","ORDER_NO":"2025-57","OPERATOR":"Gulfport Energy Transferred to Gulfport Appalachia","STATUS":"EFF","FORMATION":"Utica","ACRES":359.9,"EDIT_DATE":"2025-11-21"},"geometry":{"type":"Polygon","coordinates":[[[-81.059673,39.836353],[-81.08638,39.873343],[-81.083466,39.874593],[-81.083215,39.8747],[-81.056509,39.83771],[-81.059673,39.836353]]]}},{"type":"Feature","properties":{"UNIT_ID":"ECKLEY_CR_CEN_NW","UNIT_NAME":"Eckley CR CEN NW","ORDER_NO":"2025-85","OPERATOR":"EOG Ohio","STATUS":"EFF","FORMATION":"Utica","ACRES":582.9,"EDIT_DATE":"2026-02-26"},"geometry":{"type":"Polygon","coordinates":[[[-81.112586,40.582341],[-81.1359,40.614034],[-81.137545,40.621578],[-81.138175,40.621633],[-81.137995,40.626982],[-81.135083,40.626895],[-81.134718,40.622347],[-81.134475,40.621232],[-81.115723,40.595326],[-81.107803,40.584391],[-81.110113,40.583401],[-81.112586,40.582341]]]}},{"type":"Feature","properties":{"UNIT_ID":"EVANS_SOUTH_I","UNIT_NAME":"Evans South I","ORDER_NO":"2025-91","OPERATOR":"Gulfport Energy Transferred to Gulfport Appalachia","STATUS":"EFF","FORMATION":"Utica","ACRES":391.8,"EDIT_DATE":"2026-01-07"},"geometry":{"type":"Polygon","coordinates":[[[-81.083581,40.111635],[-81.105949,40.142473],[-81.112859,40.151994],[-81.112848,40.152248],[-81.113121,40.152354],[-81.117527,40.158424],[-81.115043,40.159485],[-81.114871,40.159559],[-81.114715,40.159626],[-81.080926,40.11277],[-81.08309,40.111845],[-81.083581,40.111635]]]}},{"type":"Feature","properties":{"UNIT_ID":"BEACON_NW_CDZ_HR","UNIT_NAME":"Beacon NW CDZ HR","ORDER_NO":"2025-86","OPERATOR":"Ascent","STATUS":"EFF","FORMATION":"Utica","ACRES":344.4,"EDIT_DATE":"2025-09-25"},"geometry":{"type":"Polygon","coordinates":[[[-81.069538,40.262445],[-81.067277,40.263409],[-81.067276,40.263412],[-81.066593,40.263702],[-81.066343,40.263361],[-81.039523,40.226745],[-81.042574,40.225444],[-81.056745,40.244742],[-81.069538,40.262445]]]}},{"type":"Feature","properties":{"UNIT_ID":"ROBINSON_SW_PLT_BL","UNIT_NAME":"Robinson SW PLT BL","ORDER_NO":"2025-122","OPERATOR":"EOG Ohio","STATUS":"EFF","FORMATION":"Utica","ACRES":483.2,"EDIT_DATE":"2026-02-26"},"geometry":{"type":"Polygon","coordinates":[[[-80.752721,39.963013],[-80.776168,40.005111],[-80.775901,40.005292],[-80.775978,40.005923],[-80.775457,40.005888],[-80.775443,40.005888],[-80.775427,40.005891],[-80.775409,40.005898],[-80.775397,40.005906],[-80.775384,40.005917],[-80.775377,40.005928],[-80.775374,40.005936],[-80.775372,40.005945],[-80.775372,40.00595],[-80.775373,40.005956],[-80.775438,40.006491],[-80.775524,40.006896],[-80.774774,40.006986],[-80.773858,40.007308],[-80.748001,39.965492],[-80.749229,39.964809],[-80.749792,39.964495],[-80.749992,39.964394],[-80.751427,39.963668],[-80.752721,39.963013]]]}},{"type":"Feature","properties":{"UNIT_ID":"HTF_CR_UNI","UNIT_NAME":"HTF CR UNI","ORDER_NO":"2025-120","OPERATOR":"EOG Ohio","STATUS":"EFF","FORMATION":"Utica","ACRES":1126.2,"EDIT_DATE":"2026-02-26"},"geometry":{"type":"Polygon","coordinates":[[[-81.120046,40.544111],[-81.117736,40.545099],[-81.117534,40.544823],[-81.114387,40.546232],[-81.11592,40.548313],[-81.112301,40.549863],[-81.110488,40.547401],[-81.109148,40.547362],[-81.087885,40.518334],[-81.084175,40.513271],[-81.094511,40.508866],[-81.117468,40.540016],[-81.117087,40.54018],[-81.119977,40.54411],[-81.120046,40.544111]]]}},{"type":"Feature","properties":{"UNIT_ID":"EVANS_SOUTH_II","UNIT_NAME":"Evans South II","ORDER_NO":"2025-103","OPERATOR":"Gulfport Energy Transferred to Gulfport Appalachia","STATUS":"EFF","FORMATION":"Utica","ACRES":414.3,"EDIT_DATE":"2026-01-28"},"geometry":{"type":"Polygon","coordinates":[[[-81.077958,40.114038],[-81.080926,40.11277],[-81.114715,40.159626],[-81.11223,40.160688],[-81.111902,40.160828],[-81.077958,40.114038]]]}},{"type":"Feature","properties":{"UNIT_ID":"STIERS_SW","UNIT_NAME":"Stiers SW","ORDER_NO":"2025-102","OPERATOR":"INR Ohio","STATUS":"EFF","FORMATION":"Utica","ACRES":1103.1,"EDIT_DATE":"2025-09-25"},"geometry":{"type":"Polygon","coordinates":[[[-81.441086,39.948521],[-81.439957,39.94898],[-81.439229,39.949754],[-81.439134,39.949855],[-81.439071,39.949919],[-81.439004,39.949981],[-81.438958,39.950021],[-81.438861,39.950098],[-81.438811,39.950134],[-81.438706,39.950201],[-81.438617,39.950258],[-81.43847,39.950336],[-81.438192,39.95048],[-81.433129,39.950366],[-81.428827,39.95025],[-81.404393,39.917053],[-81.404723,39.916921],[-81.410334,39.915646],[-81.410359,39.915711],[-81.413307,39.913646],[-81.414796,39.912812],[-81.441086,39.948521]]]}},{"type":"Feature","properties":{"UNIT_ID":"EVANS_SOUTH_III","UNIT_NAME":"Evans South III","ORDER_NO":"2025-124","OPERATOR":"Gulfport Energy Transferred to Gulfport Appalachia","STATUS":"EFF","FORMATION":"Utica","ACRES":403.3,"EDIT_DATE":"2026-01-28"},"geometry":{"type":"Polygon","coordinates":[[[-81.111902,40.160828],[-81.109417,40.16189],[-81.109089,40.16203],[-81.075118,40.1152],[-81.077958,40.114038],[-81.111902,40.160828]]]}},{"type":"Feature","properties":{"UNIT_ID":"SHADOW_CBR_C","UNIT_NAME":"Shadow CBR C","ORDER_NO":"2025-105","OPERATOR":"EOG Resources","STATUS":"EFF","FORMATION":"Utica","ACRES":1474.3,"EDIT_DATE":"2025-04-11"},"geometry":{"type":"Polygon","coordinates":[[[-81.180971,40.714047],[-81.193562,40.708487],[-81.222311,40.746273],[-81.209715,40.751836],[-81.180971,40.714047]]]}},{"type":"Feature","properties":{"UNIT_ID":"ROBINSON_W_PLT_BL","UNIT_NAME":"Robinson W PLT BL","ORDER_NO":"2025-104","OPERATOR":"Ascent","STATUS":"EFF","FORMATION":"Utica","ACRES":564.0,"EDIT_DATE":"2025-09-25"},"geometry":{"type":"Polygon","coordinates":[[[-80.773219,40.010003],[-80.770767,40.009153],[-80.770576,40.009084],[-80.743415,39.969248],[-80.744333,39.968051],[-80.745401,39.967227],[-80.74629,39.966541],[-80.747204,39.965937],[-80.748001,39.965492],[-80.773858,40.007308],[-80.774423,40.008095],[-80.774416,40.008108],[-80.774409,40.008121],[-80.774403,40.008135],[-80.774397,40.008148],[-80.774392,40.008162],[-80.774388,40.008175],[-80.774384,40.008189],[-80.774381,40.008203],[-80.774379,40.008217],[-80.774377,40.008231],[-80.774376,40.008246],[-80.774375,40.00826],[-80.774375,40.008274],[-80.774399,40.008446],[-80.774401,40.008458],[-80.774404,40.008469],[-80.774407,40.008481],[-80.774411,40.008493],[-80.774415,40.008504],[-80.774419,40.008516],[-80.774424,40.008527],[-80.77443,40.008538],[-80.774436,40.008549],[-80.774443,40.00856],[-80.77445,40.008571],[-80.774457,40.008581],[-80.774465,40.008591],[-80.774474,40.008601],[-80.774483,40.008611],[-80.774492,40.00862],[-80.774502,40.00863],[-80.774512,40.008639],[-80.774523,40.008647],[-80.774534,40.008656],[-80.774545,40.008664],[-80.774557,40.008672],[-80.774569,40.008679],[-80.774065,40.00916],[-80.773893,40.009377],[-80.773433,40.009987],[-80.77339,40.010062],[-80.773219,40.010003]]]}},{"type":"Feature","properties":{"UNIT_ID":"ROBINSON_C_PLT_BL","UNIT_NAME":"Robinson C PLT BL","ORDER_NO":"2025-125","OPERATOR":"Ascent","STATUS":"EFF","FORMATION":"Utica","ACRES":409.5,"EDIT_DATE":"2025-09-25"},"geometry":{"type":"Polygon","coordinates":[[[-80.741072,39.97351],[-80.74118,39.973263],[-80.741729,39.97187],[-80.741537,39.971801],[-80.741817,39.971403],[-80.741883,39.971427],[-80.742173,39.97099],[-80.74266,39.970253],[-80.743415,39.969248],[-80.770576,40.009084],[-80.769772,40.009013],[-80.768519,40.008904],[-80.767531,40.008818],[-80.767526,40.008901],[-80.767371,40.008888],[-80.76735,40.008982],[-80.767325,40.009118],[-80.766956,40.009501],[-80.741072,39.97351]]]}},{"type":"Feature","properties":{"UNIT_ID":"EVANS_SOUTH_IV","UNIT_NAME":"Evans South IV","ORDER_NO":"2025-127","OPERATOR":"Gulfport Energy Transferred to Gulfport Appalachia","STATUS":"EFF","FORMATION":"Utica","ACRES":562.4,"EDIT_DATE":"2026-01-28"},"geometry":{"type":"Polygon","coordinates":[[[-81.109089,40.16203],[-81.106413,40.163174],[-81.100649,40.155232],[-81.099149,40.155873],[-81.07094,40.116976],[-81.074869,40.1153],[-81.075115,40.115195],[-81.075118,40.1152],[-81.109089,40.16203]]]}},{"type":"Feature","properties":{"UNIT_ID":"HOLLYFIELD_CR_MON_SW","UNIT_NAME":"Hollyfield CR MON SW","ORDER_NO":"2025-126","OPERATOR":"EOG Ohio","STATUS":"EFF","FORMATION":"Utica","ACRES":853.5,"EDIT_DATE":"2026-02-26"},"geometry":{"type":"Polygon","coordinates":[[[-81.159086,40.498936],[-81.164246,40.496954],[-81.175375,40.512184],[-81.175348,40.512712],[-81.17577,40.512724],[-81.177518,40.515115],[-81.205749,40.553725],[-81.200975,40.555808],[-81.159086,40.498936]]]}},{"type":"Feature","properties":{"UNIT_ID":"VALERIE_M","UNIT_NAME":"Valerie-M","ORDER_NO":"2025-155","OPERATOR":"Gulfport Energy Transferred to Gulfport Appalachia","STATUS":"EFF","FORMATION":"Marcellus","ACRES":1133.4,"EDIT_DATE":"2025-11-21"},"geometry":{"type":"Polygon","coordinates":[[[-80.848205,39.899442],[-80.844938,39.900538],[-80.844585,39.900656],[-80.841969,39.901533],[-80.842087,39.901741],[-80.842345,39.902198],[-80.842412,39.902315],[-80.839071,39.903738],[-80.824476,39.883407],[-80.811285,39.86502],[-80.812992,39.8629],[-80.813038,39.862842],[-80.812975,39.862723],[-80.813661,39.861889],[-80.818557,39.860441],[-80.819314,39.859661],[-80.819235,39.859614],[-80.819458,39.859391],[-80.848205,39.899442]]]}},{"type":"Feature","properties":{"UNIT_ID":"TOOT_CR_MON_NW","UNIT_NAME":"Toot CR MON NW","ORDER_NO":"2024-90","OPERATOR":"EOG Ohio","STATUS":"EFF","FORMATION":"Utica","ACRES":595.8,"EDIT_DATE":"2026-02-26"},"geometry":{"type":"Polygon","coordinates":[[[-81.206694,40.572782],[-81.206512,40.57797],[-81.206509,40.578049],[-81.203689,40.577983],[-81.175501,40.539862],[-81.179944,40.538102],[-81.180813,40.537756],[-81.191592,40.552504],[-81.206694,40.572782]]]}},{"type":"Feature","properties":{"UNIT_ID":"HOLLYFIELD_CR_MON_SE","UNIT_NAME":"Hollyfield CR MON SE","ORDER_NO":"2025-156","OPERATOR":"EOG Ohio","STATUS":"EFF","FORMATION":"Utica","ACRES":1011.6,"EDIT_DATE":"2026-02-26"},"geometry":{"type":"Polygon","coordinates":[[[-81.191592,40.552504],[-81.180813,40.537756],[-81.179944,40.538102],[-81.179943,40.538103],[-81.152784,40.501356],[-81.159086,40.498936],[-81.200975,40.555808],[-81.195749,40.558087],[-81.191592,40.552504]]]}},{"type":"Feature","properties":{"UNIT_ID":"INDIGO_CBR_B","UNIT_NAME":"Indigo CBR B","ORDER_NO":"2025-158","OPERATOR":"EOG Resources","STATUS":"EFF","FORMATION":"Utica","ACRES":1276.0,"EDIT_DATE":"2025-09-25"},"geometry":{"type":"Polygon","coordinates":[[[-81.17265,40.645771],[-81.171466,40.646314],[-81.161164,40.631763],[-81.16895,40.628323],[-81.169371,40.628335],[-81.209821,40.681418],[-81.202337,40.684726],[-81.17265,40.645771]]]}},{"type":"Feature","properties":{"UNIT_ID":"ECKLEY_CR_CEN_NORTH","UNIT_NAME":"Eckley CR CEN North","ORDER_NO":"2025-159","OPERATOR":"EOG Ohio","STATUS":"EFF","FORMATION":"Utica","ACRES":305.5,"EDIT_DATE":"2026-02-26"},"geometry":{"type":"Polygon","coordinates":[[[-81.105231,40.585493],[-81.107803,40.584391],[-81.115723,40.595326],[-81.134475,40.621232],[-81.134718,40.622347],[-81.135065,40.626668],[-81.105231,40.585493]]]}},{"type":"Feature","properties":{"UNIT_ID":"LEILA_NW_LND_GR","UNIT_NAME":"Leila NW LND GR","ORDER_NO":"2025-164","OPERATOR":"Ascent","STATUS":"EFF","FORMATION":"Utica","ACRES":457.1,"EDIT_DATE":"2025-09-25"},"geometry":{"type":"Polygon","coordinates":[[[-81.297516,40.214364],[-81.257966,40.160776],[-81.259227,40.160256],[-81.259691,40.160065],[-81.260737,40.159634],[-81.298266,40.210483],[-81.300593,40.213633],[-81.300564,40.214393],[-81.298217,40.214375],[-81.297861,40.214373],[-81.297516,40.214364]]]}},{"type":"Feature","properties":{"UNIT_ID":"ECKLEY_CR_CEN_NE","UNIT_NAME":"Eckley CR CEN NE","ORDER_NO":"2025-177","OPERATOR":"EOG Ohio","STATUS":"EFF","FORMATION":"Utica","ACRES":658.2,"EDIT_DATE":"2026-02-26"},"geometry":{"type":"Polygon","coordinates":[[[-81.105231,40.585493],[-81.135065,40.626668],[-81.135083,40.626895],[-81.132437,40.627683],[-81.130196,40.628672],[-81.119435,40.614481],[-81.108277,40.59961],[-81.100321,40.588545],[-81.099798,40.587821],[-81.105231,40.585493]]]}},{"type":"Feature","properties":{"UNIT_ID":"UNA_N_SHC_HR","UNIT_NAME":"Una N SHC HR","ORDER_NO":"2025-163","OPERATOR":"Ascent","STATUS":"EFF","FORMATION":"Utica","ACRES":381.5,"EDIT_DATE":"2025-09-25"},"geometry":{"type":"Polygon","coordinates":[[[-80.916221,40.216951],[-80.917829,40.216271],[-80.918993,40.215779],[-80.919438,40.21559],[-80.947566,40.254484],[-80.944341,40.255835],[-80.916221,40.216951]]]}},{"type":"Feature","properties":{"UNIT_ID":"UNA_W_SHC_HR","UNIT_NAME":"Una W SHC HR","ORDER_NO":"2025-178","OPERATOR":"Ascent","STATUS":"EFF","FORMATION":"Utica","ACRES":381.6,"EDIT_DATE":"2025-09-25"},"geometry":{"type":"Polygon","coordinates":[[[-80.919438,40.21559],[-80.921046,40.21491],[-80.922513,40.21429],[-80.922654,40.21423],[-80.950791,40.253132],[-80.947566,40.254484],[-80.919438,40.21559]]]}},{"type":"Feature","properties":{"UNIT_ID":"LEILA_W_LND_GR","UNIT_NAME":"Leila W LND GR","ORDER_NO":"2025-180","OPERATOR":"Ascent","STATUS":"EFF","FORMATION":"Utica","ACRES":407.7,"EDIT_DATE":"2025-09-25"},"geometry":{"type":"Polygon","coordinates":[[[-81.294164,40.214283],[-81.292878,40.212541],[-81.255443,40.161814],[-81.256705,40.161295],[-81.257153,40.16111],[-81.257966,40.160776],[-81.297516,40.214364],[-81.294164,40.214283]]]}},{"type":"Feature","properties":{"UNIT_ID":"UNA_NW_SHC_HR","UNIT_NAME":"Una NW SHC HR","ORDER_NO":"2025-179","OPERATOR":"Ascent","STATUS":"EFF","FORMATION":"Utica","ACRES":381.2,"EDIT_DATE":"2025-09-25"},"geometry":{"type":"Polygon","coordinates":[[[-80.922654,40.21423],[-80.924263,40.21355],[-80.925867,40.212872],[-80.954012,40.251783],[-80.950791,40.253132],[-80.922654,40.21423]]]}},{"type":"Feature","properties":{"UNIT_ID":"LEILA_N_LND_GR","UNIT_NAME":"Leila N LND GR","ORDER_NO":"2025-181","OPERATOR":"Ascent","STATUS":"EFF","FORMATION":"Utica","ACRES":387.7,"EDIT_DATE":"2025-09-25"},"geometry":{"type":"Polygon","coordinates":[[[-81.291228,40.213124],[-81.290972,40.213079],[-81.290855,40.213055],[-81.290686,40.213019],[-81.290399,40.212997],[-81.290334,40.213003],[-81.290125,40.212892],[-81.289904,40.212971],[-81.289709,40.212707],[-81.253952,40.164252],[-81.253474,40.162625],[-81.254182,40.162334],[-81.255443,40.161814],[-81.292878,40.212541],[-81.291423,40.213134],[-81.291228,40.213124]]]}},{"type":"Feature","properties":{"UNIT_ID":"LEILA_NE_LND_GR","UNIT_NAME":"Leila NE LND GR","ORDER_NO":"2025-182","OPERATOR":"Ascent","STATUS":"EFF","FORMATION":"Utica","ACRES":422.8,"EDIT_DATE":"2025-09-25"},"geometry":{"type":"Polygon","coordinates":[[[-81.250149,40.163994],[-81.252069,40.163204],[-81.252921,40.162853],[-81.289709,40.212707],[-81.289904,40.212971],[-81.287563,40.213798],[-81.287051,40.214005],[-81.250149,40.163994]]]}},{"type":"Feature","properties":{"UNIT_ID":"NORRIS_CL_WES_EAST","UNIT_NAME":"Norris CL WES East","ORDER_NO":"2025-206","OPERATOR":"EOG Ohio","STATUS":"EFF","FORMATION":"Utica","ACRES":637.9,"EDIT_DATE":"2026-02-26"},"geometry":{"type":"Polygon","coordinates":[[[-81.038334,40.687862],[-81.066865,40.726764],[-81.06147,40.729046],[-81.032921,40.690112],[-81.036383,40.688673],[-81.038334,40.687862]]]}},{"type":"Feature","properties":{"UNIT_ID":"NORRIS_CL_WES_WEST","UNIT_NAME":"Norris CL WES West","ORDER_NO":"2025-207","OPERATOR":"EOG Ohio","STATUS":"EFF","FORMATION":"Utica","ACRES":969.4,"EDIT_DATE":"2026-02-26"},"geometry":{"type":"Polygon","coordinates":[[[-81.038334,40.687862],[-81.039976,40.687179],[-81.0412,40.68667],[-81.046545,40.68441],[-81.075068,40.723296],[-81.066865,40.726764],[-81.038334,40.687862]]]}},{"type":"Feature","properties":{"UNIT_ID":"MILLER_E_M","UNIT_NAME":"Miller E-M","ORDER_NO":"2025-208","OPERATOR":"SWN Production","STATUS":"EFF","FORMATION":"Marcellus","ACRES":369.0,"EDIT_DATE":"2025-10-17"},"geometry":{"type":"Polygon","coordinates":[[[-80.937368,39.669526],[-80.927966,39.661235],[-80.930092,39.659777],[-80.976942,39.700549],[-80.974449,39.701688],[-80.937368,39.669526]]]}},{"type":"Feature","properties":{"UNIT_ID":"ELKRUN_JOHNSTON_NORTHEAST_UNIT_24","UNIT_NAME":"Elkrun Johnston Northeast Unit 24","ORDER_NO":"2024-501","OPERATOR":"Hilcorp Energy","STATUS":"EFF","FORMATION":"Utica","ACRES":739.8,"EDIT_DATE":"2025-10-17"},"geometry":{"type":"Polygon","coordinates":[[[-80.664681,40.813419],[-80.664633,40.813432],[-80.664601,40.813441],[-80.66454,40.813458],[-80.664517,40.813465],[-80.664485,40.813474],[-80.664458,40.813481],[-80.664449,40.813484],[-80.664397,40.813499],[-80.664386,40.813502],[-80.664215,40.81355],[-80.664209,40.813552],[-80.664072,40.813591],[-80.66395,40.813625],[-80.663821,40.813661],[-80.663707,40.813694],[-80.663413,40.813776],[-80.663216,40.813832],[-80.662998,40.813894],[-80.662982,40.813898],[-80.662626,40.813999],[-80.662436,40.814052],[-80.662332,40.814082],[-80.661997,40.814176],[-80.661959,40.814187],[-80.661552,40.814302],[-80.661334,40.814364],[-80.661209,40.814399],[-80.660929,40.814478],[-80.660752,40.814528],[-80.660582,40.814576],[-80.660041,40.814729],[-80.660026,40.814733],[-80.659806,40.814795],[-80.659669,40.814834],[-80.659171,40.814974],[-80.659069,40.815003],[-80.659043,40.81501],[-80.658551,40.815149],[-80.658546,40.81515],[-80.65824,40.815237],[-80.657837,40.815351],[-80.657783,40.815366],[-80.657716,40.815273],[-80.657682,40.815226],[-80.657492,40.814964],[-80.657241,40.814616],[-80.657098,40.814419],[-80.656855,40.814084],[-80.656609,40.813744],[-80.656191,40.813166],[-80.656169,40.813135],[-80.656159,40.813122],[-80.656084,40.813018],[-80.655243,40.811857],[-80.654729,40.811146],[-80.654728,40.811146],[-80.654584,40.810947],[-80.65137,40.806507],[-80.651172,40.806234],[-80.651424,40.805965],[-80.652814,40.80448],[-80.649916,40.804478],[-80.649689,40.804161],[-80.645913,40.798878],[-80.645791,40.798707],[-80.645743,40.79864],[-80.64574,40.798636],[-80.645686,40.798559],[-80.645677,40.798547],[-80.645675,40.798544],[-80.645623,40.798472],[-80.645399,40.798157],[-80.645366,40.798112],[-80.645366,40.798111],[-80.645283,40.797996],[-80.645273,40.797982],[-80.645271,40.797979],[-80.645206,40.797888],[-80.645175,40.797844],[-80.645172,40.797841],[-80.645164,40.797829],[-80.645123,40.797772],[-80.645109,40.797752],[-80.645096,40.797734],[-80.645039,40.797655],[-80.644879,40.79743],[-80.644844,40.797381],[-80.64476,40.797264],[-80.644353,40.796694],[-80.644225,40.796515],[-80.644037,40.796252],[-80.643733,40.795827],[-80.643727,40.795818],[-80.633738,40.783552],[-80.634938,40.783013],[-80.640973,40.780377],[-80.641697,40.78006],[-80.648085,40.788303],[-80.648589,40.788954],[-80.652105,40.79349],[-80.654174,40.796158],[-80.656349,40.798963],[-80.658263,40.801432],[-80.65858,40.801841],[-80.658996,40.802378],[-80.660039,40.803722],[-80.660061,40.803751],[-80.660392,40.804177],[-80.660452,40.804255],[-80.660478,40.804289],[-80.659203,40.804587],[-80.660154,40.805909],[-80.660154,40.805916],[-80.660157,40.805914],[-80.660204,40.80598],[-80.660346,40.806177],[-80.660346,40.806188],[-80.660345,40.806265],[-80.660339,40.807484],[-80.660739,40.807808],[-80.66161,40.808927],[-80.661707,40.809052],[-80.662003,40.809432],[-80.662298,40.809811],[-80.662528,40.810107],[-80.66329,40.811085],[-80.663279,40.812278],[-80.66468,40.813062],[-80.664684,40.813144],[-80.664686,40.813183],[-80.664682,40.813381],[-80.664681,40.813419]]]}},{"type":"Feature","properties":{"UNIT_ID":"MILLER_D_M","UNIT_NAME":"Miller D-M","ORDER_NO":"2025-200","OPERATOR":"SWN Production","STATUS":"EFF","FORMATION":"Marcellus","ACRES":421.8,"EDIT_DATE":"2025-10-17"},"geometry":{"type":"Polygon","coordinates":[[[-80.923003,39.653602],[-80.925027,39.652056],[-80.979434,39.69941],[-80.976942,39.700549],[-80.923003,39.653602]]]}},{"type":"Feature","properties":{"UNIT_ID":"KIDD_SOUTH","UNIT_NAME":"Kidd South","ORDER_NO":"2025-215","OPERATOR":"EOG Ohio","STATUS":"EFF","FORMATION":"Utica","ACRES":1092.7,"EDIT_DATE":"2026-02-26"},"geometry":{"type":"Polygon","coordinates":[[[-81.139646,40.304378],[-81.14773,40.315492],[-81.152985,40.31323],[-81.154908,40.315873],[-81.157382,40.319273],[-81.157872,40.319946],[-81.158297,40.32053],[-81.162956,40.326931],[-81.174431,40.342692],[-81.176222,40.345081],[-81.176258,40.345198],[-81.17631,40.345199],[-81.17859,40.348239],[-81.175834,40.349378],[-81.171672,40.343827],[-81.164909,40.346606],[-81.164456,40.346796],[-81.161313,40.342498],[-81.135023,40.306349],[-81.139646,40.304378]]]}},{"type":"Feature","properties":{"UNIT_ID":"KENNETH_LLOYD_SOUTH","UNIT_NAME":"Kenneth Lloyd South","ORDER_NO":"2025-122","OPERATOR":"EOG Ohio","STATUS":"EFF","FORMATION":"Utica","ACRES":1042.5,"EDIT_DATE":"2026-02-26"},"geometry":{"type":"Polygon","coordinates":[[[-81.206077,40.459737],[-81.191216,40.439572],[-81.190656,40.439812],[-81.180867,40.426391],[-81.185278,40.424513],[-81.185298,40.424504],[-81.185303,40.424502],[-81.185394,40.424463],[-81.185621,40.424366],[-81.185664,40.424348],[-81.18586,40.424264],[-81.185903,40.424246],[-81.185921,40.424238],[-81.185933,40.424233],[-81.18595,40.424226],[-81.185978,40.424214],[-81.18598,40.424213],[-81.187111,40.423731],[-81.187225,40.423733],[-81.187748,40.423741],[-81.187862,40.423744],[-81.187932,40.423745],[-81.189499,40.423078],[-81.191531,40.422212],[-81.194188,40.425854],[-81.194244,40.425831],[-81.216059,40.455547],[-81.211731,40.457363],[-81.206077,40.459737]],[[-81.187497,40.430194],[-81.188207,40.42979],[-81.18809,40.429685],[-81.187982,40.429587],[-81.187417,40.429926],[-81.187497,40.430194]]]}},{"type":"Feature","properties":{"UNIT_ID":"BEARCATS_NB_BUF","UNIT_NAME":"Bearcats NB BUF","ORDER_NO":"2025-216","OPERATOR":"EOG Ohio","STATUS":"EFF","FORMATION":"Utica","ACRES":1537.7,"EDIT_DATE":"2026-02-26"},"geometry":{"type":"Polygon","coordinates":[[[-81.452985,39.814026],[-81.463094,39.809709],[-81.466479,39.814482],[-81.49452,39.853692],[-81.498859,39.859725],[-81.488858,39.863968],[-81.484518,39.857935],[-81.481133,39.853162],[-81.45637,39.818798],[-81.452985,39.814026]]]}},{"type":"Feature","properties":{"UNIT_ID":"WILLIAMS_CR_MON_WEST","UNIT_NAME":"Williams CR MON West","ORDER_NO":"2025-224","OPERATOR":"EOG Ohio","STATUS":"EFF","FORMATION":"Utica","ACRES":640.4,"EDIT_DATE":"2026-02-26"},"geometry":{"type":"Polygon","coordinates":[[[-81.196961,40.586831],[-81.196639,40.586976],[-81.164653,40.543783],[-81.166868,40.542814],[-81.16714,40.543175],[-81.170187,40.541967],[-81.197293,40.578599],[-81.197247,40.579832],[-81.197175,40.581775],[-81.19712,40.583261],[-81.197046,40.585269],[-81.197034,40.585439],[-81.197033,40.585455],[-81.19703,40.585499],[-81.197006,40.585863],[-81.196961,40.586831]]]}},{"type":"Feature","properties":{"UNIT_ID":"DAVIS_FARMS_CR_UNI_SW","UNIT_NAME":"Davis Farms CR UNI SW","ORDER_NO":"2025-226","OPERATOR":"EOG Ohio","STATUS":"EFF","FORMATION":"Utica","ACRES":359.0,"EDIT_DATE":"2026-02-26"},"geometry":{"type":"Polygon","coordinates":[[[-81.10999,40.498569],[-81.109759,40.498656],[-81.106589,40.499848],[-81.105406,40.500293],[-81.080298,40.467598],[-81.080621,40.46746],[-81.082873,40.466504],[-81.096403,40.484127],[-81.097489,40.483663],[-81.09825,40.483338],[-81.098729,40.483134],[-81.10999,40.498569]]]}},{"type":"Feature","properties":{"UNIT_ID":"MILLER_A_UPP","UNIT_NAME":"MILLER A-UPP","ORDER_NO":"2025-225","OPERATOR":"SWN Production","STATUS":"EFF","FORMATION":"Utica","ACRES":322.7,"EDIT_DATE":"2025-10-17"},"geometry":{"type":"Polygon","coordinates":[[[-80.990616,39.718303],[-80.986615,39.72009],[-80.967361,39.694702],[-80.971018,39.692464],[-80.990616,39.718303]]]}},{"type":"Feature","properties":{"UNIT_ID":"CHANEY_SOUTH_III","UNIT_NAME":"Chaney South III","ORDER_NO":"2025-223","OPERATOR":"Gulfport Energy Transferred to Gulfport Appalachia","STATUS":"EFF","FORMATION":"Utica","ACRES":332.3,"EDIT_DATE":"2025-12-16"},"geometry":{"type":"Polygon","coordinates":[[[-81.221761,40.216054],[-81.2218,40.215199],[-81.221804,40.215102],[-81.221817,40.214605],[-81.221835,40.213855],[-81.221887,40.212635],[-81.222744,40.212616],[-81.252999,40.254156],[-81.250341,40.255293],[-81.221761,40.216054]]]}},{"type":"Feature","properties":{"UNIT_ID":"CHEETAH_NHS_C","UNIT_NAME":"Cheetah NHS C","ORDER_NO":"2025-232","OPERATOR":"EOG Resources","STATUS":"EFF","FORMATION":"Utica","ACRES":1667.4,"EDIT_DATE":"2025-09-25"},"geometry":{"type":"Polygon","coordinates":[[[-81.599904,39.70361],[-81.61386,39.697575],[-81.641893,39.736237],[-81.627933,39.742275],[-81.599904,39.70361]]]}},{"type":"Feature","properties":{"UNIT_ID":"DAVIS_FARMS_SOUTH_EXTENSION","UNIT_NAME":"Davis Farms South Extension","ORDER_NO":"2025-233","OPERATOR":"EOG Ohio","STATUS":"EFF","FORMATION":"Utica","ACRES":982.7,"EDIT_DATE":"2026-02-26"},"geometry":{"type":"Polygon","coordinates":[[[-81.105406,40.500293],[-81.103198,40.501124],[-81.10109,40.501916],[-81.099827,40.502452],[-81.098912,40.502841],[-81.09658,40.503853],[-81.077096,40.477134],[-81.077988,40.476745],[-81.067668,40.462583],[-81.074739,40.459593],[-81.080621,40.46746],[-81.080298,40.467598],[-81.105406,40.500293]]]}},{"type":"Feature","properties":{"UNIT_ID":"SEIFER_HN_MON_SE","UNIT_NAME":"Seifer HN MON SE","ORDER_NO":"2025-236","OPERATOR":"EOG Ohio","STATUS":"EFF","FORMATION":"Utica","ACRES":648.5,"EDIT_DATE":"2026-02-26"},"geometry":{"type":"Polygon","coordinates":[[[-81.233092,40.392953],[-81.228051,40.395338],[-81.219645,40.383972],[-81.200024,40.358557],[-81.195174,40.352272],[-81.19747,40.351252],[-81.199971,40.350225],[-81.233092,40.392953]]]}},{"type":"Feature","properties":{"UNIT_ID":"SEIFER_HN_MON_SW","UNIT_NAME":"Seifer HN MON SW","ORDER_NO":"2025-235","OPERATOR":"EOG Ohio","STATUS":"EFF","FORMATION":"Utica","ACRES":698.6,"EDIT_DATE":"2026-02-26"},"geometry":{"type":"Polygon","coordinates":[[[-81.238105,40.390581],[-81.233092,40.392953],[-81.199971,40.350225],[-81.205445,40.347977],[-81.211661,40.35609],[-81.238105,40.390581]]]}},{"type":"Feature","properties":{"UNIT_ID":"MCMILLEN_TC_RSH_UNIT","UNIT_NAME":"McMillen TC RSH Unit-","ORDER_NO":"2024-475","OPERATOR":"EOG Ohio","STATUS":"EFF","FORMATION":"Utica","ACRES":1089.2,"EDIT_DATE":"2026-02-26"},"geometry":{"type":"Polygon","coordinates":[[[-81.278422,40.330219],[-81.285525,40.32714],[-81.287804,40.330105],[-81.290084,40.333071],[-81.291175,40.334491],[-81.320738,40.374069],[-81.312923,40.377458],[-81.278422,40.330219]]]}},{"type":"Feature","properties":{"UNIT_ID":"BISHOP_TML_A","UNIT_NAME":"Bishop TML A","ORDER_NO":"2025-239","OPERATOR":"EOG Resources","STATUS":"EFF","FORMATION":"Utica","ACRES":1268.6,"EDIT_DATE":"2026-01-08"},"geometry":{"type":"Polygon","coordinates":[[[-81.291291,40.334646],[-81.301803,40.329912],[-81.316733,40.349313],[-81.315946,40.349648],[-81.33067,40.369762],[-81.320738,40.374069],[-81.291291,40.334646]]]}},{"type":"Feature","properties":{"UNIT_ID":"RANDALL_L_M","UNIT_NAME":"Randall L-M","ORDER_NO":"2025-237","OPERATOR":"SWN Production","STATUS":"EFF","FORMATION":"Marcellus","ACRES":444.6,"EDIT_DATE":"2025-10-17"},"geometry":{"type":"Polygon","coordinates":[[[-80.975381,39.701262],[-80.97783,39.700143],[-81.024615,39.755874],[-81.022228,39.757069],[-80.975381,39.701262]]]}},{"type":"Feature","properties":{"UNIT_ID":"DEERSVILLE_HN_FRA_NW","UNIT_NAME":"Deersville HN FRA NW","ORDER_NO":"2025-238","OPERATOR":"EOG Ohio","STATUS":"EFF","FORMATION":"Utica","ACRES":696.6,"EDIT_DATE":"2026-02-26"},"geometry":{"type":"Polygon","coordinates":[[[-81.227597,40.352598],[-81.223825,40.352574],[-81.223198,40.355124],[-81.187712,40.307147],[-81.188117,40.307159],[-81.188189,40.307161],[-81.18826,40.307163],[-81.188762,40.307178],[-81.190102,40.307217],[-81.191148,40.307248],[-81.192166,40.30722],[-81.192717,40.307207],[-81.193457,40.307241],[-81.193588,40.307255],[-81.193851,40.307284],[-81.193923,40.307254],[-81.194111,40.307178],[-81.194272,40.307125],[-81.194429,40.307091],[-81.227597,40.352598]]]}},{"type":"Feature","properties":{"UNIT_ID":"DEERSVILLE_HN_FRA_NE","UNIT_NAME":"Deersville HN FRA NE","ORDER_NO":"2025-240","OPERATOR":"EOG Ohio","STATUS":"EFF","FORMATION":"Utica","ACRES":705.1,"EDIT_DATE":"2026-02-26"},"geometry":{"type":"Polygon","coordinates":[[[-81.182678,40.309031],[-81.181356,40.30709],[-81.184689,40.307059],[-81.187712,40.307147],[-81.223198,40.355124],[-81.221677,40.360305],[-81.210608,40.345856],[-81.187034,40.314769],[-81.182678,40.309031]]]}},{"type":"Feature","properties":{"UNIT_ID":"ANTOLAK_E_RCH_BL","UNIT_NAME":"Antolak E RCH BL","ORDER_NO":"2025-254","OPERATOR":"Ascent","STATUS":"EFF","FORMATION":"Utica","ACRES":331.3,"EDIT_DATE":"2025-09-25"},"geometry":{"type":"Polygon","coordinates":[[[-80.921367,40.074063],[-80.899501,40.043784],[-80.900935,40.043226],[-80.90302,40.042414],[-80.925987,40.074248],[-80.924524,40.074984],[-80.921367,40.074063]]]}},{"type":"Feature","properties":{"UNIT_ID":"D_L_MAYBERRY_A","UNIT_NAME":"D L Mayberry A","ORDER_NO":"2025-267","OPERATOR":"Grenadier Energy III","STATUS":"EFF","FORMATION":"Utica","ACRES":831.9,"EDIT_DATE":"2025-09-25"},"geometry":{"type":"Polygon","coordinates":[[[-81.184475,40.059091],[-81.183124,40.059155],[-81.182038,40.059379],[-81.181059,40.059324],[-81.178301,40.059607],[-81.177355,40.05985],[-81.177302,40.059841],[-81.144415,40.014589],[-81.150328,40.012113],[-81.184475,40.059091]]]}},{"type":"Feature","properties":{"UNIT_ID":"FAIRFIELD_PHOENIX_NORTHEAST","UNIT_NAME":"Fairfield Phoenix Northeast","ORDER_NO":"2025-273","OPERATOR":"Hilcorp Energy","STATUS":"EFF","FORMATION":"Utica","ACRES":780.4,"EDIT_DATE":"2025-10-17"},"geometry":{"type":"Polygon","coordinates":[[[-80.652101,40.885556],[-80.650981,40.885554],[-80.650981,40.883448],[-80.650986,40.883009],[-80.650986,40.882993],[-80.650987,40.882946],[-80.65099,40.882672],[-80.650993,40.882446],[-80.650993,40.882397],[-80.650996,40.882123],[-80.651,40.881848],[-80.651003,40.881574],[-80.651006,40.8813],[-80.651009,40.881025],[-80.651012,40.880751],[-80.651016,40.880476],[-80.651017,40.880394],[-80.651019,40.880202],[-80.651022,40.879927],[-80.651024,40.879789],[-80.651025,40.879653],[-80.651028,40.879378],[-80.651031,40.879104],[-80.651035,40.878829],[-80.651038,40.878555],[-80.651041,40.878281],[-80.651044,40.878006],[-80.651046,40.877838],[-80.651047,40.877732],[-80.651049,40.877555],[-80.651051,40.877457],[-80.651054,40.877183],[-80.651057,40.876908],[-80.65106,40.876634],[-80.651063,40.876359],[-80.651066,40.876085],[-80.65107,40.87581],[-80.651073,40.875536],[-80.651076,40.875261],[-80.651078,40.875086],[-80.651079,40.874987],[-80.651082,40.874713],[-80.651086,40.874438],[-80.651087,40.874326],[-80.651089,40.874164],[-80.651092,40.873889],[-80.651095,40.873615],[-80.651098,40.87334],[-80.651101,40.873066],[-80.651105,40.872791],[-80.651108,40.872517],[-80.65111,40.872298],[-80.651111,40.872242],[-80.651114,40.871968],[-80.651117,40.871693],[-80.651121,40.871419],[-80.651124,40.871145],[-80.651127,40.87087],[-80.651129,40.870695],[-80.65113,40.870596],[-80.651133,40.870321],[-80.651136,40.870047],[-80.65114,40.869772],[-80.651143,40.869498],[-80.651146,40.869223],[-80.651149,40.868949],[-80.651151,40.868831],[-80.651152,40.868674],[-80.651156,40.8684],[-80.651159,40.868125],[-80.651162,40.867851],[-80.651165,40.867577],[-80.651168,40.867302],[-80.651169,40.867227],[-80.651171,40.867028],[-80.651175,40.866753],[-80.651178,40.866479],[-80.651181,40.866204],[-80.651184,40.86593],[-80.651187,40.865655],[-80.65119,40.865436],[-80.651191,40.865381],[-80.651194,40.865106],[-80.651197,40.864832],[-80.6512,40.864558],[-80.651203,40.864283],[-80.651206,40.864066],[-80.651206,40.864009],[-80.65121,40.863734],[-80.651213,40.86346],[-80.651216,40.863185],[-80.651219,40.862911],[-80.651222,40.862636],[-80.651226,40.862362],[-80.651229,40.862087],[-80.651232,40.861813],[-80.651235,40.86159],[-80.651235,40.861538],[-80.651236,40.861435],[-80.651238,40.861264],[-80.651241,40.86099],[-80.651245,40.860715],[-80.651248,40.860441],[-80.651251,40.860166],[-80.651254,40.859892],[-80.651257,40.859617],[-80.651261,40.859343],[-80.651264,40.859068],[-80.651267,40.858794],[-80.651268,40.858716],[-80.65127,40.858519],[-80.651273,40.858245],[-80.651276,40.858048],[-80.651276,40.85797],[-80.65128,40.857696],[-80.651283,40.857422],[-80.651286,40.857147],[-80.651289,40.856873],[-80.651292,40.856598],[-80.651296,40.856324],[-80.651299,40.856049],[-80.651301,40.855864],[-80.651302,40.855775],[-80.651305,40.8555],[-80.651307,40.855344],[-80.651308,40.855226],[-80.651311,40.854951],[-80.651315,40.854677],[-80.651318,40.854402],[-80.651321,40.854128],[-80.651324,40.853854],[-80.651327,40.853579],[-80.651331,40.853305],[-80.651334,40.85303],[-80.651335,40.852905],[-80.651337,40.852756],[-80.65134,40.852481],[-80.651343,40.852207],[-80.651346,40.851983],[-80.651346,40.851932],[-80.65135,40.851658],[-80.651353,40.851383],[-80.651356,40.851109],[-80.651359,40.850834],[-80.651362,40.85056],[-80.651365,40.85033],[-80.651375,40.849502],[-80.65139,40.848198],[-80.651429,40.848198],[-80.651432,40.848198],[-80.651595,40.848199],[-80.652277,40.848202],[-80.65314,40.848207],[-80.654496,40.848214],[-80.654694,40.848217],[-80.655782,40.84822],[-80.657462,40.848233],[-80.659049,40.848245],[-80.659198,40.848246],[-80.659495,40.84825],[-80.660225,40.848259],[-80.660223,40.850255],[-80.660221,40.851788],[-80.660219,40.854122],[-80.660218,40.855794],[-80.660215,40.858162],[-80.660214,40.859901],[-80.660212,40.862209],[-80.66021,40.863579],[-80.660208,40.865526],[-80.660208,40.866376],[-80.660207,40.866958],[-80.660204,40.868743],[-80.660202,40.870202],[-80.660199,40.87213],[-80.660199,40.872275],[-80.660196,40.874148],[-80.660195,40.874789],[-80.660194,40.875514],[-80.660191,40.877467],[-80.660189,40.878581],[-80.660187,40.880118],[-80.660186,40.880733],[-80.660185,40.880983],[-80.660181,40.884022],[-80.660178,40.885562],[-80.659204,40.885566],[-80.658773,40.885566],[-80.658032,40.885565],[-80.652153,40.885556],[-80.652101,40.885556]]]}},{"type":"Feature","properties":{"UNIT_ID":"D_L_MAYBERRY_B","UNIT_NAME":"D L Mayberry B","ORDER_NO":"2025-268","OPERATOR":"Grenadier Energy III","STATUS":"EFF","FORMATION":"Utica","ACRES":478.9,"EDIT_DATE":"2025-09-25"},"geometry":{"type":"Polygon","coordinates":[[[-81.175981,40.059628],[-81.175305,40.059598],[-81.172491,40.059486],[-81.171931,40.059044],[-81.171026,40.058433],[-81.169827,40.058094],[-81.169909,40.057436],[-81.16872,40.057187],[-81.168421,40.056229],[-81.168025,40.055625],[-81.168269,40.05428],[-81.167559,40.053112],[-81.167468,40.053039],[-81.167444,40.052717],[-81.166565,40.052698],[-81.152472,40.03126],[-81.141459,40.015827],[-81.144415,40.014589],[-81.177302,40.059841],[-81.175981,40.059628]]]}},{"type":"Feature","properties":{"UNIT_ID":"CHANEY_SOUTH_II","UNIT_NAME":"Chaney South II","ORDER_NO":"2025-275","OPERATOR":"Gulfport Energy Transferred to Gulfport Appalachia","STATUS":"EFF","FORMATION":"Utica","ACRES":657.4,"EDIT_DATE":"2026-03-10"},"geometry":{"type":"Polygon","coordinates":[[[-81.24066,40.228242],[-81.25801,40.252012],[-81.255502,40.253085],[-81.252999,40.254156],[-81.222744,40.212616],[-81.223013,40.21261],[-81.223433,40.212615],[-81.224239,40.212625],[-81.224276,40.211787],[-81.224344,40.210307],[-81.224393,40.209226],[-81.224495,40.207018],[-81.22453,40.206285],[-81.224531,40.206254],[-81.224539,40.2061],[-81.24066,40.228242]]]}},{"type":"Feature","properties":{"UNIT_ID":"LANDMAN_GY_CEN_SE","UNIT_NAME":"Landman GY CEN SE","ORDER_NO":"2025-297","OPERATOR":"EOG Ohio","STATUS":"EFF","FORMATION":"Utica","ACRES":1011.8,"EDIT_DATE":"2026-02-26"},"geometry":{"type":"Polygon","coordinates":[[[-81.450134,40.075922],[-81.420316,40.035686],[-81.420379,40.033581],[-81.422322,40.033641],[-81.42072,40.031242],[-81.420659,40.031153],[-81.423021,40.031334],[-81.423071,40.030327],[-81.423144,40.028854],[-81.425772,40.028938],[-81.45753,40.072729],[-81.450134,40.075922]]]}},{"type":"Feature","properties":{"UNIT_ID":"MCFREDERICK_B","UNIT_NAME":"McFrederick B","ORDER_NO":"2025-47","OPERATOR":"SWN Production","STATUS":"EFF","FORMATION":"Utica","ACRES":715.9,"EDIT_DATE":"2025-10-17"},"geometry":{"type":"Polygon","coordinates":[[[-81.06719,39.833129],[-81.052778,39.813685],[-81.056896,39.811918],[-81.09246,39.860186],[-81.09219,39.860302],[-81.098709,39.869277],[-81.098459,39.869383],[-81.098485,39.869415],[-81.094924,39.870943],[-81.06719,39.833129]]]}},{"type":"Feature","properties":{"UNIT_ID":"BANNOCK_NE_UNN_BL","UNIT_NAME":"Bannock NE UNN BL","ORDER_NO":"2025-278","OPERATOR":"Ascent","STATUS":"EFF","FORMATION":"Utica","ACRES":494.6,"EDIT_DATE":"2025-10-17"},"geometry":{"type":"Polygon","coordinates":[[[-81.0457,40.165271],[-81.045697,40.165271],[-81.041566,40.159618],[-81.041296,40.159229],[-81.033537,40.148071],[-81.011314,40.117225],[-81.006607,40.110713],[-81.007723,40.110805],[-81.007845,40.110835],[-81.008054,40.110189],[-81.009499,40.110189],[-81.009505,40.109964],[-81.00984,40.110009],[-81.05071,40.166981],[-81.047929,40.168321],[-81.0457,40.165271]]]}},{"type":"Feature","properties":{"UNIT_ID":"WATKINS_CR_MON_SOUTH","UNIT_NAME":"Watkins CR MON South","ORDER_NO":"2025-279","OPERATOR":"EOG Ohio","STATUS":"EFF","FORMATION":"Utica","ACRES":1046.3,"EDIT_DATE":"2026-02-26"},"geometry":{"type":"Polygon","coordinates":[[[-81.20944,40.523768],[-81.199801,40.527666],[-81.18734,40.511179],[-81.173726,40.493155],[-81.178715,40.491148],[-81.181653,40.489951],[-81.184053,40.488972],[-81.196977,40.506697],[-81.20944,40.523768]]]}},{"type":"Feature","properties":{"UNIT_ID":"ANTOLAK_N_RCH_BL","UNIT_NAME":"Antolak N RCH BL","ORDER_NO":"2025-276","OPERATOR":"Ascent","STATUS":"EFF","FORMATION":"Utica","ACRES":345.3,"EDIT_DATE":"2025-08-18"},"geometry":{"type":"Polygon","coordinates":[[[-80.934158,40.077331],[-80.933273,40.077048],[-80.932471,40.077004],[-80.931582,40.075772],[-80.909534,40.045218],[-80.910941,40.044645],[-80.913005,40.043802],[-80.937314,40.077485],[-80.935879,40.077483],[-80.934158,40.077331]]]}},{"type":"Feature","properties":{"UNIT_ID":"FAIRFIELD_PHOENIX_NORTHWEST","UNIT_NAME":"Fairfield Phoenix Northwest","ORDER_NO":"2025-274","OPERATOR":"Hilcorp Energy","STATUS":"EFF","FORMATION":"Utica","ACRES":833.7,"EDIT_DATE":"2025-10-17"},"geometry":{"type":"Polygon","coordinates":[[[-80.661797,40.885565],[-80.660185,40.885564],[-80.660186,40.880733],[-80.660195,40.874789],[-80.660199,40.87213],[-80.660208,40.866376],[-80.660225,40.848258],[-80.660279,40.848259],[-80.662424,40.848291],[-80.663991,40.848315],[-80.665094,40.848331],[-80.669829,40.848402],[-80.669837,40.849411],[-80.669837,40.849447],[-80.669839,40.849664],[-80.669841,40.849852],[-80.669841,40.849853],[-80.669859,40.85211],[-80.66986,40.852144],[-80.669879,40.854524],[-80.669896,40.856578],[-80.669897,40.856743],[-80.669897,40.856745],[-80.669898,40.860261],[-80.669898,40.861998],[-80.669898,40.861999],[-80.669898,40.863884],[-80.669898,40.863884],[-80.669899,40.869366],[-80.669899,40.870008],[-80.6699,40.871071],[-80.669899,40.871236],[-80.669899,40.871236],[-80.669894,40.872299],[-80.669894,40.872308],[-80.669889,40.873266],[-80.669889,40.873267],[-80.669888,40.873472],[-80.669875,40.876099],[-80.669864,40.878378],[-80.66984,40.88317],[-80.669839,40.883444],[-80.669833,40.884642],[-80.669829,40.885571],[-80.666244,40.885568],[-80.665605,40.885568],[-80.663352,40.885566],[-80.661797,40.885565]]]}},{"type":"Feature","properties":{"UNIT_ID":"BANNOCK_NW_UNN_BL","UNIT_NAME":"Bannock NW UNN BL","ORDER_NO":"2025-283","OPERATOR":"Ascent","STATUS":"EFF","FORMATION":"Utica","ACRES":453.3,"EDIT_DATE":"2025-09-25"},"geometry":{"type":"Polygon","coordinates":[[[-81.00984,40.110009],[-81.010101,40.110043],[-81.010093,40.109976],[-81.010466,40.109946],[-81.010468,40.109887],[-81.012869,40.109395],[-81.051972,40.163904],[-81.051386,40.16558],[-81.051362,40.165646],[-81.05116,40.166224],[-81.051628,40.166539],[-81.05071,40.166981],[-81.00984,40.110009]]]}},{"type":"Feature","properties":{"UNIT_ID":"ANTOLAK_NW_RCH_BL","UNIT_NAME":"Antolak NW RCH BL","ORDER_NO":"2025-320","OPERATOR":"Ascent","STATUS":"EFF","FORMATION":"Utica","ACRES":803.1,"EDIT_DATE":"2025-09-25"},"geometry":{"type":"Polygon","coordinates":[[[-80.913005,40.043802],[-80.917251,40.042071],[-80.920459,40.040706],[-80.931127,40.055496],[-80.947118,40.077346],[-80.945809,40.077366],[-80.945576,40.077369],[-80.944785,40.077381],[-80.944633,40.077388],[-80.944161,40.077399],[-80.943326,40.077435],[-80.939572,40.077496],[-80.937314,40.077485],[-80.913005,40.043802]]]}},{"type":"Feature","properties":{"UNIT_ID":"GOODING_HWS_A","UNIT_NAME":"Gooding HWS A","ORDER_NO":"2025-157","OPERATOR":"EOG Resources","STATUS":"EFF","FORMATION":"Utica","ACRES":1253.5,"EDIT_DATE":"2025-09-25"},"geometry":{"type":"Polygon","coordinates":[[[-81.291679,40.250336],[-81.2938,40.24938],[-81.30166,40.24699],[-81.303861,40.245526],[-81.304295,40.245899],[-81.32931,40.278453],[-81.329454,40.278968],[-81.324391,40.281251],[-81.317735,40.284252],[-81.291679,40.250336]]]}},{"type":"Feature","properties":{"UNIT_ID":"GRAND_W_WRN_BL","UNIT_NAME":"Grand W WRN BL","ORDER_NO":"2025-321","OPERATOR":"Ascent","STATUS":"EFF","FORMATION":"Utica","ACRES":460.4,"EDIT_DATE":"2025-09-25"},"geometry":{"type":"Polygon","coordinates":[[[-81.160565,40.011008],[-81.1637,40.009694],[-81.173021,40.022521],[-81.199005,40.058249],[-81.198876,40.05824],[-81.196797,40.058458],[-81.195116,40.058528],[-81.160565,40.011008]]]}},{"type":"Feature","properties":{"UNIT_ID":"RANDALL_G_M","UNIT_NAME":"Randall G-M","ORDER_NO":"2025-323","OPERATOR":"SWN Production","STATUS":"EFF","FORMATION":"Marcellus","ACRES":454.6,"EDIT_DATE":"2025-08-27"},"geometry":{"type":"Polygon","coordinates":[[[-80.925027,39.652056],[-80.925663,39.651571],[-80.927054,39.650512],[-80.93951,39.661362],[-80.982175,39.697887],[-80.979434,39.69941],[-80.925027,39.652056]]]}},{"type":"Feature","properties":{"UNIT_ID":"RANDALL_F_M_UNIT","UNIT_NAME":"Randall F-M Unit","ORDER_NO":"2025-324","OPERATOR":"SWN Production","STATUS":"EFF","FORMATION":"Marcellus","ACRES":468.6,"EDIT_DATE":"2025-10-17"},"geometry":{"type":"Polygon","coordinates":[[[-80.93951,39.661362],[-80.927054,39.650512],[-80.929557,39.648609],[-80.941579,39.659854],[-80.984916,39.696364],[-80.982175,39.697887],[-80.93951,39.661362]]]}},{"type":"Feature","properties":{"UNIT_ID":"RANDALL_E_M","UNIT_NAME":"Randall E-M","ORDER_NO":"2025-328","OPERATOR":"SWN Production","STATUS":"EFF","FORMATION":"Marcellus","ACRES":505.9,"EDIT_DATE":"2025-10-17"},"geometry":{"type":"Polygon","coordinates":[[[-80.941579,39.659854],[-80.929557,39.648609],[-80.925067,39.645136],[-80.92658,39.642811],[-80.931818,39.646862],[-80.943647,39.658347],[-80.987656,39.69484],[-80.984916,39.696364],[-80.941579,39.659854]]]}},{"type":"Feature","properties":{"UNIT_ID":"LASSO_NE_SHC_HR","UNIT_NAME":"Lasso NE SHC HR","ORDER_NO":"2025-329","OPERATOR":"Ascent","STATUS":"EFF","FORMATION":"Utica","ACRES":541.2,"EDIT_DATE":"2025-10-17"},"geometry":{"type":"Polygon","coordinates":[[[-80.942323,40.295337],[-80.917265,40.261276],[-80.908114,40.24875],[-80.908335,40.248758],[-80.910849,40.24885],[-80.910968,40.248855],[-80.912383,40.248907],[-80.912754,40.24892],[-80.912962,40.248928],[-80.948067,40.296637],[-80.944425,40.298194],[-80.942323,40.295337]]]}},{"type":"Feature","properties":{"UNIT_ID":"COLOGIE_NW_GRN_HR","UNIT_NAME":"Cologie NW GRN HR","ORDER_NO":"2024-263","OPERATOR":"Ascent","STATUS":"EFF","FORMATION":"Utica","ACRES":537.7,"EDIT_DATE":"2025-05-14"},"geometry":{"type":"Polygon","coordinates":[[[-80.913906,40.262716],[-80.914523,40.262452],[-80.915548,40.262013],[-80.917265,40.261276],[-80.942323,40.295337],[-80.944425,40.298194],[-80.944348,40.298231],[-80.956296,40.314448],[-80.953098,40.315832],[-80.913906,40.262716]]]}},{"type":"Feature","properties":{"UNIT_ID":"COLOGIE_NE_GRN_HR","UNIT_NAME":"Cologie NE GRN HR","ORDER_NO":"2024-200","OPERATOR":"Ascent","STATUS":"EFF","FORMATION":"Utica","ACRES":609.3,"EDIT_DATE":"2025-05-14"},"geometry":{"type":"Polygon","coordinates":[[[-80.932071,40.299767],[-80.931995,40.2998],[-80.906864,40.265747],[-80.908983,40.264829],[-80.910339,40.264241],[-80.910621,40.264121],[-80.949817,40.317246],[-80.946127,40.31884],[-80.932071,40.299767]]]}},{"type":"Feature","properties":{"UNIT_ID":"COLOGIE_N_GRN_HR","UNIT_NAME":"Cologie N GRN HR","ORDER_NO":"2024-261","OPERATOR":"Ascent","STATUS":"EFF","FORMATION":"Utica","ACRES":535.2,"EDIT_DATE":"2025-09-25"},"geometry":{"type":"Polygon","coordinates":[[[-80.910621,40.264121],[-80.912264,40.263419],[-80.91378,40.262771],[-80.913906,40.262716],[-80.95305,40.315767],[-80.949769,40.317181],[-80.910621,40.264121]]]}},{"type":"Feature","properties":{"UNIT_ID":"GRAND_NE_WRN_BL","UNIT_NAME":"Grand NE WRN BL","ORDER_NO":"2025-330","OPERATOR":"Ascent","STATUS":"EFF","FORMATION":"Utica","ACRES":396.8,"EDIT_DATE":"2026-01-07"},"geometry":{"type":"Polygon","coordinates":[[[-81.154923,40.013373],[-81.157744,40.012191],[-81.191807,40.059044],[-81.190296,40.058602],[-81.1898,40.05869],[-81.1883,40.058966],[-81.188094,40.059002],[-81.154923,40.013373]]]}},{"type":"Feature","properties":{"UNIT_ID":"GROVE_CL_KNX_SE","UNIT_NAME":"Grove CL KNX SE","ORDER_NO":"2025-332","OPERATOR":"EOG Ohio","STATUS":"EFF","FORMATION":"Utica","ACRES":1026.9,"EDIT_DATE":"2026-02-26"},"geometry":{"type":"Polygon","coordinates":[[[-80.968584,40.792266],[-80.970203,40.792284],[-80.974867,40.792335],[-80.974868,40.792145],[-80.975597,40.792154],[-80.977002,40.792983],[-80.977084,40.793029],[-80.978143,40.793584],[-81.014114,40.84267],[-81.011282,40.843857],[-81.007483,40.845453],[-81.006421,40.844001],[-80.973831,40.799307],[-80.968584,40.792266]]]}},{"type":"Feature","properties":{"UNIT_ID":"LASSO_N_SHC_HR","UNIT_NAME":"Lasso N SHC HR","ORDER_NO":"2025-333","OPERATOR":"Ascent","STATUS":"EFF","FORMATION":"Utica","ACRES":451.0,"EDIT_DATE":"2025-10-17"},"geometry":{"type":"Polygon","coordinates":[[[-80.912962,40.248928],[-80.915076,40.249007],[-80.915151,40.249009],[-80.916358,40.249047],[-80.916642,40.249056],[-80.91718,40.249072],[-80.951207,40.295312],[-80.950649,40.295555],[-80.948092,40.296627],[-80.948067,40.296637],[-80.912962,40.248928]]]}},{"type":"Feature","properties":{"UNIT_ID":"FAIRFIELD_PHOENIX_SOUTHEAST","UNIT_NAME":"Fairfield Phoenix Southeast","ORDER_NO":"2025-334","OPERATOR":"Hilcorp Energy","STATUS":"EFF","FORMATION":"Utica","ACRES":1270.4,"EDIT_DATE":"2025-10-17"},"geometry":{"type":"Polygon","coordinates":[[[-80.638048,40.830307],[-80.625047,40.81282],[-80.624859,40.812568],[-80.622884,40.809925],[-80.622884,40.80985],[-80.622883,40.809816],[-80.622883,40.809726],[-80.622883,40.809689],[-80.630021,40.807649],[-80.632645,40.806896],[-80.633415,40.806675],[-80.633585,40.806902],[-80.634203,40.807732],[-80.634422,40.808025],[-80.634831,40.808573],[-80.635322,40.809232],[-80.635657,40.809681],[-80.636089,40.81026],[-80.63645,40.810744],[-80.636815,40.811233],[-80.637217,40.811772],[-80.637538,40.812202],[-80.638063,40.812906],[-80.638313,40.813241],[-80.638391,40.813346],[-80.6384,40.813358],[-80.63856,40.813572],[-80.638695,40.813752],[-80.638738,40.813811],[-80.638766,40.813848],[-80.638856,40.813969],[-80.638861,40.813975],[-80.638897,40.814024],[-80.63897,40.814122],[-80.638975,40.814128],[-80.639004,40.814167],[-80.639049,40.814232],[-80.639053,40.814238],[-80.639078,40.814273],[-80.639151,40.814371],[-80.639249,40.814502],[-80.639257,40.814512],[-80.639272,40.814532],[-80.639344,40.814622],[-80.639391,40.814686],[-80.639407,40.814707],[-80.63942,40.814725],[-80.639473,40.814796],[-80.639533,40.814876],[-80.639541,40.814886],[-80.639546,40.814894],[-80.639613,40.814984],[-80.639648,40.81503],[-80.639668,40.815057],[-80.639962,40.815452],[-80.639965,40.815455],[-80.640147,40.815695],[-80.640436,40.816076],[-80.640705,40.816429],[-80.640748,40.816492],[-80.640752,40.816498],[-80.640831,40.816613],[-80.640913,40.816732],[-80.640947,40.816778],[-80.64111,40.816994],[-80.641242,40.817176],[-80.641301,40.817272],[-80.64136,40.817367],[-80.641497,40.817595],[-80.641515,40.817623],[-80.641662,40.817854],[-80.641786,40.818052],[-80.641894,40.818242],[-80.641951,40.818355],[-80.642002,40.818457],[-80.642034,40.818515],[-80.642164,40.818742],[-80.642171,40.818754],[-80.642227,40.818842],[-80.642388,40.819076],[-80.642421,40.819121],[-80.642541,40.81928],[-80.64259,40.819345],[-80.642592,40.819348],[-80.64263,40.819395],[-80.642814,40.819616],[-80.642834,40.81964],[-80.643026,40.81986],[-80.643052,40.819888],[-80.643248,40.820101],[-80.643263,40.820117],[-80.643444,40.820308],[-80.643601,40.820486],[-80.643749,40.820666],[-80.643892,40.820856],[-80.643999,40.821004],[-80.644002,40.821008],[-80.644045,40.821068],[-80.644052,40.821077],[-80.644055,40.821082],[-80.644055,40.821082],[-80.644599,40.821812],[-80.644686,40.821929],[-80.645142,40.822274],[-80.645147,40.822275],[-80.64585,40.821971],[-80.646482,40.821698],[-80.646655,40.821925],[-80.654798,40.832642],[-80.66072,40.840458],[-80.660666,40.846496],[-80.66065,40.848264],[-80.660279,40.848259],[-80.66025,40.848258],[-80.660225,40.848258],[-80.660225,40.848259],[-80.659495,40.84825],[-80.659198,40.848246],[-80.659049,40.848245],[-80.657462,40.848233],[-80.655782,40.84822],[-80.654694,40.848217],[-80.654496,40.848214],[-80.65314,40.848207],[-80.653002,40.848206],[-80.652277,40.848202],[-80.651595,40.848199],[-80.651432,40.848198],[-80.651429,40.848198],[-80.651052,40.847689],[-80.65014,40.846461],[-80.65014,40.846458],[-80.649847,40.846063],[-80.648375,40.844081],[-80.638048,40.830307]]]}},{"type":"Feature","properties":{"UNIT_ID":"GRAND_E_WRN_BL","UNIT_NAME":"Grand E WRN BL","ORDER_NO":"2025-331","OPERATOR":"Ascent","STATUS":"EFF","FORMATION":"Utica","ACRES":387.9,"EDIT_DATE":"2025-09-25"},"geometry":{"type":"Polygon","coordinates":[[[-81.152102,40.014556],[-81.154923,40.013373],[-81.188094,40.059002],[-81.187941,40.059029],[-81.18692,40.059011],[-81.185561,40.058816],[-81.184916,40.059048],[-81.184921,40.058858],[-81.184803,40.058856],[-81.18455,40.059089],[-81.184476,40.059092],[-81.152102,40.014556]]]}},{"type":"Feature","properties":{"UNIT_ID":"NAVY_CBR_B","UNIT_NAME":"Navy CBR B","ORDER_NO":"2025-340","OPERATOR":"EOG Resources","STATUS":"EFF","FORMATION":"Utica","ACRES":1463.4,"EDIT_DATE":"2025-09-25"},"geometry":{"type":"Polygon","coordinates":[[[-81.193562,40.708487],[-81.188029,40.701232],[-81.200506,40.69572],[-81.229311,40.733462],[-81.216775,40.739],[-81.193562,40.708487]]]}},{"type":"Feature","properties":{"UNIT_ID":"SADLER_E_SHC_HR","UNIT_NAME":"Sadler E SHC HR","ORDER_NO":"2025-341","OPERATOR":"Ascent","STATUS":"EFF","FORMATION":"Utica","ACRES":448.8,"EDIT_DATE":"2026-01-28"},"geometry":{"type":"Polygon","coordinates":[[[-80.924719,40.211282],[-80.925234,40.211064],[-80.92678,40.210408],[-80.927769,40.209988],[-80.928345,40.209741],[-80.957675,40.250288],[-80.957079,40.250531],[-80.954012,40.251783],[-80.924719,40.211282]]]}},{"type":"Feature","properties":{"UNIT_ID":"UNA_E_SHC_HR","UNIT_NAME":"Una E SHC HR","ORDER_NO":"2024-426","OPERATOR":"Ascent","STATUS":"EFF","FORMATION":"Utica","ACRES":453.3,"EDIT_DATE":"2025-09-25"},"geometry":{"type":"Polygon","coordinates":[[[-80.920068,40.246569],[-80.902632,40.222696],[-80.904962,40.221711],[-80.90657,40.221031],[-80.934665,40.259889],[-80.930942,40.261448],[-80.920068,40.246569]]]}},{"type":"Feature","properties":{"UNIT_ID":"LASSO_NW_SHC_HR","UNIT_NAME":"Lasso NW SHC HR","ORDER_NO":"2025-339","OPERATOR":"Ascent","STATUS":"EFF","FORMATION":"Utica","ACRES":519.1,"EDIT_DATE":"2025-09-25"},"geometry":{"type":"Polygon","coordinates":[[[-80.91718,40.249072],[-80.917385,40.249078],[-80.916629,40.248044],[-80.918051,40.247434],[-80.920068,40.246569],[-80.930942,40.261448],[-80.954875,40.29379],[-80.953806,40.294227],[-80.951207,40.295312],[-80.91718,40.249072]]]}},{"type":"Feature","properties":{"UNIT_ID":"AYERS_SW_MDS_GR","UNIT_NAME":"Ayers SW MDS GR","ORDER_NO":"2025-352","OPERATOR":"Ascent","STATUS":"EFF","FORMATION":"Utica","ACRES":584.3,"EDIT_DATE":"2025-09-25"},"geometry":{"type":"Polygon","coordinates":[[[-81.397937,40.111473],[-81.399223,40.110989],[-81.399172,40.110919],[-81.397905,40.11143],[-81.372385,40.076601],[-81.373645,40.076082],[-81.37087,40.072292],[-81.374665,40.070756],[-81.403204,40.109704],[-81.398246,40.111895],[-81.397937,40.111473]]]}},{"type":"Feature","properties":{"UNIT_ID":"AYERS_SE_MDS_GR","UNIT_NAME":"Ayers SE MDS GR","ORDER_NO":"2025-353","OPERATOR":"Ascent","STATUS":"EFF","FORMATION":"Utica","ACRES":553.2,"EDIT_DATE":"2025-09-25"},"geometry":{"type":"Polygon","coordinates":[[[-81.367241,40.078723],[-81.368341,40.078267],[-81.372385,40.076601],[-81.398246,40.111895],[-81.397007,40.112443],[-81.395813,40.11297],[-81.394308,40.112821],[-81.394724,40.113452],[-81.394683,40.11347],[-81.393184,40.114132],[-81.367241,40.078723]]]}},{"type":"Feature","properties":{"UNIT_ID":"MOONSTONE_SW_SNC_NB","UNIT_NAME":"Moonstone SW SNC NB","ORDER_NO":"2025-354","OPERATOR":"Ascent","STATUS":"EFF","FORMATION":"Utica","ACRES":407.4,"EDIT_DATE":"2026-01-16"},"geometry":{"type":"Polygon","coordinates":[[[-81.384747,39.83602],[-81.382571,39.835978],[-81.346839,39.794628],[-81.349732,39.793142],[-81.351566,39.795266],[-81.385701,39.834836],[-81.385165,39.834826],[-81.385126,39.836028],[-81.384747,39.83602]]]}},{"type":"Feature","properties":{"UNIT_ID":"SADLER_NE_SHC_HR","UNIT_NAME":"Sadler NE SHC HR","ORDER_NO":"2025-359","OPERATOR":"Ascent","STATUS":"EFF","FORMATION":"Utica","ACRES":527.0,"EDIT_DATE":"2025-10-17"},"geometry":{"type":"Polygon","coordinates":[[[-80.957675,40.250288],[-80.928345,40.209741],[-80.928792,40.20955],[-80.929911,40.209077],[-80.931205,40.208529],[-80.931634,40.208345],[-80.969622,40.260848],[-80.966306,40.26221],[-80.957675,40.250288]]]}},{"type":"Feature","properties":{"UNIT_ID":"BISON_NNB_AA","UNIT_NAME":"Bison NNB AA","ORDER_NO":"2025-355","OPERATOR":"EOG Resources","STATUS":"EFF","FORMATION":"Utica","ACRES":1254.4,"EDIT_DATE":"2026-03-31"},"geometry":{"type":"Polygon","coordinates":[[[-81.597712,39.803008],[-81.60703,39.798986],[-81.638711,39.842615],[-81.629389,39.84664],[-81.597712,39.803008]]]}},{"type":"Feature","properties":{"UNIT_ID":"COBALT_CBR_A","UNIT_NAME":"Cobalt CBR A","ORDER_NO":"2025-387","OPERATOR":"EOG Resources","STATUS":"EFF","FORMATION":"Utica","ACRES":1771.2,"EDIT_DATE":"2025-10-27"},"geometry":{"type":"Polygon","coordinates":[[[-81.169371,40.628335],[-81.170135,40.628359],[-81.172958,40.628443],[-81.176209,40.628541],[-81.176209,40.628527],[-81.176211,40.628527],[-81.17622,40.628325],[-81.176243,40.627846],[-81.176272,40.627373],[-81.176319,40.626496],[-81.176456,40.623969],[-81.176599,40.621279],[-81.176633,40.62128],[-81.176753,40.619417],[-81.177028,40.615114],[-81.177168,40.615055],[-81.214329,40.663825],[-81.200924,40.669751],[-81.169371,40.628335]]]}},{"type":"Feature","properties":{"UNIT_ID":"MOONSTONE_S_SNC_NB","UNIT_NAME":"Moonstone S SNC NB","ORDER_NO":"2025-356","OPERATOR":"Ascent","STATUS":"EFF","FORMATION":"Utica","ACRES":413.8,"EDIT_DATE":"2026-01-16"},"geometry":{"type":"Polygon","coordinates":[[[-81.343877,39.79615],[-81.346839,39.794628],[-81.382571,39.835978],[-81.3822,39.835971],[-81.381161,39.836456],[-81.380935,39.836561],[-81.379405,39.837268],[-81.343877,39.79615]]]}},{"type":"Feature","properties":{"UNIT_ID":"RUFENER_E_M","UNIT_NAME":"Rufener E-M","ORDER_NO":"2025-404","OPERATOR":"SWN Production","STATUS":"EFF","FORMATION":"Marcellus","ACRES":512.5,"EDIT_DATE":"2025-10-17"},"geometry":{"type":"Polygon","coordinates":[[[-80.995039,39.689362],[-80.992578,39.691189],[-80.947783,39.655331],[-80.92823,39.640209],[-80.929555,39.638126],[-80.949851,39.653824],[-80.995039,39.689362]]]}},{"type":"Feature","properties":{"UNIT_ID":"RUFENER_F_M","UNIT_NAME":"Rufener F-M","ORDER_NO":"2025-395","OPERATOR":"SWN Production","STATUS":"EFF","FORMATION":"Marcellus","ACRES":395.6,"EDIT_DATE":"2025-10-23"},"geometry":{"type":"Polygon","coordinates":[[[-80.992578,39.691189],[-80.990117,39.693015],[-80.945697,39.656826],[-80.941837,39.653838],[-80.943844,39.652286],[-80.947783,39.655331],[-80.992578,39.691189]]]}},{"type":"Feature","properties":{"UNIT_ID":"MOONSTONE_SE_SNC_NB","UNIT_NAME":"Moonstone SE SNC NB","ORDER_NO":"2025-394","OPERATOR":"Ascent","STATUS":"EFF","FORMATION":"Utica","ACRES":409.2,"EDIT_DATE":"2026-01-16"},"geometry":{"type":"Polygon","coordinates":[[[-81.377656,39.837718],[-81.376944,39.837703],[-81.375663,39.837675],[-81.375475,39.837671],[-81.340915,39.797672],[-81.343877,39.79615],[-81.379405,39.837268],[-81.378395,39.837734],[-81.377656,39.837718]]]}},{"type":"Feature","properties":{"UNIT_ID":"RUFENER_D_M","UNIT_NAME":"Rufener D-M","ORDER_NO":"2025-388","OPERATOR":"SWN Production","STATUS":"EFF","FORMATION":"Marcellus","ACRES":517.8,"EDIT_DATE":"2025-10-17"},"geometry":{"type":"Polygon","coordinates":[[[-80.949852,39.653824],[-80.929556,39.638127],[-80.930881,39.636044],[-80.935508,39.639623],[-80.948514,39.649684],[-80.95192,39.652316],[-80.961369,39.659623],[-80.997499,39.687536],[-80.995039,39.689362],[-80.949852,39.653824]]]}},{"type":"Feature","properties":{"UNIT_ID":"SUNFISH_GY_CEN_EAST","UNIT_NAME":"Sunfish GY CEN East","ORDER_NO":"2025-403","OPERATOR":"EOG Ohio","STATUS":"EFF","FORMATION":"Utica","ACRES":1093.6,"EDIT_DATE":"2026-02-26"},"geometry":{"type":"Polygon","coordinates":[[[-81.543735,40.058086],[-81.52224,40.028667],[-81.518838,40.030177],[-81.490355,39.991145],[-81.490729,39.991149],[-81.490911,39.991151],[-81.493131,39.991177],[-81.493649,39.991192],[-81.490365,39.986698],[-81.492939,39.986786],[-81.495841,39.986885],[-81.543377,40.051992],[-81.546854,40.056748],[-81.543735,40.058086]]]}},{"type":"Feature","properties":{"UNIT_ID":"ORYX_NSH","UNIT_NAME":"Oryx NSH","ORDER_NO":"2025-416","OPERATOR":"EOG Resources","STATUS":"COI","FORMATION":"Utica","ACRES":2201.6,"EDIT_DATE":"2025-10-20"},"geometry":{"type":"Polygon","coordinates":[[[-81.605466,39.756919],[-81.580132,39.721961],[-81.548087,39.677686],[-81.557082,39.673801],[-81.614467,39.75303],[-81.605466,39.756919]]]}},{"type":"Feature","properties":{"UNIT_ID":"GAZELLE_NSH","UNIT_NAME":"Gazelle NSH","ORDER_NO":"2025-405","OPERATOR":"EOG Resources","STATUS":"EFF","FORMATION":"Utica","ACRES":2201.5,"EDIT_DATE":"2026-07-20"},"geometry":{"type":"Polygon","coordinates":[[[-81.557082,39.673801],[-81.566075,39.669916],[-81.623467,39.749141],[-81.614467,39.75303],[-81.557082,39.673801]]]}},{"type":"Feature","properties":{"UNIT_ID":"RUBEL_SW","UNIT_NAME":"Rubel SW","ORDER_NO":"2025-406","OPERATOR":"INR Ohio","STATUS":"EFF","FORMATION":"Utica","ACRES":914.7,"EDIT_DATE":"2026-01-16"},"geometry":{"type":"Polygon","coordinates":[[[-81.435089,39.89006],[-81.435669,39.889803],[-81.441577,39.887186],[-81.463164,39.916515],[-81.46316,39.916582],[-81.463214,39.916583],[-81.468427,39.923661],[-81.467195,39.923628],[-81.462879,39.923514],[-81.462869,39.923762],[-81.462865,39.923818],[-81.462724,39.92582],[-81.462676,39.927251],[-81.462675,39.927278],[-81.46197,39.927402],[-81.46052,39.927674],[-81.434137,39.891828],[-81.434153,39.890474],[-81.435089,39.89006]]]}},{"type":"Feature","properties":{"UNIT_ID":"SUNFISH_GY_CEN_WEST","UNIT_NAME":"Sunfish GY CEN West","ORDER_NO":"2025-414","OPERATOR":"EOG Ohio","STATUS":"EFF","FORMATION":"Utica","ACRES":630.2,"EDIT_DATE":"2026-02-26"},"geometry":{"type":"Polygon","coordinates":[[[-81.495841,39.986885],[-81.496141,39.986896],[-81.496199,39.986175],[-81.496685,39.986167],[-81.49717,39.98616],[-81.497238,39.986158],[-81.497273,39.985617],[-81.497283,39.98545],[-81.497303,39.985141],[-81.497367,39.984871],[-81.497443,39.984606],[-81.497614,39.984008],[-81.49766,39.983922],[-81.497703,39.98384],[-81.497706,39.983833],[-81.522346,40.017597],[-81.546497,40.050655],[-81.543377,40.051992],[-81.495841,39.986885]]]}},{"type":"Feature","properties":{"UNIT_ID":"PROSSER_NE_UNN_BL","UNIT_NAME":"Prosser NE UNN BL","ORDER_NO":"2025-415","OPERATOR":"Ascent","STATUS":"EFF","FORMATION":"Utica","ACRES":876.0,"EDIT_DATE":"2025-10-31"},"geometry":{"type":"Polygon","coordinates":[[[-81.012869,40.109395],[-81.014052,40.109153],[-81.014156,40.109299],[-81.014427,40.109308],[-81.016366,40.109374],[-81.016507,40.10938],[-81.017718,40.109424],[-81.019185,40.109478],[-81.019416,40.109485],[-81.054912,40.156583],[-81.054857,40.156649],[-81.054698,40.156892],[-81.05386,40.15831],[-81.052918,40.160247],[-81.052696,40.16179],[-81.052475,40.162448],[-81.052127,40.163459],[-81.051972,40.163904],[-81.012869,40.109395]]]}},{"type":"Feature","properties":{"UNIT_ID":"MOONSTONE_E_SNC_NB","UNIT_NAME":"Moonstone E SNC NB","ORDER_NO":"2025-417","OPERATOR":"Ascent","STATUS":"EFF","FORMATION":"Utica","ACRES":434.4,"EDIT_DATE":"2026-01-16"},"geometry":{"type":"Polygon","coordinates":[[[-81.337769,39.799288],[-81.340915,39.797672],[-81.375475,39.837671],[-81.374659,39.837654],[-81.374626,39.839163],[-81.374606,39.840081],[-81.373513,39.840659],[-81.337769,39.799288]]]}},{"type":"Feature","properties":{"UNIT_ID":"FAIRFIELD_PHOENIX_SOUTHWEST_UNIT_25","UNIT_NAME":"Fairfield Phoenix Southwest Unit 25","ORDER_NO":"2025-420","OPERATOR":"Hilcorp Energy","STATUS":"EFF","FORMATION":"Utica","ACRES":1276.7,"EDIT_DATE":"2025-11-24"},"geometry":{"type":"Polygon","coordinates":[[[-80.644241,40.802649],[-80.644606,40.803147],[-80.646261,40.805398],[-80.646745,40.806056],[-80.647532,40.807126],[-80.647545,40.807145],[-80.647881,40.807602],[-80.648231,40.808078],[-80.64833,40.80832],[-80.648358,40.808382],[-80.648393,40.80845],[-80.648433,40.808517],[-80.648584,40.808751],[-80.648641,40.808832],[-80.648716,40.808931],[-80.648815,40.809061],[-80.648819,40.809067],[-80.648904,40.809177],[-80.648984,40.809281],[-80.649141,40.809491],[-80.649212,40.809591],[-80.649292,40.809704],[-80.649447,40.809927],[-80.649606,40.810156],[-80.649699,40.810291],[-80.649765,40.810387],[-80.649922,40.810613],[-80.649931,40.810627],[-80.649958,40.810667],[-80.650077,40.810841],[-80.650094,40.810865],[-80.650257,40.811094],[-80.650276,40.81112],[-80.650447,40.811348],[-80.650616,40.811573],[-80.650784,40.811798],[-80.650872,40.811918],[-80.650951,40.812024],[-80.65112,40.812251],[-80.651123,40.812255],[-80.651291,40.812479],[-80.651457,40.812704],[-80.651476,40.812729],[-80.651549,40.812828],[-80.651555,40.812837],[-80.651623,40.81293],[-80.651792,40.813159],[-80.651958,40.813384],[-80.652116,40.813601],[-80.652197,40.813714],[-80.652278,40.813827],[-80.652444,40.814059],[-80.652447,40.814062],[-80.652447,40.814062],[-80.652612,40.814291],[-80.652616,40.814296],[-80.652775,40.814513],[-80.652826,40.814587],[-80.652839,40.814606],[-80.65292,40.81472],[-80.653066,40.814941],[-80.653219,40.81517],[-80.653336,40.815347],[-80.653372,40.8154],[-80.65341,40.815458],[-80.653524,40.815632],[-80.653547,40.815665],[-80.653709,40.815895],[-80.653733,40.815928],[-80.6539,40.816149],[-80.65403,40.816326],[-80.654061,40.816368],[-80.654219,40.816587],[-80.654232,40.816606],[-80.654403,40.816834],[-80.654404,40.816836],[-80.654411,40.816845],[-80.654554,40.817032],[-80.65458,40.817067],[-80.654624,40.817126],[-80.654745,40.817286],[-80.654808,40.817371],[-80.654909,40.817508],[-80.655073,40.817731],[-80.655158,40.817848],[-80.655196,40.8179],[-80.655236,40.817955],[-80.655242,40.817962],[-80.655381,40.818156],[-80.655398,40.818179],[-80.655542,40.81838],[-80.655543,40.818382],[-80.65556,40.818406],[-80.655567,40.818415],[-80.655619,40.818487],[-80.655734,40.818643],[-80.656568,40.8198],[-80.656758,40.820064],[-80.657038,40.820452],[-80.657192,40.820666],[-80.657623,40.82049],[-80.65828,40.820221],[-80.658491,40.820447],[-80.660445,40.82252],[-80.664239,40.827013],[-80.66507,40.82769],[-80.667232,40.830215],[-80.667651,40.830639],[-80.668131,40.831138],[-80.669394,40.832536],[-80.669943,40.832538],[-80.669936,40.832974],[-80.669919,40.833949],[-80.669902,40.834918],[-80.669859,40.837422],[-80.669818,40.839814],[-80.669778,40.842116],[-80.669778,40.84228],[-80.669807,40.845786],[-80.669828,40.848389],[-80.669829,40.848402],[-80.668193,40.848377],[-80.665094,40.848331],[-80.663991,40.848315],[-80.662424,40.848291],[-80.66065,40.848264],[-80.660666,40.846496],[-80.66072,40.840458],[-80.654798,40.832642],[-80.647545,40.823096],[-80.646655,40.821925],[-80.646482,40.821698],[-80.64585,40.821971],[-80.645181,40.82226],[-80.645147,40.822275],[-80.645145,40.822273],[-80.645142,40.822274],[-80.645121,40.822247],[-80.644996,40.82208],[-80.644977,40.822055],[-80.644888,40.821937],[-80.644885,40.821932],[-80.644789,40.821806],[-80.644719,40.821712],[-80.64465,40.82162],[-80.644609,40.821565],[-80.644531,40.821461],[-80.644494,40.821413],[-80.644453,40.821357],[-80.644397,40.821283],[-80.644387,40.82127],[-80.644297,40.821151],[-80.644291,40.821143],[-80.644188,40.821005],[-80.64418,40.820994],[-80.644102,40.82089],[-80.64409,40.820875],[-80.644004,40.82076],[-80.643951,40.82069],[-80.643873,40.820586],[-80.643815,40.820508],[-80.643723,40.820387],[-80.64364,40.820276],[-80.643586,40.820203],[-80.643452,40.820026],[-80.643393,40.819948],[-80.643271,40.819785],[-80.643228,40.819728],[-80.643099,40.819556],[-80.643071,40.819518],[-80.643018,40.819448],[-80.642936,40.819339],[-80.642858,40.819235],[-80.642826,40.819193],[-80.642708,40.819035],[-80.642607,40.818901],[-80.642444,40.818684],[-80.642308,40.818503],[-80.642193,40.81835],[-80.642041,40.818147],[-80.641924,40.817992],[-80.641811,40.817841],[-80.641697,40.81769],[-80.641527,40.817463],[-80.641381,40.817269],[-80.641317,40.817185],[-80.641084,40.816874],[-80.641025,40.816796],[-80.640982,40.816738],[-80.640796,40.816491],[-80.640701,40.816364],[-80.640518,40.81612],[-80.640423,40.815994],[-80.640421,40.815991],[-80.640018,40.815454],[-80.639895,40.815291],[-80.639501,40.814767],[-80.639367,40.814589],[-80.638956,40.814042],[-80.638865,40.81392],[-80.638376,40.81327],[-80.638289,40.813153],[-80.637847,40.812565],[-80.637718,40.812394],[-80.637395,40.811963],[-80.637187,40.811687],[-80.636954,40.811376],[-80.636773,40.811136],[-80.636489,40.810757],[-80.636374,40.810604],[-80.636036,40.810154],[-80.635821,40.809868],[-80.635568,40.809531],[-80.635356,40.809249],[-80.635055,40.808848],[-80.634934,40.808687],[-80.634553,40.80818],[-80.634407,40.807985],[-80.63406,40.807524],[-80.633877,40.80728],[-80.633413,40.806661],[-80.64414,40.802662],[-80.64422,40.80265],[-80.644229,40.802648],[-80.644239,40.802647],[-80.644241,40.802649]]]}},{"type":"Feature","properties":{"UNIT_ID":"ENGLE_HN_FRA_NW","UNIT_NAME":"Engle HN FRA NW","ORDER_NO":"2025-418","OPERATOR":"EOG Ohio","STATUS":"EFF","FORMATION":"Utica","ACRES":792.7,"EDIT_DATE":"2026-02-26"},"geometry":{"type":"Polygon","coordinates":[[[-81.260513,40.332994],[-81.265559,40.330822],[-81.268324,40.3346],[-81.27673,40.346096],[-81.279422,40.349776],[-81.304075,40.38347],[-81.302639,40.383458],[-81.300904,40.383425],[-81.297417,40.383338],[-81.274412,40.351966],[-81.27169,40.348253],[-81.260513,40.332994]]]}},{"type":"Feature","properties":{"UNIT_ID":"SHULA_TWR_B","UNIT_NAME":"Shula TWR B","ORDER_NO":"2025-425","OPERATOR":"EOG Resources","STATUS":"EFF","FORMATION":"Utica","ACRES":1241.3,"EDIT_DATE":"2026-01-07"},"geometry":{"type":"Polygon","coordinates":[[[-81.29628,40.517419],[-81.294041,40.514364],[-81.291354,40.510698],[-81.302027,40.506144],[-81.329949,40.544233],[-81.319272,40.54879],[-81.297693,40.519347],[-81.29628,40.517419]]]}},{"type":"Feature","properties":{"UNIT_ID":"EZEKIEL_NE_WRN_BL","UNIT_NAME":"Ezekiel NE WRN BL","ORDER_NO":"2025-453","OPERATOR":"Ascent","STATUS":"EFF","FORMATION":"Utica","ACRES":682.2,"EDIT_DATE":"2026-01-07"},"geometry":{"type":"Polygon","coordinates":[[[-81.230702,40.038456],[-81.206476,40.005164],[-81.206147,40.005306],[-81.205664,40.004643],[-81.205667,40.004513],[-81.205679,40.004492],[-81.206678,40.004198],[-81.206794,40.004164],[-81.208194,40.003751],[-81.210698,40.005787],[-81.212886,40.007566],[-81.214815,40.007588],[-81.217015,40.007612],[-81.217173,40.007497],[-81.239754,40.038519],[-81.239206,40.038507],[-81.236727,40.038456],[-81.230711,40.038325],[-81.230702,40.038456]]]}},{"type":"Feature","properties":{"UNIT_ID":"ENGLE_HN_FRA_NE","UNIT_NAME":"Engle HN FRA NE","ORDER_NO":"2025-424","OPERATOR":"EOG Ohio","STATUS":"EFF","FORMATION":"Utica","ACRES":1133.4,"EDIT_DATE":"2026-02-26"},"geometry":{"type":"Polygon","coordinates":[[[-81.252862,40.336287],[-81.260513,40.332994],[-81.27169,40.348253],[-81.274419,40.351975],[-81.297417,40.383338],[-81.29616,40.383306],[-81.294266,40.383259],[-81.293527,40.383223],[-81.293429,40.383218],[-81.293312,40.383216],[-81.292343,40.383191],[-81.291307,40.383165],[-81.288178,40.383096],[-81.287275,40.383076],[-81.272803,40.363422],[-81.266813,40.355272],[-81.264055,40.35152],[-81.25888,40.344478],[-81.257687,40.342854],[-81.252862,40.336287]]]}},{"type":"Feature","properties":{"UNIT_ID":"JESSE_STALDER_A","UNIT_NAME":"Jesse Stalder A","ORDER_NO":"2024-432","OPERATOR":"SWN Production","STATUS":"EFF","FORMATION":"Utica","ACRES":634.7,"EDIT_DATE":"2026-02-27"},"geometry":{"type":"Polygon","coordinates":[[[-81.06874,39.80545],[-81.072884,39.80367],[-81.077743,39.810264],[-81.077723,39.810624],[-81.078014,39.810632],[-81.10925,39.852982],[-81.105066,39.854777],[-81.06874,39.80545]]]}},{"type":"Feature","properties":{"UNIT_ID":"YOUNG_I","UNIT_NAME":"Young I","ORDER_NO":"2025-419","OPERATOR":"Gulfport Energy Transferred to Gulfport Appalachia","STATUS":"EFF","FORMATION":"Utica","ACRES":413.6,"EDIT_DATE":"2025-11-21"},"geometry":{"type":"Polygon","coordinates":[[[-81.07314,40.149376],[-81.037856,40.100679],[-81.040628,40.099495],[-81.052384,40.115728],[-81.075914,40.148192],[-81.07314,40.149376]]]}},{"type":"Feature","properties":{"UNIT_ID":"BISON_NNB_B","UNIT_NAME":"Bison NNB B","ORDER_NO":"2025-429","OPERATOR":"EOG Resources","STATUS":"EFF","FORMATION":"Utica","ACRES":935.7,"EDIT_DATE":"2026-04-28"},"geometry":{"type":"Polygon","coordinates":[[[-81.60703,39.798986],[-81.597712,39.803008],[-81.574111,39.770457],[-81.583426,39.766437],[-81.60703,39.798986]]]}},{"type":"Feature","properties":{"UNIT_ID":"RUFENER_G_M","UNIT_NAME":"Rufener G-M","ORDER_NO":"2025-430","OPERATOR":"SWN Production","STATUS":"EFF","FORMATION":"Marcellus","ACRES":424.0,"EDIT_DATE":"2025-11-12"},"geometry":{"type":"Polygon","coordinates":[[[-80.945697,39.656826],[-80.990117,39.693015],[-80.990618,39.693423],[-80.995118,39.700604],[-80.992548,39.701589],[-80.988879,39.695854],[-80.987656,39.69484],[-80.943647,39.658347],[-80.945697,39.656826]]]}},{"type":"Feature","properties":{"UNIT_ID":"MILLER_A","UNIT_NAME":"Miller A","ORDER_NO":"2016-39","OPERATOR":"Ascent","STATUS":"EFF","FORMATION":"Utica","ACRES":501.2,"EDIT_DATE":"2025-09-25"},"geometry":{"type":"Polygon","coordinates":[[[-80.818043,40.016955],[-80.817826,40.017546],[-80.805114,40.017041],[-80.78039,40.003785],[-80.780727,40.002697],[-80.780367,40.002514],[-80.78391,39.998597],[-80.785474,39.999409],[-80.818043,40.016955]]]}},{"type":"Feature","properties":{"UNIT_ID":"YOUNG_II","UNIT_NAME":"Young II","ORDER_NO":"2025-437","OPERATOR":"Gulfport Energy Transferred to Gulfport Appalachia","STATUS":"EFF","FORMATION":"Utica","ACRES":431.1,"EDIT_DATE":"2025-12-04"},"geometry":{"type":"Polygon","coordinates":[[[-81.037856,40.100679],[-81.07314,40.149376],[-81.070249,40.150611],[-81.034966,40.101913],[-81.037856,40.100679]]]}},{"type":"Feature","properties":{"UNIT_ID":"GOOD_SHEPHERD_HN_GMN_SE","UNIT_NAME":"Good Shepherd HN GMN SE","ORDER_NO":"2025-442","OPERATOR":"EOG Ohio","STATUS":"EFF","FORMATION":"Utica","ACRES":1117.2,"EDIT_DATE":"2026-04-13"},"geometry":{"type":"Polygon","coordinates":[[[-80.932212,40.336757],[-80.967543,40.385543],[-80.967024,40.385758],[-80.959962,40.388679],[-80.948779,40.37325],[-80.92475,40.339986],[-80.927337,40.338867],[-80.932212,40.336757]]]}},{"type":"Feature","properties":{"UNIT_ID":"GOOD_SHEPHERD_HN_GMN_SW","UNIT_NAME":"Good Shepherd HN GMN SW","ORDER_NO":"2025-438","OPERATOR":"EOG Ohio","STATUS":"EFF","FORMATION":"Utica","ACRES":1121.9,"EDIT_DATE":"2026-02-26"},"geometry":{"type":"Polygon","coordinates":[[[-80.933345,40.336267],[-80.936467,40.334916],[-80.939589,40.333565],[-80.939672,40.333528],[-80.942125,40.336838],[-80.95649,40.356689],[-80.969609,40.374799],[-80.973895,40.380712],[-80.974676,40.381791],[-80.975286,40.382057],[-80.975501,40.38225],[-80.967543,40.385543],[-80.932212,40.336757],[-80.933345,40.336267]]]}},{"type":"Feature","properties":{"UNIT_ID":"ARCHIE_NW_WYN_JF","UNIT_NAME":"Archie NW WYN JF","ORDER_NO":"2025-443","OPERATOR":"Ascent","STATUS":"EFF","FORMATION":"Utica","ACRES":451.1,"EDIT_DATE":"2025-11-19"},"geometry":{"type":"Polygon","coordinates":[[[-80.827834,40.33786],[-80.827836,40.33746],[-80.827443,40.336917],[-80.828776,40.336329],[-80.83037,40.335626],[-80.864328,40.382543],[-80.861122,40.383799],[-80.827834,40.33786]]]}},{"type":"Feature","properties":{"UNIT_ID":"STORM_HWS_A","UNIT_NAME":"Storm HWS A","ORDER_NO":"2025-444","OPERATOR":"EOG Ohio","STATUS":"EFF","FORMATION":"Utica","ACRES":1919.4,"EDIT_DATE":"2026-05-26"},"geometry":{"type":"Polygon","coordinates":[[[-81.328987,40.29888],[-81.31524,40.305077],[-81.281088,40.260657],[-81.284344,40.25919],[-81.294844,40.254458],[-81.317735,40.284252],[-81.328987,40.29888]]]}},{"type":"Feature","properties":{"UNIT_ID":"ARCHIE_N_WYN_JF","UNIT_NAME":"Archie N WYN JF","ORDER_NO":"2025-452","OPERATOR":"Ascent","STATUS":"EFF","FORMATION":"Utica","ACRES":441.6,"EDIT_DATE":"2025-11-26"},"geometry":{"type":"Polygon","coordinates":[[[-80.854126,40.37981],[-80.824069,40.338324],[-80.825836,40.338564],[-80.825843,40.338246],[-80.826024,40.338193],[-80.826779,40.337971],[-80.826768,40.338447],[-80.82684,40.338426],[-80.826833,40.339017],[-80.827017,40.338962],[-80.82687,40.338686],[-80.826879,40.338317],[-80.827203,40.338274],[-80.827083,40.337919],[-80.827834,40.337902],[-80.827834,40.33786],[-80.861122,40.383799],[-80.857926,40.385051],[-80.854126,40.37981]]]}},{"type":"Feature","properties":{"UNIT_ID":"RONALD_N_SMF_JF","UNIT_NAME":"Ronald N SMF JF","ORDER_NO":"2025-445","OPERATOR":"Ascent","STATUS":"EFF","FORMATION":"Utica","ACRES":564.2,"EDIT_DATE":"2026-01-08"},"geometry":{"type":"Polygon","coordinates":[[[-80.816297,40.244468],[-80.816314,40.244461],[-80.82468,40.240925],[-80.825072,40.240758],[-80.827151,40.243694],[-80.839168,40.260314],[-80.840348,40.261948],[-80.831603,40.265634],[-80.816297,40.244468]]]}},{"type":"Feature","properties":{"UNIT_ID":"RH_SPARGER_SW_NTG_HR","UNIT_NAME":"RH Sparger SW NTG HR","ORDER_NO":"2025-453","OPERATOR":"Ascent","STATUS":"EFF","FORMATION":"Utica","ACRES":465.4,"EDIT_DATE":"2026-01-07"},"geometry":{"type":"Polygon","coordinates":[[[-81.107056,40.21101],[-81.110772,40.209466],[-81.136886,40.245425],[-81.140726,40.250708],[-81.13856,40.251578],[-81.138375,40.251653],[-81.136987,40.252211],[-81.107056,40.21101]]]}},{"type":"Feature","properties":{"UNIT_ID":"RH_SPARGER_S_NTG_HR","UNIT_NAME":"RH Sparger S NTG HR","ORDER_NO":"2025-454","OPERATOR":"Ascent","STATUS":"EFF","FORMATION":"Utica","ACRES":345.0,"EDIT_DATE":"2025-12-02"},"geometry":{"type":"Polygon","coordinates":[[[-81.104302,40.212155],[-81.107056,40.21101],[-81.136987,40.252211],[-81.135599,40.252768],[-81.135598,40.252769],[-81.13421,40.253327],[-81.104302,40.212155]]]}},{"type":"Feature","properties":{"UNIT_ID":"YOUNG_IV","UNIT_NAME":"Young IV","ORDER_NO":"2025-449","OPERATOR":"Gulfport Energy Transferred to Gulfport Appalachia","STATUS":"EFF","FORMATION":"Utica","ACRES":428.7,"EDIT_DATE":"2025-12-16"},"geometry":{"type":"Polygon","coordinates":[[[-81.063432,40.151653],[-81.029159,40.104343],[-81.029336,40.103941],[-81.02986,40.103185],[-81.030497,40.102676],[-81.030992,40.1024],[-81.031407,40.102223],[-81.032076,40.103147],[-81.067034,40.1514],[-81.066543,40.151383],[-81.065499,40.151346],[-81.065361,40.15142],[-81.064717,40.151765],[-81.063432,40.151653]]]}},{"type":"Feature","properties":{"UNIT_ID":"RH_SPARGER_SE_NTG_HR","UNIT_NAME":"RH Sparger SE NTG HR","ORDER_NO":"2025-455","OPERATOR":"Ascent","STATUS":"EFF","FORMATION":"Utica","ACRES":464.4,"EDIT_DATE":"2025-12-02"},"geometry":{"type":"Polygon","coordinates":[[[-81.117512,40.236995],[-81.100585,40.213699],[-81.104302,40.212155],[-81.13421,40.253327],[-81.132821,40.253885],[-81.130471,40.25483],[-81.117512,40.236995]]]}},{"type":"Feature","properties":{"UNIT_ID":"ARCHIE_C_WYN_JF","UNIT_NAME":"Archie C WYN JF","ORDER_NO":"2025-456","OPERATOR":"Ascent","STATUS":"EFF","FORMATION":"Utica","ACRES":605.2,"EDIT_DATE":"2025-12-18"},"geometry":{"type":"Polygon","coordinates":[[[-80.82045,40.338989],[-80.820714,40.338751],[-80.82094,40.338801],[-80.821478,40.338924],[-80.82204,40.339047],[-80.822014,40.339669],[-80.822974,40.339643],[-80.823528,40.339628],[-80.823624,40.339624],[-80.823546,40.33908],[-80.82358,40.338258],[-80.824069,40.338324],[-80.854125,40.37981],[-80.857926,40.385051],[-80.859462,40.384449],[-80.867584,40.395823],[-80.863033,40.397752],[-80.82045,40.338989]]]}},{"type":"Feature","properties":{"UNIT_ID":"ARCHIE_NE_WYN_JF","UNIT_NAME":"Archie NE WYN JF","ORDER_NO":"2025-469","OPERATOR":"Ascent","STATUS":"EFF","FORMATION":"Utica","ACRES":561.2,"EDIT_DATE":"2025-12-18"},"geometry":{"type":"Polygon","coordinates":[[[-80.842736,40.375443],[-80.817203,40.340192],[-80.817225,40.339764],[-80.818581,40.340389],[-80.818812,40.340096],[-80.819396,40.340366],[-80.819469,40.3404],[-80.819891,40.340185],[-80.82026,40.340095],[-80.820044,40.339543],[-80.820455,40.339445],[-80.820322,40.339104],[-80.82045,40.338989],[-80.863033,40.397752],[-80.859877,40.39909],[-80.842736,40.375443]]]}},{"type":"Feature","properties":{"UNIT_ID":"YOUNG_III","UNIT_NAME":"Young III","ORDER_NO":"2025-457","OPERATOR":"Gulfport Energy Transferred to Gulfport Appalachia","STATUS":"EFF","FORMATION":"Utica","ACRES":432.1,"EDIT_DATE":"2026-01-07"},"geometry":{"type":"Polygon","coordinates":[[[-81.069829,40.15079],[-81.070354,40.151515],[-81.070054,40.151505],[-81.069501,40.151485],[-81.067034,40.1514],[-81.032076,40.103147],[-81.034966,40.101913],[-81.070249,40.150611],[-81.069829,40.15079]]]}},{"type":"Feature","properties":{"UNIT_ID":"SLOAN_I","UNIT_NAME":"Sloan I","ORDER_NO":"2025-458","OPERATOR":"Gulfport Energy Transferred to Gulfport Appalachia","STATUS":"EFF","FORMATION":"Utica","ACRES":763.2,"EDIT_DATE":"2026-07-20"},"geometry":{"type":"Polygon","coordinates":[[[-81.193531,39.739002],[-81.189421,39.740773],[-81.1585,39.697974],[-81.159224,39.697986],[-81.159225,39.697971],[-81.159098,39.697945],[-81.15886,39.697871],[-81.158551,39.697761],[-81.158274,39.697662],[-81.154262,39.692104],[-81.159572,39.689817],[-81.171791,39.706739],[-81.171644,39.706802],[-81.176119,39.712731],[-81.176119,39.712731],[-81.177116,39.714051],[-81.187156,39.727346],[-81.1856,39.728031],[-81.193531,39.739002]]]}},{"type":"Feature","properties":{"UNIT_ID":"SLOAN_II","UNIT_NAME":"Sloan II","ORDER_NO":"2025-504","OPERATOR":"Gulfport Energy Transferred to Gulfport Appalachia","STATUS":"EFF","FORMATION":"Utica","ACRES":697.8,"EDIT_DATE":"2026-07-20"},"geometry":{"type":"Polygon","coordinates":[[[-81.184763,39.74278],[-81.149607,39.69411],[-81.154262,39.692104],[-81.158274,39.697662],[-81.158242,39.697651],[-81.157763,39.697511],[-81.157285,39.697372],[-81.157061,39.69795],[-81.1585,39.697974],[-81.189421,39.740773],[-81.184763,39.74278]]]}},{"type":"Feature","properties":{"UNIT_ID":"HARVEY_I","UNIT_NAME":"Harvey I","ORDER_NO":"2025-505","OPERATOR":"Gulfport Energy Transferred to Gulfport Appalachia","STATUS":"EFF","FORMATION":"Utica","ACRES":399.0,"EDIT_DATE":"2026-01-07"},"geometry":{"type":"Polygon","coordinates":[[[-81.025834,39.8691],[-81.025839,39.869107],[-81.025782,39.869968],[-81.026435,39.869991],[-81.026418,39.870025],[-81.026148,39.870547],[-81.025804,39.871059],[-81.025701,39.871176],[-81.025658,39.871845],[-81.025505,39.874211],[-81.025466,39.874803],[-81.025466,39.874808],[-81.025427,39.875362],[-80.998923,39.838598],[-81.001288,39.837585],[-81.001288,39.837585],[-81.002684,39.836987],[-81.025834,39.8691]]]}},{"type":"Feature","properties":{"UNIT_ID":"HARVEY_IV","UNIT_NAME":"Harvey IV","ORDER_NO":"2026-513","OPERATOR":"Gulfport Energy Transferred to Gulfport Appalachia","STATUS":"EFF","FORMATION":"Utica","ACRES":524.7,"EDIT_DATE":"2026-07-20"},"geometry":{"type":"Polygon","coordinates":[[[-81.016318,39.883872],[-81.015337,39.882512],[-81.004988,39.868159],[-80.990274,39.847741],[-80.991597,39.847175],[-80.988601,39.843016],[-80.991662,39.841706],[-81.020133,39.881204],[-81.02011,39.881255],[-81.02011,39.881255],[-81.020055,39.881443],[-81.020005,39.881758],[-81.01999,39.881981],[-81.01999,39.881982],[-81.019975,39.882201],[-81.019973,39.882307],[-81.019949,39.882318],[-81.017719,39.883272],[-81.016318,39.883872]]]}},{"type":"Feature","properties":{"UNIT_ID":"SHARP_E_WHL_BL","UNIT_NAME":"Sharp E WHL BL","ORDER_NO":"2026-06","OPERATOR":"Ascent","STATUS":"EFF","FORMATION":"Utica","ACRES":720.6,"EDIT_DATE":"2026-05-01"},"geometry":{"type":"Polygon","coordinates":[[[-80.871575,40.098762],[-80.874818,40.097386],[-80.862161,40.079626],[-80.86564,40.078164],[-80.896398,40.120605],[-80.895021,40.121183],[-80.896229,40.122879],[-80.896054,40.122952],[-80.892917,40.124269],[-80.892778,40.124327],[-80.891241,40.124982],[-80.871575,40.098762]]]}},{"type":"Feature","properties":{"UNIT_ID":"HARVEY_III","UNIT_NAME":"Harvey III","ORDER_NO":"2026-01","OPERATOR":"Gulfport Energy Transferred to Gulfport Appalachia","STATUS":"EFF","FORMATION":"Utica","ACRES":432.9,"EDIT_DATE":"2026-07-20"},"geometry":{"type":"Polygon","coordinates":[[[-80.991662,39.841706],[-80.995293,39.840152],[-81.023114,39.878747],[-81.022778,39.879267],[-81.022699,39.879387],[-81.022677,39.87942],[-81.022134,39.879195],[-81.021591,39.878971],[-81.021591,39.87897],[-81.021418,39.879216],[-81.021417,39.879217],[-81.020753,39.880159],[-81.020753,39.880159],[-81.020449,39.880612],[-81.020329,39.880807],[-81.020247,39.880952],[-81.020206,39.881023],[-81.020184,39.88107],[-81.020133,39.881204],[-80.991662,39.841706]]]}},{"type":"Feature","properties":{"UNIT_ID":"PAUL_HOLIDAY_D_UP","UNIT_NAME":"Paul Holiday D Up","ORDER_NO":"2025-515","OPERATOR":"Expand Operating","STATUS":"EFF","FORMATION":"Utica","ACRES":585.7,"EDIT_DATE":"2026-01-08"},"geometry":{"type":"Polygon","coordinates":[[[-81.104297,39.812678],[-81.099571,39.814598],[-81.069685,39.774047],[-81.071655,39.773202],[-81.074349,39.772045],[-81.099483,39.806149],[-81.104297,39.812678]]]}},{"type":"Feature","properties":{"UNIT_ID":"HARVEY_LL","UNIT_NAME":"Harvey ll","ORDER_NO":"2025-537","OPERATOR":"Gulfport Energy Transferred to Gulfport Appalachia","STATUS":"EFF","FORMATION":"Utica","ACRES":430.3,"EDIT_DATE":"2026-07-20"},"geometry":{"type":"Polygon","coordinates":[[[-80.995293,39.840152],[-80.998923,39.838598],[-81.025427,39.875362],[-81.02704,39.877599],[-81.025273,39.878356],[-81.025219,39.878379],[-81.02527,39.877631],[-81.024034,39.877591],[-81.024018,39.877591],[-81.024008,39.877638],[-81.023999,39.877675],[-81.023837,39.877637],[-81.023476,39.878193],[-81.023114,39.878747],[-80.995293,39.840152]]]}},{"type":"Feature","properties":{"UNIT_ID":"SHARP_W_WHL_BL","UNIT_NAME":"Sharp W WHL BL","ORDER_NO":"2026-36","OPERATOR":"Ascent","STATUS":"EFF","FORMATION":"Utica","ACRES":429.8,"EDIT_DATE":"2026-07-20"},"geometry":{"type":"Polygon","coordinates":[[[-80.86564,40.078164],[-80.868424,40.076993],[-80.868507,40.077006],[-80.868506,40.077026],[-80.868504,40.077048],[-80.868502,40.077071],[-80.86893,40.077181],[-80.86901,40.077202],[-80.869039,40.077106],[-80.869041,40.077091],[-80.869371,40.077111],[-80.87965,40.091516],[-80.891254,40.107608],[-80.892055,40.108724],[-80.899501,40.118654],[-80.897606,40.119449],[-80.897172,40.119632],[-80.897527,40.120131],[-80.896398,40.120605],[-80.86564,40.078164]]]}},{"type":"Feature","properties":{"UNIT_ID":"HONUS_WAGNER_HN_MON_EAST","UNIT_NAME":"Honus Wagner HN MON East","ORDER_NO":"2026-36","OPERATOR":"EOG Resources","STATUS":"EFF","FORMATION":"Utica","ACRES":685.7,"EDIT_DATE":"2026-04-22"},"geometry":{"type":"Polygon","coordinates":[[[-81.234029,40.338606],[-81.269972,40.387839],[-81.267873,40.388737],[-81.267586,40.387655],[-81.2675,40.387554],[-81.267463,40.387543],[-81.266786,40.387112],[-81.266079,40.386791],[-81.265556,40.386521],[-81.264187,40.38593],[-81.263046,40.385468],[-81.261996,40.385999],[-81.261003,40.384668],[-81.235423,40.350351],[-81.235254,40.350124],[-81.235444,40.350045],[-81.235559,40.349994],[-81.238065,40.348924],[-81.235754,40.345757],[-81.231367,40.339743],[-81.234029,40.338606]]]}},{"type":"Feature","properties":{"UNIT_ID":"HONUS_WAGNER_HN_MON_WEST","UNIT_NAME":"Honus Wagner HN MON West","ORDER_NO":"2026-32","OPERATOR":"EOG Resources","STATUS":"EFF","FORMATION":"Utica","ACRES":745.7,"EDIT_DATE":"2026-04-22"},"geometry":{"type":"Polygon","coordinates":[[[-81.234029,40.338606],[-81.236683,40.337472],[-81.239753,40.341682],[-81.242265,40.340609],[-81.247179,40.347344],[-81.262945,40.368932],[-81.275138,40.385629],[-81.269972,40.387839],[-81.234029,40.338606]]]}},{"type":"Feature","properties":{"UNIT_ID":"BERTRAM_NW_LND_GR","UNIT_NAME":"Bertram NW LND GR","ORDER_NO":"2026-40","OPERATOR":"Ascent","STATUS":"EFF","FORMATION":"Utica","ACRES":422.7,"EDIT_DATE":"2026-06-22"},"geometry":{"type":"Polygon","coordinates":[[[-81.250808,40.169745],[-81.252054,40.169204],[-81.253521,40.168567],[-81.287051,40.214005],[-81.287563,40.213798],[-81.287741,40.214104],[-81.288562,40.214124],[-81.287951,40.214469],[-81.290311,40.21835],[-81.289697,40.218715],[-81.287927,40.220044],[-81.250808,40.169745]]]}},{"type":"Feature","properties":{"UNIT_ID":"THE_WRIGHT_WAY_CR_BRN_NW","UNIT_NAME":"The Wright Way CR BRN NW","ORDER_NO":"2026-41","OPERATOR":"EOG Resources","STATUS":"EFF","FORMATION":"Utica","ACRES":1052.1,"EDIT_DATE":"2026-03-13"},"geometry":{"type":"Polygon","coordinates":[[[-81.105466,40.683896],[-81.106369,40.683938],[-81.107376,40.684006],[-81.107424,40.68131],[-81.109677,40.684364],[-81.135772,40.720251],[-81.142681,40.729584],[-81.135355,40.732776],[-81.100974,40.685787],[-81.105466,40.683896]]]}},{"type":"Feature","properties":{"UNIT_ID":"SHUGERT_GY_CEN_SOUTH","UNIT_NAME":"Shugert GY CEN South","ORDER_NO":"2026-39","OPERATOR":"EOG Resources","STATUS":"EFF","FORMATION":"Utica","ACRES":1213.6,"EDIT_DATE":"2026-05-13"},"geometry":{"type":"Polygon","coordinates":[[[-81.503782,40.047546],[-81.502176,40.048261],[-81.484753,40.024234],[-81.492453,40.020904],[-81.481423,40.005816],[-81.481424,40.005816],[-81.485236,40.005959],[-81.487618,40.006049],[-81.487651,40.005347],[-81.514393,40.041857],[-81.516146,40.044249],[-81.514867,40.044819],[-81.511157,40.046471],[-81.505003,40.049213],[-81.503782,40.047546]]]}},{"type":"Feature","properties":{"UNIT_ID":"PAUL_HOLIDAY_H_UP","UNIT_NAME":"Paul Holiday H UP","ORDER_NO":"2025-493","OPERATOR":"Expand Operating","STATUS":"EFF","FORMATION":"Utica","ACRES":579.6,"EDIT_DATE":"2026-01-07"},"geometry":{"type":"Polygon","coordinates":[[[-81.090117,39.818439],[-81.085238,39.82042],[-81.085232,39.820423],[-81.078014,39.810632],[-81.077722,39.810624],[-81.077743,39.810264],[-81.072884,39.80367],[-81.061618,39.788621],[-81.056748,39.782258],[-81.059576,39.780949],[-81.061791,39.779998],[-81.086843,39.813999],[-81.090117,39.818439]]]}},{"type":"Feature","properties":{"UNIT_ID":"PAUL_HOLIDAY_G_UP","UNIT_NAME":"Paul Holiday G UP","ORDER_NO":"2025-538","OPERATOR":"Expand Operating","STATUS":"EFF","FORMATION":"Utica","ACRES":553.1,"EDIT_DATE":"2026-01-07"},"geometry":{"type":"Polygon","coordinates":[[[-81.066511,39.778072],[-81.094844,39.816519],[-81.090117,39.818439],[-81.06195,39.780214],[-81.066511,39.778072]]]}},{"type":"Feature","properties":{"UNIT_ID":"PAUL_HOLIDAY_F_UP","UNIT_NAME":"Paul Holiday F UP","ORDER_NO":"2025-502","OPERATOR":"Expand Operating","STATUS":"EFF","FORMATION":"Utica","ACRES":556.6,"EDIT_DATE":"2026-01-07"},"geometry":{"type":"Polygon","coordinates":[[[-81.099571,39.814598],[-81.094844,39.816519],[-81.066455,39.777996],[-81.068403,39.77716],[-81.071094,39.77596],[-81.087424,39.798123],[-81.099571,39.814598]]]}},{"type":"Feature","properties":{"UNIT_ID":"PAUL_HOLIDAY_B_UP","UNIT_NAME":"Paul Holiday B UP","ORDER_NO":"2025-514","OPERATOR":"Expand Operating","STATUS":"EFF","FORMATION":"Utica","ACRES":695.7,"EDIT_DATE":"2026-01-08"},"geometry":{"type":"Polygon","coordinates":[[[-81.080115,39.769569],[-81.109657,39.8105],[-81.104297,39.812678],[-81.074349,39.772045],[-81.080115,39.769569]]]}},{"type":"Feature","properties":{"UNIT_ID":"HANCHIN_HN_GER_SOUTH","UNIT_NAME":"Hanchin HN GER South","ORDER_NO":"2025-393","OPERATOR":"EOG Ohio","STATUS":"EFF","FORMATION":"Utica","ACRES":893.5,"EDIT_DATE":"2026-04-13"},"geometry":{"type":"Polygon","coordinates":[[[-80.859462,40.384449],[-80.864328,40.382543],[-80.869596,40.380478],[-80.890627,40.409702],[-80.885279,40.411963],[-80.880571,40.413953],[-80.878361,40.410897],[-80.87784,40.410177],[-80.859462,40.384449]]]}},{"type":"Feature","properties":{"UNIT_ID":"REED_IV","UNIT_NAME":"Reed IV","ORDER_NO":"2026-34","OPERATOR":"Gulfport Energy Transferred to Gulfport Appalachia","STATUS":"EFF","FORMATION":"Utica","ACRES":382.3,"EDIT_DATE":"2026-03-30"},"geometry":{"type":"Polygon","coordinates":[[[-81.030482,39.86848],[-81.029237,39.869014],[-81.029117,39.868922],[-81.028347,39.868037],[-81.028033,39.867433],[-81.027947,39.867528],[-81.026908,39.867488],[-81.026544,39.86748],[-81.026356,39.867521],[-81.025902,39.867725],[-81.025565,39.867869],[-81.025873,39.868297],[-81.025862,39.868529],[-81.025834,39.8691],[-81.002684,39.836987],[-81.006575,39.835321],[-81.030482,39.86848]]]}},{"type":"Feature","properties":{"UNIT_ID":"REED_LLL","UNIT_NAME":"Reed lll","ORDER_NO":"2026-37","OPERATOR":"Gulfport Energy Transferred to Gulfport Appalachia","STATUS":"EFF","FORMATION":"Utica","ACRES":396.5,"EDIT_DATE":"2026-03-30"},"geometry":{"type":"Polygon","coordinates":[[[-81.034374,39.866813],[-81.030482,39.86848],[-81.006575,39.835321],[-81.010466,39.833654],[-81.034374,39.866813]]]}},{"type":"Feature","properties":{"UNIT_ID":"QUARTZ_SSY_A","UNIT_NAME":"Quartz SSY A","ORDER_NO":"2026-52","OPERATOR":"EOG Resources","STATUS":"COI","FORMATION":"Utica","ACRES":1461.4,"EDIT_DATE":"2026-01-30"},"geometry":{"type":"Polygon","coordinates":[[[-81.259974,40.656177],[-81.272465,40.650696],[-81.301295,40.688417],[-81.288828,40.693939],[-81.259974,40.656177]]]}},{"type":"Feature","properties":{"UNIT_ID":"WITHEY_NW_WRN_BL","UNIT_NAME":"Withey NW WRN BL","ORDER_NO":"2026-80","OPERATOR":"Ascent","STATUS":"EFF","FORMATION":"Utica","ACRES":725.9,"EDIT_DATE":"2026-02-10"},"geometry":{"type":"Polygon","coordinates":[[[-81.218441,39.953943],[-81.218488,39.95306],[-81.225537,39.953264],[-81.251829,39.989955],[-81.251829,39.989955],[-81.252219,39.990499],[-81.246242,39.993081],[-81.221592,39.959169],[-81.221195,39.958623],[-81.217948,39.954154],[-81.218441,39.953943]]]}},{"type":"Feature","properties":{"UNIT_ID":"CHARLEY_N_ATH_HR","UNIT_NAME":"Charley N ATH HR","ORDER_NO":"2026-64","OPERATOR":"Ascent","STATUS":"EFF","FORMATION":"Utica","ACRES":884.9,"EDIT_DATE":"2026-02-04"},"geometry":{"type":"Polygon","coordinates":[[[-81.042573,40.225443],[-81.0451,40.224367],[-81.045359,40.224726],[-81.059446,40.218728],[-81.068782,40.231609],[-81.06573,40.232909],[-81.06885,40.237211],[-81.065481,40.238645],[-81.066766,40.240417],[-81.060199,40.243213],[-81.056754,40.24468],[-81.042573,40.225443]]]}},{"type":"Feature","properties":{"UNIT_ID":"BERTRAM_N_LND_GR","UNIT_NAME":"Bertram N LND GR","ORDER_NO":"2026-76","OPERATOR":"Ascent","STATUS":"EFF","FORMATION":"Utica","ACRES":393.6,"EDIT_DATE":"2026-06-22"},"geometry":{"type":"Polygon","coordinates":[[[-81.285712,40.221501],[-81.248317,40.170826],[-81.249562,40.170285],[-81.250081,40.17006],[-81.250808,40.169745],[-81.288554,40.220892],[-81.288601,40.221547],[-81.285712,40.221501]]]}},{"type":"Feature","properties":{"UNIT_ID":"GINGERICH_NORTH_LND_GR","UNIT_NAME":"Gingerich North LND GR","ORDER_NO":"2026-65","OPERATOR":"Ascent","STATUS":"EFF","FORMATION":"Utica","ACRES":807.0,"EDIT_DATE":"2026-04-07"},"geometry":{"type":"Polygon","coordinates":[[[-81.351785,40.124661],[-81.351739,40.12462],[-81.350614,40.12509],[-81.351101,40.125523],[-81.35091,40.125649],[-81.325937,40.091427],[-81.32734,40.090824],[-81.328276,40.090421],[-81.329681,40.08982],[-81.330929,40.089285],[-81.332021,40.088816],[-81.333424,40.088212],[-81.359219,40.123555],[-81.357731,40.124182],[-81.352878,40.126229],[-81.351785,40.124661]]]}},{"type":"Feature","properties":{"UNIT_ID":"WITHEY_NE_WRN_BL","UNIT_NAME":"Withey NE WRN BL","ORDER_NO":"2026-83","OPERATOR":"Ascent","STATUS":"EFF","FORMATION":"Utica","ACRES":691.2,"EDIT_DATE":"2026-02-10"},"geometry":{"type":"Polygon","coordinates":[[[-81.214057,39.959217],[-81.212124,39.956556],[-81.214378,39.955582],[-81.214436,39.955661],[-81.217948,39.954154],[-81.246242,39.993081],[-81.240483,39.99557],[-81.214057,39.959217]]]}},{"type":"Feature","properties":{"UNIT_ID":"CHARLEY_W_ATH_HR","UNIT_NAME":"Charley W ATH HR","ORDER_NO":"2026-84","OPERATOR":"Ascent","STATUS":"EFF","FORMATION":"Utica","ACRES":254.7,"EDIT_DATE":"2026-02-12"},"geometry":{"type":"Polygon","coordinates":[[[-81.043054,40.196666],[-81.04681,40.195067],[-81.05837,40.211026],[-81.057569,40.211006],[-81.057557,40.211083],[-81.058425,40.211102],[-81.062889,40.217262],[-81.061167,40.217995],[-81.059446,40.218728],[-81.059133,40.218861],[-81.043054,40.196666]]]}},{"type":"Feature","properties":{"UNIT_ID":"BERTRAM_NE_LND_GR","UNIT_NAME":"Bertram NE LND GR","ORDER_NO":"2026-85","OPERATOR":"Ascent","STATUS":"EFF","FORMATION":"Utica","ACRES":466.8,"EDIT_DATE":"2026-06-22"},"geometry":{"type":"Polygon","coordinates":[[[-81.271464,40.20707],[-81.271441,40.207026],[-81.271432,40.207028],[-81.260961,40.193031],[-81.248816,40.177947],[-81.248817,40.177944],[-81.248813,40.177943],[-81.246359,40.174895],[-81.244541,40.172464],[-81.24523,40.172165],[-81.247055,40.171373],[-81.248317,40.170826],[-81.249651,40.172636],[-81.249651,40.17266],[-81.249669,40.17266],[-81.27889,40.212264],[-81.278882,40.212279],[-81.278906,40.212285],[-81.285507,40.221224],[-81.285343,40.221495],[-81.28482,40.222355],[-81.283326,40.222918],[-81.271464,40.20707]]]}},{"type":"Feature","properties":{"UNIT_ID":"THE_WRIGHT_WAY_CR_BRN_NE","UNIT_NAME":"The Wright Way CR BRN NE","ORDER_NO":"2026-86","OPERATOR":"EOG Resources","STATUS":"EFF","FORMATION":"Utica","ACRES":964.5,"EDIT_DATE":"2026-03-13"},"geometry":{"type":"Polygon","coordinates":[[[-81.135168,40.742743],[-81.095047,40.688281],[-81.100974,40.685787],[-81.135355,40.732776],[-81.140934,40.740277],[-81.135168,40.742743]]]}},{"type":"Feature","properties":{"UNIT_ID":"RUBEL_SE_UNIT","UNIT_NAME":"Rubel SE Unit","ORDER_NO":"2026-87","OPERATOR":"INR Ohio","STATUS":"EFF","FORMATION":"Utica","ACRES":859.7,"EDIT_DATE":"2026-02-06"},"geometry":{"type":"Polygon","coordinates":[[[-81.435089,39.89006],[-81.434153,39.890474],[-81.434137,39.891828],[-81.46052,39.927674],[-81.460353,39.927706],[-81.457016,39.929339],[-81.455069,39.930291],[-81.422338,39.885809],[-81.42067,39.88351],[-81.427869,39.880326],[-81.434173,39.888814],[-81.435089,39.89006]]]}},{"type":"Feature","properties":{"UNIT_ID":"SYLVESTER_ANTOLAK_B","UNIT_NAME":"Sylvester Antolak B","ORDER_NO":"2026-88","OPERATOR":"Grenadier Energy III","STATUS":"EFF","FORMATION":"Utica","ACRES":275.8,"EDIT_DATE":"2026-04-23"},"geometry":{"type":"Polygon","coordinates":[[[-81.137177,40.007641],[-81.133985,40.009007],[-81.11305,39.980109],[-81.117326,39.980242],[-81.137177,40.007641]]]}},{"type":"Feature","properties":{"UNIT_ID":"SYLVESTER_ANTOLAK_C","UNIT_NAME":"Sylvester Antolak C","ORDER_NO":"2026-89","OPERATOR":"Grenadier Energy III","STATUS":"EFF","FORMATION":"Utica","ACRES":290.4,"EDIT_DATE":"2026-04-23"},"geometry":{"type":"Polygon","coordinates":[[[-81.133985,40.009007],[-81.130793,40.010373],[-81.108774,39.979975],[-81.11305,39.980109],[-81.133985,40.009007]]]}},{"type":"Feature","properties":{"UNIT_ID":"SYLVESTER_ANTOLAK_A","UNIT_NAME":"Sylvester Antolak A","ORDER_NO":"2026-102","OPERATOR":"Grenadier Energy III","STATUS":"EFF","FORMATION":"Utica","ACRES":428.2,"EDIT_DATE":"2026-03-13"},"geometry":{"type":"Polygon","coordinates":[[[-81.15247,40.031258],[-81.144782,40.031174],[-81.129833,40.010784],[-81.130793,40.010373],[-81.137177,40.007641],[-81.142725,40.015294],[-81.141457,40.015825],[-81.15247,40.031258]]]}},{"type":"Feature","properties":{"UNIT_ID":"WINDSOR","UNIT_NAME":"Windsor","ORDER_NO":"2025-431","OPERATOR":"Antero","STATUS":"EFF","FORMATION":"Utica","ACRES":491.1,"EDIT_DATE":"2025-11-06"},"geometry":{"type":"Polygon","coordinates":[[[-81.250299,39.934431],[-81.250332,39.934417],[-81.283111,39.97951],[-81.281305,39.98055],[-81.281001,39.980791],[-81.280813,39.981157],[-81.280746,39.981622],[-81.280706,39.982767],[-81.273095,39.972485],[-81.273231,39.972421],[-81.248995,39.938621],[-81.247008,39.935848],[-81.250299,39.934432],[-81.250299,39.934431]]]}},{"type":"Feature","properties":{"UNIT_ID":"INDIGO_CBR_C","UNIT_NAME":"Indigo CBR C","ORDER_NO":"2026-92","OPERATOR":"EOG Resources","STATUS":"EFF","FORMATION":"Utica","ACRES":1798.0,"EDIT_DATE":"2026-03-24"},"geometry":{"type":"Polygon","coordinates":[[[-81.239059,40.719727],[-81.223929,40.726414],[-81.200506,40.69572],[-81.194696,40.688102],[-81.201142,40.685254],[-81.202337,40.684726],[-81.209821,40.681418],[-81.239053,40.719718],[-81.239059,40.719727]]]}},{"type":"Feature","properties":{"UNIT_ID":"REED_II","UNIT_NAME":"Reed II","ORDER_NO":"2026-98","OPERATOR":"Gulfport Energy Transferred to Gulfport Appalachia","STATUS":"EFF","FORMATION":"Utica","ACRES":376.8,"EDIT_DATE":"2026-03-30"},"geometry":{"type":"Polygon","coordinates":[[[-81.034374,39.866813],[-81.010466,39.833654],[-81.013895,39.832186],[-81.015388,39.834258],[-81.026056,39.849057],[-81.027338,39.850834],[-81.02736,39.850537],[-81.027367,39.850447],[-81.039439,39.867183],[-81.039135,39.867313],[-81.037783,39.868112],[-81.035376,39.86751],[-81.035468,39.866198],[-81.035234,39.866188],[-81.03519,39.866464],[-81.034374,39.866813]]]}},{"type":"Feature","properties":{"UNIT_ID":"REED_I","UNIT_NAME":"Reed I","ORDER_NO":"2026-97","OPERATOR":"Gulfport Energy Transferred to Gulfport Appalachia","STATUS":"COI","FORMATION":"Utica","ACRES":204.3,"EDIT_DATE":"2026-02-25"},"geometry":{"type":"Polygon","coordinates":[[[-81.042485,39.866851],[-81.041208,39.867015],[-81.040986,39.867226],[-81.039884,39.867798],[-81.039884,39.867798],[-81.039881,39.867796],[-81.039439,39.867183],[-81.027367,39.850447],[-81.027476,39.848988],[-81.027622,39.84674],[-81.02766,39.84616],[-81.02771,39.846163],[-81.027731,39.845502],[-81.027673,39.845413],[-81.028261,39.845482],[-81.043588,39.866732],[-81.042485,39.866851]]]}},{"type":"Feature","properties":{"UNIT_ID":"CENA_NW_WYN_JF","UNIT_NAME":"Cena NW WYN JF","ORDER_NO":"2026-104","OPERATOR":"Ascent","STATUS":"EFF","FORMATION":"Utica","ACRES":691.7,"EDIT_DATE":"2026-03-30"},"geometry":{"type":"Polygon","coordinates":[[[-80.776108,40.348964],[-80.775614,40.349172],[-80.774329,40.347388],[-80.774256,40.347287],[-80.773957,40.346872],[-80.776006,40.346934],[-80.778575,40.347028],[-80.783203,40.347196],[-80.788345,40.354331],[-80.808078,40.381725],[-80.8038,40.38353],[-80.801935,40.384317],[-80.776108,40.348964]]]}},{"type":"Feature","properties":{"UNIT_ID":"BEGLEY_EAST_2","UNIT_NAME":"Begley East 2","ORDER_NO":"2025-448","OPERATOR":"Gulfport Energy Transferred to Gulfport Appalachia","STATUS":"EFF","FORMATION":"Utica","ACRES":320.4,"EDIT_DATE":"2026-07-20"},"geometry":{"type":"Polygon","coordinates":[[[-81.242367,40.2641],[-81.234615,40.253461],[-81.231771,40.249556],[-81.221872,40.235962],[-81.218569,40.231426],[-81.21862,40.231356],[-81.218688,40.231263],[-81.218265,40.231004],[-81.218534,40.229659],[-81.221134,40.229712],[-81.22115,40.229354],[-81.245487,40.262766],[-81.242367,40.2641]]]}},{"type":"Feature","properties":{"UNIT_ID":"TEAM_LEGACY","UNIT_NAME":"Team Legacy","ORDER_NO":"2026-96","OPERATOR":"Tiburon Oil and Gas Ohio","STATUS":"EFF","FORMATION":"Utica","ACRES":807.9,"EDIT_DATE":"2026-07-23"},"geometry":{"type":"Polygon","coordinates":[[[-81.284422,40.005534],[-81.28316,40.004646],[-81.282557,40.004555],[-81.281682,40.004732],[-81.28102,40.005374],[-81.274378,39.99652],[-81.274417,39.996479],[-81.274346,39.996477],[-81.27427,39.996376],[-81.274489,39.996061],[-81.274982,39.995272],[-81.27539,39.994629],[-81.275572,39.994298],[-81.275615,39.99283],[-81.276081,39.992828],[-81.276093,39.992746],[-81.276165,39.992252],[-81.276199,39.991703],[-81.276184,39.991017],[-81.276169,39.990793],[-81.276153,39.990212],[-81.276152,39.989978],[-81.27617,39.989704],[-81.27623,39.989433],[-81.276336,39.989171],[-81.280491,39.989295],[-81.283035,39.989361],[-81.304117,40.017435],[-81.303563,40.017518],[-81.295752,40.020961],[-81.284422,40.005534]]]}},{"type":"Feature","properties":{"UNIT_ID":"WALTERS_B","UNIT_NAME":"Walters B","ORDER_NO":"2025-432","OPERATOR":"EOG Ohio","STATUS":"EFF","FORMATION":"Utica","ACRES":1174.5,"EDIT_DATE":"2026-02-26"},"geometry":{"type":"Polygon","coordinates":[[[-81.06879,40.491933],[-81.064525,40.486214],[-81.064254,40.486338],[-81.058455,40.478428],[-81.057804,40.478666],[-81.054584,40.474241],[-81.064547,40.469834],[-81.065108,40.470597],[-81.071305,40.479027],[-81.071657,40.479506],[-81.07204,40.480029],[-81.073564,40.482107],[-81.073784,40.482014],[-81.083639,40.494788],[-81.084395,40.495767],[-81.085415,40.49702],[-81.094511,40.508866],[-81.093572,40.509266],[-81.089537,40.510986],[-81.089529,40.510989],[-81.084175,40.513271],[-81.078313,40.505125],[-81.075548,40.501282],[-81.074779,40.499839],[-81.069588,40.493002],[-81.06879,40.491933]]]}},{"type":"Feature","properties":{"UNIT_ID":"TIMBERWOLF_CBN_C","UNIT_NAME":"Timberwolf CBN C","ORDER_NO":"2026-100","OPERATOR":"EOG Resources","STATUS":"EFF","FORMATION":"Utica","ACRES":1086.6,"EDIT_DATE":"2026-03-11"},"geometry":{"type":"Polygon","coordinates":[[[-81.145278,40.692605],[-81.138285,40.681135],[-81.137718,40.672246],[-81.125927,40.655238],[-81.127087,40.655266],[-81.127097,40.654621],[-81.127127,40.652877],[-81.131692,40.651752],[-81.131909,40.651699],[-81.131946,40.650769],[-81.131838,40.650648],[-81.133255,40.650019],[-81.15295,40.675964],[-81.149195,40.677621],[-81.155066,40.68533],[-81.152568,40.686432],[-81.154243,40.68863],[-81.152213,40.68953],[-81.145278,40.692605]]]}},{"type":"Feature","properties":{"UNIT_ID":"TIMBERWOLF_CBN_B","UNIT_NAME":"Timberwolf CBN B","ORDER_NO":"2026-99","OPERATOR":"EOG Resources","STATUS":"EFF","FORMATION":"Utica","ACRES":688.2,"EDIT_DATE":"2026-03-13"},"geometry":{"type":"Polygon","coordinates":[[[-81.1224,40.657738],[-81.124033,40.656942],[-81.122638,40.655157],[-81.125927,40.655238],[-81.137718,40.672246],[-81.138285,40.681135],[-81.145278,40.692605],[-81.139545,40.695146],[-81.126833,40.677234],[-81.131527,40.677355],[-81.131595,40.674883],[-81.11946,40.656359],[-81.120593,40.655786],[-81.1224,40.657738]]]}},{"type":"Feature","properties":{"UNIT_ID":"GRAY_CE","UNIT_NAME":"Gray CE","ORDER_NO":"2026-101","OPERATOR":"INR Ohio","STATUS":"EFF","FORMATION":"Utica","ACRES":1002.6,"EDIT_DATE":"2026-05-13"},"geometry":{"type":"Polygon","coordinates":[[[-81.440487,40.095345],[-81.440539,40.095415],[-81.440915,40.095926],[-81.444615,40.101004],[-81.444256,40.107558],[-81.442136,40.107508],[-81.400584,40.049869],[-81.400697,40.047728],[-81.400884,40.044078],[-81.401051,40.040598],[-81.40291,40.04318],[-81.43415,40.086525],[-81.435797,40.088808],[-81.43579,40.088972],[-81.436412,40.089816],[-81.438909,40.093205],[-81.439225,40.093632],[-81.439783,40.09439],[-81.440487,40.095345]]]}},{"type":"Feature","properties":{"UNIT_ID":"CENA_NE_WYN_JF","UNIT_NAME":"Cena NE WYN JF","ORDER_NO":"2026-109","OPERATOR":"Ascent","STATUS":"EFF","FORMATION":"Utica","ACRES":446.3,"EDIT_DATE":"2026-03-30"},"geometry":{"type":"Polygon","coordinates":[[[-80.779737,40.362294],[-80.781344,40.361613],[-80.773115,40.350226],[-80.774537,40.349627],[-80.775614,40.349172],[-80.776108,40.348964],[-80.801935,40.384317],[-80.797266,40.386286],[-80.779737,40.362294]]]}},{"type":"Feature","properties":{"UNIT_ID":"CYPRESS_E_CDZ_HR","UNIT_NAME":"Cypress E CDZ HR","ORDER_NO":"2023-252","OPERATOR":"Ascent","STATUS":"EFF","FORMATION":"Utica","ACRES":414.4,"EDIT_DATE":"2025-11-24"},"geometry":{"type":"Polygon","coordinates":[[[-81.003611,40.264386],[-80.980857,40.233097],[-80.982379,40.232455],[-80.983699,40.231897],[-81.006442,40.263177],[-81.018653,40.280691],[-81.016077,40.281779],[-81.003611,40.264386]]]}},{"type":"Feature","properties":{"UNIT_ID":"CYPRESS_NE_CDZ_HR","UNIT_NAME":"Cypress NE CDZ HR","ORDER_NO":"2023-255","OPERATOR":"Ascent","STATUS":"EFF","FORMATION":"Utica","ACRES":422.0,"EDIT_DATE":"2025-11-24"},"geometry":{"type":"Polygon","coordinates":[[[-81.018653,40.280691],[-81.006442,40.263177],[-80.983699,40.231897],[-80.985142,40.231288],[-80.986444,40.230738],[-81.022109,40.279773],[-81.021929,40.279846],[-81.018937,40.281083],[-81.018653,40.280691]]]}},{"type":"Feature","properties":{"UNIT_ID":"WYLIE_NW_SHC_HR","UNIT_NAME":"Wylie NW SHC HR","ORDER_NO":"2026-110","OPERATOR":"Ascent","STATUS":"EFF","FORMATION":"Utica","ACRES":717.5,"EDIT_DATE":"2026-09-01"},"geometry":{"type":"Polygon","coordinates":[[[-80.972248,40.228904],[-80.973865,40.228224],[-80.976508,40.227113],[-80.980857,40.233097],[-81.003611,40.264386],[-81.016081,40.281784],[-81.011833,40.283589],[-80.972248,40.228904]]]}},{"type":"Feature","properties":{"UNIT_ID":"MAMMOTH_NSH_D","UNIT_NAME":"Mammoth NSH D","ORDER_NO":"2026-108","OPERATOR":"EOG Resources","STATUS":"EFF","FORMATION":"Utica","ACRES":1139.7,"EDIT_DATE":"2026-03-31"},"geometry":{"type":"Polygon","coordinates":[[[-81.611715,39.719909],[-81.604525,39.723016],[-81.567362,39.671694],[-81.574548,39.668588],[-81.599904,39.70361],[-81.611715,39.719909]]]}},{"type":"Feature","properties":{"UNIT_ID":"SADLER_NW_SHC_HR","UNIT_NAME":"Sadler NW SHC HR","ORDER_NO":"2026-116","OPERATOR":"Ascent","STATUS":"EFF","FORMATION":"Utica","ACRES":588.4,"EDIT_DATE":"2026-03-25"},"geometry":{"type":"Polygon","coordinates":[[[-80.936144,40.202977],[-80.937718,40.202324],[-80.939736,40.201486],[-80.945446,40.209396],[-80.962403,40.233042],[-80.979564,40.256768],[-80.976095,40.258187],[-80.936144,40.202977]]]}},{"type":"Feature","properties":{"UNIT_ID":"MARSHA_CR_UNI_NW_EXTENSION","UNIT_NAME":"Marsha CR UNI NW Extension","ORDER_NO":"2024-491","OPERATOR":"EOG Ohio","STATUS":"EFF","FORMATION":"Utica","ACRES":607.6,"EDIT_DATE":"2026-09-08"},"geometry":{"type":"Polygon","coordinates":[[[-81.177549,40.606987],[-81.148605,40.567021],[-81.144263,40.568873],[-81.133835,40.554395],[-81.137179,40.552899],[-81.138202,40.552441],[-81.14014,40.551574],[-81.141773,40.553712],[-81.1438,40.556366],[-81.151119,40.565949],[-81.173644,40.597056],[-81.175486,40.596265],[-81.17565,40.596499],[-81.175677,40.596536],[-81.175691,40.596556],[-81.175892,40.596916],[-81.177499,40.599134],[-81.177633,40.599319],[-81.177628,40.599405],[-81.177627,40.599488],[-81.177613,40.600337],[-81.177605,40.601078],[-81.177569,40.603126],[-81.177556,40.603931],[-81.177533,40.60558],[-81.177518,40.606678],[-81.177569,40.60668],[-81.177549,40.606987]]]}},{"type":"Feature","properties":{"UNIT_ID":"WYLIE_W_SHC_HR","UNIT_NAME":"Wylie W SHC HR","ORDER_NO":"2026-115","OPERATOR":"Ascent","STATUS":"EFF","FORMATION":"Utica","ACRES":538.8,"EDIT_DATE":"2026-09-04"},"geometry":{"type":"Polygon","coordinates":[[[-80.969014,40.230264],[-80.970631,40.229584],[-80.972248,40.228904],[-81.011833,40.283589],[-81.008605,40.284961],[-80.969014,40.230264]]]}},{"type":"Feature","properties":{"UNIT_ID":"WYLIE_N_SHC_HR","UNIT_NAME":"Wylie N SHC HR","ORDER_NO":"2026-123","OPERATOR":"Ascent","STATUS":"COI","FORMATION":"Utica","ACRES":538.9,"EDIT_DATE":"2026-04-02"},"geometry":{"type":"Polygon","coordinates":[[[-80.96578,40.231623],[-80.967397,40.230943],[-80.969014,40.230264],[-81.008605,40.284961],[-81.005377,40.286332],[-80.96578,40.231623]]]}},{"type":"Feature","properties":{"UNIT_ID":"SHULA_TWR_A","UNIT_NAME":"Shula TWR A","ORDER_NO":"2025-123","OPERATOR":"EOG Resources","STATUS":"EFF","FORMATION":"Utica","ACRES":1688.4,"EDIT_DATE":"2026-08-12"},"geometry":{"type":"Polygon","coordinates":[[[-81.253462,40.458917],[-81.264072,40.454289],[-81.302027,40.506144],[-81.291354,40.510698],[-81.253462,40.458917]]]}},{"type":"Feature","properties":{"UNIT_ID":"LAMBEAU_TWR_A","UNIT_NAME":"Lambeau TWR A","ORDER_NO":"2026-63","OPERATOR":"EOG Resources","STATUS":"EFF","FORMATION":"Utica","ACRES":1205.5,"EDIT_DATE":"2026-02-04"},"geometry":{"type":"Polygon","coordinates":[[[-81.302258,40.49015],[-81.293157,40.494035],[-81.264072,40.454289],[-81.265043,40.453871],[-81.26927,40.452053],[-81.269321,40.450621],[-81.262336,40.441301],[-81.265518,40.439943],[-81.302258,40.49015]]]}},{"type":"Feature","properties":{"UNIT_ID":"SADLER_N_SHC_HR","UNIT_NAME":"Sadler N SHC HR","ORDER_NO":"2026-117","OPERATOR":"Ascent","STATUS":"EFF","FORMATION":"Utica","ACRES":547.9,"EDIT_DATE":"2026-03-30"},"geometry":{"type":"Polygon","coordinates":[[[-80.931634,40.208345],[-80.932423,40.208007],[-80.930456,40.205337],[-80.932995,40.204284],[-80.972936,40.259484],[-80.969622,40.260848],[-80.931634,40.208345]]]}},{"type":"Feature","properties":{"UNIT_ID":"HWW_HST_B","UNIT_NAME":"HWW HST B","ORDER_NO":"2026-125","OPERATOR":"EOG Resources","STATUS":"EFF","FORMATION":"Utica","ACRES":822.1,"EDIT_DATE":"2026-06-22"},"geometry":{"type":"Polygon","coordinates":[[[-81.179395,40.35815],[-81.189329,40.370309],[-81.218884,40.409652],[-81.214139,40.411678],[-81.213586,40.411915],[-81.184624,40.372325],[-81.183471,40.372819],[-81.173952,40.359776],[-81.175775,40.359807],[-81.175859,40.358091],[-81.17861,40.358137],[-81.179395,40.35815]]]}},{"type":"Feature","properties":{"UNIT_ID":"MCKEEGAN_NORTH_M","UNIT_NAME":"McKeegan North-M","ORDER_NO":"2026-136","OPERATOR":"Gulfport Appalachia","STATUS":"EFF","FORMATION":"Marcellus","ACRES":393.4,"EDIT_DATE":"2026-08-05"},"geometry":{"type":"Polygon","coordinates":[[[-80.762073,40.206703],[-80.761409,40.207085],[-80.760796,40.207956],[-80.760595,40.208111],[-80.759687,40.208767],[-80.740356,40.153977],[-80.743256,40.153375],[-80.762073,40.206703]]]}},{"type":"Feature","properties":{"UNIT_ID":"LARRICK_SOUTH","UNIT_NAME":"Larrick South","ORDER_NO":"2026-137","OPERATOR":"INR Ohio","STATUS":"EFF","FORMATION":"Utica","ACRES":1279.8,"EDIT_DATE":"2026-07-27"},"geometry":{"type":"Polygon","coordinates":[[[-81.469173,40.161941],[-81.464584,40.160519],[-81.464395,40.160235],[-81.46243,40.157292],[-81.438844,40.121949],[-81.438867,40.121471],[-81.440311,40.118431],[-81.437819,40.114695],[-81.436732,40.113064],[-81.435784,40.111642],[-81.434678,40.109984],[-81.434737,40.109317],[-81.434799,40.108503],[-81.434804,40.107336],[-81.43953,40.107447],[-81.439741,40.107453],[-81.440027,40.10746],[-81.446562,40.117259],[-81.477313,40.163325],[-81.477431,40.163502],[-81.477014,40.163674],[-81.476716,40.163796],[-81.476639,40.163828],[-81.476048,40.164072],[-81.471793,40.162753],[-81.469173,40.161941]]]}},{"type":"Feature","properties":{"UNIT_ID":"SADLER_W_SHC_HR","UNIT_NAME":"Sadler W SHC HR","ORDER_NO":"2026-08","OPERATOR":"Ascent","STATUS":"EFF","FORMATION":"Utica","ACRES":528.0,"EDIT_DATE":"2026-04-10"},"geometry":{"type":"Polygon","coordinates":[[[-80.934569,40.20363],[-80.936144,40.202977],[-80.976095,40.258187],[-80.972936,40.259484],[-80.934116,40.205834],[-80.932995,40.204284],[-80.933723,40.203981],[-80.934569,40.20363]]]}},{"type":"Feature","properties":{"UNIT_ID":"WYLIE_NE_SHC_HR","UNIT_NAME":"Wylie NE SHC HR","ORDER_NO":"2026-148","OPERATOR":"Ascent","STATUS":"COI","FORMATION":"Utica","ACRES":562.6,"EDIT_DATE":"2026-04-14"},"geometry":{"type":"Polygon","coordinates":[[[-80.962403,40.233042],[-80.964162,40.232303],[-80.96578,40.231623],[-81.005377,40.286332],[-81.004864,40.28655],[-81.002007,40.287765],[-80.962403,40.233042]],[[-80.995505,40.275241],[-80.995773,40.275422],[-80.995927,40.275288],[-80.995659,40.27511],[-80.995505,40.275241]]]}},{"type":"Feature","properties":{"UNIT_ID":"DITKA_TWR_A","UNIT_NAME":"Ditka TWR A","ORDER_NO":"2026-82","OPERATOR":"EOG Resources","STATUS":"EFF","FORMATION":"Utica","ACRES":1412.3,"EDIT_DATE":"2026-07-20"},"geometry":{"type":"Polygon","coordinates":[[[-81.252994,40.4466],[-81.260021,40.456057],[-81.253462,40.458917],[-81.269237,40.480485],[-81.278668,40.493372],[-81.269565,40.497255],[-81.237433,40.453315],[-81.24012,40.452151],[-81.242886,40.450912],[-81.252994,40.4466]]]}},{"type":"Feature","properties":{"UNIT_ID":"LLOYD_SMITH_CMN_B","UNIT_NAME":"Lloyd Smith CMN B","ORDER_NO":"2026-150","OPERATOR":"EOG Resources","STATUS":"EFF","FORMATION":"Utica","ACRES":788.4,"EDIT_DATE":"2026-07-17"},"geometry":{"type":"Polygon","coordinates":[[[-81.248276,40.527118],[-81.247999,40.527236],[-81.247161,40.527593],[-81.244738,40.528625],[-81.243251,40.529259],[-81.240344,40.525399],[-81.233259,40.516046],[-81.215646,40.491375],[-81.210871,40.484715],[-81.20791,40.480583],[-81.210623,40.47943],[-81.213238,40.478318],[-81.215935,40.482078],[-81.248276,40.527118]]]}},{"type":"Feature","properties":{"UNIT_ID":"LLOYD_SMITH_CMN_C","UNIT_NAME":"Lloyd Smith CMN C","ORDER_NO":"2026-154","OPERATOR":"EOG Resources","STATUS":"EFF","FORMATION":"Utica","ACRES":791.2,"EDIT_DATE":"2026-07-17"},"geometry":{"type":"Polygon","coordinates":[[[-81.253847,40.524744],[-81.253141,40.525045],[-81.248276,40.527118],[-81.213238,40.478318],[-81.218216,40.476202],[-81.235388,40.49938],[-81.253847,40.524744]]]}},{"type":"Feature","properties":{"UNIT_ID":"MCKEEGAN_SOUTH_M","UNIT_NAME":"McKeegan South-M","ORDER_NO":"2026-187","OPERATOR":"Gulfport Energy","STATUS":"EFF","FORMATION":"Marcellus","ACRES":351.7,"EDIT_DATE":"2026-08-05"},"geometry":{"type":"Polygon","coordinates":[[[-80.750532,40.156368],[-80.747637,40.15697],[-80.746157,40.152773],[-80.730601,40.108627],[-80.733499,40.108025],[-80.74213,40.132523],[-80.750532,40.156368]]]}},{"type":"Feature","properties":{"UNIT_ID":"SLOAN_III","UNIT_NAME":"Sloan III","ORDER_NO":"2026-184","OPERATOR":"Gulfport Energy","STATUS":"EFF","FORMATION":"Utica","ACRES":699.0,"EDIT_DATE":"2026-05-26"},"geometry":{"type":"Polygon","coordinates":[[[-81.180105,39.744787],[-81.179701,39.744228],[-81.144951,39.696115],[-81.149607,39.69411],[-81.184763,39.74278],[-81.180105,39.744787]]]}},{"type":"Feature","properties":{"UNIT_ID":"COOPER_W_WSG","UNIT_NAME":"Cooper W WSG","ORDER_NO":"2026-185","OPERATOR":"Ascent","STATUS":"EFF","FORMATION":"Utica","ACRES":385.9,"EDIT_DATE":"2026-07-20"},"geometry":{"type":"Polygon","coordinates":[[[-81.369649,40.113128],[-81.36968,40.112536],[-81.372549,40.112623],[-81.407135,40.16103],[-81.407053,40.163198],[-81.407036,40.163655],[-81.406985,40.164995],[-81.406701,40.164988],[-81.405665,40.163539],[-81.369649,40.113128]]]}},{"type":"Feature","properties":{"UNIT_ID":"COOPER_C_WSG_GR","UNIT_NAME":"Cooper C WSG GR","ORDER_NO":"2026-194","OPERATOR":"Ascent","STATUS":"EFF","FORMATION":"Utica","ACRES":394.5,"EDIT_DATE":"2026-07-20"},"geometry":{"type":"Polygon","coordinates":[[[-81.405711,40.164962],[-81.405038,40.164944],[-81.403374,40.164901],[-81.366556,40.113365],[-81.366871,40.112968],[-81.367918,40.113337],[-81.369639,40.11331],[-81.369649,40.113128],[-81.406701,40.164988],[-81.405711,40.164962]]]}},{"type":"Feature","properties":{"UNIT_ID":"WHITACRE_CBR_SOUTHEAST","UNIT_NAME":"Whitacre CBR Southeast","ORDER_NO":"2026-193","OPERATOR":"EOG Resources","STATUS":"EFF","FORMATION":"Utica","ACRES":2093.5,"EDIT_DATE":"2026-06-30"},"geometry":{"type":"Polygon","coordinates":[[[-81.187962,40.613513],[-81.186214,40.611219],[-81.190703,40.609315],[-81.221564,40.649813],[-81.221811,40.650137],[-81.221815,40.650142],[-81.2191,40.650095],[-81.219271,40.65032],[-81.223383,40.65571],[-81.229539,40.663777],[-81.229851,40.663639],[-81.229933,40.663747],[-81.229933,40.663747],[-81.226929,40.665274],[-81.218334,40.669075],[-81.214329,40.663825],[-81.211985,40.660751],[-81.179009,40.617472],[-81.187962,40.613513]]]}},{"type":"Feature","properties":{"UNIT_ID":"GRAY_E","UNIT_NAME":"Gray E","ORDER_NO":"2025-195","OPERATOR":"INR Ohio","STATUS":"EFF","FORMATION":"Utica","ACRES":802.1,"EDIT_DATE":"2026-05-26"},"geometry":{"type":"Polygon","coordinates":[[[-81.400584,40.049869],[-81.442136,40.107508],[-81.435815,40.10736],[-81.435682,40.107357],[-81.400231,40.058182],[-81.397933,40.054973],[-81.400312,40.05503],[-81.400584,40.049869]]]}},{"type":"Feature","properties":{"UNIT_ID":"COOPER_SW_WSG_GR","UNIT_NAME":"Cooper SW WSG GR","ORDER_NO":"2026-200","OPERATOR":"Ascent","STATUS":"EFF","FORMATION":"Utica","ACRES":401.9,"EDIT_DATE":"2026-06-25"},"geometry":{"type":"Polygon","coordinates":[[[-81.40718,40.159844],[-81.407135,40.16103],[-81.372549,40.112623],[-81.376092,40.11273],[-81.408218,40.157692],[-81.408906,40.157713],[-81.411474,40.161235],[-81.410232,40.161781],[-81.408991,40.162327],[-81.40718,40.159844]]]}},{"type":"Feature","properties":{"UNIT_ID":"KROSBY_S_MDS_GR","UNIT_NAME":"Krosby S MDS GR","ORDER_NO":"2026-203","OPERATOR":"Ascent","STATUS":"EFF","FORMATION":"Utica","ACRES":749.7,"EDIT_DATE":"2026-08-11"},"geometry":{"type":"Polygon","coordinates":[[[-81.333736,40.088078],[-81.33822,40.086148],[-81.33938,40.085649],[-81.339386,40.085646],[-81.34063,40.085111],[-81.360434,40.112244],[-81.360431,40.11227],[-81.360453,40.112271],[-81.366457,40.120484],[-81.365422,40.120914],[-81.364603,40.121267],[-81.362589,40.122134],[-81.361413,40.12263],[-81.361349,40.122657],[-81.360938,40.12283],[-81.359533,40.123423],[-81.333736,40.088078]]]}},{"type":"Feature","properties":{"UNIT_ID":"ALABASTER_N_STC_NB","UNIT_NAME":"Alabaster N STC NB","ORDER_NO":"2026-208","OPERATOR":"Ascent","STATUS":"EFF","FORMATION":"Utica","ACRES":638.8,"EDIT_DATE":"2026-07-17"},"geometry":{"type":"Polygon","coordinates":[[[-81.382662,39.809117],[-81.341358,39.754285],[-81.342172,39.753923],[-81.343306,39.753383],[-81.343418,39.75333],[-81.343827,39.753211],[-81.345014,39.753093],[-81.345267,39.752994],[-81.345303,39.752968],[-81.385491,39.806316],[-81.385356,39.809418],[-81.382662,39.809117]]]}},{"type":"Feature","properties":{"UNIT_ID":"MCFREDERICK_G_UP","UNIT_NAME":"McFrederick G UP","ORDER_NO":"2026-201","OPERATOR":"Expand Operating","STATUS":"EFF","FORMATION":"Utica","ACRES":414.4,"EDIT_DATE":"2026-06-03"},"geometry":{"type":"Polygon","coordinates":[[[-81.086541,39.874537],[-81.087076,39.874307],[-81.090525,39.872828],[-81.090534,39.87284],[-81.114974,39.906644],[-81.111034,39.908408],[-81.086541,39.874537]]]}},{"type":"Feature","properties":{"UNIT_ID":"MCFREDERICK_F_UP","UNIT_NAME":"McFrederick F UP","ORDER_NO":"2025-42","OPERATOR":"Expand Operating","STATUS":"EFF","FORMATION":"Utica","ACRES":457.6,"EDIT_DATE":"2026-02-27"},"geometry":{"type":"Polygon","coordinates":[[[-81.059669,39.836345],[-81.063489,39.834707],[-81.091104,39.872587],[-81.09053,39.872833],[-81.090521,39.87282],[-81.087073,39.8743],[-81.059669,39.836345]]]}},{"type":"Feature","properties":{"UNIT_ID":"MCFREDERICK_E_UP","UNIT_NAME":"McFrederick E UP","ORDER_NO":"2026-202","OPERATOR":"Expand Operating","STATUS":"EFF","FORMATION":"Utica","ACRES":869.0,"EDIT_DATE":"2026-07-27"},"geometry":{"type":"Polygon","coordinates":[[[-81.121208,39.908054],[-81.121004,39.908014],[-81.12105,39.907388],[-81.120656,39.905588],[-81.119012,39.904835],[-81.118913,39.904879],[-81.114974,39.906644],[-81.090534,39.87284],[-81.091108,39.872594],[-81.094514,39.871133],[-81.094848,39.870976],[-81.094924,39.870943],[-81.098483,39.869416],[-81.125783,39.90717],[-81.125756,39.90771],[-81.125028,39.907688],[-81.124886,39.907686],[-81.124881,39.907879],[-81.124344,39.908021],[-81.12285,39.908019],[-81.121208,39.908054]]]}},{"type":"Feature","properties":{"UNIT_ID":"MCFREDERICK_H_UP","UNIT_NAME":"McFrederick H UP","ORDER_NO":"2026-209","OPERATOR":"Expand Operating","STATUS":"EFF","FORMATION":"Utica","ACRES":922.3,"EDIT_DATE":"2026-06-17"},"geometry":{"type":"Polygon","coordinates":[[[-81.08184,39.875283],[-81.08639,39.873357],[-81.087076,39.874307],[-81.086541,39.874537],[-81.111034,39.908408],[-81.110477,39.908658],[-81.112621,39.91162],[-81.109234,39.913128],[-81.105291,39.914883],[-81.07789,39.876987],[-81.08184,39.875283]]]}},{"type":"Feature","properties":{"UNIT_ID":"ALABASTER_NE_STC_NB","UNIT_NAME":"Alabaster NE STC NB","ORDER_NO":"2026-210","OPERATOR":"Ascent","STATUS":"EFF","FORMATION":"Utica","ACRES":560.4,"EDIT_DATE":"2026-07-17"},"geometry":{"type":"Polygon","coordinates":[[[-81.363787,39.789914],[-81.338067,39.755757],[-81.339512,39.755111],[-81.341358,39.754285],[-81.382662,39.809117],[-81.380609,39.808888],[-81.380603,39.80902],[-81.380132,39.809199],[-81.380132,39.8092],[-81.378726,39.809736],[-81.363787,39.789914]]]}},{"type":"Feature","properties":{"UNIT_ID":"ALABASTER_NW_STC_NB","UNIT_NAME":"Alabaster NW STC NB","ORDER_NO":"2026-211","OPERATOR":"Ascent","STATUS":"EFF","FORMATION":"Utica","ACRES":542.7,"EDIT_DATE":"2026-07-17"},"geometry":{"type":"Polygon","coordinates":[[[-81.345303,39.752968],[-81.345835,39.752567],[-81.347054,39.752016],[-81.348435,39.751391],[-81.37828,39.791026],[-81.378372,39.791131],[-81.38816,39.802226],[-81.385707,39.802136],[-81.385549,39.8058],[-81.385512,39.805799],[-81.385491,39.806316],[-81.345303,39.752968]]]}},{"type":"Feature","properties":{"UNIT_ID":"CHRISTMAN_U","UNIT_NAME":"Christman-U","ORDER_NO":"2026-215","OPERATOR":"Apex Energy Operating III","STATUS":"EFF","FORMATION":"Utica","ACRES":876.7,"EDIT_DATE":"2026-07-20"},"geometry":{"type":"Polygon","coordinates":[[[-81.062862,39.640557],[-81.044239,39.605298],[-81.046258,39.605384],[-81.048704,39.605492],[-81.053313,39.605721],[-81.056812,39.605873],[-81.058769,39.609579],[-81.066275,39.623788],[-81.066252,39.624157],[-81.066244,39.62429],[-81.066323,39.624175],[-81.06639,39.624056],[-81.066402,39.624029],[-81.069023,39.628988],[-81.068991,39.629006],[-81.068936,39.629038],[-81.068886,39.629074],[-81.068842,39.629115],[-81.068806,39.62916],[-81.068777,39.629208],[-81.068755,39.629258],[-81.068743,39.62931],[-81.068738,39.629363],[-81.068585,39.629532],[-81.068523,39.629815],[-81.068474,39.630099],[-81.068405,39.630529],[-81.068141,39.63111],[-81.068132,39.631157],[-81.068134,39.631204],[-81.068147,39.63125],[-81.068171,39.631293],[-81.06833,39.631464],[-81.067816,39.631441],[-81.067783,39.632299],[-81.066899,39.632288],[-81.066662,39.636767],[-81.066445,39.640676],[-81.062862,39.640557]]]}},{"type":"Feature","properties":{"UNIT_ID":"CHRISTMAN_M","UNIT_NAME":"Christman-M","ORDER_NO":"2026-216","OPERATOR":"Apex Energy Operating III","STATUS":"EFF","FORMATION":"Marcellus","ACRES":876.7,"EDIT_DATE":"2026-07-20"},"geometry":{"type":"Polygon","coordinates":[[[-81.062862,39.640557],[-81.044239,39.605298],[-81.046258,39.605384],[-81.048704,39.605492],[-81.053313,39.605721],[-81.056812,39.605873],[-81.058769,39.609579],[-81.066275,39.623788],[-81.066252,39.624157],[-81.066244,39.62429],[-81.066323,39.624175],[-81.06639,39.624056],[-81.066402,39.624029],[-81.069023,39.628988],[-81.068991,39.629006],[-81.068936,39.629038],[-81.068886,39.629074],[-81.068842,39.629115],[-81.068806,39.62916],[-81.068777,39.629208],[-81.068755,39.629258],[-81.068743,39.62931],[-81.068738,39.629363],[-81.068585,39.629532],[-81.068523,39.629815],[-81.068474,39.630099],[-81.068405,39.630529],[-81.068141,39.63111],[-81.068132,39.631157],[-81.068134,39.631204],[-81.068147,39.63125],[-81.068171,39.631293],[-81.06833,39.631464],[-81.067816,39.631441],[-81.067783,39.632299],[-81.066899,39.632288],[-81.066662,39.636767],[-81.066445,39.640676],[-81.062862,39.640557]]]}},{"type":"Feature","properties":{"UNIT_ID":"LARRICK_SW","UNIT_NAME":"Larrick SW","ORDER_NO":"2026-221","OPERATOR":"INR Ohio","STATUS":"EFF","FORMATION":"Utica","ACRES":469.5,"EDIT_DATE":"2026-07-17"},"geometry":{"type":"Polygon","coordinates":[[[-81.476298,40.161806],[-81.475771,40.161017],[-81.469639,40.151837],[-81.440031,40.107466],[-81.440031,40.107466],[-81.44003,40.107465],[-81.440029,40.107463],[-81.440028,40.107462],[-81.440028,40.107462],[-81.440028,40.107462],[-81.440028,40.107462],[-81.440027,40.107461],[-81.440027,40.10746],[-81.440026,40.107459],[-81.441893,40.107503],[-81.443658,40.107544],[-81.444627,40.108994],[-81.4449,40.109402],[-81.4481,40.114188],[-81.474911,40.154253],[-81.475993,40.15587],[-81.477133,40.157572],[-81.479139,40.160566],[-81.479204,40.160664],[-81.479603,40.161259],[-81.480311,40.162317],[-81.479532,40.162638],[-81.478646,40.163002],[-81.477431,40.163502],[-81.477313,40.163325],[-81.476298,40.161806]]]}},{"type":"Feature","properties":{"UNIT_ID":"GEMSBOK_NNB_CE","UNIT_NAME":"Gemsbok NNB CE","ORDER_NO":"2026-229","OPERATOR":"EOG Resources","STATUS":"EFF","FORMATION":"Utica","ACRES":1962.3,"EDIT_DATE":"2026-08-21"},"geometry":{"type":"Polygon","coordinates":[[[-81.554011,39.740794],[-81.554015,39.740442],[-81.554016,39.740341],[-81.554292,39.74028],[-81.554323,39.740262],[-81.55438,39.74023],[-81.554355,39.740156],[-81.55488,39.740051],[-81.555219,39.739983],[-81.55522,39.73992],[-81.555222,39.73984],[-81.555228,39.739257],[-81.552867,39.739213],[-81.538001,39.718671],[-81.550414,39.713314],[-81.566654,39.735749],[-81.566654,39.735753],[-81.566657,39.735754],[-81.587586,39.764641],[-81.575167,39.770002],[-81.554011,39.740794]]]}},{"type":"Feature","properties":{"UNIT_ID":"SYLVESTER_ANTOLAK_D","UNIT_NAME":"Sylvester Antolak D","ORDER_NO":"2026-91","OPERATOR":"Grenadier Energy III","STATUS":"EFF","FORMATION":"Utica","ACRES":365.2,"EDIT_DATE":"2026-04-23"},"geometry":{"type":"Polygon","coordinates":[[[-81.130793,40.010373],[-81.129833,40.010784],[-81.127615,40.011758],[-81.126474,40.010047],[-81.125757,40.010028],[-81.125769,40.009299],[-81.109085,39.98732],[-81.107235,39.987267],[-81.107078,39.987262],[-81.102935,39.981917],[-81.107564,39.979947],[-81.107585,39.979938],[-81.108774,39.979975],[-81.130793,40.010373]]]}},{"type":"Feature","properties":{"UNIT_ID":"SPARKMAN_GCN_B","UNIT_NAME":"Sparkman GCN B","ORDER_NO":"2026-149","OPERATOR":"OG Resources","STATUS":"COI","FORMATION":"Utica","ACRES":854.1,"EDIT_DATE":"2026-08-13"},"geometry":{"type":"Polygon","coordinates":[[[-81.493331,40.062936],[-81.455661,40.012376],[-81.456135,40.012393],[-81.458187,40.012436],[-81.458407,40.01244],[-81.460819,40.012515],[-81.462932,40.012581],[-81.492285,40.052664],[-81.494594,40.055762],[-81.50265,40.066752],[-81.500129,40.067843],[-81.498869,40.068086],[-81.496463,40.064803],[-81.494667,40.062353],[-81.493331,40.062936]]]}},{"type":"Feature","properties":{"UNIT_ID":"PEARLEY_TC_PER_NW","UNIT_NAME":"Pearley TC PER NW","ORDER_NO":"2025-87","OPERATOR":"EOG Resources","STATUS":"EFF","FORMATION":"Utica","ACRES":795.8,"EDIT_DATE":"2026-05-01"},"geometry":{"type":"Polygon","coordinates":[[[-81.376695,40.24738],[-81.390148,40.265293],[-81.409151,40.290392],[-81.407322,40.290344],[-81.405049,40.290283],[-81.403101,40.290231],[-81.402991,40.290229],[-81.402885,40.290226],[-81.402348,40.290211],[-81.401566,40.290191],[-81.400876,40.290172],[-81.400713,40.290168],[-81.370515,40.250058],[-81.376695,40.24738]]]}},{"type":"Feature","properties":{"UNIT_ID":"PEARLEY_TC_PER_NE","UNIT_NAME":"Pearley TC PER NE","ORDER_NO":"2025-56","OPERATOR":"EOG Resources","STATUS":"EFF","FORMATION":"Utica","ACRES":679.9,"EDIT_DATE":"2026-05-01"},"geometry":{"type":"Polygon","coordinates":[[[-81.364863,40.252508],[-81.370515,40.250058],[-81.400713,40.290168],[-81.400149,40.290153],[-81.39946,40.290135],[-81.398663,40.290113],[-81.397806,40.290091],[-81.396902,40.290067],[-81.396824,40.290065],[-81.394319,40.289998],[-81.39303,40.289963],[-81.364863,40.252508]]]}},{"type":"Feature","properties":{"UNIT_ID":"PEARLEY_TPR_D","UNIT_NAME":"Pearley TPR D","ORDER_NO":"2026-231","OPERATOR":"EOG Resources","STATUS":"EFF","FORMATION":"Utica","ACRES":832.6,"EDIT_DATE":"2026-08-13"},"geometry":{"type":"Polygon","coordinates":[[[-81.341024,40.21231],[-81.342906,40.211513],[-81.348125,40.209339],[-81.354674,40.218032],[-81.376695,40.24738],[-81.375005,40.248112],[-81.371655,40.249565],[-81.369629,40.250442],[-81.341024,40.21231]]]}},{"type":"Feature","properties":{"UNIT_ID":"PEARLEY_TPR_C","UNIT_NAME":"Pearley TPR C","ORDER_NO":"2026-232","OPERATOR":"EOG Resources","STATUS":"EFF","FORMATION":"Utica","ACRES":713.0,"EDIT_DATE":"2026-08-13"},"geometry":{"type":"Polygon","coordinates":[[[-81.334965,40.214916],[-81.334943,40.214887],[-81.338088,40.213554],[-81.341024,40.21231],[-81.369629,40.250442],[-81.364863,40.252508],[-81.363599,40.253055],[-81.334965,40.214916]]]}},{"type":"Feature","properties":{"UNIT_ID":"TILAPIA_A","UNIT_NAME":"Tilapia A","ORDER_NO":"2026-235","OPERATOR":"EOG Resources","STATUS":"COI","FORMATION":"Utica","ACRES":1544.6,"EDIT_DATE":"2026-08-24"},"geometry":{"type":"Polygon","coordinates":[[[-81.415061,40.107957],[-81.40988,40.100843],[-81.419822,40.09657],[-81.425012,40.103563],[-81.438374,40.121844],[-81.438816,40.121936],[-81.438839,40.121941],[-81.456226,40.148],[-81.447269,40.151977],[-81.415061,40.107957]]]}},{"type":"Feature","properties":{"UNIT_ID":"HENDERSON_NE_RCH_BL","UNIT_NAME":"Henderson NE RCH BL","ORDER_NO":"2026-234","OPERATOR":"Ascent","STATUS":"EFF","FORMATION":"Utica","ACRES":478.5,"EDIT_DATE":"2026-08-25"},"geometry":{"type":"Polygon","coordinates":[[[-80.947114,40.077337],[-80.938121,40.065045],[-80.93113,40.055485],[-80.934226,40.054166],[-80.935036,40.053826],[-80.952658,40.078142],[-80.964655,40.094685],[-80.960796,40.096287],[-80.960795,40.096287],[-80.947873,40.078334],[-80.947114,40.077337]]]}},{"type":"Feature","properties":{"UNIT_ID":"POSEY_OXFORD","UNIT_NAME":"Posey Oxford","ORDER_NO":"2026-240","OPERATOR":"Tiburon","STATUS":"COI","FORMATION":"Utica","ACRES":876.2,"EDIT_DATE":"2026-08-28"},"geometry":{"type":"Polygon","coordinates":[[[-81.321701,40.030813],[-81.321468,40.030919],[-81.319703,40.028571],[-81.320047,40.028425],[-81.319841,40.028174],[-81.319935,40.028111],[-81.319472,40.027702],[-81.319308,40.027811],[-81.319265,40.027787],[-81.319171,40.027863],[-81.318351,40.026773],[-81.321856,40.026801],[-81.323971,40.029728],[-81.327204,40.02836],[-81.362961,40.076028],[-81.360963,40.075969],[-81.359388,40.075928],[-81.358642,40.075908],[-81.354697,40.075804],[-81.354604,40.075801],[-81.34406,40.061749],[-81.343939,40.061745],[-81.343946,40.061597],[-81.335043,40.049726],[-81.3358,40.049622],[-81.321701,40.030813]]]}},{"type":"Feature","properties":{"UNIT_ID":"R_D_COOPER_B","UNIT_NAME":"R&D Cooper B","ORDER_NO":"2026-238","OPERATOR":"EOG Resources","STATUS":"COI","FORMATION":"Utica","ACRES":1712.1,"EDIT_DATE":"2026-09-10"},"geometry":{"type":"Polygon","coordinates":[[[-81.511345,39.858991],[-81.473069,39.805481],[-81.483071,39.801241],[-81.517083,39.848749],[-81.517091,39.84879],[-81.518328,39.855394],[-81.518458,39.856087],[-81.519719,39.862789],[-81.515404,39.864633],[-81.511345,39.858991]]]}},{"type":"Feature","properties":{"UNIT_ID":"HWW_A","UNIT_NAME":"HWW A","ORDER_NO":"2026-249","OPERATOR":"EOG Resources","STATUS":"EFF","FORMATION":"Utica","ACRES":860.9,"EDIT_DATE":"2026-09-04"},"geometry":{"type":"Polygon","coordinates":[[[-81.189329,40.370309],[-81.179395,40.35815],[-81.180697,40.358171],[-81.180714,40.357799],[-81.180735,40.357352],[-81.180803,40.355868],[-81.180803,40.355868],[-81.175834,40.349378],[-81.17859,40.348239],[-81.181006,40.351459],[-81.18512,40.356739],[-81.209586,40.388443],[-81.224183,40.407389],[-81.218884,40.409652],[-81.189329,40.370309]]]}},{"type":"Feature","properties":{"UNIT_ID":"DOWNING_N_WYN_JF","UNIT_NAME":"Downing N WYN JF","ORDER_NO":"2026-250","OPERATOR":"Ascent","STATUS":"EFF","FORMATION":"Utica","ACRES":741.8,"EDIT_DATE":"2026-09-15"},"geometry":{"type":"Polygon","coordinates":[[[-80.788342,40.354326],[-80.789476,40.3543],[-80.793216,40.354481],[-80.793755,40.354507],[-80.794144,40.354102],[-80.7946,40.354103],[-80.794646,40.354103],[-80.794763,40.354151],[-80.795722,40.354545],[-80.796792,40.354545],[-80.797148,40.354309],[-80.797287,40.354347],[-80.798082,40.354563],[-80.798713,40.354488],[-80.800808,40.354237],[-80.817759,40.37764],[-80.816681,40.378094],[-80.808078,40.381725],[-80.788342,40.354326]]]}},{"type":"Feature","properties":{"UNIT_ID":"HENDERSON_NW_RCH_BL","UNIT_NAME":"Henderson NW RCH BL","ORDER_NO":"2026-239","OPERATOR":"Ascent","STATUS":"EFF","FORMATION":"Utica","ACRES":727.8,"EDIT_DATE":"2026-08-26"},"geometry":{"type":"Polygon","coordinates":[[[-80.966322,40.094009],[-80.964661,40.094685],[-80.935056,40.053822],[-80.939758,40.051818],[-80.958856,40.077101],[-80.960265,40.076473],[-80.961135,40.07762],[-80.972334,40.09312],[-80.967214,40.09524],[-80.966322,40.094009]]]}},{"type":"Feature","properties":{"UNIT_ID":"COBALT_CBR_B","UNIT_NAME":"Cobalt CBR B","ORDER_NO":"2026-3255","OPERATOR":"EOG Resources","STATUS":"PEN","FORMATION":"Utica","ACRES":2195.2,"EDIT_DATE":"2026-09-18"},"geometry":{"type":"Polygon","coordinates":[[[-81.241709,40.723172],[-81.239059,40.719727],[-81.209821,40.681418],[-81.200924,40.669751],[-81.214329,40.663825],[-81.218334,40.669075],[-81.254908,40.717809],[-81.241709,40.723172]]]}},{"type":"Feature","properties":{"UNIT_ID":"R_D_COOPER_A","UNIT_NAME":"R&D Cooper A","ORDER_NO":"2026-251","OPERATOR":"EOG Resources","STATUS":"COI","FORMATION":"Utica","ACRES":1637.0,"EDIT_DATE":"2026-09-16"},"geometry":{"type":"Polygon","coordinates":[[[-81.501375,39.86325],[-81.498859,39.859725],[-81.498639,39.85942],[-81.497279,39.857529],[-81.495952,39.855684],[-81.494645,39.853865],[-81.494035,39.853015],[-81.493224,39.851881],[-81.493114,39.851727],[-81.491263,39.849141],[-81.487802,39.844302],[-81.485384,39.840923],[-81.4851,39.840525],[-81.482423,39.836782],[-81.481742,39.83583],[-81.480718,39.834399],[-81.479756,39.833054],[-81.477838,39.830372],[-81.477411,39.829775],[-81.477091,39.829327],[-81.476306,39.828229],[-81.471933,39.822113],[-81.471733,39.821833],[-81.468986,39.81799],[-81.468708,39.817601],[-81.468674,39.817553],[-81.467498,39.815907],[-81.466566,39.814604],[-81.466479,39.814482],[-81.463603,39.810428],[-81.463094,39.809709],[-81.473069,39.805481],[-81.511345,39.858991],[-81.501375,39.86325]]]}},{"type":"Feature","properties":{"UNIT_ID":"CIRCLE_OAKS_NE_WSG_GR","UNIT_NAME":"Circle Oaks NE WSG GR","ORDER_NO":"","OPERATOR":"Ascent","STATUS":"PEN","FORMATION":"Utica","ACRES":295.7,"EDIT_DATE":"2026-06-10"},"geometry":{"type":"Polygon","coordinates":[[[-81.370332,40.215038],[-81.369117,40.215005],[-81.362314,40.205668],[-81.361549,40.204427],[-81.360573,40.203277],[-81.343099,40.179279],[-81.344464,40.178688],[-81.345711,40.178148],[-81.372723,40.215096],[-81.370332,40.215038]]]}},{"type":"Feature","properties":{"UNIT_ID":"CIRCLE_OAKS_NW_WSG_GR","UNIT_NAME":"Circle Oaks NW WSG GR","ORDER_NO":"","OPERATOR":"Ascent","STATUS":"PEN","FORMATION":"Utica","ACRES":603.5,"EDIT_DATE":"2026-06-12"},"geometry":{"type":"Polygon","coordinates":[[[-81.377497,40.21521],[-81.376207,40.21518],[-81.372723,40.215096],[-81.345711,40.178148],[-81.346957,40.177608],[-81.349451,40.176529],[-81.350853,40.175922],[-81.379618,40.215262],[-81.377497,40.21521]]]}},{"type":"Feature","properties":{"UNIT_ID":"CLAUGUS","UNIT_NAME":"Claugus","ORDER_NO":"","OPERATOR":"Gulfport Appalachia","STATUS":"PEN","FORMATION":"Utica","ACRES":660.9,"EDIT_DATE":"2026-06-15"},"geometry":{"type":"Polygon","coordinates":[[[-81.083538,39.733562],[-81.116755,39.7796],[-81.115091,39.780316],[-81.112093,39.781604],[-81.078879,39.735564],[-81.079761,39.735185],[-81.080757,39.734757],[-81.083538,39.733562]]]}},{"type":"Feature","properties":{"UNIT_ID":"FUCHS_B_M","UNIT_NAME":"Fuchs B-M","ORDER_NO":"","OPERATOR":"Expand Operating","STATUS":"PEN","FORMATION":"Marcellus","ACRES":338.8,"EDIT_DATE":"2026-06-16"},"geometry":{"type":"Polygon","coordinates":[[[-80.922997,39.805007],[-80.920611,39.806206],[-80.884805,39.763768],[-80.887183,39.762561],[-80.922997,39.805007]]]}},{"type":"Feature","properties":{"UNIT_ID":"FUCHS_C_M","UNIT_NAME":"Fuchs C-M","ORDER_NO":"","OPERATOR":"Expand Operating","STATUS":"PEN","FORMATION":"Marcellus","ACRES":332.9,"EDIT_DATE":"2026-06-17"},"geometry":{"type":"Polygon","coordinates":[[[-80.920611,39.806206],[-80.918225,39.807404],[-80.883045,39.765707],[-80.885423,39.7645],[-80.920611,39.806206]]]}},{"type":"Feature","properties":{"UNIT_ID":"SHANNON_WEST_M","UNIT_NAME":"Shannon West-M","ORDER_NO":"","OPERATOR":"Gulfport Appalachia","STATUS":"PEN","FORMATION":"Marcellus","ACRES":371.0,"EDIT_DATE":"2026-07-06"},"geometry":{"type":"Polygon","coordinates":[[[-80.824476,39.883407],[-80.819517,39.885519],[-80.805139,39.865475],[-80.803969,39.863844],[-80.807367,39.862397],[-80.805953,39.857585],[-80.805888,39.857366],[-80.805972,39.857334],[-80.806179,39.857253],[-80.806385,39.857173],[-80.806592,39.857092],[-80.806643,39.857072],[-80.806595,39.856996],[-80.80723,39.856773],[-80.807615,39.856637],[-80.808031,39.856491],[-80.808654,39.856339],[-80.811153,39.864837],[-80.811285,39.86502],[-80.824476,39.883407]]]}},{"type":"Feature","properties":{"UNIT_ID":"ENGLE_HFR_SOUTH","UNIT_NAME":"Engle HFR South","ORDER_NO":"","OPERATOR":"EOG Resources","STATUS":"PEN","FORMATION":"Utica","ACRES":2933.4,"EDIT_DATE":"2026-07-08"},"geometry":{"type":"Polygon","coordinates":[[[-81.239638,40.318292],[-81.228716,40.303419],[-81.227619,40.303891],[-81.216422,40.288549],[-81.218606,40.288612],[-81.218651,40.288011],[-81.218752,40.288136],[-81.225566,40.285246],[-81.226866,40.284695],[-81.222705,40.278927],[-81.223112,40.278938],[-81.22625,40.279023],[-81.227541,40.279058],[-81.228385,40.279079],[-81.234525,40.279229],[-81.247843,40.297463],[-81.248399,40.297213],[-81.274913,40.33174],[-81.273366,40.33241],[-81.268326,40.334602],[-81.265559,40.330822],[-81.260513,40.332994],[-81.25286,40.336288],[-81.247983,40.329652],[-81.239638,40.318292]]]}},{"type":"Feature","properties":{"UNIT_ID":"CULBERTSON_I","UNIT_NAME":"Culbertson I","ORDER_NO":"","OPERATOR":"Gulfport Appalachia","STATUS":"PEN","FORMATION":"Utica","ACRES":442.8,"EDIT_DATE":"2026-07-27"},"geometry":{"type":"Polygon","coordinates":[[[-81.06341,40.151624],[-81.063117,40.15161],[-81.062887,40.151283],[-81.061277,40.151231],[-81.059537,40.151174],[-81.059028,40.151151],[-81.059018,40.151353],[-81.027593,40.107972],[-81.027613,40.1079],[-81.02764,40.107828],[-81.027831,40.107321],[-81.02787,40.10723],[-81.028272,40.106289],[-81.028583,40.105559],[-81.028608,40.1055],[-81.0288,40.104955],[-81.028896,40.104682],[-81.028992,40.104409],[-81.02907,40.10422],[-81.06341,40.151624]]]}},{"type":"Feature","properties":{"UNIT_ID":"CLAUGUS_NORTHEAST","UNIT_NAME":"Claugus Northeast","ORDER_NO":"","OPERATOR":"Gulfport Appalachia","STATUS":"PEN","FORMATION":"Utica","ACRES":961.2,"EDIT_DATE":"2026-07-08"},"geometry":{"type":"Polygon","coordinates":[[[-81.086803,39.761625],[-81.089911,39.76029],[-81.088365,39.758146],[-81.07507,39.739708],[-81.07369,39.737793],[-81.078879,39.735564],[-81.112093,39.781604],[-81.111206,39.781986],[-81.103793,39.785171],[-81.099436,39.779135],[-81.086803,39.761625]]]}},{"type":"Feature","properties":{"UNIT_ID":"VIPER_NW_SHC_HR","UNIT_NAME":"Viper NW SHC HR","ORDER_NO":"","OPERATOR":"Ascent","STATUS":"PEN","FORMATION":"Utica","ACRES":512.4,"EDIT_DATE":"2026-07-08"},"geometry":{"type":"Polygon","coordinates":[[[-80.976508,40.227113],[-80.976326,40.22719],[-80.959211,40.203653],[-80.960784,40.202997],[-80.961285,40.202788],[-80.963535,40.201849],[-80.964406,40.201485],[-80.96495,40.201259],[-80.986403,40.230756],[-80.983699,40.231897],[-80.980857,40.233097],[-80.976508,40.227113]]]}},{"type":"Feature","properties":{"UNIT_ID":"FUCHS_OG_M","UNIT_NAME":"Fuchs OG-M","ORDER_NO":"","OPERATOR":"Expand Operating","STATUS":"PEN","FORMATION":"Marcellus","ACRES":300.5,"EDIT_DATE":"2026-07-09"},"geometry":{"type":"Polygon","coordinates":[[[-80.878274,39.77213],[-80.910038,39.809782],[-80.907652,39.810981],[-80.907652,39.810981],[-80.875896,39.773337],[-80.878274,39.77213]]]}},{"type":"Feature","properties":{"UNIT_ID":"SHANNON_EAST_M","UNIT_NAME":"Shannon East-M","ORDER_NO":"","OPERATOR":"Gulfport Appalachia","STATUS":"PEN","FORMATION":"Marcellus","ACRES":388.3,"EDIT_DATE":"2026-07-09"},"geometry":{"type":"Polygon","coordinates":[[[-80.814558,39.88763],[-80.800269,39.867708],[-80.800951,39.867382],[-80.801369,39.866993],[-80.8007,39.866614],[-80.800631,39.866575],[-80.800222,39.866763],[-80.800069,39.866833],[-80.799916,39.866904],[-80.799748,39.866981],[-80.796306,39.86218],[-80.796326,39.862165],[-80.796479,39.862054],[-80.796673,39.86191],[-80.796854,39.861778],[-80.796945,39.861712],[-80.797035,39.861646],[-80.797216,39.861513],[-80.797397,39.861381],[-80.797482,39.861319],[-80.797578,39.861249],[-80.79776,39.861117],[-80.797871,39.861036],[-80.797981,39.860955],[-80.798121,39.860854],[-80.798308,39.860989],[-80.798548,39.860876],[-80.798704,39.860804],[-80.798859,39.860731],[-80.799015,39.860658],[-80.799139,39.8606],[-80.800461,39.859982],[-80.80086,39.859765],[-80.801064,39.859792],[-80.803969,39.863844],[-80.805139,39.865475],[-80.819517,39.885519],[-80.814558,39.88763]]]}},{"type":"Feature","properties":{"UNIT_ID":"FUCHS_E_M_II","UNIT_NAME":"Fuchs E-M II","ORDER_NO":"","OPERATOR":"Expand Operating","STATUS":"EFF","FORMATION":"Marcellus","ACRES":266.9,"EDIT_DATE":"2026-07-10"},"geometry":{"type":"Polygon","coordinates":[[[-80.886372,39.777708],[-80.888758,39.77651],[-80.916976,39.80995],[-80.91459,39.811148],[-80.886372,39.777708]]]}},{"type":"Feature","properties":{"UNIT_ID":"CULBERTSON_II","UNIT_NAME":"Culbertson II","ORDER_NO":"","OPERATOR":"Gulfport Appalachia","STATUS":"PEN","FORMATION":"Utica","ACRES":403.1,"EDIT_DATE":"2026-07-10"},"geometry":{"type":"Polygon","coordinates":[[[-81.059018,40.151353],[-81.059006,40.151614],[-81.060812,40.152363],[-81.060224,40.153705],[-81.059553,40.154349],[-81.058286,40.155566],[-81.024985,40.109596],[-81.026115,40.10963],[-81.026128,40.109631],[-81.027366,40.108818],[-81.027593,40.107972],[-81.059018,40.151353]]]}},{"type":"Feature","properties":{"UNIT_ID":"BOOTH_SE","UNIT_NAME":"Booth SE","ORDER_NO":"","OPERATOR":"INR Ohio","STATUS":"PEN","FORMATION":"Utica","ACRES":794.9,"EDIT_DATE":"2026-07-13"},"geometry":{"type":"Polygon","coordinates":[[[-81.461591,40.123177],[-81.47183,40.138493],[-81.475771,40.144386],[-81.476859,40.146013],[-81.480868,40.152006],[-81.474916,40.154261],[-81.454929,40.124398],[-81.450564,40.117872],[-81.449632,40.116479],[-81.4481,40.114188],[-81.446904,40.1124],[-81.4449,40.109402],[-81.444627,40.108994],[-81.443658,40.107544],[-81.444256,40.107558],[-81.444365,40.107562],[-81.449004,40.107707],[-81.451302,40.107779],[-81.454494,40.112557],[-81.457743,40.117419],[-81.461591,40.123177]]]}},{"type":"Feature","properties":{"UNIT_ID":"TOWE_HMN_NORTH","UNIT_NAME":"Towe HMN North","ORDER_NO":"","OPERATOR":"EOG Resources","STATUS":"PEN","FORMATION":"Utica","ACRES":1047.8,"EDIT_DATE":"2026-07-13"},"geometry":{"type":"Polygon","coordinates":[[[-81.2453,40.418649],[-81.235633,40.422967],[-81.228969,40.413901],[-81.22301,40.405867],[-81.212475,40.392194],[-81.209586,40.388443],[-81.219645,40.383972],[-81.2453,40.418649]]]}},{"type":"Feature","properties":{"UNIT_ID":"FAIRFIELD_PEGASUS_SOUTH","UNIT_NAME":"Fairfield Pegasus South","ORDER_NO":"","OPERATOR":"Hilcorp Energy","STATUS":"PEN","FORMATION":"Utica","ACRES":731.3,"EDIT_DATE":"2026-07-14"},"geometry":{"type":"Polygon","coordinates":[[[-80.707699,40.779282],[-80.708263,40.779031],[-80.708456,40.779033],[-80.708587,40.779034],[-80.708587,40.778887],[-80.711684,40.77751],[-80.711963,40.777893],[-80.716869,40.784629],[-80.72222,40.791971],[-80.722221,40.791972],[-80.722367,40.792173],[-80.723621,40.793893],[-80.727446,40.79914],[-80.727671,40.799449],[-80.728827,40.801034],[-80.731138,40.804215],[-80.731255,40.804376],[-80.731285,40.804417],[-80.73129,40.804424],[-80.731305,40.804443],[-80.732418,40.805888],[-80.732573,40.806089],[-80.738106,40.813271],[-80.738734,40.814086],[-80.737402,40.814709],[-80.737059,40.814869],[-80.736751,40.815013],[-80.73535,40.815668],[-80.733737,40.816421],[-80.732634,40.816937],[-80.729773,40.813225],[-80.72936,40.812688],[-80.71568,40.794924],[-80.704811,40.780803],[-80.704675,40.780627],[-80.706262,40.779921],[-80.707699,40.779282]]]}},{"type":"Feature","properties":{"UNIT_ID":"BOOTH_SW","UNIT_NAME":"Booth SW","ORDER_NO":"","OPERATOR":"INR Ohio","STATUS":"PEN","FORMATION":"Utica","ACRES":1046.9,"EDIT_DATE":"2026-07-16"},"geometry":{"type":"Polygon","coordinates":[[[-81.478203,40.148023],[-81.476148,40.14495],[-81.45986,40.120587],[-81.452664,40.109817],[-81.451302,40.107779],[-81.453753,40.107856],[-81.455191,40.107901],[-81.459886,40.108048],[-81.462314,40.108124],[-81.465638,40.113178],[-81.469324,40.118781],[-81.472151,40.123078],[-81.472151,40.123078],[-81.472151,40.123078],[-81.472151,40.123078],[-81.488984,40.14865],[-81.48273,40.151236],[-81.480868,40.152006],[-81.478203,40.148023]]]}},{"type":"Feature","properties":{"UNIT_ID":"VIPER_N_SHC_HR","UNIT_NAME":"Viper N SHC HR","ORDER_NO":"","OPERATOR":"Ascent","STATUS":"PEN","FORMATION":"Utica","ACRES":496.0,"EDIT_DATE":"2026-07-16"},"geometry":{"type":"Polygon","coordinates":[[[-80.952293,40.20654],[-80.95509,40.205373],[-80.957639,40.204309],[-80.958074,40.204128],[-80.959211,40.203653],[-80.976326,40.22719],[-80.972248,40.228904],[-80.969418,40.230094],[-80.952293,40.20654]]]}},{"type":"Feature","properties":{"UNIT_ID":"ROBINSON_SE_PLT_BL","UNIT_NAME":"Robinson SE PLT BL","ORDER_NO":"","OPERATOR":"Ascent","STATUS":"PEN","FORMATION":"Utica","ACRES":333.9,"EDIT_DATE":"2026-07-17"},"geometry":{"type":"Polygon","coordinates":[[[-80.765479,40.016265],[-80.764803,40.016292],[-80.76432,40.015633],[-80.763825,40.015679],[-80.763343,40.015887],[-80.76324,40.015932],[-80.762047,40.016448],[-80.741432,39.987037],[-80.738969,39.983521],[-80.738985,39.982865],[-80.739098,39.981947],[-80.738898,39.981818],[-80.739032,39.981403],[-80.739126,39.981224],[-80.739223,39.980697],[-80.73948,39.979571],[-80.739649,39.978829],[-80.739663,39.978724],[-80.759234,40.006653],[-80.759202,40.00668],[-80.759293,40.006737],[-80.766359,40.016813],[-80.765984,40.016962],[-80.765479,40.016265]]]}},{"type":"Feature","properties":{"UNIT_ID":"BOWLING_CBR_NW","UNIT_NAME":"Bowling CBR NW","ORDER_NO":"","OPERATOR":"EOG Ohio","STATUS":"PEN","FORMATION":"Utica","ACRES":1246.6,"EDIT_DATE":"2026-07-20"},"geometry":{"type":"Polygon","coordinates":[[[-81.143159,40.712527],[-81.120933,40.681718],[-81.119957,40.680365],[-81.117568,40.676954],[-81.119789,40.677036],[-81.120994,40.677082],[-81.126833,40.677234],[-81.139545,40.695146],[-81.139545,40.695146],[-81.168375,40.732859],[-81.160968,40.735917],[-81.144392,40.714235],[-81.143159,40.712527]]]}},{"type":"Feature","properties":{"UNIT_ID":"VIPER_NE_SHC_HR","UNIT_NAME":"Viper NE SHC HR","ORDER_NO":"","OPERATOR":"Ascent","STATUS":"PEN","FORMATION":"Utica","ACRES":497.6,"EDIT_DATE":"2026-07-23"},"geometry":{"type":"Polygon","coordinates":[[[-80.945446,40.209396],[-80.950721,40.207196],[-80.951968,40.206675],[-80.952293,40.20654],[-80.969418,40.230094],[-80.969014,40.230264],[-80.96578,40.231623],[-80.962403,40.233042],[-80.945446,40.209396]]]}},{"type":"Feature","properties":{"UNIT_ID":"FAIRFIELD_PEGASUS_NORTHEAST","UNIT_NAME":"Fairfield Pegasus Northeast","ORDER_NO":"","OPERATOR":"Hilcorp Energy","STATUS":"PEN","FORMATION":"Utica","ACRES":1018.6,"EDIT_DATE":"2026-07-27"},"geometry":{"type":"Polygon","coordinates":[[[-80.765599,40.870178],[-80.765133,40.870388],[-80.76466,40.870612],[-80.764575,40.870652],[-80.764233,40.870234],[-80.762876,40.868576],[-80.761618,40.867039],[-80.753878,40.857582],[-80.753566,40.857714],[-80.752902,40.857995],[-80.752636,40.858108],[-80.752276,40.85826],[-80.751557,40.858565],[-80.751119,40.85875],[-80.751019,40.858792],[-80.750848,40.858865],[-80.750842,40.858858],[-80.75084,40.858858],[-80.750672,40.858866],[-80.749957,40.858903],[-80.749855,40.858909],[-80.749554,40.858541],[-80.743172,40.85073],[-80.722239,40.825094],[-80.720601,40.823087],[-80.720289,40.822705],[-80.720335,40.822683],[-80.720877,40.82243],[-80.72103,40.822358],[-80.721088,40.822331],[-80.722941,40.821466],[-80.724583,40.820699],[-80.727676,40.819254],[-80.730126,40.822255],[-80.768288,40.868963],[-80.765599,40.870178]]]}},{"type":"Feature","properties":{"UNIT_ID":"CLAUGUS_WEST","UNIT_NAME":"Claugus West","ORDER_NO":"","OPERATOR":"Gulfport Appalachia","STATUS":"PEN","FORMATION":"Utica","ACRES":775.2,"EDIT_DATE":"2026-07-27"},"geometry":{"type":"Polygon","coordinates":[[[-81.115091,39.780316],[-81.116755,39.7796],[-81.083538,39.733562],[-81.085524,39.732708],[-81.086273,39.732386],[-81.088199,39.731559],[-81.125648,39.783454],[-81.124248,39.784056],[-81.119321,39.786174],[-81.115091,39.780316]]]}},{"type":"Feature","properties":{"UNIT_ID":"BREITENSTINE_W","UNIT_NAME":"Breitenstine W","ORDER_NO":"","OPERATOR":"INR Ohio","STATUS":"PEN","FORMATION":"Utica","ACRES":865.5,"EDIT_DATE":"2026-07-28"},"geometry":{"type":"Polygon","coordinates":[[[-81.394579,39.917629],[-81.394933,39.917461],[-81.398038,39.916104],[-81.397935,39.915789],[-81.397935,39.915408],[-81.398224,39.915033],[-81.398655,39.91485],[-81.400462,39.914911],[-81.400773,39.914886],[-81.400793,39.914379],[-81.401676,39.914553],[-81.402239,39.914306],[-81.404393,39.917053],[-81.428827,39.95025],[-81.42735,39.95021],[-81.424501,39.950132],[-81.42362,39.950108],[-81.423524,39.952218],[-81.423505,39.952631],[-81.42347,39.953404],[-81.423413,39.954654],[-81.423336,39.956706],[-81.394579,39.917629]]]}},{"type":"Feature","properties":{"UNIT_ID":"ROBINSON_S_PLT_BL","UNIT_NAME":"Robinson S PLT BL","ORDER_NO":"","OPERATOR":"Ascent","STATUS":"PEN","FORMATION":"Utica","ACRES":497.0,"EDIT_DATE":"2026-08-03"},"geometry":{"type":"Polygon","coordinates":[[[-80.765292,40.015291],[-80.739663,39.978724],[-80.73985,39.977269],[-80.739902,39.977102],[-80.742667,39.975728],[-80.766956,40.009501],[-80.766768,40.009698],[-80.766634,40.009694],[-80.766031,40.009859],[-80.766045,40.010082],[-80.766772,40.009982],[-80.766762,40.011355],[-80.766581,40.011846],[-80.767595,40.012445],[-80.771636,40.013298],[-80.770344,40.015235],[-80.766359,40.016813],[-80.765292,40.015291]]]}},{"type":"Feature","properties":{"UNIT_ID":"FAIRFIELD_PEGASUS_NORTH","UNIT_NAME":"Fairfield Pegasus North","ORDER_NO":"","OPERATOR":"Hilcorp Energy","STATUS":"PEN","FORMATION":"Utica","ACRES":1168.8,"EDIT_DATE":"2026-08-03"},"geometry":{"type":"Polygon","coordinates":[[[-80.735303,40.816155],[-80.768785,40.857098],[-80.771985,40.861009],[-80.774575,40.86468],[-80.775273,40.865668],[-80.774281,40.866136],[-80.768317,40.86895],[-80.768288,40.868963],[-80.767905,40.868495],[-80.727676,40.819254],[-80.73442,40.816102],[-80.734604,40.816017],[-80.734702,40.815971],[-80.735028,40.815818],[-80.735223,40.816057],[-80.735303,40.816155]]]}},{"type":"Feature","properties":{"UNIT_ID":"STONEY_GCE_SW","UNIT_NAME":"Stoney GCE SW","ORDER_NO":"","OPERATOR":"EOG Resources","STATUS":"PEN","FORMATION":"Utica","ACRES":944.8,"EDIT_DATE":"2026-08-03"},"geometry":{"type":"Polygon","coordinates":[[[-81.509535,39.988824],[-81.493829,39.967288],[-81.494301,39.967291],[-81.494411,39.96526],[-81.496682,39.965332],[-81.496759,39.964091],[-81.497691,39.965364],[-81.499077,39.965407],[-81.49913,39.965409],[-81.499148,39.965002],[-81.499161,39.964767],[-81.499203,39.964609],[-81.499317,39.964468],[-81.499526,39.964254],[-81.499642,39.964109],[-81.499665,39.964067],[-81.532487,40.009055],[-81.535605,40.013324],[-81.529388,40.016025],[-81.52098,40.004508],[-81.509535,39.988824]]]}},{"type":"Feature","properties":{"UNIT_ID":"STONEY_GCE_SE","UNIT_NAME":"Stoney GCE SE","ORDER_NO":"","OPERATOR":"EOG Resources","STATUS":"PEN","FORMATION":"Utica","ACRES":866.5,"EDIT_DATE":"2026-08-03"},"geometry":{"type":"Polygon","coordinates":[[[-81.498307,39.981881],[-81.491366,39.97239],[-81.490706,39.971487],[-81.489832,39.970291],[-81.490479,39.970328],[-81.490614,39.970261],[-81.49095,39.968826],[-81.492238,39.968867],[-81.492319,39.967277],[-81.493616,39.967283],[-81.493747,39.967284],[-81.493789,39.967284],[-81.493825,39.967285],[-81.528477,40.014787],[-81.528726,40.015127],[-81.529383,40.016022],[-81.525827,40.017567],[-81.524319,40.018221],[-81.523167,40.018722],[-81.52235,40.017603],[-81.512335,40.003883],[-81.511381,40.002576],[-81.506868,39.996393],[-81.506098,39.995336],[-81.497708,39.983835],[-81.497753,39.98375],[-81.49789,39.98359],[-81.498067,39.983419],[-81.498153,39.983336],[-81.498236,39.983252],[-81.498307,39.981881]]]}},{"type":"Feature","properties":{"UNIT_ID":"ROBINSON_E_PLT_BL","UNIT_NAME":"Robinson E PLT BL","ORDER_NO":"","OPERATOR":"Ascent","STATUS":"PEN","FORMATION":"Utica","ACRES":512.1,"EDIT_DATE":"2026-08-03"},"geometry":{"type":"Polygon","coordinates":[[[-80.7417,39.99959],[-80.741439,39.998343],[-80.741326,39.997803],[-80.741092,39.996237],[-80.741078,39.99613],[-80.740225,39.992974],[-80.739927,39.991817],[-80.740166,39.991798],[-80.739992,39.991023],[-80.73994,39.9906],[-80.739911,39.990358],[-80.740011,39.990361],[-80.739735,39.98882],[-80.739779,39.988825],[-80.739648,39.987855],[-80.739474,39.987849],[-80.741434,39.987037],[-80.762049,40.016448],[-80.761276,40.016782],[-80.761055,40.017283],[-80.761038,40.017235],[-80.760183,40.017217],[-80.759823,40.017209],[-80.757933,40.017169],[-80.757924,40.017433],[-80.75771,40.017428],[-80.7577,40.017702],[-80.756768,40.0181],[-80.756439,40.017648],[-80.754806,40.018287],[-80.7417,39.99959]]]}},{"type":"Feature","properties":{"UNIT_ID":"CULBERTSON_III","UNIT_NAME":"Culbertson III","ORDER_NO":"","OPERATOR":"Gulfport Appalachia","STATUS":"PEN","FORMATION":"Utica","ACRES":526.0,"EDIT_DATE":"2026-08-03"},"geometry":{"type":"Polygon","coordinates":[[[-81.055668,40.156685],[-81.055118,40.156518],[-81.055014,40.156655],[-81.05499,40.156687],[-81.054912,40.156583],[-81.01941,40.109476],[-81.022132,40.109564],[-81.024125,40.109621],[-81.025025,40.10965],[-81.058231,40.15549],[-81.058197,40.155522],[-81.058083,40.155631],[-81.057473,40.15621],[-81.05718,40.156489],[-81.056658,40.156985],[-81.055668,40.156685]]]}},{"type":"Feature","properties":{"UNIT_ID":"KIRK_SE_OXF_GR","UNIT_NAME":"Kirk SE OXF GR","ORDER_NO":"","OPERATOR":"Ascent","STATUS":"PEN","FORMATION":"Utica","ACRES":602.0,"EDIT_DATE":"2026-08-07"},"geometry":{"type":"Polygon","coordinates":[[[-81.217173,40.007497],[-81.222259,40.003778],[-81.246917,40.037649],[-81.247024,40.037796],[-81.247681,40.038698],[-81.244939,40.03864],[-81.24309,40.038594],[-81.242866,40.038589],[-81.242805,40.038587],[-81.241591,40.03856],[-81.239754,40.038519],[-81.217173,40.007497]]]}},{"type":"Feature","properties":{"UNIT_ID":"VINNY_C_CLR_BL","UNIT_NAME":"Vinny C CLR BL","ORDER_NO":"","OPERATOR":"Ascent","STATUS":"PEN","FORMATION":"Utica","ACRES":497.1,"EDIT_DATE":"2026-08-10"},"geometry":{"type":"Polygon","coordinates":[[[-80.801473,40.124921],[-80.770662,40.081852],[-80.773775,40.080529],[-80.811162,40.132779],[-80.81061,40.132993],[-80.807898,40.134045],[-80.801473,40.124921]]]}},{"type":"Feature","properties":{"UNIT_ID":"KIRK_SW_OXF_GR","UNIT_NAME":"Kirk SW OXF GR","ORDER_NO":"","OPERATOR":"Ascent","STATUS":"PEN","FORMATION":"Utica","ACRES":439.6,"EDIT_DATE":"2026-08-11"},"geometry":{"type":"Polygon","coordinates":[[[-81.247681,40.038698],[-81.222259,40.003778],[-81.224176,40.002377],[-81.224219,40.001386],[-81.225699,40.000456],[-81.225808,40.000544],[-81.23764,40.018228],[-81.238844,40.019821],[-81.248265,40.032287],[-81.251527,40.036602],[-81.252137,40.037408],[-81.249835,40.037373],[-81.249792,40.038739],[-81.247681,40.038698]]]}},{"type":"Feature","properties":{"UNIT_ID":"LIGHTNING_A","UNIT_NAME":"Lightning A","ORDER_NO":"","OPERATOR":"EOG Resources","STATUS":"PEN","FORMATION":"Utica","ACRES":2162.9,"EDIT_DATE":"2026-08-11"},"geometry":{"type":"Polygon","coordinates":[[[-81.203455,40.348785],[-81.197487,40.351236],[-81.196981,40.350551],[-81.196978,40.350547],[-81.179044,40.326253],[-81.176413,40.322695],[-81.17347,40.318697],[-81.17223,40.317016],[-81.170142,40.314185],[-81.172723,40.313058],[-81.162255,40.298544],[-81.155388,40.28902],[-81.15415,40.287302],[-81.154727,40.287301],[-81.158515,40.287337],[-81.162534,40.287368],[-81.164374,40.287379],[-81.167382,40.287431],[-81.169308,40.290156],[-81.169347,40.290211],[-81.169422,40.290317],[-81.169478,40.290396],[-81.169488,40.290411],[-81.170552,40.291916],[-81.170556,40.291923],[-81.170623,40.292018],[-81.170784,40.292245],[-81.170862,40.292356],[-81.170868,40.292364],[-81.170879,40.292379],[-81.171316,40.292998],[-81.172235,40.294297],[-81.172549,40.294743],[-81.173207,40.295674],[-81.174776,40.297909],[-81.175537,40.29897],[-81.177116,40.301203],[-81.179017,40.303893],[-81.179765,40.30495],[-81.181273,40.307083],[-81.182545,40.308836],[-81.182561,40.30886],[-81.182603,40.308922],[-81.182826,40.309226],[-81.183339,40.309902],[-81.183393,40.309974],[-81.183427,40.310018],[-81.185285,40.312465],[-81.1853,40.312485],[-81.185314,40.312503],[-81.185457,40.312691],[-81.185706,40.313019],[-81.185859,40.313221],[-81.186019,40.313431],[-81.186023,40.313437],[-81.186067,40.313495],[-81.186335,40.313847],[-81.186362,40.313884],[-81.186651,40.314264],[-81.187031,40.314761],[-81.187323,40.315149],[-81.187513,40.3154],[-81.187802,40.315782],[-81.187805,40.315785],[-81.187812,40.315795],[-81.187926,40.315946],[-81.188064,40.316128],[-81.18814,40.316228],[-81.210603,40.345849],[-81.207368,40.347177],[-81.203455,40.348785]]]}},{"type":"Feature","properties":{"UNIT_ID":"BEARDSLEY_NORTH","UNIT_NAME":"Beardsley North","ORDER_NO":"","OPERATOR":"Bright Rock Energy","STATUS":"PEN","FORMATION":"Utica","ACRES":850.7,"EDIT_DATE":"2026-08-11"},"geometry":{"type":"Polygon","coordinates":[[[-80.897788,40.845203],[-80.899876,40.848102],[-80.900794,40.849376],[-80.922894,40.880037],[-80.927214,40.886028],[-80.928506,40.887818],[-80.929928,40.889789],[-80.923582,40.892425],[-80.92216,40.890454],[-80.920869,40.888663],[-80.916549,40.882673],[-80.894451,40.85201],[-80.893533,40.850736],[-80.891446,40.847837],[-80.897788,40.845203]]]}},{"type":"Feature","properties":{"UNIT_ID":"FAIRFIELD_PEGASUS_NORTHWEST","UNIT_NAME":"Fairfield Pegasus Northwest","ORDER_NO":"","OPERATOR":"Hilcorp Energy","STATUS":"PEN","FORMATION":"Utica","ACRES":984.1,"EDIT_DATE":"2026-08-12"},"geometry":{"type":"Polygon","coordinates":[[[-80.735303,40.816155],[-80.735223,40.816057],[-80.735028,40.815818],[-80.735137,40.815767],[-80.73535,40.815668],[-80.735983,40.815372],[-80.736748,40.815014],[-80.738974,40.813974],[-80.740341,40.813335],[-80.741191,40.813339],[-80.741871,40.813341],[-80.742135,40.813343],[-80.742286,40.813343],[-80.742399,40.813344],[-80.74326,40.813347],[-80.770649,40.846865],[-80.775438,40.852721],[-80.776309,40.853786],[-80.776758,40.854335],[-80.776606,40.854388],[-80.776203,40.854527],[-80.775939,40.854619],[-80.775751,40.854684],[-80.775756,40.854691],[-80.775588,40.854749],[-80.770139,40.856631],[-80.76914,40.856975],[-80.768785,40.857098],[-80.735308,40.816161],[-80.735303,40.816155]]]}},{"type":"Feature","properties":{"UNIT_ID":"LAMBEAU_TWR_NORTH","UNIT_NAME":"Lambeau TWR North","ORDER_NO":"","OPERATOR":"EOG Resources","STATUS":"PEN","FORMATION":"Utica","ACRES":2249.2,"EDIT_DATE":"2026-08-12"},"geometry":{"type":"Polygon","coordinates":[[[-81.315491,40.498409],[-81.344932,40.538407],[-81.337447,40.541357],[-81.329949,40.544233],[-81.302027,40.506144],[-81.293157,40.494035],[-81.302258,40.49015],[-81.307733,40.48786],[-81.31549,40.498409],[-81.31549,40.498409],[-81.315491,40.498409]]]}},{"type":"Feature","properties":{"UNIT_ID":"VINNY_E_CLR_BL","UNIT_NAME":"Vinny E CLR BL","ORDER_NO":"","OPERATOR":"Ascent","STATUS":"PEN","FORMATION":"Utica","ACRES":462.1,"EDIT_DATE":"2026-08-13"},"geometry":{"type":"Polygon","coordinates":[[[-80.793101,40.119506],[-80.767045,40.083382],[-80.770662,40.081852],[-80.801473,40.124921],[-80.798026,40.126383],[-80.793101,40.119506]]]}},{"type":"Feature","properties":{"UNIT_ID":"VINNY_W_CLR_BL","UNIT_NAME":"Vinny W CLR BL","ORDER_NO":"","OPERATOR":"Ascent","STATUS":"PEN","FORMATION":"Utica","ACRES":569.8,"EDIT_DATE":"2026-08-13"},"geometry":{"type":"Polygon","coordinates":[[[-80.773775,40.080529],[-80.777035,40.079147],[-80.783529,40.088075],[-80.799429,40.110622],[-80.800238,40.110274],[-80.815322,40.131164],[-80.814292,40.131564],[-80.811162,40.132779],[-80.773775,40.080529]]]}},{"type":"Feature","properties":{"UNIT_ID":"WESLEY_WEST","UNIT_NAME":"Wesley West","ORDER_NO":"","OPERATOR":"Gulfport Appalachia","STATUS":"PEN","FORMATION":"Utica","ACRES":634.3,"EDIT_DATE":"2026-08-20"},"geometry":{"type":"Polygon","coordinates":[[[-81.196578,39.931274],[-81.191421,39.933493],[-81.175335,39.914519],[-81.175265,39.914426],[-81.175233,39.914383],[-81.160563,39.894129],[-81.166626,39.894198],[-81.179836,39.913228],[-81.186828,39.913307],[-81.186772,39.914566],[-81.186609,39.91821],[-81.187069,39.918222],[-81.187331,39.918581],[-81.196578,39.931274]]]}},{"type":"Feature","properties":{"UNIT_ID":"WESLEY_EAST","UNIT_NAME":"Wesley East","ORDER_NO":"","OPERATOR":"Gulfport Appalachia","STATUS":"PEN","FORMATION":"Utica","ACRES":692.6,"EDIT_DATE":"2026-08-20"},"geometry":{"type":"Polygon","coordinates":[[[-81.160563,39.894129],[-81.175233,39.914383],[-81.175265,39.914426],[-81.175335,39.914519],[-81.191421,39.933493],[-81.19079,39.933765],[-81.186928,39.935426],[-81.184608,39.936423],[-81.153912,39.894053],[-81.1543,39.894057],[-81.160563,39.894129]]]}},{"type":"Feature","properties":{"UNIT_ID":"VANFOSSEN_CAU_NW","UNIT_NAME":"Vanfossen CAU NW","ORDER_NO":"","OPERATOR":"EOG Resources","STATUS":"PEN","FORMATION":"Utica","ACRES":1351.9,"EDIT_DATE":"2026-08-25"},"geometry":{"type":"Polygon","coordinates":[[[-81.0635,40.649615],[-81.063506,40.649637],[-81.065475,40.6497],[-81.066758,40.649741],[-81.070027,40.654195],[-81.07034,40.654621],[-81.070946,40.655447],[-81.072238,40.657206],[-81.073798,40.659332],[-81.075752,40.661994],[-81.079235,40.666739],[-81.081169,40.669374],[-81.083834,40.673006],[-81.086598,40.676771],[-81.088389,40.679211],[-81.089633,40.680905],[-81.093463,40.686124],[-81.095047,40.688281],[-81.096868,40.690755],[-81.097671,40.691845],[-81.098129,40.692468],[-81.098129,40.692468],[-81.0992,40.693923],[-81.100028,40.695047],[-81.102524,40.698438],[-81.103508,40.699774],[-81.104381,40.700961],[-81.105846,40.70295],[-81.106395,40.703697],[-81.107057,40.704595],[-81.107762,40.705553],[-81.10739,40.705709],[-81.106994,40.705875],[-81.104385,40.706968],[-81.102198,40.707885],[-81.100331,40.708667],[-81.099624,40.70771],[-81.098815,40.706617],[-81.097922,40.70541],[-81.097469,40.704796],[-81.094752,40.701123],[-81.094331,40.700553],[-81.093794,40.699826],[-81.09332,40.699186],[-81.093183,40.699],[-81.093129,40.698927],[-81.092346,40.697867],[-81.091602,40.696862],[-81.091478,40.696693],[-81.090107,40.694839],[-81.088529,40.692705],[-81.088104,40.692131],[-81.087744,40.691644],[-81.087456,40.691253],[-81.085061,40.688015],[-81.082733,40.684866],[-81.081622,40.683363],[-81.078951,40.679751],[-81.07867,40.679371],[-81.076823,40.676872],[-81.073716,40.67267],[-81.073258,40.672051],[-81.073144,40.671897],[-81.071193,40.669258],[-81.069736,40.667286],[-81.065732,40.661871],[-81.065115,40.661037],[-81.063939,40.659447],[-81.063231,40.65857],[-81.062926,40.658192],[-81.062004,40.657051],[-81.061169,40.656018],[-81.060452,40.65513],[-81.060034,40.654613],[-81.059921,40.654473],[-81.056492,40.65023],[-81.054281,40.647493],[-81.054281,40.647493],[-81.059061,40.647557],[-81.060622,40.647578],[-81.060569,40.649383],[-81.060569,40.649383],[-81.060569,40.649383],[-81.060572,40.649382],[-81.062362,40.648809],[-81.063231,40.64852],[-81.063231,40.64852],[-81.063488,40.649564],[-81.0635,40.649615]]]}},{"type":"Feature","properties":{"UNIT_ID":"AP_TRUST_SE_MRF_HR","UNIT_NAME":"AP Trust SE MRF HR","ORDER_NO":"","OPERATOR":"Ascent","STATUS":"PEN","FORMATION":"Utica","ACRES":302.3,"EDIT_DATE":"2026-08-28"},"geometry":{"type":"Polygon","coordinates":[[[-81.077046,40.177587],[-81.077891,40.177576],[-81.077879,40.177027],[-81.077834,40.174915],[-81.078306,40.174395],[-81.105496,40.211659],[-81.104302,40.212155],[-81.104119,40.212231],[-81.102741,40.212803],[-81.077046,40.177587]]]}},{"type":"Feature","properties":{"UNIT_ID":"AP_TRUST_E_MRF_HR","UNIT_NAME":"AP Trust E MRF HR","ORDER_NO":"","OPERATOR":"Ascent","STATUS":"PEN","FORMATION":"Utica","ACRES":370.3,"EDIT_DATE":"2026-09-02"},"geometry":{"type":"Polygon","coordinates":[[[-81.092497,40.203786],[-81.090168,40.20449],[-81.090041,40.204485],[-81.078031,40.183938],[-81.074825,40.179444],[-81.075118,40.178812],[-81.075546,40.177606],[-81.077046,40.177587],[-81.102741,40.212803],[-81.101364,40.213375],[-81.100585,40.213699],[-81.099869,40.213997],[-81.092497,40.203786]]]}},{"type":"Feature","properties":{"UNIT_ID":"FOLSAM_CHR_SW","UNIT_NAME":"Folsam CHR SW","ORDER_NO":"","OPERATOR":"EOG Resources","STATUS":"PEN","FORMATION":"Utica","ACRES":1256.7,"EDIT_DATE":"2026-09-08"},"geometry":{"type":"Polygon","coordinates":[[[-81.154859,40.589396],[-81.146049,40.577307],[-81.140917,40.5703],[-81.144263,40.568873],[-81.144388,40.56882],[-81.148605,40.567021],[-81.177549,40.606987],[-81.177569,40.60668],[-81.177518,40.606678],[-81.177632,40.599326],[-81.186214,40.611219],[-81.187962,40.613513],[-81.179009,40.617472],[-81.177169,40.615054],[-81.177043,40.614889],[-81.176868,40.61762],[-81.176753,40.619417],[-81.163728,40.601561],[-81.154859,40.589396]]]}},{"type":"Feature","properties":{"UNIT_ID":"BEARDSLEY_SOUTH","UNIT_NAME":"Beardsley South","ORDER_NO":"","OPERATOR":"Bright Rock Energy","STATUS":"PEN","FORMATION":"Utica","ACRES":985.6,"EDIT_DATE":"2026-09-14"},"geometry":{"type":"Polygon","coordinates":[[[-80.936273,40.887153],[-80.929928,40.889789],[-80.897788,40.845203],[-80.896342,40.843195],[-80.892697,40.838128],[-80.899037,40.835497],[-80.936273,40.887153]]]}},{"type":"Feature","properties":{"UNIT_ID":"LEILA_SW_LND_GR","UNIT_NAME":"Leila SW LND GR","ORDER_NO":"","OPERATOR":"Ascent","STATUS":"PEN","FORMATION":"Utica","ACRES":372.7,"EDIT_DATE":"2026-09-18"},"geometry":{"type":"Polygon","coordinates":[[[-81.221146,40.11277],[-81.224561,40.112862],[-81.227909,40.117378],[-81.259691,40.160065],[-81.257966,40.160776],[-81.257138,40.161116],[-81.221146,40.11277]]]}}]}
