{
"type": "FeatureCollection",
"name": "Utica_TC_Areas_09212026_EPSG4326",
"crs": { "type": "name", "properties": { "name": "urn:ogc:def:crs:OGC:1.3:CRS84" } },
"features": [
{ "type": "Feature", "properties": { "TC_NUMBER": 1, "NAME": "NORTH COND_N", "AOI": "NORTH CONDENSATE", "SPACING": 4, "BASE_LL": 15, "OIL_EUR": 21, "GAS_EUR": 305, "CONFIDENCE": "HIGH", "Shape_Area": 0.0196484524761 }, "geometry": { "type": "Polygon", "coordinates": [ [ [ -81.050308958291737, 40.681619053176803 ], [ -81.127539974690023, 40.705665264540357 ], [ -81.12703625541883, 40.707529418847628 ], [ -81.126531465055052, 40.709387825587726 ], [ -81.126025577518362, 40.711240572894155 ], [ -81.125518582916243, 40.713087703934434 ], [ -81.125010461463603, 40.714929280761737 ], [ -81.12450119787195, 40.716765366328673 ], [ -81.12399077415489, 40.718596022688359 ], [ -81.123479174124554, 40.720421306498167 ], [ -81.122966382492507, 40.722241273516033 ], [ -81.122452383970312, 40.724055981298534 ], [ -81.12193712369924, 40.7258656196027 ], [ -81.121420624162454, 40.727670104791571 ], [ -81.120902872769307, 40.729469488126426 ], [ -81.120383852432781, 40.731263821768039 ], [ -81.119863550562343, 40.73305315607837 ], [ -81.119341951869558, 40.734837537822159 ], [ -81.118819043763835, 40.736617014663523 ], [ -81.11829481185606, 40.738391631568618 ], [ -81.11776923995842, 40.740161447892547 ], [ -81.117242317279079, 40.741926494212407 ], [ -81.116714032126822, 40.743686814594867 ], [ -81.116184371011855, 40.745442449509483 ], [ -81.115653322242963, 40.747193443922356 ], [ -81.115120872330351, 40.748939834705652 ], [ -81.114587011381445, 40.75068166232893 ], [ -81.114051725007073, 40.752418965462937 ], [ -81.11351314711402, 40.754157759672921 ], [ -81.112973111419933, 40.755892073460473 ], [ -81.112431607132919, 40.757621944597133 ], [ -81.111888622561821, 40.75934740815643 ], [ -81.111344146914803, 40.761068500111264 ], [ -81.110798168500651, 40.762785254635844 ], [ -81.110250677426791, 40.764497705904432 ], [ -81.109701662901386, 40.766205886292653 ], [ -81.109151111434585, 40.767909837169327 ], [ -81.108599016731205, 40.769609581017392 ], [ -81.108045366200656, 40.771305151111903 ], [ -81.107490151749062, 40.772996576231037 ], [ -81.106933363483904, 40.774683887851211 ], [ -81.10637499061329, 40.776367114750599 ], [ -81.105815024144022, 40.778046285707546 ], [ -81.105253454183526, 40.779721428601079 ], [ -81.104690254651473, 40.781392626168838 ], [ -81.104125432742478, 40.783059849632423 ], [ -81.103558980362607, 40.784723128669498 ], [ -81.102990888518661, 40.786382487561809 ], [ -81.102421147318069, 40.788037954188269 ], [ -81.10184974866695, 40.789689552830623 ], [ -81.101276684471372, 40.791337307770561 ], [ -81.100701944838818, 40.79298124508847 ], [ -81.100125521675466, 40.794621392663203 ], [ -81.099547405987948, 40.796257769380588 ], [ -81.098967591481141, 40.797890398623053 ], [ -81.098386068262414, 40.799519302873591 ], [ -81.097802830036528, 40.801144505514571 ], [ -81.097217868709663, 40.802766028129724 ], [ -81.096631175288451, 40.804383892302837 ], [ -81.096042742578447, 40.805998118718264 ], [ -81.095452457265026, 40.807609017642108 ], [ -81.094860417374321, 40.809216319277766 ], [ -81.094266614812398, 40.810820044309651 ], [ -81.093671042384642, 40.812420213422172 ], [ -81.093073691997233, 40.814016845501044 ], [ -81.092474558254196, 40.815609959432152 ], [ -81.091873632162333, 40.817199575000416 ], [ -81.091270908325725, 40.818785711091721 ], [ -81.0906663768518, 40.820368388390477 ], [ -81.090060033243901, 40.821947622185064 ], [ -81.089451870307528, 40.823523430461989 ], [ -81.088841880848065, 40.825095830308385 ], [ -81.088230058570332, 40.826664840609965 ], [ -81.087616397178977, 40.828230475755902 ], [ -81.087000889479441, 40.829792754631967 ], [ -81.086383530075807, 40.831351691627333 ], [ -81.08576430098168, 40.832907329909403 ], [ -81.085143206693601, 40.834459659585661 ], [ -81.084520240916333, 40.836008695944599 ], [ -81.083895397354638, 40.837554455174029 ], [ -81.083268669713277, 40.839096952562386 ], [ -81.082640051697012, 40.840636203398105 ], [ -81.082009537010492, 40.842172221171097 ], [ -81.081377121157175, 40.843705022069173 ], [ -81.080742795143863, 40.845234622280032 ], [ -81.08010655537322, 40.846761032595623 ], [ -81.079468396449272, 40.848284268304383 ], [ -81.078828311177574, 40.849804342896164 ], [ -81.078186294162094, 40.851321269860762 ], [ -81.077542340906291, 40.85283506268803 ], [ -81.076896444215492, 40.854345733968501 ], [ -81.076248600492477, 40.85585329809129 ], [ -81.075322182772481, 40.857992970499254 ], [ -81.074389260256112, 40.86013451439635 ], [ -81.073449835641384, 40.862277920789438 ], [ -81.073306979233678, 40.862601913247772 ], [ -80.934284854462419, 40.835263497912138 ], [ -80.936418805383539, 40.8317900301858 ], [ -80.938480454409387, 40.828439095088243 ], [ -80.940628069629668, 40.824958706179416 ], [ -80.941615846294212, 40.823362851114723 ], [ -80.942563094111449, 40.821836022614377 ], [ -80.943694514989829, 40.820017484619257 ], [ -80.944785544617162, 40.818269800610835 ], [ -80.945843724708084, 40.816580890895466 ], [ -80.946874031211507, 40.814942818056636 ], [ -80.947881987763481, 40.813346808308609 ], [ -80.948869310270425, 40.811790163685146 ], [ -80.94983868680589, 40.810268642983544 ], [ -80.950792179515418, 40.80877901314102 ], [ -80.951967427055081, 40.806952925337271 ], [ -80.953123475867699, 40.805167966228737 ], [ -80.954262834162421, 40.803420265133184 ], [ -80.955387479548506, 40.801706786838793 ], [ -80.956499564103581, 40.800024258712597 ], [ -80.957600185000501, 40.798371028700046 ], [ -80.958690684927149, 40.796745079621758 ], [ -80.959772188036027, 40.795144735141491 ], [ -80.960847331139405, 40.793566121879053 ], [ -80.961915391182345, 40.792010327114951 ], [ -80.962977205433674, 40.790476134066409 ], [ -80.963505999602148, 40.789716806785236 ], [ -80.964033499646234, 40.788962493224517 ], [ -80.964559840464233, 40.788213001828638 ], [ -80.965085048136416, 40.787468296624638 ], [ -80.965609198205868, 40.786728269693924 ], [ -80.966132359920437, 40.785992822111098 ], [ -80.966654608823092, 40.785261849554786 ], [ -80.967176005168483, 40.78453526838797 ], [ -80.967696611909048, 40.783812989577882 ], [ -80.968216488400174, 40.783094928588127 ], [ -80.968657755151241, 40.782487938367694 ], [ -80.969103200152517, 40.781878913880803 ], [ -80.969552873766077, 40.781267791275582 ], [ -80.970006826353938, 40.780654498606282 ], [ -80.970465108278063, 40.780038968423696 ], [ -80.970927780692477, 40.779421119788879 ], [ -80.971394902053078, 40.778800873561522 ], [ -80.971866535312301, 40.778178146104608 ], [ -80.972342702953313, 40.777552906841208 ], [ -80.972823517391362, 40.776925009181866 ], [ -80.973309051471517, 40.776294356899086 ], [ -80.973799382535447, 40.775660850168151 ], [ -80.974294586126234, 40.775024391862246 ], [ -80.974794754873983, 40.774384860572923 ], [ -80.975299979610327, 40.773742142086235 ], [ -80.975810359260606, 40.773096109597816 ], [ -80.976325302071018, 40.772447506847016 ], [ -80.976845597646161, 40.77179533108972 ], [ -80.977371362898054, 40.771139437535055 ], [ -80.977902722832368, 40.770479669701047 ], [ -80.978439797058968, 40.769815879199541 ], [ -80.978982741160564, 40.769147872676228 ], [ -80.979531706223213, 40.768475463971527 ], [ -80.980086860420215, 40.767798449838665 ], [ -80.980648197456333, 40.767116833874809 ], [ -80.981216086053507, 40.766430167318447 ], [ -80.981790730357886, 40.765738203755177 ], [ -80.98237235609929, 40.765040670690439 ], [ -80.983557482691651, 40.763627783595382 ], [ -80.984773756403683, 40.762188773892831 ], [ -80.985814359245239, 40.760965815520024 ], [ -80.986880397612197, 40.759720248190945 ], [ -80.987974042468068, 40.758449534018837 ], [ -80.989098134771041, 40.757150373391084 ], [ -80.990254524426746, 40.755820612431364 ], [ -80.991449013860858, 40.754453568277597 ], [ -80.992686880295253, 40.753043201082903 ], [ -80.993976059347631, 40.75158046636551 ], [ -80.995095431109235, 40.750314860342598 ], [ -80.996266588532194, 40.74899458812979 ], [ -80.997501213809926, 40.747606473759788 ], [ -80.998821988743771, 40.746125015157361 ], [ -81.001337328654756, 40.74331104816639 ], [ -81.007775797315162, 40.736120793040243 ], [ -81.009632320874857, 40.734042047002902 ], [ -81.011298637821824, 40.732171063244039 ], [ -81.013153956290012, 40.730080123299103 ], [ -81.014884303168003, 40.728120822518008 ], [ -81.016521842708812, 40.726256735659888 ], [ -81.017311114716108, 40.725354356818173 ], [ -81.018083057686908, 40.724469085779731 ], [ -81.018998234780668, 40.723415842067482 ], [ -81.019892077257509, 40.722382986885407 ], [ -81.020766368473062, 40.721368459886548 ], [ -81.021622521262316, 40.720370622506266 ], [ -81.022462048284865, 40.719387708476006 ], [ -81.02328573464888, 40.718418796890035 ], [ -81.024094525541898, 40.71746277618621 ], [ -81.024889208769935, 40.716518713767698 ], [ -81.025671571285955, 40.715584479140432 ], [ -81.026441134650611, 40.714660630783555 ], [ -81.027198474430008, 40.713746479816223 ], [ -81.027944084351986, 40.712841429988032 ], [ -81.028678486023296, 40.711944846377605 ], [ -81.029402021186286, 40.711056310800132 ], [ -81.030115068455586, 40.710175361004133 ], [ -81.03081796058035, 40.709301582402134 ], [ -81.031660066858535, 40.708247391703821 ], [ -81.032488099646059, 40.707202618705935 ], [ -81.033302522992983, 40.706166678849229 ], [ -81.034103742493699, 40.705139054124118 ], [ -81.034892185326044, 40.704119198642161 ], [ -81.035668142870463, 40.703106731990147 ], [ -81.036431934386201, 40.7021012395806 ], [ -81.037183843159823, 40.701102346396226 ], [ -81.037924382704034, 40.700109368052949 ], [ -81.038653542227166, 40.699122314443287 ], [ -81.039371549257567, 40.698140874401872 ], [ -81.040078609740021, 40.697164768239531 ], [ -81.040774938612515, 40.69619370007922 ], [ -81.04146069505498, 40.695227445090552 ], [ -81.042136049039414, 40.694265766751812 ], [ -81.042801154349775, 40.693308442930345 ], [ -81.043457067689474, 40.692353933087588 ], [ -81.044102986863322, 40.691403381161138 ], [ -81.044739041373646, 40.690456596494812 ], [ -81.045365350830252, 40.689513402821319 ], [ -81.045982035742327, 40.688573615779774 ], [ -81.046589194135947, 40.687637088780662 ], [ -81.047186924936625, 40.686703666241272 ], [ -81.047775320774406, 40.685773204269992 ], [ -81.048354524641582, 40.684845476237797 ], [ -81.048924563517744, 40.683920436279152 ], [ -81.049485517442633, 40.682997955791052 ], [ -81.050037458361999, 40.682077915163688 ], [ -81.050308958291737, 40.681619053176803 ] ] ] } },
{ "type": "Feature", "properties": { "TC_NUMBER": 2, "NAME": "NORTH LEAN CONDENSATE_N", "AOI": "NORTH LEAN CONDENSATE", "SPACING": 4, "BASE_LL": 15, "OIL_EUR": 14, "GAS_EUR": 366, "CONFIDENCE": "LOW", "Shape_Area": 0.024622738039099999 }, "geometry": { "type": "Polygon", "coordinates": [ [ [ -80.987791035827627, 40.592293680508988 ], [ -80.997925375455679, 40.601546353581398 ], [ -81.019356076821452, 40.608592625449376 ], [ -81.03859308350394, 40.609489370038432 ], [ -81.063736189873225, 40.611282824143075 ], [ -81.080511760209504, 40.614720016815397 ], [ -81.080341939428934, 40.615247034822858 ], [ -81.079997171732032, 40.616302695912736 ], [ -81.079647283295458, 40.617359959594523 ], [ -81.079292278615753, 40.618418810579669 ], [ -81.078932163988156, 40.619479225485918 ], [ -81.078566948405921, 40.620541184528122 ], [ -81.078196636365647, 40.621604668820453 ], [ -81.07782123686053, 40.622669658577934 ], [ -81.077440755286602, 40.623736133116097 ], [ -81.077055199737629, 40.624804070851269 ], [ -81.0766645783076, 40.625873451998245 ], [ -81.076268886499861, 40.626944285550394 ], [ -81.075868144099559, 40.628016520246263 ], [ -81.075462358301138, 40.629090132703539 ], [ -81.075051538097966, 40.630165101338434 ], [ -81.074635692483184, 40.63124140546654 ], [ -81.074214829550726, 40.632319019906902 ], [ -81.073788958293733, 40.633397922176414 ], [ -81.073358087705572, 40.634478089792083 ], [ -81.072922226779326, 40.635559502069441 ], [ -81.07248138630689, 40.63664213112952 ], [ -81.072035575281518, 40.63772595358995 ], [ -81.071584805394423, 40.638810943370402 ], [ -81.071129085638745, 40.639897077088506 ], [ -81.070668427705755, 40.640984326865237 ], [ -81.070202842387232, 40.642072669318281 ], [ -81.06973234047507, 40.643162076568615 ], [ -81.069256788869666, 40.644252852587158 ], [ -81.068776341355033, 40.645344640342955 ], [ -81.068291009622385, 40.646437413755677 ], [ -81.067800805362822, 40.647531144946413 ], [ -81.06730574206631, 40.648625806036193 ], [ -81.066805833222588, 40.649721368246617 ], [ -81.066301089623551, 40.650817802799395 ], [ -81.065791527457009, 40.651915080016977 ], [ -81.065277155716103, 40.653013176516936 ], [ -81.064757992387399, 40.654112055427049 ], [ -81.064234051859955, 40.655211687969086 ], [ -81.063705348523001, 40.656312040868045 ], [ -81.063171896765596, 40.657413085345638 ], [ -81.062633712775607, 40.658514788127036 ], [ -81.062090812740792, 40.6596171168365 ], [ -81.06154321194964, 40.660720039098578 ], [ -81.060990901408957, 40.661823574698246 ], [ -81.060433922487505, 40.662927636401378 ], [ -81.059872294071056, 40.664032190033595 ], [ -81.059306032347479, 40.665137201420748 ], [ -81.058735156202431, 40.666242637287951 ], [ -81.058159682723158, 40.667348459863604 ], [ -81.057579632593956, 40.668454633174861 ], [ -81.056995023801278, 40.669561121248819 ], [ -81.056405872532935, 40.670667893508551 ], [ -81.055812203070673, 40.671774905887276 ], [ -81.055214034300207, 40.672882119714131 ], [ -81.054611387805267, 40.673989497217576 ], [ -81.054004286068903, 40.675096998827485 ], [ -81.053392748876206, 40.676204584074355 ], [ -81.052776799609603, 40.677312213388007 ], [ -81.05215646165135, 40.678419846298937 ], [ -81.051639901859971, 40.679331258830587 ], [ -81.051114588967096, 40.680244672353808 ], [ -81.050580461818811, 40.681160188491958 ], [ -81.050037458361999, 40.682077915163688 ], [ -81.049485517442633, 40.682997955791052 ], [ -81.048924563517744, 40.683920436279152 ], [ -81.048354524641582, 40.684845476237797 ], [ -81.047775320774406, 40.685773204269992 ], [ -81.047186924936625, 40.686703666241272 ], [ -81.046589194135947, 40.687637088780662 ], [ -81.045982035742327, 40.688573615779774 ], [ -81.045365350830252, 40.689513402821319 ], [ -81.044739041373646, 40.690456596494812 ], [ -81.044102986863322, 40.691403381161138 ], [ -81.043457067689474, 40.692353933087588 ], [ -81.042801154349775, 40.693308442930345 ], [ -81.042136049039414, 40.694265766751812 ], [ -81.04146069505498, 40.695227445090552 ], [ -81.040774938612515, 40.69619370007922 ], [ -81.040078609740021, 40.697164768239531 ], [ -81.039371549257567, 40.698140874401872 ], [ -81.038653542227166, 40.699122314443287 ], [ -81.037924382704034, 40.700109368052949 ], [ -81.037183843159823, 40.701102346396226 ], [ -81.036431934386201, 40.7021012395806 ], [ -81.035668142870463, 40.703106731990147 ], [ -81.034892185326044, 40.704119198642161 ], [ -81.034103742493699, 40.705139054124118 ], [ -81.033302522992983, 40.706166678849229 ], [ -81.032488099646059, 40.707202618705935 ], [ -81.031660066858535, 40.708247391703821 ], [ -81.03081796058035, 40.709301582402134 ], [ -81.030115068455586, 40.710175361004133 ], [ -81.029402021186286, 40.711056310800132 ], [ -81.028678486023296, 40.711944846377605 ], [ -81.027944084351986, 40.712841429988032 ], [ -81.027198474430008, 40.713746479816223 ], [ -81.026441134650611, 40.714660630783555 ], [ -81.025671571285955, 40.715584479140432 ], [ -81.024889208769935, 40.716518713767698 ], [ -81.024094525541898, 40.71746277618621 ], [ -81.02328573464888, 40.718418796890035 ], [ -81.022462048284865, 40.719387708476006 ], [ -81.021622521262316, 40.720370622506266 ], [ -81.020766368473062, 40.721368459886548 ], [ -81.019892077257509, 40.722382986885407 ], [ -81.018998234780668, 40.723415842067482 ], [ -81.018083057686908, 40.724469085779731 ], [ -81.017311114716108, 40.725354356818173 ], [ -81.016521842708812, 40.726256735659888 ], [ -81.014884303168003, 40.728120822518008 ], [ -81.013153956290012, 40.730080123299103 ], [ -81.011298637821824, 40.732171063244039 ], [ -81.009632320874857, 40.734042047002902 ], [ -81.007775797315162, 40.736120793040243 ], [ -81.001337328654756, 40.74331104816639 ], [ -80.998821988743771, 40.746125015157361 ], [ -80.997501213809926, 40.747606473759788 ], [ -80.996266588532194, 40.74899458812979 ], [ -80.995095431109235, 40.750314860342598 ], [ -80.993976059347631, 40.75158046636551 ], [ -80.992686880295253, 40.753043201082903 ], [ -80.991449013860858, 40.754453568277597 ], [ -80.990254524426746, 40.755820612431364 ], [ -80.989098134771041, 40.757150373391084 ], [ -80.987974042468068, 40.758449534018837 ], [ -80.986880397612197, 40.759720248190945 ], [ -80.985814359245239, 40.760965815520024 ], [ -80.984773756403683, 40.762188773892831 ], [ -80.983557482691651, 40.763627783595382 ], [ -80.98237235609929, 40.765040670690439 ], [ -80.981790730357886, 40.765738203755177 ], [ -80.981216086053507, 40.766430167318447 ], [ -80.980648197456333, 40.767116833874809 ], [ -80.980086860420215, 40.767798449838665 ], [ -80.979531706223213, 40.768475463971527 ], [ -80.978982741160564, 40.769147872676228 ], [ -80.978439797058968, 40.769815879199541 ], [ -80.977902722832368, 40.770479669701047 ], [ -80.977371362898054, 40.771139437535055 ], [ -80.976845597646161, 40.77179533108972 ], [ -80.976325302071018, 40.772447506847016 ], [ -80.975810359260606, 40.773096109597816 ], [ -80.975299979610327, 40.773742142086235 ], [ -80.974794754873983, 40.774384860572923 ], [ -80.974294586126234, 40.775024391862246 ], [ -80.973799382535447, 40.775660850168151 ], [ -80.973309051471517, 40.776294356899086 ], [ -80.972823517391362, 40.776925009181866 ], [ -80.972342702953313, 40.777552906841208 ], [ -80.971866535312301, 40.778178146104608 ], [ -80.971394902053078, 40.778800873561522 ], [ -80.970927780692477, 40.779421119788879 ], [ -80.970465108278063, 40.780038968423696 ], [ -80.970006826353938, 40.780654498606282 ], [ -80.969552873766077, 40.781267791275582 ], [ -80.969103200152517, 40.781878913880803 ], [ -80.968657755151241, 40.782487938367694 ], [ -80.968216488400174, 40.783094928588127 ], [ -80.967696611909048, 40.783812989577882 ], [ -80.967176005168483, 40.78453526838797 ], [ -80.966654608823092, 40.785261849554786 ], [ -80.966132359920437, 40.785992822111098 ], [ -80.965609198205868, 40.786728269693924 ], [ -80.965085048136416, 40.787468296624638 ], [ -80.964559840464233, 40.788213001828638 ], [ -80.964033499646234, 40.788962493224517 ], [ -80.963505999602148, 40.789716806785236 ], [ -80.962977205433674, 40.790476134066409 ], [ -80.961915391182345, 40.792010327114951 ], [ -80.960847331139405, 40.793566121879053 ], [ -80.959772188036027, 40.795144735141491 ], [ -80.958690684927149, 40.796745079621758 ], [ -80.957600185000501, 40.798371028700046 ], [ -80.956499564103581, 40.800024258712597 ], [ -80.955387479548506, 40.801706786838793 ], [ -80.954262834162421, 40.803420265133184 ], [ -80.953123475867699, 40.805167966228737 ], [ -80.951967427055081, 40.806952925337271 ], [ -80.950792179515418, 40.80877901314102 ], [ -80.94983868680589, 40.810268642983544 ], [ -80.948869310270425, 40.811790163685146 ], [ -80.947881987763481, 40.813346808308609 ], [ -80.946874031211507, 40.814942818056636 ], [ -80.945843724708084, 40.816580890895466 ], [ -80.944785544617162, 40.818269800610835 ], [ -80.943694514989829, 40.820017484619257 ], [ -80.942563094111449, 40.821836022614377 ], [ -80.941615846294212, 40.823362851114723 ], [ -80.940628069629668, 40.824958706179416 ], [ -80.938480454409387, 40.828439095088243 ], [ -80.936418805383539, 40.8317900301858 ], [ -80.934284854462419, 40.835263497912138 ], [ -80.899225708999211, 40.8283390284235 ], [ -80.846714703920384, 40.766909434023205 ], [ -80.846750083249731, 40.766874887466145 ], [ -80.84826531948886, 40.765401494883122 ], [ -80.849829751341929, 40.763886214577212 ], [ -80.851450543707585, 40.762322103782139 ], [ -80.853138547805713, 40.760698689892649 ], [ -80.854576302054681, 40.759319906888265 ], [ -80.856080195144841, 40.757881104929083 ], [ -80.857665497564597, 40.756367670931297 ], [ -80.85936205241677, 40.754751113473162 ], [ -80.8625543066359, 40.751715732495086 ], [ -80.870536871679235, 40.74413603045349 ], [ -80.872785975392389, 40.74199627710658 ], [ -80.874808268286927, 40.740068367161484 ], [ -80.877023377626756, 40.737950962866705 ], [ -80.879094629613405, 40.735964394641144 ], [ -80.881059192327825, 40.73407300886231 ], [ -80.88293634903323, 40.732258231831963 ], [ -80.884006039547046, 40.731220404298256 ], [ -80.8850528719924, 40.730201938268863 ], [ -80.886078786206951, 40.7292009442682 ], [ -80.88708533262195, 40.72821591233452 ], [ -80.888074173184521, 40.727245211997001 ], [ -80.889046189230214, 40.726287978107734 ], [ -80.89000243476454, 40.725343173748513 ], [ -80.890943794720329, 40.72440992208027 ], [ -80.89187225300202, 40.723486252688474 ], [ -80.892787307788012, 40.722572655703573 ], [ -80.893689611985963, 40.721668481815016 ], [ -80.894579729470877, 40.720773165349328 ], [ -80.895458255594008, 40.719886105559397 ], [ -80.89632558515757, 40.719006904944763 ], [ -80.897182154332938, 40.71813512103904 ], [ -80.898028349828451, 40.71727036083854 ], [ -80.898994136270346, 40.716278924832579 ], [ -80.899947046219154, 40.715295865112125 ], [ -80.900887545523744, 40.71432069784197 ], [ -80.901816052368872, 40.713352991347506 ], [ -80.902732999328407, 40.712392293269772 ], [ -80.903638693970493, 40.711438281651454 ], [ -80.904533469044338, 40.710490606656208 ], [ -80.905417621326137, 40.709548951722809 ], [ -80.90629168411391, 40.708612749378915 ], [ -80.907155660105616, 40.707681992430082 ], [ -80.908009795715486, 40.706756415576194 ], [ -80.908854313076063, 40.705835779597578 ], [ -80.909689444212461, 40.704919829086919 ], [ -80.910515366291065, 40.704008372488431 ], [ -80.911332264572309, 40.703101202058861 ], [ -80.912140311725977, 40.702198128041232 ], [ -80.912940649891027, 40.701297863505658 ], [ -80.913732431906169, 40.700401349143021 ], [ -80.91451580436086, 40.699508419478036 ], [ -80.915290903052721, 40.698618919827368 ], [ -80.916057867376651, 40.697732691910232 ], [ -80.916816807949317, 40.696849604425779 ], [ -80.917567842581832, 40.695969522475536 ], [ -80.918311079192904, 40.695092319255195 ], [ -80.919046683257761, 40.694217797813167 ], [ -80.919774690749364, 40.693345915881366 ], [ -80.920495196096397, 40.692476560145167 ], [ -80.921208287432478, 40.691609623585293 ], [ -80.921914054689807, 40.690744997383774 ], [ -80.92261257341147, 40.689882588011073 ], [ -80.923303920039814, 40.689022301038392 ], [ -80.923988169218603, 40.688164045634267 ], [ -80.925420382744448, 40.686353715751409 ], [ -80.926838458028385, 40.684552386283656 ], [ -80.928242624397569, 40.682759765850562 ], [ -80.92963309049469, 40.680975588252863 ], [ -80.93101007395569, 40.679199573801327 ], [ -80.932373741155175, 40.677431508457403 ], [ -80.933724266561626, 40.675671165591893 ], [ -80.935061812052936, 40.673918332964774 ], [ -80.936386642929165, 40.672172663437721 ], [ -80.937698790666616, 40.670434115641967 ], [ -80.938998391062853, 40.668702506115835 ], [ -80.940285571821619, 40.666977665786703 ], [ -80.941560464243992, 40.665259420186146 ], [ -80.942823171751911, 40.663547627221249 ], [ -80.944073804962102, 40.661842139403291 ], [ -80.945312464598544, 40.660142818236523 ], [ -80.946539749609713, 40.658448836344746 ], [ -80.94775524091159, 40.656760765696845 ], [ -80.948959025738418, 40.6550784848842 ], [ -80.950151185928462, 40.653401877894396 ], [ -80.951331806917324, 40.651730827815527 ], [ -80.952500956154154, 40.650065234822762 ], [ -80.953658707383397, 40.648404999091497 ], [ -80.954805127154884, 40.646750021696221 ], [ -80.955940313494636, 40.645100160544018 ], [ -80.957064294281736, 40.643455376064821 ], [ -80.958177127072702, 40.641815583722291 ], [ -80.959278866726265, 40.640180700778785 ], [ -80.960369571698322, 40.638550644496718 ], [ -80.961449286954974, 40.636925342930283 ], [ -80.962518063757614, 40.635304723234469 ], [ -80.963575946172966, 40.633688714362734 ], [ -80.964624527799685, 40.632074858468002 ], [ -80.965662269897791, 40.63046549378754 ], [ -80.966689214735425, 40.628860558268229 ], [ -80.967705399184808, 40.627259990756045 ], [ -80.96871086371533, 40.625663730097131 ], [ -80.969705641602047, 40.624071722332189 ], [ -80.97068976701911, 40.622483913501867 ], [ -80.971663272342084, 40.620900250546185 ], [ -80.972626203436505, 40.61932065882138 ], [ -80.97357857559075, 40.617745113146498 ], [ -80.974520416683845, 40.616173564958103 ], [ -80.975451756393397, 40.614605969290096 ], [ -80.976372620799793, 40.613042279377737 ], [ -80.977283034184666, 40.611482453852204 ], [ -80.978183021729023, 40.609926450445357 ], [ -80.979072606815294, 40.608374228687751 ], [ -80.979951885670971, 40.606825618607445 ], [ -80.980387638678565, 40.606052705268212 ], [ -80.980820803437268, 40.605280714633352 ], [ -80.981251383544475, 40.604509640407628 ], [ -80.981679381698086, 40.603739478094496 ], [ -80.982104799696685, 40.602970224995943 ], [ -80.982527640238345, 40.602201875716048 ], [ -80.982947905121705, 40.601434425758214 ], [ -80.98336559794393, 40.600667870625784 ], [ -80.983780719604511, 40.599902206721538 ], [ -80.984193273700555, 40.599137429548762 ], [ -80.984603260232234, 40.598373536409611 ], [ -80.985010683696032, 40.597610521908109 ], [ -80.985415544991383, 40.596848382446922 ], [ -80.985817845916813, 40.596087113529506 ], [ -80.986217591868353, 40.595326707061929 ], [ -80.986614782845891, 40.594567163943509 ], [ -80.987009418849539, 40.593808481476287 ], [ -80.987401503476576, 40.593050655163665 ], [ -80.987791035827627, 40.592293680508988 ] ] ] } },
{ "type": "Feature", "properties": { "TC_NUMBER": 3, "NAME": "NORTH RICH COND", "AOI": "NORTH RICH CONDENSATE", "SPACING": 0, "BASE_LL": 15, "OIL_EUR": 35, "GAS_EUR": 360, "CONFIDENCE": "HIGH", "Shape_Area": 0.024030544318 }, "geometry": { "type": "Polygon", "coordinates": [ [ [ -81.114008873210878, 40.752557312669921 ], [ -81.114051725007073, 40.752418965462937 ], [ -81.114587011381445, 40.75068166232893 ], [ -81.115120872330351, 40.748939834705652 ], [ -81.115653322242963, 40.747193443922356 ], [ -81.116184371011855, 40.745442449509483 ], [ -81.116714032126822, 40.743686814594867 ], [ -81.117242317279079, 40.741926494212407 ], [ -81.11776923995842, 40.740161447892547 ], [ -81.11829481185606, 40.738391631568618 ], [ -81.118819043763835, 40.736617014663523 ], [ -81.119341951869558, 40.734837537822159 ], [ -81.119863550562343, 40.73305315607837 ], [ -81.120383852432781, 40.731263821768039 ], [ -81.120902872769307, 40.729469488126426 ], [ -81.121420624162454, 40.727670104791571 ], [ -81.12193712369924, 40.7258656196027 ], [ -81.122452383970312, 40.724055981298534 ], [ -81.122966382492507, 40.722241273516033 ], [ -81.123479174124554, 40.720421306498167 ], [ -81.12399077415489, 40.718596022688359 ], [ -81.12450119787195, 40.716765366328673 ], [ -81.125010461463603, 40.714929280761737 ], [ -81.125518582916243, 40.713087703934434 ], [ -81.126025577518362, 40.711240572894155 ], [ -81.126531465055052, 40.709387825587726 ], [ -81.12703625541883, 40.707529418847628 ], [ -81.127539973790704, 40.705665263641038 ], [ -81.128042638157183, 40.703795291619485 ], [ -81.128544267403981, 40.701919431736428 ], [ -81.12904488041687, 40.70003761564351 ], [ -81.129544496980941, 40.698149765998949 ], [ -81.130043138679866, 40.696255805461078 ], [ -81.130540825298795, 40.694355655788911 ], [ -81.131037035230975, 40.692451324269257 ], [ -81.131532335948521, 40.690540653428457 ], [ -81.1320267481359, 40.688623557830965 ], [ -81.132520295175425, 40.686699950242541 ], [ -81.13301299955026, 40.684769742529625 ], [ -81.133504885541981, 40.682832838464776 ], [ -81.133995977432392, 40.68088914271982 ], [ -81.134486301301706, 40.678938553671344 ], [ -81.134975871539211, 40.676981012863507 ], [ -81.135464725916336, 40.6750163719081 ], [ -81.135952890513465, 40.673044521087832 ], [ -81.136440394108888, 40.671065348886771 ], [ -81.136927263682253, 40.669078742889724 ], [ -81.137413530709864, 40.667084578090851 ], [ -81.137899224869273, 40.665082728585105 ], [ -81.138384377636896, 40.663073065769424 ], [ -81.138868899080364, 40.66105597185566 ], [ -81.139352944782559, 40.65903079483536 ], [ -81.139836548917572, 40.656997394414248 ], [ -81.140319747458364, 40.654955618606948 ], [ -81.14080257547846, 40.652905323521907 ], [ -81.141285072548044, 40.650846340086559 ], [ -81.1417672764386, 40.648778501027039 ], [ -81.142249229418383, 40.646701631874862 ], [ -81.142730949473673, 40.644615651691026 ], [ -81.143212503154473, 40.642520274491119 ], [ -81.143693935426768, 40.640415306021623 ], [ -81.144175293055298, 40.638300542136335 ], [ -81.1446566201069, 40.636175784085196 ], [ -81.145137971440192, 40.634040796245813 ], [ -81.145619398316569, 40.631895347492332 ], [ -81.146100955594591, 40.629739193209275 ], [ -81.146441391257156, 40.628195066249361 ], [ -81.146777950841738, 40.62664283909578 ], [ -81.147110673918405, 40.625082331884187 ], [ -81.147439600956773, 40.623513354857494 ], [ -81.147764769728326, 40.621935723654758 ], [ -81.148086226098428, 40.620349217942135 ], [ -81.148404015033236, 40.618753622781526 ], [ -81.148718180599531, 40.617148707946569 ], [ -81.149028738985066, 40.615534394296901 ], [ -81.149335771128904, 40.613910272641021 ], [ -81.149639326493684, 40.612276081276207 ], [ -81.149939455441483, 40.610631537815266 ], [ -81.15023620923364, 40.608976376058934 ], [ -81.150529647225426, 40.607310256962819 ], [ -81.150819826973418, 40.605632857670287 ], [ -81.151106808732209, 40.603943825647093 ], [ -81.151390230075037, 40.602245369628179 ], [ -81.151670591024924, 40.600534556924288 ], [ -81.15194795903102, 40.598810976545394 ], [ -81.152222406938506, 40.597074181528285 ], [ -81.15249400039778, 40.59532375009104 ], [ -81.152762826643084, 40.59355912375463 ], [ -81.153028967512796, 40.591779766523075 ], [ -81.153292512039741, 40.589985086642514 ], [ -81.153553454828057, 40.58817512997831 ], [ -81.153811992829162, 40.586348555641393 ], [ -81.154068229465167, 40.584504639677448 ], [ -81.154322275352683, 40.582642572696614 ], [ -81.154574232115067, 40.580761616355574 ], [ -81.154824245442512, 40.57886069236713 ], [ -81.155072449334057, 40.576938776403438 ], [ -81.155318995775019, 40.57499470114459 ], [ -81.155514605514611, 40.573426995759291 ], [ -81.155709351905045, 40.571843670948681 ], [ -81.155903325777842, 40.57024396768503 ], [ -81.156096634152334, 40.568627024417708 ], [ -81.156289366960664, 40.566992068629133 ], [ -81.156481666295804, 40.565337916811472 ], [ -81.156673660760816, 40.563663452906098 ], [ -81.156865499643061, 40.561967382788509 ], [ -81.157057061534147, 40.560250827913421 ], [ -81.157248805987592, 40.558509711653926 ], [ -81.15744092905561, 40.556742265942887 ], [ -81.157633660964621, 40.554946371977564 ], [ -81.157827188773695, 40.553120289569733 ], [ -81.158021875808856, 40.551260604893059 ], [ -81.158218053919995, 40.549364155031753 ], [ -81.158416138593907, 40.547426922714351 ], [ -81.158740395452867, 40.544209188902983 ], [ -81.159073521425853, 40.540846868388314 ], [ -81.159418956419643, 40.53730531928511 ], [ -81.159783339229705, 40.533516515075178 ], [ -81.1601009321123, 40.530177197419789 ], [ -81.160451481550581, 40.526460358758584 ], [ -81.161622623685105, 40.513944694392194 ], [ -81.162068396938935, 40.509203634939865 ], [ -81.162518799003351, 40.504461753507144 ], [ -81.162930471763843, 40.500187773147275 ], [ -81.163158089274361, 40.497854613399738 ], [ -81.163379865688228, 40.495604320782832 ], [ -81.163597118512143, 40.493423529572283 ], [ -81.163810751564881, 40.491303191688985 ], [ -81.164021772986416, 40.489233332752178 ], [ -81.164230527217001, 40.487210605485132 ], [ -81.164437533165597, 40.485230007858604 ], [ -81.164643192829033, 40.483287672787924 ], [ -81.164872944430783, 40.481148265679963 ], [ -81.165101881246812, 40.479048822645098 ], [ -81.165330384589538, 40.476985855213115 ], [ -81.165558766523816, 40.47495654670729 ], [ -81.165787369691316, 40.472957866412457 ], [ -81.166016383849012, 40.470988157777299 ], [ -81.166246038323948, 40.469045458481162 ], [ -81.166476528269129, 40.467128108375562 ], [ -81.166708303345501, 40.465232437327188 ], [ -81.16694126462761, 40.463359293396707 ], [ -81.16717556769828, 40.461507432821804 ], [ -81.167411350153657, 40.459675770120725 ], [ -81.167648760381951, 40.457863159557235 ], [ -81.16788789820788, 40.456068828613581 ], [ -81.16812887874471, 40.454291927430575 ], [ -81.168371803615798, 40.452531699678275 ], [ -81.168626192145041, 40.450720960603917 ], [ -81.168882884737286, 40.448926702505389 ], [ -81.169141980318102, 40.447148240998558 ], [ -81.169403567020936, 40.445384960047932 ], [ -81.16966774197266, 40.44363621573882 ], [ -81.169934576219703, 40.441901534128533 ], [ -81.170204148002995, 40.440180406200852 ], [ -81.170476531067038, 40.43847236700617 ], [ -81.170751854014839, 40.436776619745274 ], [ -81.170974581012047, 40.435429150235166 ], [ -81.244383302447432, 40.446471239456173 ], [ -81.244362613543728, 40.446576444847096 ], [ -81.244102909121921, 40.447907296684434 ], [ -81.243844166075348, 40.449243461716435 ], [ -81.243586366417617, 40.450585035271217 ], [ -81.243329490363635, 40.451932115374859 ], [ -81.243073594570717, 40.453284410647086 ], [ -81.24281858281131, 40.454642416614263 ], [ -81.242564435300437, 40.456006241195155 ], [ -81.242311130454254, 40.457375999502801 ], [ -81.242058647588465, 40.458751801254664 ], [ -81.241806964219961, 40.460133775053748 ], [ -81.241556056067111, 40.46152204860374 ], [ -81.241305899747431, 40.462916755004301 ], [ -81.241056483569821, 40.464317955409342 ], [ -81.240807768863419, 40.465725868354184 ], [ -81.24055972954784, 40.467140641327603 ], [ -81.240312337744172, 40.468562431710893 ], [ -81.240065568271348, 40.46999139059028 ], [ -81.239819387854425, 40.471427698729372 ], [ -81.239573767715171, 40.472871532395345 ], [ -81.239328675477964, 40.474323079546537 ], [ -81.2388922272944, 40.476934884337481 ], [ -81.238457159570203, 40.479573095921694 ], [ -81.238023262763306, 40.482238984141873 ], [ -81.237590300352053, 40.484933993309198 ], [ -81.237158065492281, 40.487659416648796 ], [ -81.236726241622705, 40.490417241662442 ], [ -81.236294534664978, 40.49320934253717 ], [ -81.235862608272726, 40.496037895632412 ], [ -81.235430745732288, 40.498900973701041 ], [ -81.234997893937589, 40.501805475442382 ], [ -81.234563608623603, 40.50475438120975 ], [ -81.234127362787547, 40.507751269405617 ], [ -81.233688727452773, 40.510799070920427 ], [ -81.233246867149148, 40.51390357289165 ], [ -81.232801018352291, 40.517070135278573 ], [ -81.23235021968685, 40.520305584834944 ], [ -81.231998129709893, 40.52285540025656 ], [ -81.231641811120653, 40.525455492277217 ], [ -81.231280563347298, 40.528110965448775 ], [ -81.230913487967086, 40.530828427090285 ], [ -81.230539985132168, 40.533612281181888 ], [ -81.230158275983626, 40.536475747757606 ], [ -81.229766763325415, 40.539430818377639 ], [ -81.229363092732513, 40.542495246558417 ], [ -81.228633135510734, 40.548076471551951 ], [ -81.227829419492082, 40.554269654620896 ], [ -81.227032877365332, 40.560442095726216 ], [ -81.224947574371015, 40.576643912086922 ], [ -81.224328388444349, 40.581434178844347 ], [ -81.223769543429626, 40.585737965434816 ], [ -81.223132874682392, 40.590611342139766 ], [ -81.222533137494281, 40.59516669428757 ], [ -81.22195884032817, 40.599491274103059 ], [ -81.22140406834302, 40.603629579141796 ], [ -81.221202653479622, 40.605133606230993 ], [ -81.221003628114886, 40.606645015854838 ], [ -81.220806969765817, 40.608163977985271 ], [ -81.220612655049933, 40.60969066798998 ], [ -81.220420662383617, 40.611225258538923 ], [ -81.220230966585802, 40.612767954677395 ], [ -81.22004354247548, 40.614318956055058 ], [ -81.219858364871584, 40.615878477609726 ], [ -81.219675422982334, 40.617446593085845 ], [ -81.219494673640213, 40.619023680198723 ], [ -81.219316088966309, 40.620609981765313 ], [ -81.219139639282901, 40.622205756790322 ], [ -81.218965297610339, 40.623811253486622 ], [ -81.218793029774474, 40.625426779422412 ], [ -81.218622804298946, 40.627052635870484 ], [ -81.218454587009546, 40.628689144788268 ], [ -81.21828857215985, 40.630334356445474 ], [ -81.218124489053878, 40.631990886070582 ], [ -81.217962300819465, 40.633659108681002 ], [ -81.217801968785807, 40.635339431669479 ], [ -81.217643455181246, 40.637032238147299 ], [ -81.217486712341838, 40.638738035332096 ], [ -81.217331695301482, 40.640457307059137 ], [ -81.217178358194644, 40.642190587525647 ], [ -81.217026698323423, 40.643937859644552 ], [ -81.216876613165141, 40.645700305125047 ], [ -81.216728047861068, 40.647478575076207 ], [ -81.216580940358085, 40.649273388056486 ], [ -81.216435237596102, 40.651085407765436 ], [ -81.21629086223345, 40.652915585685776 ], [ -81.216147743223758, 40.654764824736901 ], [ -81.216005801426547, 40.656634151045296 ], [ -81.215889573045331, 40.658191621246374 ], [ -81.215774035343429, 40.659764189265957 ], [ -81.215544817039643, 40.662957637784814 ], [ -81.215317674371136, 40.666221068847278 ], [ -81.215092010188073, 40.669563050294585 ], [ -81.214867435983365, 40.672989146232169 ], [ -81.21464279432945, 40.676516816098228 ], [ -81.214417077086409, 40.68016187087369 ], [ -81.214188811164661, 40.683948075143633 ], [ -81.213996996564106, 40.687204227093446 ], [ -81.213800602615663, 40.690604428851373 ], [ -81.213597651710245, 40.694182836668631 ], [ -81.213384379285628, 40.69800578903596 ], [ -81.213195707815601, 40.701432797785458 ], [ -81.212988065147044, 40.705242630842804 ], [ -81.212275778704168, 40.718437772585162 ], [ -81.211995210910231, 40.723601948671046 ], [ -81.211705291066266, 40.728865614956192 ], [ -81.211439442476262, 40.733601195738629 ], [ -81.211286395850436, 40.73627991188846 ], [ -81.211136882660981, 40.738859536238635 ], [ -81.210989941532546, 40.741356681066009 ], [ -81.21084491865804, 40.743782424219546 ], [ -81.210701078391992, 40.746149000975663 ], [ -81.210558177917562, 40.748460338673738 ], [ -81.210415844015927, 40.750722462771478 ], [ -81.210273786206244, 40.752939997582871 ], [ -81.210103030130711, 40.755552188183003 ], [ -81.209931919722294, 40.758111586780331 ], [ -81.209877713085973, 40.75890405048159 ], [ -81.114008873210878, 40.752557312669921 ] ] ] } },
{ "type": "Feature", "properties": { "TC_NUMBER": 4, "NAME": "NORTH CONDENSATE", "AOI": "NORTH CONDENSATE", "SPACING": 0, "BASE_LL": 15, "OIL_EUR": 35, "GAS_EUR": 370, "CONFIDENCE": "HIGH", "Shape_Area": 0.0187073709362 }, "geometry": { "type": "Polygon", "coordinates": [ [ [ -81.102188070023374, 40.42526884538097 ], [ -81.103361300383654, 40.425258807148282 ], [ -81.170974581012047, 40.435429150235166 ], [ -81.170751854014839, 40.436776619745274 ], [ -81.170476531067038, 40.43847236700617 ], [ -81.170204148002995, 40.440180406200852 ], [ -81.169934576219703, 40.441901534128533 ], [ -81.16966774197266, 40.44363621573882 ], [ -81.169403567020936, 40.445384960047932 ], [ -81.169141980318102, 40.447148240998558 ], [ -81.168882884737286, 40.448926702505389 ], [ -81.168626192145041, 40.450720960603917 ], [ -81.168371803615798, 40.452531699678275 ], [ -81.16812887874471, 40.454291927430575 ], [ -81.16788789820788, 40.456068828613581 ], [ -81.167648760381951, 40.457863159557235 ], [ -81.167411350153657, 40.459675770120725 ], [ -81.16717556769828, 40.461507432821804 ], [ -81.16694126462761, 40.463359293396707 ], [ -81.166708303345501, 40.465232437327188 ], [ -81.166476528269129, 40.467128108375562 ], [ -81.166246038323948, 40.469045458481162 ], [ -81.166016383849012, 40.470988157777299 ], [ -81.165787369691316, 40.472957866412457 ], [ -81.165558766523816, 40.47495654670729 ], [ -81.165330384589538, 40.476985855213115 ], [ -81.165101881246812, 40.479048822645098 ], [ -81.164872944430783, 40.481148265679963 ], [ -81.164643192829033, 40.483287672787924 ], [ -81.164437533165597, 40.485230007858604 ], [ -81.164230527217001, 40.487210605485132 ], [ -81.164021772986416, 40.489233332752178 ], [ -81.163810751564881, 40.491303191688985 ], [ -81.163597118512143, 40.493423529572283 ], [ -81.163379865688228, 40.495604320782832 ], [ -81.163158089274361, 40.497854613399738 ], [ -81.162930471763843, 40.500187773147275 ], [ -81.162518799003351, 40.504461753507144 ], [ -81.162068396938935, 40.509203634939865 ], [ -81.161622623685105, 40.513944694392194 ], [ -81.160451481550581, 40.526460358758584 ], [ -81.1601009321123, 40.530177197419789 ], [ -81.159783339229705, 40.533516515075178 ], [ -81.159418956419643, 40.53730531928511 ], [ -81.159073521425853, 40.540846868388314 ], [ -81.158740395452867, 40.544209188902983 ], [ -81.158416138593907, 40.547426922714351 ], [ -81.158218053919995, 40.549364155031753 ], [ -81.158021875808856, 40.551260604893059 ], [ -81.157827188773695, 40.553120289569733 ], [ -81.157633660964621, 40.554946371977564 ], [ -81.15744092905561, 40.556742265942887 ], [ -81.157248805987592, 40.558509711653926 ], [ -81.157057061534147, 40.560250827913421 ], [ -81.156865499643061, 40.561967382788509 ], [ -81.156673660760816, 40.563663452906098 ], [ -81.156481666295804, 40.565337916811472 ], [ -81.156289366960664, 40.566992068629133 ], [ -81.156096634152334, 40.568627024417708 ], [ -81.155903325777842, 40.57024396768503 ], [ -81.155709351905045, 40.571843670948681 ], [ -81.155514605514611, 40.573426995759291 ], [ -81.155318995775019, 40.57499470114459 ], [ -81.155072449334057, 40.576938776403438 ], [ -81.154824245442512, 40.57886069236713 ], [ -81.154574232115067, 40.580761616355574 ], [ -81.154322275352683, 40.582642572696614 ], [ -81.154068229465167, 40.584504639677448 ], [ -81.153811992829162, 40.586348555641393 ], [ -81.153553454828057, 40.58817512997831 ], [ -81.153292512039741, 40.589985086642514 ], [ -81.153028967512796, 40.591779766523075 ], [ -81.152762826643084, 40.59355912375463 ], [ -81.15249400039778, 40.59532375009104 ], [ -81.152222406938506, 40.597074181528285 ], [ -81.15194795903102, 40.598810976545394 ], [ -81.151670591024924, 40.600534556924288 ], [ -81.151390230075037, 40.602245369628179 ], [ -81.151106808732209, 40.603943825647093 ], [ -81.150819826973418, 40.605632857670287 ], [ -81.150529647225426, 40.607310256962819 ], [ -81.15023620923364, 40.608976376058934 ], [ -81.149939455441483, 40.610631537815266 ], [ -81.149639326493684, 40.612276081276207 ], [ -81.149335771128904, 40.613910272641021 ], [ -81.149028738985066, 40.615534394296901 ], [ -81.148718180599531, 40.617148707946569 ], [ -81.148404015033236, 40.618753622781526 ], [ -81.148086226098428, 40.620349217942135 ], [ -81.147764769728326, 40.621935723654758 ], [ -81.147439600956773, 40.623513354857494 ], [ -81.147110673918405, 40.625082331884187 ], [ -81.146777950841738, 40.62664283909578 ], [ -81.146441391257156, 40.628195066249361 ], [ -81.146100955594591, 40.629739193209275 ], [ -81.145619398316569, 40.631895347492332 ], [ -81.145137971440192, 40.634040796245813 ], [ -81.1446566201069, 40.636175784085196 ], [ -81.144175293055298, 40.638300542136335 ], [ -81.143693935426768, 40.640415306021623 ], [ -81.143212503154473, 40.642520274491119 ], [ -81.142730949473673, 40.644615651691026 ], [ -81.142249229418383, 40.646701631874862 ], [ -81.1417672764386, 40.648778501027039 ], [ -81.141285072548044, 40.650846340086559 ], [ -81.14080257547846, 40.652905323521907 ], [ -81.140319747458364, 40.654955618606948 ], [ -81.139836548917572, 40.656997394414248 ], [ -81.139352944782559, 40.65903079483536 ], [ -81.138868899080364, 40.66105597185566 ], [ -81.138384377636896, 40.663073065769424 ], [ -81.137899224869273, 40.665082728585105 ], [ -81.137413530709864, 40.667084578090851 ], [ -81.136927263682253, 40.669078742889724 ], [ -81.136440394108888, 40.671065348886771 ], [ -81.135952890513465, 40.673044521087832 ], [ -81.135464725916336, 40.6750163719081 ], [ -81.134975871539211, 40.676981012863507 ], [ -81.134486301301706, 40.678938553671344 ], [ -81.133995977432392, 40.68088914271982 ], [ -81.133504885541981, 40.682832838464776 ], [ -81.13301299955026, 40.684769742529625 ], [ -81.132520295175425, 40.686699950242541 ], [ -81.1320267481359, 40.688623557830965 ], [ -81.131532335948521, 40.690540653428457 ], [ -81.131037035230975, 40.692451324269257 ], [ -81.130540825298795, 40.694355655788911 ], [ -81.130043138679866, 40.696255805461078 ], [ -81.129544496980941, 40.698149765998949 ], [ -81.12904488041687, 40.70003761564351 ], [ -81.128544267403981, 40.701919431736428 ], [ -81.128042638157183, 40.703795291619485 ], [ -81.127539974690023, 40.705665264540357 ], [ -81.050308958291737, 40.681619053176803 ], [ -81.050580461818811, 40.681160188491958 ], [ -81.051114588967096, 40.680244672353808 ], [ -81.051639901859971, 40.679331258830587 ], [ -81.05215646165135, 40.678419846298937 ], [ -81.052776799609603, 40.677312213388007 ], [ -81.053392748876206, 40.676204584074355 ], [ -81.054004286068903, 40.675096998827485 ], [ -81.054611387805267, 40.673989497217576 ], [ -81.055214034300207, 40.672882119714131 ], [ -81.055812203070673, 40.671774905887276 ], [ -81.056405872532935, 40.670667893508551 ], [ -81.056995023801278, 40.669561121248819 ], [ -81.057579632593956, 40.668454633174861 ], [ -81.058159682723158, 40.667348459863604 ], [ -81.058735156202431, 40.666242637287951 ], [ -81.059306032347479, 40.665137201420748 ], [ -81.059872294071056, 40.664032190033595 ], [ -81.060433922487505, 40.662927636401378 ], [ -81.060990901408957, 40.661823574698246 ], [ -81.06154321194964, 40.660720039098578 ], [ -81.062090812740792, 40.6596171168365 ], [ -81.062633712775607, 40.658514788127036 ], [ -81.063171896765596, 40.657413085345638 ], [ -81.063705348523001, 40.656312040868045 ], [ -81.064234051859955, 40.655211687969086 ], [ -81.064757992387399, 40.654112055427049 ], [ -81.065277155716103, 40.653013176516936 ], [ -81.065791527457009, 40.651915080016977 ], [ -81.066301089623551, 40.650817802799395 ], [ -81.066805833222588, 40.649721368246617 ], [ -81.06730574206631, 40.648625806036193 ], [ -81.067800805362822, 40.647531144946413 ], [ -81.068291009622385, 40.646437413755677 ], [ -81.068776341355033, 40.645344640342955 ], [ -81.069256788869666, 40.644252852587158 ], [ -81.06973234047507, 40.643162076568615 ], [ -81.070202842387232, 40.642072669318281 ], [ -81.070668427705755, 40.640984326865237 ], [ -81.071129085638745, 40.639897077088506 ], [ -81.071584805394423, 40.638810943370402 ], [ -81.072035575281518, 40.63772595358995 ], [ -81.07248138630689, 40.63664213112952 ], [ -81.072922226779326, 40.635559502069441 ], [ -81.073358087705572, 40.634478089792083 ], [ -81.073788958293733, 40.633397922176414 ], [ -81.074214829550726, 40.632319019906902 ], [ -81.074635692483184, 40.63124140546654 ], [ -81.075051538097966, 40.630165101338434 ], [ -81.075462358301138, 40.629090132703539 ], [ -81.075868144099559, 40.628016520246263 ], [ -81.076268886499861, 40.626944285550394 ], [ -81.0766645783076, 40.625873451998245 ], [ -81.077055199737629, 40.624804070851269 ], [ -81.077440755286602, 40.623736133116097 ], [ -81.07782123686053, 40.622669658577934 ], [ -81.078196636365647, 40.621604668820453 ], [ -81.078566948405921, 40.620541184528122 ], [ -81.078932163988156, 40.619479225485918 ], [ -81.079292278615753, 40.618418810579669 ], [ -81.079647283295458, 40.617359959594523 ], [ -81.079997171732032, 40.616302695912736 ], [ -81.080341939428934, 40.615247034822858 ], [ -81.080681578292172, 40.614192994311281 ], [ -81.081016083825148, 40.613140594163156 ], [ -81.081345450632, 40.612089851465498 ], [ -81.081669671518114, 40.611040785104194 ], [ -81.081988741986834, 40.609993413065638 ], [ -81.082302656642241, 40.608947750638208 ], [ -81.082450905384917, 40.608446494610064 ], [ -81.082597630676105, 40.607943769989049 ], [ -81.082742835213651, 40.607439561486615 ], [ -81.08288652439353, 40.606933855613022 ], [ -81.083028701813078, 40.606426637978984 ], [ -81.083169372868213, 40.60591789149754 ], [ -81.083308540256894, 40.605407601779461 ], [ -81.08344620937504, 40.604895751737615 ], [ -81.08358238381993, 40.604382330580165 ], [ -81.083717068987482, 40.603867315824004 ], [ -81.083850268475089, 40.603350691281435 ], [ -81.083981987678555, 40.602832438066628 ], [ -81.084112231094537, 40.602312539991772 ], [ -81.084241004119008, 40.601790976372513 ], [ -81.084368309449872, 40.6012677292224 ], [ -81.084494153382423, 40.600742779655604 ], [ -81.084618528722103, 40.600216159148488 ], [ -81.084741451656612, 40.599687796654564 ], [ -81.08486292758198, 40.599157668791406 ], [ -81.084982961894127, 40.598625755774037 ], [ -81.08521872456447, 40.597556483445032 ], [ -81.085448779237709, 40.596479795306379 ], [ -81.085673165484138, 40.595395512393054 ], [ -81.085891928269859, 40.594303412572458 ], [ -81.086105111661539, 40.593203280007401 ], [ -81.086312761524709, 40.592094880874129 ], [ -81.086514615257272, 40.590979693657971 ], [ -81.086711045178561, 40.589855761434308 ], [ -81.086902098952692, 40.588722811708465 ], [ -81.087087825142987, 40.587580544106856 ], [ -81.087268271413564, 40.586428680739061 ], [ -81.087443496220317, 40.585266847487048 ], [ -81.087613551724019, 40.584094688219352 ], [ -81.087778497279771, 40.582911806334835 ], [ -81.087938331988369, 40.581718235108497 ], [ -81.088093178157635, 40.580513076117597 ], [ -81.088243100538648, 40.579295844627552 ], [ -81.088388163882598, 40.57806599654856 ], [ -81.088528427544873, 40.576823038152725 ], [ -81.088663975162262, 40.575566243687263 ], [ -81.088794880479327, 40.574294924271385 ], [ -81.088921224434898, 40.573008293897715 ], [ -81.089018290961349, 40.571975856900337 ], [ -81.089112583079213, 40.570932770131265 ], [ -81.089204145754707, 40.569878528171614 ], [ -81.08929302845047, 40.56881255905239 ], [ -81.089379275233341, 40.567734347462192 ], [ -81.089462948156495, 40.566643107393531 ], [ -81.089544106575204, 40.565538094207739 ], [ -81.08962281164338, 40.56441844365628 ], [ -81.089699019294244, 40.563284916565692 ], [ -81.089772921083409, 40.562134780795532 ], [ -81.089844590755206, 40.56096685553598 ], [ -81.08991411824195, 40.559779720757547 ], [ -81.089981570992677, 40.558572216334767 ], [ -81.090047080308466, 40.557342048097098 ], [ -81.090110758604567, 40.556087092745202 ], [ -81.090172742577977, 40.554804648715617 ], [ -81.090221236720652, 40.55375628832212 ], [ -81.090268834239282, 40.552686317219809 ], [ -81.090361771978166, 40.550471770855609 ], [ -81.090452532458357, 40.548138021152795 ], [ -81.090542879250449, 40.54563977735387 ], [ -81.090617500497217, 40.543447695155066 ], [ -81.090696759547768, 40.541006537621683 ], [ -81.090949402492868, 40.53285837411471 ], [ -81.091046590427766, 40.529808429515469 ], [ -81.091148530380337, 40.526782836758571 ], [ -81.091198050649496, 40.525389551286821 ], [ -81.091247373967121, 40.524054093121947 ], [ -81.091303808224154, 40.522590007622796 ], [ -81.091360884597123, 40.52117709174945 ], [ -81.091418928640621, 40.519807265992597 ], [ -81.091478175976988, 40.518475026501335 ], [ -81.091538899100897, 40.517174310046414 ], [ -81.091601200534967, 40.515903042791251 ], [ -81.091665231365312, 40.514658158946929 ], [ -81.091731112101115, 40.51343728160532 ], [ -81.091804342995999, 40.512145539485118 ], [ -81.091879979577357, 40.510877088007248 ], [ -81.091958137857716, 40.50963000442124 ], [ -81.092038914963894, 40.508402722107974 ], [ -81.092122423311139, 40.507193562033308 ], [ -81.092208730348602, 40.506001581707665 ], [ -81.092297914317271, 40.50482567676363 ], [ -81.092390047162894, 40.503664906510267 ], [ -81.092485297958092, 40.502517228587294 ], [ -81.09258363612588, 40.501383080964445 ], [ -81.092685124618754, 40.500261754976066 ], [ -81.092789817396124, 40.499152627391879 ], [ -81.092897779209125, 40.49805504530417 ], [ -81.09300905232584, 40.496968560850462 ], [ -81.093123688007779, 40.495892686598268 ], [ -81.093241733019511, 40.494826984577742 ], [ -81.093462968041479, 40.492876614064528 ], [ -81.093688869645575, 40.490907588014807 ], [ -81.093919545750396, 40.48891897563027 ], [ -81.094155117764444, 40.486909729200704 ], [ -81.094395695404955, 40.484878903538629 ], [ -81.094641449543246, 40.482825059728782 ], [ -81.094892542057153, 40.480746839794847 ], [ -81.095149163602969, 40.478642673520596 ], [ -81.095411146906883, 40.476513875714829 ], [ -81.095679091816578, 40.474355547770358 ], [ -81.095953262732849, 40.47216555469663 ], [ -81.096233978914938, 40.469941341519757 ], [ -81.096521506562226, 40.467680800228777 ], [ -81.096816362784864, 40.465379846103076 ], [ -81.097119033216757, 40.463034690298798 ], [ -81.09743013659147, 40.46064054482531 ], [ -81.097958390267479, 40.456609511819579 ], [ -81.09851539616858, 40.452399955293743 ], [ -81.099106802037227, 40.447969138564929 ], [ -81.099743733386561, 40.443233701674046 ], [ -81.100314015079675, 40.439019103548844 ], [ -81.100951084025269, 40.434331926976881 ], [ -81.102188070023374, 40.42526884538097 ] ] ] } },
{ "type": "Feature", "properties": { "TC_NUMBER": 5, "NAME": "NORTH LEAN CONDENSATE", "AOI": "NORTH LEAN CONDENSATE", "SPACING": 0, "BASE_LL": 10, "OIL_EUR": 12, "GAS_EUR": 822, "CONFIDENCE": "HIGH", "Shape_Area": 0.0149986153692 }, "geometry": { "type": "Polygon", "coordinates": [ [ [ -81.025889280066167, 40.425921679442013 ], [ -81.102188070023374, 40.42526884538097 ], [ -81.100951084025269, 40.434331926976881 ], [ -81.100314015079675, 40.439019103548844 ], [ -81.099743733386561, 40.443233701674046 ], [ -81.099106802037227, 40.447969138564929 ], [ -81.09851539616858, 40.452399955293743 ], [ -81.097958390267479, 40.456609511819579 ], [ -81.09743013659147, 40.46064054482531 ], [ -81.097119033216757, 40.463034690298798 ], [ -81.096816362784864, 40.465379846103076 ], [ -81.096521506562226, 40.467680800228777 ], [ -81.096233978914938, 40.469941341519757 ], [ -81.095953262732849, 40.47216555469663 ], [ -81.095679091816578, 40.474355547770358 ], [ -81.095411146906883, 40.476513875714829 ], [ -81.095149163602969, 40.478642673520596 ], [ -81.094892542057153, 40.480746839794847 ], [ -81.094641449543246, 40.482825059728782 ], [ -81.094395695404955, 40.484878903538629 ], [ -81.094155117764444, 40.486909729200704 ], [ -81.093919545750396, 40.48891897563027 ], [ -81.093688869645575, 40.490907588014807 ], [ -81.093462968041479, 40.492876614064528 ], [ -81.093241733019511, 40.494826984577742 ], [ -81.093123688007779, 40.495892686598268 ], [ -81.09300905232584, 40.496968560850462 ], [ -81.092897779209125, 40.49805504530417 ], [ -81.092789817396124, 40.499152627391879 ], [ -81.092685124618754, 40.500261754976066 ], [ -81.09258363612588, 40.501383080964445 ], [ -81.092485297958092, 40.502517228587294 ], [ -81.092390047162894, 40.503664906510267 ], [ -81.092297914317271, 40.50482567676363 ], [ -81.092208730348602, 40.506001581707665 ], [ -81.092122423311139, 40.507193562033308 ], [ -81.092038914963894, 40.508402722107974 ], [ -81.091958137857716, 40.50963000442124 ], [ -81.091879979577357, 40.510877088007248 ], [ -81.091804342995999, 40.512145539485118 ], [ -81.091731112101115, 40.51343728160532 ], [ -81.091665231365312, 40.514658158946929 ], [ -81.091601200534967, 40.515903042791251 ], [ -81.091538899100897, 40.517174310046414 ], [ -81.091478175976988, 40.518475026501335 ], [ -81.091418928640621, 40.519807265992597 ], [ -81.091360884597123, 40.52117709174945 ], [ -81.091303808224154, 40.522590007622796 ], [ -81.091247373967121, 40.524054093121947 ], [ -81.091198050649496, 40.525389551286821 ], [ -81.091148530380337, 40.526782836758571 ], [ -81.091046590427766, 40.529808429515469 ], [ -81.090949402492868, 40.53285837411471 ], [ -81.090696759547768, 40.541006537621683 ], [ -81.090617500497217, 40.543447695155066 ], [ -81.090542879250449, 40.54563977735387 ], [ -81.090452532458357, 40.548138021152795 ], [ -81.090361771978166, 40.550471770855609 ], [ -81.090268834239282, 40.552686317219809 ], [ -81.090221236720652, 40.55375628832212 ], [ -81.090172742577977, 40.554804648715617 ], [ -81.090110758604567, 40.556087092745202 ], [ -81.090047080308466, 40.557342048097098 ], [ -81.089981570992677, 40.558572216334767 ], [ -81.08991411824195, 40.559779720757547 ], [ -81.089844590755206, 40.56096685553598 ], [ -81.089772921083409, 40.562134780795532 ], [ -81.089699019294244, 40.563284916565692 ], [ -81.08962281164338, 40.56441844365628 ], [ -81.089544106575204, 40.565538094207739 ], [ -81.089462948156495, 40.566643107393531 ], [ -81.089379275233341, 40.567734347462192 ], [ -81.08929302845047, 40.56881255905239 ], [ -81.089204145754707, 40.569878528171614 ], [ -81.089112583079213, 40.570932770131265 ], [ -81.089018290961349, 40.571975856900337 ], [ -81.088921224434898, 40.573008293897715 ], [ -81.088794880479327, 40.574294924271385 ], [ -81.088663975162262, 40.575566243687263 ], [ -81.088528427544873, 40.576823038152725 ], [ -81.088388163882598, 40.57806599654856 ], [ -81.088243100538648, 40.579295844627552 ], [ -81.088093178157635, 40.580513076117597 ], [ -81.087938331988369, 40.581718235108497 ], [ -81.087778497279771, 40.582911806334835 ], [ -81.087613551724019, 40.584094688219352 ], [ -81.087443496220317, 40.585266847487048 ], [ -81.087268271413564, 40.586428680739061 ], [ -81.087087825142987, 40.587580544106856 ], [ -81.086902098952692, 40.588722811708465 ], [ -81.086711045178561, 40.589855761434308 ], [ -81.086514615257272, 40.590979693657971 ], [ -81.086312761524709, 40.592094880874129 ], [ -81.086105111661539, 40.593203280007401 ], [ -81.085891928269859, 40.594303412572458 ], [ -81.085673165484138, 40.595395512393054 ], [ -81.085448779237709, 40.596479795306379 ], [ -81.08521872456447, 40.597556483445032 ], [ -81.084982961894127, 40.598625755774037 ], [ -81.08486292758198, 40.599157668791406 ], [ -81.084741451656612, 40.599687796654564 ], [ -81.084618528722103, 40.600216159148488 ], [ -81.084494153382423, 40.600742779655604 ], [ -81.084368309449872, 40.6012677292224 ], [ -81.084241004119008, 40.601790976372513 ], [ -81.084112231094537, 40.602312539991772 ], [ -81.083981987678555, 40.602832438066628 ], [ -81.083850268475089, 40.603350691281435 ], [ -81.083717068987482, 40.603867315824004 ], [ -81.08358238381993, 40.604382330580165 ], [ -81.08344620937504, 40.604895751737615 ], [ -81.083308540256894, 40.605407601779461 ], [ -81.083169372868213, 40.60591789149754 ], [ -81.083028701813078, 40.606426637978984 ], [ -81.08288652439353, 40.606933855613022 ], [ -81.082742835213651, 40.607439561486615 ], [ -81.082597630676105, 40.607943769989049 ], [ -81.082450905384917, 40.608446494610064 ], [ -81.082302656642241, 40.608947750638208 ], [ -81.081988741986834, 40.609993413065638 ], [ -81.081669671518114, 40.611040785104194 ], [ -81.081345450632, 40.612089851465498 ], [ -81.081016083825148, 40.613140594163156 ], [ -81.080681578292172, 40.614192994311281 ], [ -81.080511760209504, 40.614720016815397 ], [ -81.063736189873225, 40.611282824143075 ], [ -81.03859308350394, 40.609489370038432 ], [ -81.019356076821452, 40.608592625449376 ], [ -80.997925375455679, 40.601546353581398 ], [ -80.987791035827627, 40.592293680508988 ], [ -80.988178022197928, 40.591537556612991 ], [ -80.988562460788899, 40.590782278079701 ], [ -80.988944355197816, 40.590027841311894 ], [ -80.989323705424624, 40.589274242712179 ], [ -80.989700515066659, 40.588521479582653 ], [ -80.990074784123976, 40.587769549225357 ], [ -80.990446516193742, 40.587018447143691 ], [ -80.990815710376694, 40.586268171538961 ], [ -80.99118237027011, 40.585518717914567 ], [ -80.991546495874047, 40.58477008357255 ], [ -80.991908089886408, 40.584022265814951 ], [ -80.992368185743146, 40.583060628844976 ], [ -80.992824444192706, 40.582095510599402 ], [ -80.993276877825622, 40.581126881400508 ], [ -80.993725500131688, 40.580154714268701 ], [ -80.994170324600759, 40.579178981324958 ], [ -80.994611363823367, 40.578199651093087 ], [ -80.99504863308789, 40.577216694794686 ], [ -80.995482144085656, 40.576230080054188 ], [ -80.995911908507708, 40.57523978618724 ], [ -80.99633794344129, 40.574245770026323 ], [ -80.996760263275519, 40.573247998296551 ], [ -80.997178883298773, 40.572246437722981 ], [ -80.997593817001018, 40.571241054131406 ], [ -80.998005080569953, 40.570231810649602 ], [ -80.998412687495488, 40.569218670405348 ], [ -80.998816653066058, 40.568201594727839 ], [ -80.999216953899293, 40.567180650166904 ], [ -80.99961364485381, 40.566155692830989 ], [ -81.000006743016741, 40.56512668225065 ], [ -81.000396264575897, 40.564093577057008 ], [ -81.000782223920453, 40.563056335881242 ], [ -81.001164638137482, 40.56201491195867 ], [ -81.001543525213492, 40.560969260323134 ], [ -81.001918901336182, 40.559919334209951 ], [ -81.002290777297503, 40.558865103042137 ], [ -81.002659177379087, 40.557806499370486 ], [ -81.003024119567442, 40.556743473732354 ], [ -81.003385620949587, 40.555675972168444 ], [ -81.003743698612766, 40.554603944316625 ], [ -81.004098374140597, 40.553527330821737 ], [ -81.004449663720948, 40.552446075925729 ], [ -81.004797588937549, 40.551360118474747 ], [ -81.005141637176791, 40.550271090738306 ], [ -81.005482370514926, 40.549177252528239 ], [ -81.005819806938518, 40.548078539093353 ], [ -81.006153968930505, 40.54697488478314 ], [ -81.006484876275977, 40.545866222148504 ], [ -81.006812549659401, 40.544752477444945 ], [ -81.00713701246309, 40.543633577827393 ], [ -81.007458286270833, 40.542509445054918 ], [ -81.007776383673104, 40.541380037758586 ], [ -81.008091337944848, 40.540245237227964 ], [ -81.008403172468377, 40.539104959826091 ], [ -81.008711911525438, 40.537959117419405 ], [ -81.009017577599082, 40.536807623672928 ], [ -81.009320197668956, 40.53565037966132 ], [ -81.00961979691607, 40.534487286459182 ], [ -81.009916402320073, 40.533318242442988 ], [ -81.01020992934474, 40.53214359205316 ], [ -81.010500519183552, 40.530962778609421 ], [ -81.010788199715591, 40.529775687897711 ], [ -81.011072999719147, 40.528582200308335 ], [ -81.01135494797245, 40.527382200728027 ], [ -81.011634075951804, 40.526175547963248 ], [ -81.011910415133514, 40.524962109813544 ], [ -81.012183998792466, 40.523741742387529 ], [ -81.012454839519194, 40.522514386329931 ], [ -81.012722992172314, 40.521279799723004 ], [ -81.01298849272473, 40.520037818890273 ], [ -81.013251375350649, 40.518788273859798 ], [ -81.013511677821612, 40.517530999156349 ], [ -81.013769439707858, 40.516265791533101 ], [ -81.014024701478775, 40.514992456736536 ], [ -81.014277506301823, 40.51371078342595 ], [ -81.014452966730971, 40.512808865936449 ], [ -81.014627259840154, 40.511902679365221 ], [ -81.01480040181707, 40.510992142773205 ], [ -81.01497240884953, 40.510077169825593 ], [ -81.015143296226086, 40.509157678683948 ], [ -81.015313082832449, 40.508233570422988 ], [ -81.015481785755753, 40.507304750613798 ], [ -81.015649423881769, 40.506371116733703 ], [ -81.015816005304373, 40.505432626514562 ], [ -81.015981558801855, 40.504489109085171 ], [ -81.016146105958001, 40.503540452030279 ], [ -81.016309666557845, 40.502586535740079 ], [ -81.016472261285799, 40.501627243302664 ], [ -81.016633913524231, 40.500662434423873 ], [ -81.016794645756249, 40.499691973305971 ], [ -81.016954483162806, 40.498715713359559 ], [ -81.017113309731428, 40.497734373142862 ], [ -81.017271293635247, 40.496746934623388 ], [ -81.017584838669336, 40.494753079191298 ], [ -81.017895344894214, 40.492732718939862 ], [ -81.018203066818046, 40.490684189223998 ], [ -81.018508223875415, 40.488606051128386 ], [ -81.018811179392401, 40.486495831517459 ], [ -81.019112266118157, 40.484351220032806 ], [ -81.019411877056427, 40.482169418883643 ], [ -81.019708352058785, 40.479963019477793 ], [ -81.020004290165843, 40.477713175622625 ], [ -81.020300241762698, 40.475415720758974 ], [ -81.020596895730137, 40.473065301222732 ], [ -81.020894725111418, 40.470658242384047 ], [ -81.021195033024298, 40.468184083328822 ], [ -81.021498975996906, 40.465633308330553 ], [ -81.021808203385831, 40.462992087614793 ], [ -81.022092821726289, 40.460522301063406 ], [ -81.022385581629237, 40.457945942151582 ], [ -81.022689250308645, 40.455238692311866 ], [ -81.023008993470228, 40.452354526939928 ], [ -81.023305669021397, 40.449652581301621 ], [ -81.02363228660073, 40.446655441295604 ], [ -81.024817957282892, 40.435695450284868 ], [ -81.025307283804068, 40.431198045953124 ], [ -81.025572621579158, 40.428779956929532 ], [ -81.025822537779845, 40.426520008291789 ], [ -81.025889280066167, 40.425921679442013 ] ] ] } },
{ "type": "Feature", "properties": { "TC_NUMBER": 6, "NAME": "NORTH WET GAS", "AOI": "NORTH WET GAS", "SPACING": 0, "BASE_LL": 10, "OIL_EUR": 0, "GAS_EUR": 720, "CONFIDENCE": "HIGH", "Shape_Area": 0.024029693225499998 }, "geometry": { "type": "Polygon", "coordinates": [ [ [ -80.912022639932843, 40.557861403880736 ], [ -80.917009746702433, 40.518326445009507 ], [ -80.917066526299095, 40.518183059800435 ], [ -80.917386196615666, 40.517369298354481 ], [ -80.917704783249121, 40.516551761554581 ], [ -80.918022304185968, 40.515730399038716 ], [ -80.918338783707839, 40.514905151451615 ], [ -80.918654242499258, 40.514075962136019 ], [ -80.918968703942483, 40.51324276993796 ], [ -80.919282102387058, 40.51240575562116 ], [ -80.919594550248235, 40.511564614315546 ], [ -80.919906075405038, 40.510719280370552 ], [ -80.920216700340404, 40.509869683639067 ], [ -80.920526452933416, 40.509015755772566 ], [ -80.920835359264402, 40.508157417630798 ], [ -80.921143449010913, 40.507294591871982 ], [ -80.921450750951351, 40.506427197557173 ], [ -80.921757278575512, 40.505555195116187 ], [ -80.922063079547456, 40.504678450550102 ], [ -80.92236818534343, 40.503796873027341 ], [ -80.922672629238434, 40.502910365421087 ], [ -80.922976444507242, 40.502018835101239 ], [ -80.923279668921566, 40.501122168753113 ], [ -80.923582338454139, 40.500220257558908 ], [ -80.923884492675143, 40.499312985505924 ], [ -80.92442102730854, 40.497684864564917 ], [ -80.92495629839442, 40.496038652861614 ], [ -80.925490561340268, 40.494373567086484 ], [ -80.926024102130555, 40.492688717810154 ], [ -80.926557173474748, 40.490983305535167 ], [ -80.927090162081299, 40.489256100888383 ], [ -80.92762342588037, 40.487505941945699 ], [ -80.928157376761476, 40.485731478824732 ], [ -80.928691661291111, 40.483933931905483 ], [ -80.929227575392247, 40.482108991636721 ], [ -80.929765664953436, 40.480254802717013 ], [ -80.930306577486533, 40.478369130331146 ], [ -80.930850839994207, 40.476450147956029 ], [ -80.931399484898293, 40.474494230424455 ], [ -80.931953454688141, 40.472498016070631 ], [ -80.932513938267618, 40.470457220524338 ], [ -80.932945655117862, 40.468871307464894 ], [ -80.933382674370876, 40.467253981086401 ], [ -80.933825827000305, 40.465602171103342 ], [ -80.934276176904007, 40.463911910606214 ], [ -80.934734441741057, 40.462180525011263 ], [ -80.935202708837892, 40.460400147948519 ], [ -80.935682857777635, 40.458563633404992 ], [ -80.936177634190415, 40.456660481795836 ], [ -80.936625676433778, 40.454928578191357 ], [ -80.937091114263467, 40.453121741275368 ], [ -80.938096037402147, 40.4491983067565 ], [ -80.939101021694739, 40.445252362206816 ], [ -80.941761846731822, 40.434776991564945 ], [ -80.94255882682836, 40.431653439254887 ], [ -80.943277449894367, 40.42885053932099 ], [ -80.943852112185198, 40.426623611990181 ], [ -81.025889280066167, 40.425921679442013 ], [ -81.025822537779845, 40.426520008291789 ], [ -81.025572621579158, 40.428779956929532 ], [ -81.025307283804068, 40.431198045953124 ], [ -81.024817957282892, 40.435695450284868 ], [ -81.02363228660073, 40.446655441295604 ], [ -81.023305669021397, 40.449652581301621 ], [ -81.023008993470228, 40.452354526939928 ], [ -81.022689250308645, 40.455238692311866 ], [ -81.022385581629237, 40.457945942151582 ], [ -81.022092821726289, 40.460522301063406 ], [ -81.021808203385831, 40.462992087614793 ], [ -81.021498975996906, 40.465633308330553 ], [ -81.021195033024298, 40.468184083328822 ], [ -81.020894725111418, 40.470658242384047 ], [ -81.020596895730137, 40.473065301222732 ], [ -81.020300241762698, 40.475415720758974 ], [ -81.020004290165843, 40.477713175622625 ], [ -81.019708352058785, 40.479963019477793 ], [ -81.019411877056427, 40.482169418883643 ], [ -81.019112266118157, 40.484351220032806 ], [ -81.018811179392401, 40.486495831517459 ], [ -81.018508223875415, 40.488606051128386 ], [ -81.018203066818046, 40.490684189223998 ], [ -81.017895344894214, 40.492732718939862 ], [ -81.017584838669336, 40.494753079191298 ], [ -81.017271293635247, 40.496746934623388 ], [ -81.017113309731428, 40.497734373142862 ], [ -81.016954483162806, 40.498715713359559 ], [ -81.016794645756249, 40.499691973305971 ], [ -81.016633913524231, 40.500662434423873 ], [ -81.016472261285799, 40.501627243302664 ], [ -81.016309666557845, 40.502586535740079 ], [ -81.016146105958001, 40.503540452030279 ], [ -81.015981558801855, 40.504489109085171 ], [ -81.015816005304373, 40.505432626514562 ], [ -81.015649423881769, 40.506371116733703 ], [ -81.015481785755753, 40.507304750613798 ], [ -81.015313082832449, 40.508233570422988 ], [ -81.015143296226086, 40.509157678683948 ], [ -81.01497240884953, 40.510077169825593 ], [ -81.01480040181707, 40.510992142773205 ], [ -81.014627259840154, 40.511902679365221 ], [ -81.014452966730971, 40.512808865936449 ], [ -81.014277506301823, 40.51371078342595 ], [ -81.014024701478775, 40.514992456736536 ], [ -81.013769439707858, 40.516265791533101 ], [ -81.013511677821612, 40.517530999156349 ], [ -81.013251375350649, 40.518788273859798 ], [ -81.01298849272473, 40.520037818890273 ], [ -81.012722992172314, 40.521279799723004 ], [ -81.012454839519194, 40.522514386329931 ], [ -81.012183998792466, 40.523741742387529 ], [ -81.011910415133514, 40.524962109813544 ], [ -81.011634075951804, 40.526175547963248 ], [ -81.01135494797245, 40.527382200728027 ], [ -81.011072999719147, 40.528582200308335 ], [ -81.010788199715591, 40.529775687897711 ], [ -81.010500519183552, 40.530962778609421 ], [ -81.01020992934474, 40.53214359205316 ], [ -81.009916402320073, 40.533318242442988 ], [ -81.00961979691607, 40.534487286459182 ], [ -81.009320197668956, 40.53565037966132 ], [ -81.009017577599082, 40.536807623672928 ], [ -81.008711911525438, 40.537959117419405 ], [ -81.008403172468377, 40.539104959826091 ], [ -81.008091337944848, 40.540245237227964 ], [ -81.007776383673104, 40.541380037758586 ], [ -81.007458286270833, 40.542509445054918 ], [ -81.00713701246309, 40.543633577827393 ], [ -81.006812549659401, 40.544752477444945 ], [ -81.006484876275977, 40.545866222148504 ], [ -81.006153968930505, 40.54697488478314 ], [ -81.005819806938518, 40.548078539093353 ], [ -81.005482370514926, 40.549177252528239 ], [ -81.005141637176791, 40.550271090738306 ], [ -81.004797588937549, 40.551360118474747 ], [ -81.004449663720948, 40.552446075925729 ], [ -81.004098374140597, 40.553527330821737 ], [ -81.003743698612766, 40.554603944316625 ], [ -81.003385620949587, 40.555675972168444 ], [ -81.003024119567442, 40.556743473732354 ], [ -81.002659177379087, 40.557806499370486 ], [ -81.002290777297503, 40.558865103042137 ], [ -81.001918901336182, 40.559919334209951 ], [ -81.001543525213492, 40.560969260323134 ], [ -81.001164638137482, 40.56201491195867 ], [ -81.000782223920453, 40.563056335881242 ], [ -81.000396264575897, 40.564093577057008 ], [ -81.000006743016741, 40.56512668225065 ], [ -80.99961364485381, 40.566155692830989 ], [ -80.999216953899293, 40.567180650166904 ], [ -80.998816653066058, 40.568201594727839 ], [ -80.998412687495488, 40.569218670405348 ], [ -80.998005080569953, 40.570231810649602 ], [ -80.997593817001018, 40.571241054131406 ], [ -80.997178883298773, 40.572246437722981 ], [ -80.996760263275519, 40.573247998296551 ], [ -80.99633794344129, 40.574245770026323 ], [ -80.995911908507708, 40.57523978618724 ], [ -80.995482144085656, 40.576230080054188 ], [ -80.99504863308789, 40.577216694794686 ], [ -80.994611363823367, 40.578199651093087 ], [ -80.994170324600759, 40.579178981324958 ], [ -80.993725500131688, 40.580154714268701 ], [ -80.993276877825622, 40.581126881400508 ], [ -80.992824444192706, 40.582095510599402 ], [ -80.992368185743146, 40.583060628844976 ], [ -80.991908089886408, 40.584022265814951 ], [ -80.991546495874047, 40.58477008357255 ], [ -80.99118237027011, 40.585518717914567 ], [ -80.990815710376694, 40.586268171538961 ], [ -80.990446516193742, 40.587018447143691 ], [ -80.990074784123976, 40.587769549225357 ], [ -80.989700515066659, 40.588521479582653 ], [ -80.989323705424624, 40.589274242712179 ], [ -80.988944355197816, 40.590027841311894 ], [ -80.988562460788899, 40.590782278079701 ], [ -80.988178022197928, 40.591537556612991 ], [ -80.987791036726946, 40.592293681408307 ], [ -80.987401503476576, 40.593050655163665 ], [ -80.987009418849539, 40.593808481476287 ], [ -80.986614782845891, 40.594567163943509 ], [ -80.986217591868353, 40.595326707061929 ], [ -80.985817845916813, 40.596087113529506 ], [ -80.985415544991383, 40.596848382446922 ], [ -80.985010683696032, 40.597610521908109 ], [ -80.984603260232234, 40.598373536409611 ], [ -80.984193273700555, 40.599137429548762 ], [ -80.983780719604511, 40.599902206721538 ], [ -80.98336559794393, 40.600667870625784 ], [ -80.982947905121705, 40.601434425758214 ], [ -80.982527640238345, 40.602201875716048 ], [ -80.982104799696685, 40.602970224995943 ], [ -80.981679381698086, 40.603739478094496 ], [ -80.981251383544475, 40.604509640407628 ], [ -80.980820803437268, 40.605280714633352 ], [ -80.980387638678565, 40.606052705268212 ], [ -80.979951885670971, 40.606825618607445 ], [ -80.979072606815294, 40.608374228687751 ], [ -80.978183021729023, 40.609926450445357 ], [ -80.977283034184666, 40.611482453852204 ], [ -80.976372620799793, 40.613042279377737 ], [ -80.975451756393397, 40.614605969290096 ], [ -80.974520416683845, 40.616173564958103 ], [ -80.97357857559075, 40.617745113146498 ], [ -80.972626203436505, 40.61932065882138 ], [ -80.971663272342084, 40.620900250546185 ], [ -80.97068976701911, 40.622483913501867 ], [ -80.969705641602047, 40.624071722332189 ], [ -80.96871086371533, 40.625663730097131 ], [ -80.967705399184808, 40.627259990756045 ], [ -80.966689214735425, 40.628860558268229 ], [ -80.965662269897791, 40.63046549378754 ], [ -80.964624527799685, 40.632074858468002 ], [ -80.963575946172966, 40.633688714362734 ], [ -80.962518063757614, 40.635304723234469 ], [ -80.961449286954974, 40.636925342930283 ], [ -80.960369571698322, 40.638550644496718 ], [ -80.959278866726265, 40.640180700778785 ], [ -80.958177127072702, 40.641815583722291 ], [ -80.957064294281736, 40.643455376064821 ], [ -80.955940313494636, 40.645100160544018 ], [ -80.954805127154884, 40.646750021696221 ], [ -80.953658707383397, 40.648404999091497 ], [ -80.952500956154154, 40.650065234822762 ], [ -80.951331806917324, 40.651730827815527 ], [ -80.950151185928462, 40.653401877894396 ], [ -80.948959025738418, 40.6550784848842 ], [ -80.94775524091159, 40.656760765696845 ], [ -80.946539749609713, 40.658448836344746 ], [ -80.945312464598544, 40.660142818236523 ], [ -80.944073804962102, 40.661842139403291 ], [ -80.942823171751911, 40.663547627221249 ], [ -80.941560464243992, 40.665259420186146 ], [ -80.940285571821619, 40.666977665786703 ], [ -80.938998391062853, 40.668702506115835 ], [ -80.937698790666616, 40.670434115641967 ], [ -80.936386642929165, 40.672172663437721 ], [ -80.935061812052936, 40.673918332964774 ], [ -80.933724266561626, 40.675671165591893 ], [ -80.932373741155175, 40.677431508457403 ], [ -80.93101007395569, 40.679199573801327 ], [ -80.92963309049469, 40.680975588252863 ], [ -80.928242624397569, 40.682759765850562 ], [ -80.926838458028385, 40.684552386283656 ], [ -80.925420382744448, 40.686353715751409 ], [ -80.923988169218603, 40.688164045634267 ], [ -80.923303920039814, 40.689022301038392 ], [ -80.92261257341147, 40.689882588011073 ], [ -80.921914054689807, 40.690744997383774 ], [ -80.921208287432478, 40.691609623585293 ], [ -80.920495196096397, 40.692476560145167 ], [ -80.919774690749364, 40.693345915881366 ], [ -80.919046683257761, 40.694217797813167 ], [ -80.918311079192904, 40.695092319255195 ], [ -80.917567842581832, 40.695969522475536 ], [ -80.916816807949317, 40.696849604425779 ], [ -80.916057867376651, 40.697732691910232 ], [ -80.915290903052721, 40.698618919827368 ], [ -80.91451580436086, 40.699508419478036 ], [ -80.913732431906169, 40.700401349143021 ], [ -80.912940649891027, 40.701297863505658 ], [ -80.912140311725977, 40.702198128041232 ], [ -80.911332264572309, 40.703101202058861 ], [ -80.910515366291065, 40.704008372488431 ], [ -80.909689444212461, 40.704919829086919 ], [ -80.908854313076063, 40.705835779597578 ], [ -80.908009795715486, 40.706756415576194 ], [ -80.907155660105616, 40.707681992430082 ], [ -80.90629168411391, 40.708612749378915 ], [ -80.905417621326137, 40.709548951722809 ], [ -80.904533469044338, 40.710490606656208 ], [ -80.903638693970493, 40.711438281651454 ], [ -80.902732999328407, 40.712392293269772 ], [ -80.901816052368872, 40.713352991347506 ], [ -80.900887545523744, 40.71432069784197 ], [ -80.899947046219154, 40.715295865112125 ], [ -80.898994136270346, 40.716278924832579 ], [ -80.898028349828451, 40.71727036083854 ], [ -80.897182154332938, 40.71813512103904 ], [ -80.89632558515757, 40.719006904944763 ], [ -80.895458255594008, 40.719886105559397 ], [ -80.894579729470877, 40.720773165349328 ], [ -80.893689611985963, 40.721668481815016 ], [ -80.892787307788012, 40.722572655703573 ], [ -80.89187225300202, 40.723486252688474 ], [ -80.890943794720329, 40.72440992208027 ], [ -80.89000243476454, 40.725343173748513 ], [ -80.889046189230214, 40.726287978107734 ], [ -80.888074173184521, 40.727245211997001 ], [ -80.88708533262195, 40.72821591233452 ], [ -80.886078786206951, 40.7292009442682 ], [ -80.8850528719924, 40.730201938268863 ], [ -80.884006039547046, 40.731220404298256 ], [ -80.88293634903323, 40.732258231831963 ], [ -80.881059192327825, 40.73407300886231 ], [ -80.879094629613405, 40.735964394641144 ], [ -80.877023377626756, 40.737950962866705 ], [ -80.874808268286927, 40.740068367161484 ], [ -80.872785975392389, 40.74199627710658 ], [ -80.870536871679235, 40.74413603045349 ], [ -80.8625543066359, 40.751715732495086 ], [ -80.85936205241677, 40.754751113473162 ], [ -80.857665497564597, 40.756367670931297 ], [ -80.856080195144841, 40.757881104929083 ], [ -80.854576302054681, 40.759319906888265 ], [ -80.853138547805713, 40.760698689892649 ], [ -80.851450543707585, 40.762322103782139 ], [ -80.849829751341929, 40.763886214577212 ], [ -80.84826531948886, 40.765401494883122 ], [ -80.846750083249731, 40.766874887466145 ], [ -80.846714703920384, 40.766909434023205 ], [ -80.833305777139856, 40.736246504772453 ], [ -80.889110039296838, 40.663763609303203 ], [ -80.904261632768112, 40.619292450686089 ], [ -80.912022639932843, 40.557861403880736 ] ] ] } },
{ "type": "Feature", "properties": { "TC_NUMBER": 7, "NAME": "NORTH DRY GAS_W", "AOI": "NORTH DRY GAS", "SPACING": 4, "BASE_LL": 15, "OIL_EUR": 0, "GAS_EUR": 1080, "CONFIDENCE": "HIGH", "Shape_Area": 0.017899455949500001 }, "geometry": { "type": "Polygon", "coordinates": [ [ [ -80.817662494628394, 40.387113045430738 ], [ -80.937280276763317, 40.426679843000386 ], [ -80.943850932274643, 40.426628215619701 ], [ -80.943277449894367, 40.42885053932099 ], [ -80.94255882682836, 40.431653439254887 ], [ -80.941761846731822, 40.434776991564945 ], [ -80.939101021694739, 40.445252362206816 ], [ -80.938096037402147, 40.4491983067565 ], [ -80.937091114263467, 40.453121741275368 ], [ -80.936625676433778, 40.454928578191357 ], [ -80.936177634190415, 40.456660481795836 ], [ -80.935682857777635, 40.458563633404992 ], [ -80.935202708837892, 40.460400147948519 ], [ -80.934734441741057, 40.462180525011263 ], [ -80.934276176904007, 40.463911910606214 ], [ -80.933825827000305, 40.465602171103342 ], [ -80.933382674370876, 40.467253981086401 ], [ -80.932945655117862, 40.468871307464894 ], [ -80.932513938267618, 40.470457220524338 ], [ -80.931953454688141, 40.472498016070631 ], [ -80.931399484898293, 40.474494230424455 ], [ -80.930850839994207, 40.476450147956029 ], [ -80.930306577486533, 40.478369130331146 ], [ -80.929765664953436, 40.480254802717013 ], [ -80.929227575392247, 40.482108991636721 ], [ -80.928691661291111, 40.483933931905483 ], [ -80.928157376761476, 40.485731478824732 ], [ -80.92762342588037, 40.487505941945699 ], [ -80.927090162081299, 40.489256100888383 ], [ -80.926557173474748, 40.490983305535167 ], [ -80.926024102130555, 40.492688717810154 ], [ -80.925490561340268, 40.494373567086484 ], [ -80.92495629839442, 40.496038652861614 ], [ -80.92442102730854, 40.497684864564917 ], [ -80.923884492675143, 40.499312985505924 ], [ -80.923582338454139, 40.500220257558908 ], [ -80.923279668921566, 40.501122168753113 ], [ -80.922976444507242, 40.502018835101239 ], [ -80.922672629238434, 40.502910365421087 ], [ -80.92236818534343, 40.503796873027341 ], [ -80.922063079547456, 40.504678450550102 ], [ -80.921757278575512, 40.505555195116187 ], [ -80.921450750951351, 40.506427197557173 ], [ -80.921143449010913, 40.507294591871982 ], [ -80.920835359264402, 40.508157417630798 ], [ -80.920526452933416, 40.509015755772566 ], [ -80.920216700340404, 40.509869683639067 ], [ -80.919906075405038, 40.510719280370552 ], [ -80.919594550248235, 40.511564614315546 ], [ -80.919282102387058, 40.51240575562116 ], [ -80.918968703942483, 40.51324276993796 ], [ -80.918654242499258, 40.514075962136019 ], [ -80.918338783707839, 40.514905151451615 ], [ -80.918022304185968, 40.515730399038716 ], [ -80.917704783249121, 40.516551761554581 ], [ -80.917386196615666, 40.517369298354481 ], [ -80.917066526299095, 40.518183059800435 ], [ -80.917009746702433, 40.518326445009507 ], [ -80.912022639932843, 40.557861403880736 ], [ -80.897830016941668, 40.557444569011693 ], [ -80.813975836315763, 40.554914884914069 ], [ -80.815173806126211, 40.546431714052403 ], [ -80.807074013554825, 40.523090448865162 ], [ -80.806986266702836, 40.427650526250829 ], [ -80.808066239165555, 40.420168977116646 ], [ -80.816692518245077, 40.394439669255405 ], [ -80.817662494628394, 40.387113045430738 ] ] ] } },
{ "type": "Feature", "properties": { "TC_NUMBER": 8, "NAME": "NORTH DRY GAS_E", "AOI": "NORTH DRY GAS", "SPACING": 0, "BASE_LL": 10, "OIL_EUR": 0, "GAS_EUR": 1080, "CONFIDENCE": "HIGH", "Shape_Area": 0.0242202882894 }, "geometry": { "type": "Polygon", "coordinates": [ [ [ -80.65634152863862, 40.424311124059159 ], [ -80.625960044020758, 40.396425470359247 ], [ -80.628096968100579, 40.395868033682859 ], [ -80.628879005961323, 40.395448350660899 ], [ -80.629695474366599, 40.395010282798353 ], [ -80.632197026771337, 40.393667998779165 ], [ -80.632762453924045, 40.392375521013548 ], [ -80.633596972622172, 40.39046797711552 ], [ -80.630501078961572, 40.385700036027913 ], [ -80.629297017143585, 40.384967971694607 ], [ -80.628055684722028, 40.384347389120762 ], [ -80.626496957268728, 40.383568025843772 ], [ -80.623777122316312, 40.382897468843169 ], [ -80.619196040564759, 40.381767950930225 ], [ -80.614396009867903, 40.378767993348276 ], [ -80.611794174061856, 40.376649187010401 ], [ -80.611690046958074, 40.376562943824865 ], [ -80.610072988577542, 40.37526478414253 ], [ -80.609677039563678, 40.374947055462314 ], [ -80.609498870376513, 40.374829891786135 ], [ -80.609379032116578, 40.374751002356902 ], [ -80.608145053451437, 40.371164223650055 ], [ -80.607596005651089, 40.36956805741994 ], [ -80.60770832198142, 40.368791869649101 ], [ -80.608051957431826, 40.366415001950827 ], [ -80.608695939465974, 40.3619689677937 ], [ -80.609024031034153, 40.361172556068652 ], [ -80.609396080564636, 40.360269009007595 ], [ -80.609519126706289, 40.36002097778595 ], [ -80.807397487104311, 40.383717618173591 ], [ -80.817662494628394, 40.387113045430738 ], [ -80.816692518245077, 40.394439669255405 ], [ -80.808066239165555, 40.420168977116646 ], [ -80.806986266702836, 40.427650526250829 ], [ -80.807074013554825, 40.523090448865162 ], [ -80.815173806126211, 40.546431714052403 ], [ -80.813975836315763, 40.554914884914069 ], [ -80.730121641300684, 40.552385200816445 ], [ -80.65634152863862, 40.424311124059159 ] ] ] } },
{ "type": "Feature", "properties": { "TC_NUMBER": 9, "NAME": "CORE OIL_N", "AOI": "CORE OIL", "SPACING": 4, "BASE_LL": 15, "OIL_EUR": 24, "GAS_EUR": 280, "CONFIDENCE": "HIGH", "Shape_Area": 0.013313681693699999 }, "geometry": { "type": "Polygon", "coordinates": [ [ [ -81.315477561939872, 40.262749295343781 ], [ -81.362293642537509, 40.279718799982675 ], [ -81.362513745313038, 40.286798907943307 ], [ -81.361782821320105, 40.287723893043278 ], [ -81.361062104632367, 40.288646440980528 ], [ -81.360351578162749, 40.289566576936011 ], [ -81.3596512239248, 40.290484321594192 ], [ -81.358961013140231, 40.291399711827296 ], [ -81.358280943110969, 40.292312754829823 ], [ -81.357610997649374, 40.29322346858828 ], [ -81.356951164164855, 40.294131873787023 ], [ -81.356301427368919, 40.295037989311822 ], [ -81.355661776469788, 40.29594182955185 ], [ -81.35503220067551, 40.296843412493558 ], [ -81.354412687395552, 40.297742752526062 ], [ -81.353803177274756, 40.298639941380259 ], [ -81.353203711681886, 40.299534916103539 ], [ -81.352614282523064, 40.300427691085133 ], [ -81.352323328458795, 40.300873257494914 ], [ -81.352034880805093, 40.301318279814836 ], [ -81.351748936863885, 40.301762758044902 ], [ -81.351465497534662, 40.302206694883125 ], [ -81.351184560119293, 40.30265009122877 ], [ -81.350906125517213, 40.303092947981213 ], [ -81.350630191929781, 40.303535266939093 ], [ -81.350356757558302, 40.303977050800313 ], [ -81.350085823302038, 40.30441829866561 ], [ -81.34981738826184, 40.304859013232942 ], [ -81.349551447940939, 40.30529919809959 ], [ -81.349288005037351, 40.305738852366176 ], [ -81.349027058651814, 40.306177976932133 ], [ -81.348768607884892, 40.306616573596045 ], [ -81.348512651837382, 40.307054641458592 ], [ -81.348259190509225, 40.307492184117052 ], [ -81.348008222101726, 40.307929201571426 ], [ -81.347759746614997, 40.30836569472109 ], [ -81.347513763149607, 40.308801665364626 ], [ -81.347270270806291, 40.309237114401355 ], [ -81.347029270484427, 40.309672042730654 ], [ -81.346790759485941, 40.310106451251784 ], [ -81.34655473960953, 40.310540341763442 ], [ -81.346321209056498, 40.310973713366252 ], [ -81.346090166927638, 40.311406568758173 ], [ -81.345861613222837, 40.311838908838638 ], [ -81.345627514298315, 40.312286784707396 ], [ -81.345395854335152, 40.312736560843632 ], [ -81.345166626138848, 40.313188249837935 ], [ -81.344939823414109, 40.313641865179989 ], [ -81.344715439865638, 40.314097419460381 ], [ -81.344493469198198, 40.314554926168967 ], [ -81.344273902418649, 40.31501440059418 ], [ -81.344056735030279, 40.315475856225817 ], [ -81.343841960737848, 40.315939304755148 ], [ -81.343629571447536, 40.316404763269247 ], [ -81.343419558166033, 40.316872249754567 ], [ -81.343211916396797, 40.31734177770096 ], [ -81.343006637146573, 40.317813365094764 ], [ -81.342803714120066, 40.318287028123905 ], [ -81.342603138324137, 40.3187627838754 ], [ -81.342404904362809, 40.319240650335814 ], [ -81.342209023927296, 40.319720596028731 ], [ -81.342015467339934, 40.320202689302732 ], [ -81.341824230104123, 40.320686949043534 ], [ -81.341635301427971, 40.321173393237586 ], [ -81.341448675915615, 40.321662042569244 ], [ -81.341264344573801, 40.322152917723031 ], [ -81.341082299308653, 40.322646041181883 ], [ -81.340902532026178, 40.323141433630326 ], [ -81.340725037330571, 40.323639110356737 ], [ -81.340549805329204, 40.324139101938044 ], [ -81.340376825230237, 40.324641433555371 ], [ -81.340206090738434, 40.32514612859103 ], [ -81.340037591961277, 40.32565321132671 ], [ -81.339871320804775, 40.32616270964138 ], [ -81.339707268275788, 40.326674649615427 ], [ -81.339545426280381, 40.327189060926457 ], [ -81.339386027742933, 40.327705172855474 ], [ -81.339228814558112, 40.32822380648355 ], [ -81.339073776833288, 40.328744990588916 ], [ -81.338920904675945, 40.329268757547197 ], [ -81.33877018999226, 40.329795137935321 ], [ -81.338621622889548, 40.330324167726189 ], [ -81.338475192576027, 40.330855881094067 ], [ -81.338330889159181, 40.331390314911175 ], [ -81.338188707243035, 40.331927488063172 ], [ -81.338048632438415, 40.332467458106748 ], [ -81.337910653953486, 40.333010262813445 ], [ -81.33777476189573, 40.333555945350668 ], [ -81.337640944573877, 40.334104546187916 ], [ -81.337509192095524, 40.334656112089931 ], [ -81.337379492769344, 40.335210689821508 ], [ -81.337251834004917, 40.335768327046708 ], [ -81.337126254473048, 40.336328861887523 ], [ -81.337002690321867, 40.336892556945998 ], [ -81.336881132558176, 40.337459467080805 ], [ -81.336761566792859, 40.338029648949203 ], [ -81.336643982233966, 40.338603157409864 ], [ -81.3365283653917, 40.339180059012563 ], [ -81.336414703675587, 40.339760416709908 ], [ -81.336302983595772, 40.340344299749688 ], [ -81.336193198857018, 40.340931735111553 ], [ -81.336085328774857, 40.341522839707352 ], [ -81.335979358060911, 40.342117689080112 ], [ -81.335875273225213, 40.34271636596759 ], [ -81.335773058979441, 40.343318948610658 ], [ -81.335672700934367, 40.343925533236813 ], [ -81.335574182902178, 40.34453621427491 ], [ -81.335477487795799, 40.345151090650347 ], [ -81.335342590388223, 40.346036258266736 ], [ -81.335211325342357, 40.346930515331053 ], [ -81.33508364139692, 40.347834208981624 ], [ -81.334959484592503, 40.348747727725481 ], [ -81.334838805466461, 40.349671427694261 ], [ -81.334721536569646, 40.350605825998116 ], [ -81.334607614949448, 40.351551415465508 ], [ -81.334496973156774, 40.352508758172689 ], [ -81.334389641768496, 40.353477534860417 ], [ -81.334285439121686, 40.354459330134034 ], [ -81.334184286075924, 40.355454882337028 ], [ -81.33408609539697, 40.356465058415779 ], [ -81.333990792441057, 40.357490601210316 ], [ -81.333898255799852, 40.358532811140378 ], [ -81.333808377554533, 40.359592905887951 ], [ -81.33372103090079, 40.360672366636436 ], [ -81.333639298714616, 40.361730230166017 ], [ -81.333559645761, 40.362809331185758 ], [ -81.33348192095383, 40.363911695868126 ], [ -81.333405941730803, 40.365039930448461 ], [ -81.333331582186759, 40.366195811087891 ], [ -81.333258507773849, 40.367384464821271 ], [ -81.333186430709191, 40.36861055103617 ], [ -81.333114950794311, 40.369880874902492 ], [ -81.333051440671397, 40.371055680875031 ], [ -81.332987524954262, 40.372281503588567 ], [ -81.332922593003218, 40.373569990162991 ], [ -81.332855530558277, 40.374943259423958 ], [ -81.332728465346349, 40.377643319183903 ], [ -81.332492720662515, 40.382806543787012 ], [ -81.332394899604878, 40.384915637446738 ], [ -81.332289899259422, 40.387105794197112 ], [ -81.332191272409261, 40.389071168099974 ], [ -81.332131380258943, 40.390215802717194 ], [ -81.332071817260498, 40.391316016221197 ], [ -81.332012168826509, 40.392379416876622 ], [ -81.331952155267686, 40.393411010309933 ], [ -81.331891450130286, 40.394416329150317 ], [ -81.331829945495542, 40.395397076713778 ], [ -81.331767472290949, 40.396355929382707 ], [ -81.331703898316221, 40.397294930416763 ], [ -81.331622463805616, 40.398446727234727 ], [ -81.331538907794311, 40.399572989601836 ], [ -81.331453046820627, 40.400676165472703 ], [ -81.331364732496354, 40.401758176698536 ], [ -81.331273793051082, 40.402821097115975 ], [ -81.331180136753858, 40.403865973535915 ], [ -81.331083648491528, 40.40489408569357 ], [ -81.330984228439377, 40.40590649838623 ], [ -81.330881624787139, 40.406905670360459 ], [ -81.330775899588048, 40.407890911836148 ], [ -81.330666967406557, 40.408862998928328 ], [ -81.33055475449828, 40.409822598034509 ], [ -81.330439178125516, 40.410770415122613 ], [ -81.33032018073169, 40.411706910645478 ], [ -81.330197697565666, 40.412632594518698 ], [ -81.330071669272058, 40.413547919101234 ], [ -81.329648130856526, 40.416566266919745 ], [ -81.329227237347084, 40.419584753233835 ], [ -81.328808989643107, 40.422603379842144 ], [ -81.328393386845278, 40.425622145845409 ], [ -81.327980429852914, 40.428641051243574 ], [ -81.327570118666017, 40.431660096036637 ], [ -81.32716245238521, 40.434679281123977 ], [ -81.326757431909925, 40.437698605606215 ], [ -81.32635505724005, 40.440718069483353 ], [ -81.325955327476322, 40.443737673654766 ], [ -81.32555824261874, 40.446757416321759 ], [ -81.325163804465944, 40.449777299282971 ], [ -81.324772011219295, 40.452797322538459 ], [ -81.324382862878792, 40.455817484289526 ], [ -81.324045476817275, 40.458453970074686 ], [ -81.244383302447432, 40.446471239456173 ], [ -81.244623299125919, 40.445250809077606 ], [ -81.244884981156929, 40.443930307537698 ], [ -81.245147677623208, 40.442614852093811 ], [ -81.245411403813193, 40.441304360907566 ], [ -81.24567618490795, 40.439998720664505 ], [ -81.245942027202773, 40.438697886398415 ], [ -81.246208948684, 40.437401782566269 ], [ -81.246476962841541, 40.436110336322997 ], [ -81.246746085863151, 40.434823473024892 ], [ -81.247016330339363, 40.433541126122122 ], [ -81.247287712457933, 40.432263229964121 ], [ -81.247560243910073, 40.430989719799754 ], [ -81.247834278129403, 40.429718966956784 ], [ -81.248109491359912, 40.428452486792878 ], [ -81.248385898890092, 40.427190217254747 ], [ -81.248663511511836, 40.425932100785872 ], [ -81.248942341815564, 40.424678079829562 ], [ -81.249222403291242, 40.4234280995272 ], [ -81.24950370762997, 40.422182106818809 ], [ -81.249786265623641, 40.42094005044305 ], [ -81.25007009346001, 40.41970186205134 ], [ -81.250355198333693, 40.418467509268169 ], [ -81.250641591036583, 40.417236943530156 ], [ -81.250929284159099, 40.416010118072563 ], [ -81.251218286694552, 40.414786984331897 ], [ -81.251508610334042, 40.413567500040131 ], [ -81.2518002649702, 40.412351622029803 ], [ -81.252093260495542, 40.41113930623402 ], [ -81.252387632882915, 40.409930410560037 ], [ -81.252683365944563, 40.408724996161709 ], [ -81.252980470472323, 40.407523023468798 ], [ -81.253278956358713, 40.406324453810555 ], [ -81.253578831697666, 40.405129247616742 ], [ -81.253880107281077, 40.403937369813832 ], [ -81.254182791202823, 40.402748783529603 ], [ -81.25448689335542, 40.401563453690471 ], [ -81.254792423631386, 40.400381336229714 ], [ -81.255099389225393, 40.399202405966321 ], [ -81.25540779913058, 40.398026631423932 ], [ -81.255717661440883, 40.396853979327716 ], [ -81.256028985149499, 40.39568441730205 ], [ -81.256341777451041, 40.394517913870686 ], [ -81.256656047338652, 40.393354441154599 ], [ -81.256971802007001, 40.392193967677542 ], [ -81.257407276224797, 40.390590354161588 ], [ -81.257848875725017, 40.38895209606244 ], [ -81.25829755648698, 40.387275647353306 ], [ -81.258754563172488, 40.38555636123715 ], [ -81.25922068808427, 40.383791281642402 ], [ -81.259698478102223, 40.381970781326572 ], [ -81.260190223799725, 40.380086144060328 ], [ -81.2606993893653, 40.378124088655795 ], [ -81.261563776347145, 40.374771702951762 ], [ -81.262521576809263, 40.371031892008261 ], [ -81.263436975136244, 40.367440768676602 ], [ -81.265658940907372, 40.358704933286106 ], [ -81.266814937559275, 40.354178640931593 ], [ -81.267399130865158, 40.351902903796031 ], [ -81.267950334340412, 40.349765157735874 ], [ -81.268477754344872, 40.347729696967974 ], [ -81.268986299378184, 40.345777595259847 ], [ -81.269522821421049, 40.343730490070129 ], [ -81.270044939922002, 40.341751666806033 ], [ -81.270555354645865, 40.33983089657869 ], [ -81.271055946075023, 40.337961101723522 ], [ -81.271548805133193, 40.33613449950758 ], [ -81.272034684553034, 40.334348313723751 ], [ -81.27251467791001, 40.33259853339564 ], [ -81.272989643157473, 40.33088202798325 ], [ -81.273309640827222, 40.329734176491115 ], [ -81.273627880322408, 40.328599645757095 ], [ -81.273944554097852, 40.32747774690057 ], [ -81.274259833924134, 40.326367878274993 ], [ -81.274573898766391, 40.325269404059782 ], [ -81.274886873630294, 40.324181891681008 ], [ -81.275198895212782, 40.323104865397283 ], [ -81.275510085821793, 40.322037902527256 ], [ -81.275820676582896, 40.320980212566781 ], [ -81.276130660301703, 40.319931826992274 ], [ -81.276440139500778, 40.318892400463938 ], [ -81.276749206810393, 40.317861618219183 ], [ -81.277057960256627, 40.316839156501942 ], [ -81.277366473583868, 40.31582476799872 ], [ -81.277674825932422, 40.314818193704753 ], [ -81.277983091946112, 40.313819193501047 ], [ -81.278291805822164, 40.312826046085206 ], [ -81.278600570060235, 40.31184005457493 ], [ -81.278909447612875, 40.310861013025374 ], [ -81.279218497835359, 40.309888734377637 ], [ -81.279527783680237, 40.308923022579506 ], [ -81.279837352811569, 40.307963722947534 ], [ -81.280147260087972, 40.30701067360377 ], [ -81.280457553173505, 40.306063721663463 ], [ -81.280768310309213, 40.305122631504275 ], [ -81.281079547682964, 40.304187356361467 ], [ -81.281391308462105, 40.3032577667326 ], [ -81.281703634015457, 40.302333736712626 ], [ -81.282016568409858, 40.301415139497124 ], [ -81.282330145819515, 40.300501869865457 ], [ -81.282644405814665, 40.299593818999597 ], [ -81.282959382569402, 40.298690883477548 ], [ -81.28331737389766, 40.297673311374297 ], [ -81.283676379661131, 40.296662048015151 ], [ -81.284036448423308, 40.295656961199825 ], [ -81.284397622452275, 40.294657926821912 ], [ -81.284759950311411, 40.293664815378975 ], [ -81.285123468872939, 40.292677521650376 ], [ -81.28548821950568, 40.291695935918767 ], [ -81.285854240880496, 40.290719953862833 ], [ -81.286221591453227, 40.289749422597822 ], [ -81.286590285613158, 40.288784298956273 ], [ -81.286960360232399, 40.287824490308026 ], [ -81.287331849485213, 40.28686990941884 ], [ -81.287704787545863, 40.285920465457195 ], [ -81.288079204991277, 40.284976081980631 ], [ -81.288455132398383, 40.284036680748272 ], [ -81.288832601243541, 40.283102186216979 ], [ -81.289211751820858, 40.282172251248426 ], [ -81.289592502292123, 40.281247082686775 ], [ -81.289974879636929, 40.280326613082764 ], [ -81.290358911734359, 40.279410776785994 ], [ -81.290744626463322, 40.278499509045162 ], [ -81.29113204720619, 40.277592750505107 ], [ -81.291521200043292, 40.276690443609141 ], [ -81.291912108357053, 40.275792532599326 ], [ -81.292304806321738, 40.274898938335411 ], [ -81.292699308326405, 40.27400963203894 ], [ -81.293095635954785, 40.27312456064999 ], [ -81.293493811690041, 40.272243676504502 ], [ -81.29389385891443, 40.271366928341138 ], [ -81.294295796513779, 40.27049427299238 ], [ -81.294699646971083, 40.269625663693489 ], [ -81.295105429172168, 40.268761057277004 ], [ -81.295513673717039, 40.267899339482994 ], [ -81.295923894971736, 40.267041550826946 ], [ -81.296336111822086, 40.26618765083947 ], [ -81.296750344053123, 40.265337601748968 ], [ -81.297166609651299, 40.264491363985314 ], [ -81.297584924804426, 40.263648901575607 ], [ -81.315477561939872, 40.262749295343781 ] ] ] } },
{ "type": "Feature", "properties": { "TC_NUMBER": 10, "NAME": "CORE RICH CONDENSATE_N", "AOI": "CORE RICH CONDENSATE", "SPACING": 4, "BASE_LL": 15, "OIL_EUR": 38, "GAS_EUR": 320, "CONFIDENCE": "HIGH", "Shape_Area": 0.0138732767329 }, "geometry": { "type": "Polygon", "coordinates": [ [ [ -81.228187503450499, 40.253011795058342 ], [ -81.236119274784642, 40.257415780513895 ], [ -81.262218606003842, 40.258560465493133 ], [ -81.297584927502385, 40.263648901575607 ], [ -81.297166609651299, 40.264491363985314 ], [ -81.296750344053123, 40.265337601748968 ], [ -81.296336111822086, 40.26618765083947 ], [ -81.295923894971736, 40.267041550826946 ], [ -81.295513673717039, 40.267899339482994 ], [ -81.295105429172168, 40.268761057277004 ], [ -81.294699646971083, 40.269625663693489 ], [ -81.294295796513779, 40.27049427299238 ], [ -81.29389385891443, 40.271366928341138 ], [ -81.293493811690041, 40.272243676504502 ], [ -81.293095635954785, 40.27312456064999 ], [ -81.292699308326405, 40.27400963203894 ], [ -81.292304806321738, 40.274898938335411 ], [ -81.291912108357053, 40.275792532599326 ], [ -81.291521200043292, 40.276690443609141 ], [ -81.29113204720619, 40.277592750505107 ], [ -81.290744626463322, 40.278499509045162 ], [ -81.290358911734359, 40.279410776785994 ], [ -81.289974879636929, 40.280326613082764 ], [ -81.289592502292123, 40.281247082686775 ], [ -81.289211751820858, 40.282172251248426 ], [ -81.288832601243541, 40.283102186216979 ], [ -81.288455132398383, 40.284036680748272 ], [ -81.288079204991277, 40.284976081980631 ], [ -81.287704787545863, 40.285920465457195 ], [ -81.287331849485213, 40.28686990941884 ], [ -81.286960360232399, 40.287824490308026 ], [ -81.286590285613158, 40.288784298956273 ], [ -81.286221591453227, 40.289749422597822 ], [ -81.285854240880496, 40.290719953862833 ], [ -81.28548821950568, 40.291695935918767 ], [ -81.285123468872939, 40.292677521650376 ], [ -81.284759950311411, 40.293664815378975 ], [ -81.284397622452275, 40.294657926821912 ], [ -81.284036448423308, 40.295656961199825 ], [ -81.283676379661131, 40.296662048015151 ], [ -81.28331737389766, 40.297673311374297 ], [ -81.282959382569402, 40.298690883477548 ], [ -81.282644405814665, 40.299593818999597 ], [ -81.282330145819515, 40.300501869865457 ], [ -81.282016568409858, 40.301415139497124 ], [ -81.281703634015457, 40.302333736712626 ], [ -81.281391308462105, 40.3032577667326 ], [ -81.281079547682964, 40.304187356361467 ], [ -81.280768310309213, 40.305122631504275 ], [ -81.280457553173505, 40.306063721663463 ], [ -81.280147260087972, 40.30701067360377 ], [ -81.279837352811569, 40.307963722947534 ], [ -81.279527783680237, 40.308923022579506 ], [ -81.279218497835359, 40.309888734377637 ], [ -81.278909447612875, 40.310861013025374 ], [ -81.278600570060235, 40.31184005457493 ], [ -81.278291805822164, 40.312826046085206 ], [ -81.277983091946112, 40.313819193501047 ], [ -81.277674825932422, 40.314818193704753 ], [ -81.277366473583868, 40.31582476799872 ], [ -81.277057960256627, 40.316839156501942 ], [ -81.276749206810393, 40.317861618219183 ], [ -81.276440139500778, 40.318892400463938 ], [ -81.276130660301703, 40.319931826992274 ], [ -81.275820676582896, 40.320980212566781 ], [ -81.275510085821793, 40.322037902527256 ], [ -81.275198895212782, 40.323104865397283 ], [ -81.274886873630294, 40.324181891681008 ], [ -81.274573898766391, 40.325269404059782 ], [ -81.274259833924134, 40.326367878274993 ], [ -81.273944554097852, 40.32747774690057 ], [ -81.273627880322408, 40.328599645757095 ], [ -81.273309640827222, 40.329734176491115 ], [ -81.272989643157473, 40.33088202798325 ], [ -81.27251467791001, 40.33259853339564 ], [ -81.272034684553034, 40.334348313723751 ], [ -81.271548805133193, 40.33613449950758 ], [ -81.271055946075023, 40.337961101723522 ], [ -81.270555354645865, 40.33983089657869 ], [ -81.270044939922002, 40.341751666806033 ], [ -81.269522821421049, 40.343730490070129 ], [ -81.268986299378184, 40.345777595259847 ], [ -81.268477754344872, 40.347729696967974 ], [ -81.267950334340412, 40.349765157735874 ], [ -81.267399130865158, 40.351902903796031 ], [ -81.266814937559275, 40.354178640931593 ], [ -81.265658940907372, 40.358704933286106 ], [ -81.263436975136244, 40.367440768676602 ], [ -81.262521576809263, 40.371031892008261 ], [ -81.261563776347145, 40.374771702951762 ], [ -81.2606993893653, 40.378124088655795 ], [ -81.260190223799725, 40.380086144060328 ], [ -81.259698478102223, 40.381970781326572 ], [ -81.25922068808427, 40.383791281642402 ], [ -81.258754563172488, 40.38555636123715 ], [ -81.25829755648698, 40.387275647353306 ], [ -81.257848875725017, 40.38895209606244 ], [ -81.257407276224797, 40.390590354161588 ], [ -81.256971802007001, 40.392193967677542 ], [ -81.256656047338652, 40.393354441154599 ], [ -81.256341777451041, 40.394517913870686 ], [ -81.256028985149499, 40.39568441730205 ], [ -81.255717661440883, 40.396853979327716 ], [ -81.25540779913058, 40.398026631423932 ], [ -81.255099389225393, 40.399202405966321 ], [ -81.254792423631386, 40.400381336229714 ], [ -81.25448689335542, 40.401563453690471 ], [ -81.254182791202823, 40.402748783529603 ], [ -81.253880107281077, 40.403937369813832 ], [ -81.253578831697666, 40.405129247616742 ], [ -81.253278956358713, 40.406324453810555 ], [ -81.252980470472323, 40.407523023468798 ], [ -81.252683365944563, 40.408724996161709 ], [ -81.252387632882915, 40.409930410560037 ], [ -81.252093260495542, 40.41113930623402 ], [ -81.2518002649702, 40.412351622029803 ], [ -81.251508610334042, 40.413567500040131 ], [ -81.251218286694552, 40.414786984331897 ], [ -81.250929284159099, 40.416010118072563 ], [ -81.250641591036583, 40.417236943530156 ], [ -81.250355198333693, 40.418467509268169 ], [ -81.25007009346001, 40.41970186205134 ], [ -81.249786265623641, 40.42094005044305 ], [ -81.24950370762997, 40.422182106818809 ], [ -81.249222403291242, 40.4234280995272 ], [ -81.248942341815564, 40.424678079829562 ], [ -81.248663511511836, 40.425932100785872 ], [ -81.248385898890092, 40.427190217254747 ], [ -81.248109491359912, 40.428452486792878 ], [ -81.247834278129403, 40.429718966956784 ], [ -81.247560243910073, 40.430989719799754 ], [ -81.247287712457933, 40.432263229964121 ], [ -81.247016330339363, 40.433541126122122 ], [ -81.246746085863151, 40.434823473024892 ], [ -81.246476962841541, 40.436110336322997 ], [ -81.246208948684, 40.437401782566269 ], [ -81.245942027202773, 40.438697886398415 ], [ -81.24567618490795, 40.439998720664505 ], [ -81.245411403813193, 40.441304360907566 ], [ -81.245147677623208, 40.442614852093811 ], [ -81.244884981156929, 40.443930307537698 ], [ -81.244623299125919, 40.445250809077606 ], [ -81.244383302447432, 40.446471239456173 ], [ -81.170974581012047, 40.435429150235166 ], [ -81.171030124940273, 40.43509311495535 ], [ -81.17131141039323, 40.433421458733392 ], [ -81.171595770628301, 40.43176129045122 ], [ -81.171883269497243, 40.430112235990975 ], [ -81.17217395916083, 40.428474001274196 ], [ -81.172467894477734, 40.426846275135517 ], [ -81.17276512670918, 40.425228769791943 ], [ -81.17306599489973, 40.423619686599295 ], [ -81.173370266124834, 40.422020305292904 ], [ -81.173677989847306, 40.420430374062562 ], [ -81.173989209234605, 40.418849659084572 ], [ -81.174303974648694, 40.417277917541924 ], [ -81.174622322961795, 40.415714951583823 ], [ -81.174944299140066, 40.414160552567523 ], [ -81.17526994185431, 40.412614528937411 ], [ -81.175599313157761, 40.411076585715932 ], [ -81.175932429238173, 40.409546651856544 ], [ -81.176269329665786, 40.408024553790199 ], [ -81.176610047715485, 40.406510126940873 ], [ -81.176954622957453, 40.405003204934019 ], [ -81.177303087767257, 40.403503646576098 ], [ -81.17765547541984, 40.402011305277597 ], [ -81.17801181829077, 40.400526042542879 ], [ -81.180192389167416, 40.39148566792926 ], [ -81.181253053185799, 40.387098695848181 ], [ -81.182303080922395, 40.382776150299151 ], [ -81.183254421554295, 40.378885382754277 ], [ -81.183744504405297, 40.376892794466926 ], [ -81.184220127956507, 40.374967694903262 ], [ -81.184683864268891, 40.373099680705764 ], [ -81.185137488604198, 40.371281601364842 ], [ -81.185582966880361, 40.369505586913363 ], [ -81.186020995172726, 40.367768885425789 ], [ -81.186452586117923, 40.366067475133946 ], [ -81.186878533817264, 40.364398228195739 ], [ -81.187325124554832, 40.362659073357577 ], [ -81.187766859852672, 40.360950278732446 ], [ -81.18820436743755, 40.35926941435207 ], [ -81.188638166218368, 40.357614490916092 ], [ -81.189068815573364, 40.355983373434015 ], [ -81.189496636560477, 40.354374852317619 ], [ -81.189922004197115, 40.352787516530725 ], [ -81.190345243138438, 40.351220158283752 ], [ -81.190767058452934, 40.349670176737334 ], [ -81.191187310745761, 40.34813811058541 ], [ -81.191606248229732, 40.346623046116747 ], [ -81.192024094836086, 40.34512418203542 ], [ -81.19244108438852, 40.343640672978722 ], [ -81.192857380563623, 40.342171943380549 ], [ -81.193273162326534, 40.340717360118106 ], [ -81.193688590655881, 40.339276357517917 ], [ -81.19412457748723, 40.337777345947814 ], [ -81.194560508560585, 40.336292156957541 ], [ -81.194996538559394, 40.334820260846413 ], [ -81.195432809576459, 40.333361180973782 ], [ -81.19586947179863, 40.331914414618609 ], [ -81.196306636741838, 40.330479594857479 ], [ -81.196744424915266, 40.329056325089368 ], [ -81.197182946935413, 40.327644242887573 ], [ -81.197622396156646, 40.326242732216372 ], [ -81.198062787867343, 40.324851749009042 ], [ -81.198504218295, 40.323470989294776 ], [ -81.198946777371816, 40.322100169787063 ], [ -81.199390560425968, 40.320739000004892 ], [ -81.199835640302524, 40.319387249721842 ], [ -81.200282097940431, 40.318044677919602 ], [ -81.200730007983452, 40.31671105886835 ], [ -81.20117984437428, 40.315385000417507 ], [ -81.201631277961098, 40.314067490922014 ], [ -81.202084374394303, 40.312758336128354 ], [ -81.20253919752588, 40.311457352574791 ], [ -81.202995813905659, 40.310164350504408 ], [ -81.203454278392201, 40.308879176133132 ], [ -81.203914647642819, 40.307601668482278 ], [ -81.204376976516187, 40.306331676465732 ], [ -81.204841347749948, 40.305068972555091 ], [ -81.205307782927775, 40.303813500992305 ], [ -81.205776333311121, 40.302565125979811 ], [ -81.206247043865972, 40.301323720713185 ], [ -81.206719966753042, 40.300089155690046 ], [ -81.207195141542513, 40.298861321193044 ], [ -81.207672614099806, 40.297640103008405 ], [ -81.208152425793799, 40.296425395016001 ], [ -81.208582446522655, 40.295345433345119 ], [ -81.209016757917027, 40.294263992289473 ], [ -81.209455365372776, 40.293181051164652 ], [ -81.209898278782475, 40.292096591984205 ], [ -81.21034550444142, 40.291010594963041 ], [ -81.210797050443489, 40.289923041215445 ], [ -81.211252926681198, 40.288833909157631 ], [ -81.211713140349104, 40.287743179903885 ], [ -81.212177697742504, 40.286650835467753 ], [ -81.21264661145193, 40.285556852466812 ], [ -81.213119890470523, 40.284461206619426 ], [ -81.213597543791593, 40.283363877241186 ], [ -81.214079580408281, 40.282264841849042 ], [ -81.214566012011801, 40.281164077959886 ], [ -81.215056847595406, 40.280061560392767 ], [ -81.215552098850253, 40.278957267563896 ], [ -81.21605175138717, 40.277851226452981 ], [ -81.216555842078435, 40.276743359718353 ], [ -81.21706437991719, 40.275633642178889 ], [ -81.217577378393287, 40.274522048653694 ], [ -81.218094849197882, 40.273408553062325 ], [ -81.218616804921567, 40.27229312752587 ], [ -81.219143258154816, 40.271175745064625 ], [ -81.219674222387425, 40.2700563769003 ], [ -81.22020970661265, 40.268935004147181 ], [ -81.220749729716204, 40.26781158813435 ], [ -81.221294305187996, 40.266686099184199 ], [ -81.221843448316463, 40.265558506719742 ], [ -81.22239717349072, 40.26442878016411 ], [ -81.222955497797955, 40.263296888040998 ], [ -81.223518435627284, 40.262162796176142 ], [ -81.224086004965102, 40.261026471294656 ], [ -81.224657861371156, 40.259888596881297 ], [ -81.225234377164725, 40.258748423800796 ], [ -81.225815570332259, 40.257605916080195 ], [ -81.226401461558169, 40.25646103684744 ], [ -81.22699206613089, 40.255313750129517 ], [ -81.22758740743285, 40.254164016356299 ], [ -81.228187503450499, 40.253011795058342 ] ] ] } },
{ "type": "Feature", "properties": { "TC_NUMBER": 11, "NAME": "CORE CONDENSATE_N", "AOI": "CORE CONDENSATE", "SPACING": 0, "BASE_LL": 15, "OIL_EUR": 36, "GAS_EUR": 399, "CONFIDENCE": "HIGH", "Shape_Area": 0.0086719252066699993 }, "geometry": { "type": "Polygon", "coordinates": [ [ [ -81.135321856018777, 40.311423760198409 ], [ -81.197842593360974, 40.325547244209986 ], [ -81.197622396156646, 40.326242732216372 ], [ -81.197182946935413, 40.327644242887573 ], [ -81.196744424915266, 40.329056325089368 ], [ -81.196306636741838, 40.330479594857479 ], [ -81.19586947179863, 40.331914414618609 ], [ -81.195432809576459, 40.333361180973782 ], [ -81.194996538559394, 40.334820260846413 ], [ -81.194560508560585, 40.336292156957541 ], [ -81.19412457748723, 40.337777345947814 ], [ -81.193688590655881, 40.339276357517917 ], [ -81.193273162326534, 40.340717360118106 ], [ -81.192857380563623, 40.342171943380549 ], [ -81.19244108438852, 40.343640672978722 ], [ -81.192024094836086, 40.34512418203542 ], [ -81.191606248229732, 40.346623046116747 ], [ -81.191187310745761, 40.34813811058541 ], [ -81.190767058452934, 40.349670176737334 ], [ -81.190345243138438, 40.351220158283752 ], [ -81.189922004197115, 40.352787516530725 ], [ -81.189496636560477, 40.354374852317619 ], [ -81.189068815573364, 40.355983373434015 ], [ -81.188638166218368, 40.357614490916092 ], [ -81.18820436743755, 40.35926941435207 ], [ -81.187766859852672, 40.360950278732446 ], [ -81.187325124554832, 40.362659073357577 ], [ -81.186878533817264, 40.364398228195739 ], [ -81.186452586117923, 40.366067475133946 ], [ -81.186020995172726, 40.367768885425789 ], [ -81.185582966880361, 40.369505586913363 ], [ -81.185137488604198, 40.371281601364842 ], [ -81.184683864268891, 40.373099680705764 ], [ -81.184220127956507, 40.374967694903262 ], [ -81.183744504405297, 40.376892794466926 ], [ -81.183254421554295, 40.378885382754277 ], [ -81.182303080922395, 40.382776150299151 ], [ -81.181253053185799, 40.387098695848181 ], [ -81.180192389167416, 40.39148566792926 ], [ -81.17801181829077, 40.400526042542879 ], [ -81.17765547541984, 40.402011305277597 ], [ -81.177303087767257, 40.403503646576098 ], [ -81.176954622957453, 40.405003204934019 ], [ -81.176610047715485, 40.406510126940873 ], [ -81.176269329665786, 40.408024553790199 ], [ -81.175932429238173, 40.409546651856544 ], [ -81.175599313157761, 40.411076585715932 ], [ -81.17526994185431, 40.412614528937411 ], [ -81.174944299140066, 40.414160552567523 ], [ -81.174622322961795, 40.415714951583823 ], [ -81.174303974648694, 40.417277917541924 ], [ -81.173989209234605, 40.418849659084572 ], [ -81.173677989847306, 40.420430374062562 ], [ -81.173370266124834, 40.422020305292904 ], [ -81.17306599489973, 40.423619686599295 ], [ -81.17276512670918, 40.425228769791943 ], [ -81.172467894477734, 40.426846275135517 ], [ -81.17217395916083, 40.428474001274196 ], [ -81.171883269497243, 40.430112235990975 ], [ -81.171595770628301, 40.43176129045122 ], [ -81.17131141039323, 40.433421458733392 ], [ -81.171030124940273, 40.43509311495535 ], [ -81.170974581012047, 40.435429150235166 ], [ -81.103361300383654, 40.425258807148282 ], [ -81.102188070023374, 40.42526884538097 ], [ -81.10314271656307, 40.418274390650652 ], [ -81.103988257352171, 40.41206259521266 ], [ -81.104839793921315, 40.405770305954888 ], [ -81.105600275931977, 40.400104474541934 ], [ -81.106022381727485, 40.396935187209181 ], [ -81.106426550544825, 40.393881092238644 ], [ -81.106815313975517, 40.390923037668131 ], [ -81.10719036094639, 40.388048182977343 ], [ -81.107553535067552, 40.385242354850845 ], [ -81.107905427193657, 40.382500933471363 ], [ -81.108246940244044, 40.379816896932311 ], [ -81.108578761300748, 40.377184839408869 ], [ -81.108677209185828, 40.37639012020793 ], [ -81.108774245135294, 40.375588183947571 ], [ -81.108869903323352, 40.374778731153583 ], [ -81.108964224219562, 40.373961428177438 ], [ -81.109057242897393, 40.373135967450992 ], [ -81.109149009718976, 40.372301907407177 ], [ -81.109239570549676, 40.371458827163224 ], [ -81.109328977550263, 40.370606249179104 ], [ -81.109417208237517, 40.369744418070468 ], [ -81.109504398409229, 40.368872017229876 ], [ -81.109590611017836, 40.36798842342705 ], [ -81.109675918009145, 40.36709291180847 ], [ -81.109760377839109, 40.366184856446012 ], [ -81.109844092131084, 40.365263181750493 ], [ -81.109927152615967, 40.36432688227984 ], [ -81.110009665413713, 40.36337474394935 ], [ -81.110091379613436, 40.362409839742384 ], [ -81.110172804231468, 40.361426281797492 ], [ -81.110335430435725, 40.359395408471357 ], [ -81.110499008122702, 40.357263912699466 ], [ -81.110666133635107, 40.354998031234231 ], [ -81.110823167854846, 40.352794921548423 ], [ -81.110992289862224, 40.350354676826953 ], [ -81.111161119589951, 40.347867100786118 ], [ -81.111614662986256, 40.341116972070665 ], [ -81.111754469792913, 40.33907286611992 ], [ -81.1118823560858, 40.337237966758835 ], [ -81.11203250599533, 40.335136741267661 ], [ -81.112177175436273, 40.333174531179736 ], [ -81.112319203568347, 40.3313128706925 ], [ -81.112460080568212, 40.329532301174822 ], [ -81.112548487522645, 40.328448890603852 ], [ -81.112637127401456, 40.327388846218355 ], [ -81.112726192659636, 40.326349853163265 ], [ -81.112815839779159, 40.325330096606706 ], [ -81.112906242329188, 40.324327613328762 ], [ -81.112997490241924, 40.323341414974379 ], [ -81.113089696831992, 40.322370290156812 ], [ -81.113182957427512, 40.321413231635404 ], [ -81.113277504053542, 40.320467905669375 ], [ -81.11337327735481, 40.319534966965193 ], [ -81.113470352874458, 40.31861368167614 ], [ -81.113568797162202, 40.317703416679365 ], [ -81.113668682163905, 40.316803500181436 ], [ -81.113770059140904, 40.315913497809731 ], [ -81.113872981153122, 40.315032921232387 ], [ -81.11397749856269, 40.314161343271451 ], [ -81.135321856018777, 40.311423760198409 ] ] ] } },
{ "type": "Feature", "properties": { "TC_NUMBER": 12, "NAME": "CORE LEAN CONDENSATE_N", "AOI": "CORE LEAN CONDENSATE", "SPACING": 3, "BASE_LL": 15, "OIL_EUR": 14, "GAS_EUR": 886, "CONFIDENCE": "HIGH", "Shape_Area": 0.027153388331299998 }, "geometry": { "type": "Polygon", "coordinates": [ [ [ -81.145538874819181, 40.10720077719418 ], [ -81.204723338711062, 40.13526594456772 ], [ -81.202983964438374, 40.137429350983837 ], [ -81.20193309583567, 40.138740930349684 ], [ -81.200906586269923, 40.140025706321353 ], [ -81.199902228804774, 40.141286438018767 ], [ -81.198918294943326, 40.142525298204021 ], [ -81.197952921290266, 40.143744633208314 ], [ -81.197005167154714, 40.144945633734039 ], [ -81.196073884102418, 40.146129754884328 ], [ -81.195158118852078, 40.147298208945244 ], [ -81.194255675259171, 40.148453808096804 ], [ -81.193367169359362, 40.149595770828228 ], [ -81.192491911372599, 40.150724987468266 ], [ -81.191629305048366, 40.151842222440678 ], [ -81.190778724458539, 40.152948290531242 ], [ -81.189939760411562, 40.154043723239283 ], [ -81.18911196054853, 40.155129111419399 ], [ -81.188294925570347, 40.156204979376355 ], [ -81.187325480686354, 40.157487710289672 ], [ -81.186370501397505, 40.158758134880088 ], [ -81.185429449009803, 40.160016971705943 ], [ -81.184501852278629, 40.161264852091278 ], [ -81.183587215677449, 40.162502442433833 ], [ -81.182685197463854, 40.163730204085709 ], [ -81.181795427117208, 40.164948643365278 ], [ -81.180917572787735, 40.166158212631444 ], [ -81.180051032828885, 40.16735974825383 ], [ -81.179195820730513, 40.168553232245927 ], [ -81.178351668494656, 40.169739040524348 ], [ -81.1775183324051, 40.170917513932181 ], [ -81.17669556245022, 40.172089007701572 ], [ -81.17588316797378, 40.173253791629236 ], [ -81.175080950225606, 40.17441215349811 ], [ -81.174288724844757, 40.175564357708993 ], [ -81.173505222887684, 40.176712267657081 ], [ -81.172731404830415, 40.177854494789131 ], [ -81.17196711598956, 40.178991267533036 ], [ -81.171212213372883, 40.180122797229387 ], [ -81.170466550390927, 40.181249303312768 ], [ -81.169730012829802, 40.182370962949619 ], [ -81.169002476582989, 40.183487958702358 ], [ -81.168283831933252, 40.184600464140146 ], [ -81.167573904412109, 40.185708749059586 ], [ -81.166872659845353, 40.186812866520654 ], [ -81.166180002005433, 40.187912970307366 ], [ -81.165495840960261, 40.18900920161343 ], [ -81.164820084079565, 40.19010171062547 ], [ -81.164152656719693, 40.191190617852783 ], [ -81.163493478840962, 40.192276051898318 ], [ -81.162842478497566, 40.193358133271261 ], [ -81.161730674530986, 40.195217009457451 ], [ -81.160647833230882, 40.197035494392594 ], [ -81.15959125932909, 40.198818113465222 ], [ -81.158558901472077, 40.200568329065163 ], [ -81.157548539233687, 40.202289911150558 ], [ -81.156559139292824, 40.203984625090413 ], [ -81.155589398531902, 40.20565470300221 ], [ -81.154638253952214, 40.207301976804843 ], [ -81.153703145183954, 40.20893090533707 ], [ -81.152784913093228, 40.210540047884933 ], [ -81.151882812142048, 40.212130712062788 ], [ -81.150996211006316, 40.213704011231187 ], [ -81.150124438791806, 40.215261134293939 ], [ -81.149267080011668, 40.216802829487051 ], [ -81.148423665219923, 40.218329939475154 ], [ -81.147593785224956, 40.219843204400433 ], [ -81.146773070221002, 40.221350671396408 ], [ -81.145965299159172, 40.222845484031893 ], [ -81.145170151880961, 40.224328234960126 ], [ -81.144387344200538, 40.225799450284455 ], [ -81.143616582039613, 40.227259686685272 ], [ -81.142857655856119, 40.228709340763544 ], [ -81.142110341718876, 40.230148840596542 ], [ -81.141374437280433, 40.231578575590845 ], [ -81.140649586409268, 40.232999241821631 ], [ -81.139935786407364, 40.234410850080735 ], [ -81.139232873598189, 40.235813723224794 ], [ -81.138540698694271, 40.237208159828754 ], [ -81.137859107911481, 40.238594468360077 ], [ -81.13718798613661, 40.239972886239741 ], [ -81.136527209263249, 40.241343665278009 ], [ -81.13587666487615, 40.242707040197786 ], [ -81.135229777132452, 40.244077007148235 ], [ -81.134593121875014, 40.245439860461261 ], [ -81.133966601977079, 40.24679580698097 ], [ -81.133350128405652, 40.248145039162296 ], [ -81.132743610329328, 40.249487756654673 ], [ -81.132146974902923, 40.250824119537526 ], [ -81.131560149281427, 40.252154294185402 ], [ -81.130983062418352, 40.253478437979595 ], [ -81.130415609992383, 40.254796795535754 ], [ -81.129857770419733, 40.256109416316576 ], [ -81.129309485244505, 40.257416437918323 ], [ -81.128770699608083, 40.258717990742753 ], [ -81.128241358651735, 40.260014209688052 ], [ -81.127721417409475, 40.261305205371002 ], [ -81.12721082821713, 40.262591092904643 ], [ -81.126709547907296, 40.263871982006435 ], [ -81.126217357944654, 40.265148442846396 ], [ -81.125734403120191, 40.266420108501279 ], [ -81.125260647460891, 40.267687076997049 ], [ -81.124796054993908, 40.268949441863299 ], [ -81.124340590645716, 40.270207297528827 ], [ -81.123894225637969, 40.271460724932581 ], [ -81.123456930293059, 40.272709808610841 ], [ -81.123028676732019, 40.273954627703972 ], [ -81.122817926006462, 40.274575480973738 ], [ -81.12260942538461, 40.275195297325183 ], [ -81.122403173067937, 40.275814084852186 ], [ -81.122199164559731, 40.27643185344732 ], [ -81.12199739716209, 40.27704861210384 ], [ -81.121797869076374, 40.277664369814886 ], [ -81.121600576705191, 40.278279134674392 ], [ -81.121405518250015, 40.278892915675556 ], [ -81.12121268921419, 40.279505721811688 ], [ -81.121022087799076, 40.280117560277233 ], [ -81.120833712206036, 40.280728440065502 ], [ -81.120647559737051, 40.281338366572413 ], [ -81.120463627694221, 40.281947349690483 ], [ -81.120281914278905, 40.282555396614327 ], [ -81.120102416793088, 40.283162514538446 ], [ -81.11992513343813, 40.283768710657512 ], [ -81.119680686014817, 40.284617973740524 ], [ -81.119440360184456, 40.285472232557538 ], [ -81.119204126269381, 40.286331588731912 ], [ -81.118971955491304, 40.287196147484281 ], [ -81.118743820870577, 40.288066010438058 ], [ -81.118519690031633, 40.288941302599085 ], [ -81.118299531498167, 40.289822143577112 ], [ -81.118083312894555, 40.290708661075882 ], [ -81.117871023428961, 40.291600900061553 ], [ -81.117662607343391, 40.292499088961847 ], [ -81.117458031363014, 40.293403375265598 ], [ -81.117257258615552, 40.294313918152852 ], [ -81.117060255826118, 40.295230866911027 ], [ -81.116866983424529, 40.296154410397776 ], [ -81.116677400941285, 40.297084732074779 ], [ -81.116491470604842, 40.298022031591529 ], [ -81.116309428936972, 40.298965046299884 ], [ -81.116130943188466, 40.299915443542943 ], [ -81.115955969292486, 40.300873457144405 ], [ -81.115784461383726, 40.301839338914419 ], [ -81.115616377193987, 40.30281332717334 ], [ -81.115451661864654, 40.30379573938194 ], [ -81.115290263235011, 40.304786879510914 ], [ -81.11513212734576, 40.305787083007544 ], [ -81.114977256894861, 40.306796320194053 ], [ -81.114825530473809, 40.307815357292952 ], [ -81.114676887828068, 40.308844607992341 ], [ -81.114531260609169, 40.309884534543698 ], [ -81.114388591260422, 40.310935556930474 ], [ -81.114248793447018, 40.311998293886234 ], [ -81.114111791625817, 40.313073332668239 ], [ -81.11397749946201, 40.314161343271451 ], [ -81.113872981153122, 40.315032921232387 ], [ -81.113770059140904, 40.315913497809731 ], [ -81.113668682163905, 40.316803500181436 ], [ -81.113568797162202, 40.317703416679365 ], [ -81.113470352874458, 40.31861368167614 ], [ -81.11337327735481, 40.319534966965193 ], [ -81.113277504053542, 40.320467905669375 ], [ -81.113182957427512, 40.321413231635404 ], [ -81.113089696831992, 40.322370290156812 ], [ -81.112997490241924, 40.323341414974379 ], [ -81.112906242329188, 40.324327613328762 ], [ -81.112815839779159, 40.325330096606706 ], [ -81.112726192659636, 40.326349853163265 ], [ -81.112637127401456, 40.327388846218355 ], [ -81.112548487522645, 40.328448890603852 ], [ -81.112460080568212, 40.329532301174822 ], [ -81.112319203568347, 40.3313128706925 ], [ -81.112177175436273, 40.333174531179736 ], [ -81.11203250599533, 40.335136741267661 ], [ -81.1118823560858, 40.337237966758835 ], [ -81.111754469792913, 40.33907286611992 ], [ -81.111614662986256, 40.341116972070665 ], [ -81.111161119589951, 40.347867100786118 ], [ -81.110992289862224, 40.350354676826953 ], [ -81.110823167854846, 40.352794921548423 ], [ -81.110666133635107, 40.354998031234231 ], [ -81.110499008122702, 40.357263912699466 ], [ -81.110335430435725, 40.359395408471357 ], [ -81.110172804231468, 40.361426281797492 ], [ -81.110091379613436, 40.362409839742384 ], [ -81.110009665413713, 40.36337474394935 ], [ -81.109927152615967, 40.36432688227984 ], [ -81.109844092131084, 40.365263181750493 ], [ -81.109760377839109, 40.366184856446012 ], [ -81.109675918009145, 40.36709291180847 ], [ -81.109590611017836, 40.36798842342705 ], [ -81.109504398409229, 40.368872017229876 ], [ -81.109417208237517, 40.369744418070468 ], [ -81.109328977550263, 40.370606249179104 ], [ -81.109239570549676, 40.371458827163224 ], [ -81.109149009718976, 40.372301907407177 ], [ -81.109057242897393, 40.373135967450992 ], [ -81.108964224219562, 40.373961428177438 ], [ -81.108869903323352, 40.374778731153583 ], [ -81.108774245135294, 40.375588183947571 ], [ -81.108677209185828, 40.37639012020793 ], [ -81.108578761300748, 40.377184839408869 ], [ -81.108246940244044, 40.379816896932311 ], [ -81.107905427193657, 40.382500933471363 ], [ -81.107553535067552, 40.385242354850845 ], [ -81.10719036094639, 40.388048182977343 ], [ -81.106815313975517, 40.390923037668131 ], [ -81.106426550544825, 40.393881092238644 ], [ -81.106022381727485, 40.396935187209181 ], [ -81.105600275931977, 40.400104474541934 ], [ -81.104839793921315, 40.405770305954888 ], [ -81.103988257352171, 40.41206259521266 ], [ -81.10314271656307, 40.418274390650652 ], [ -81.102188070023374, 40.42526884538097 ], [ -81.025889280066167, 40.425921679442013 ], [ -81.026061848275617, 40.424374657564442 ], [ -81.026293028900113, 40.422321751747518 ], [ -81.026572128101179, 40.419871577611275 ], [ -81.026844094779108, 40.417516311628503 ], [ -81.027110818409483, 40.415239592433295 ], [ -81.027373560741182, 40.413030668630483 ], [ -81.027633743602337, 40.410877657477954 ], [ -81.027891816654005, 40.408776903231569 ], [ -81.028148485863881, 40.406722663720018 ], [ -81.028404299818533, 40.404710556547002 ], [ -81.028564705596636, 40.403466971323724 ], [ -81.028725070005919, 40.40223767273045 ], [ -81.028885492871154, 40.401021909833332 ], [ -81.029046058728568, 40.399819024328565 ], [ -81.029206862906335, 40.398628322838874 ], [ -81.029367967457688, 40.39744932962293 ], [ -81.029529444328375, 40.396281525771826 ], [ -81.029691358269531, 40.395124446336183 ], [ -81.029853829790397, 40.39397722796673 ], [ -81.030016857092221, 40.392839902139826 ], [ -81.03018049323515, 40.391712089341524 ], [ -81.030344789480409, 40.390593444232138 ], [ -81.03050979888809, 40.389483607982186 ], [ -81.030675559229621, 40.388382312593706 ], [ -81.030842116370536, 40.387289269384326 ], [ -81.03100950898164, 40.386204214852683 ], [ -81.031178032939806, 40.385125265818431 ], [ -81.031347470609262, 40.384053841411685 ], [ -81.03151785886206, 40.382989716802058 ], [ -81.03168923007388, 40.38193268334669 ], [ -81.031861619318249, 40.380882525208449 ], [ -81.032035055373456, 40.379839071516017 ], [ -81.032209567917164, 40.378802140606354 ], [ -81.032385185727719, 40.377771566104968 ], [ -81.032561951972468, 40.376747084510384 ], [ -81.032739878342682, 40.375728645460697 ], [ -81.032918988220672, 40.374716102366278 ], [ -81.033099306787562, 40.373709317630983 ], [ -81.033280860123568, 40.372708148262461 ], [ -81.033463668913157, 40.371712479147675 ], [ -81.033647756538699, 40.370722187079309 ], [ -81.033833141885964, 40.369737156944268 ], [ -81.033994426301717, 40.36887789429943 ], [ -81.034154296983161, 40.36801451545756 ], [ -81.03431276831958, 40.367146943076989 ], [ -81.034469854699978, 40.366275095319452 ], [ -81.03462557141296, 40.365398894843167 ], [ -81.034779933746904, 40.364518249018033 ], [ -81.03493295788968, 40.363633067911792 ], [ -81.035084660928305, 40.362743255297062 ], [ -81.035235049158132, 40.361848768905588 ], [ -81.035384150458128, 40.360949450456815 ], [ -81.035531981915369, 40.360045192931352 ], [ -81.035678563315003, 40.359135881215991 ], [ -81.035823910844783, 40.35822140739208 ], [ -81.035968046088442, 40.357301638359957 ], [ -81.036110989730332, 40.356376444617297 ], [ -81.036252762454978, 40.355445689467047 ], [ -81.03639326443755, 40.354510046501503 ], [ -81.036532642267616, 40.353568558841971 ], [ -81.036670918428115, 40.352621067308462 ], [ -81.036808118999431, 40.351667404627051 ], [ -81.036944265565353, 40.350707409819165 ], [ -81.037079388702807, 40.34974088053724 ], [ -81.037213514492066, 40.348767620729177 ], [ -81.037346671711475, 40.347787418154894 ], [ -81.037478866656329, 40.346800238640128 ], [ -81.037610156883204, 40.34580565950364 ], [ -81.037740573868348, 40.344803430733805 ], [ -81.037870153584663, 40.343793280735383 ], [ -81.037998929307093, 40.34277495230225 ], [ -81.0381269442031, 40.341748105490751 ], [ -81.038380858789537, 40.339667505950672 ], [ -81.038632213006167, 40.337548913651517 ], [ -81.038881469104467, 40.3353884399246 ], [ -81.039129087537333, 40.333182095377424 ], [ -81.039375645669452, 40.330924754773662 ], [ -81.039621536504683, 40.32861289367014 ], [ -81.039867835632094, 40.326236507109172 ], [ -81.040115488239167, 40.323786492152919 ], [ -81.040365829819166, 40.321249626968779 ], [ -81.040595408751074, 40.318872024524353 ], [ -81.040830291884447, 40.316391750978596 ], [ -81.041072698746007, 40.313785423958223 ], [ -81.041326744633523, 40.311008819301605 ], [ -81.041561785148247, 40.308404997792479 ], [ -81.041819743985968, 40.305516744102533 ], [ -81.042754309563691, 40.294943866266465 ], [ -81.043141211397767, 40.290602158862612 ], [ -81.043351802044015, 40.288267222954005 ], [ -81.043550775248036, 40.286085107941403 ], [ -81.043741969316386, 40.284013744438823 ], [ -81.043927362757529, 40.282031734876739 ], [ -81.044152269711446, 40.279665468386725 ], [ -81.044372578431705, 40.277391033469485 ], [ -81.044589820463784, 40.275192617345454 ], [ -81.044805025531446, 40.273059832845036 ], [ -81.045019359156072, 40.270981195625723 ], [ -81.0452331963549, 40.268953178546383 ], [ -81.045447122586609, 40.266970233689392 ], [ -81.045661594706814, 40.265028128845131 ], [ -81.045796767306911, 40.263827503336643 ], [ -81.045932404856558, 40.262640743575503 ], [ -81.046068590093341, 40.261467124708076 ], [ -81.046205397660913, 40.260306010014403 ], [ -81.04634290490111, 40.259156729499523 ], [ -81.046481167571812, 40.258018824509179 ], [ -81.046620247726196, 40.256891792322392 ], [ -81.046760200223048, 40.25577518417748 ], [ -81.046901129383571, 40.254668168201476 ], [ -81.047043035207878, 40.253570772273349 ], [ -81.047185962662013, 40.252482630369173 ], [ -81.047329956712076, 40.251403410638943 ], [ -81.047475064122864, 40.250332766843769 ], [ -81.047621319068583, 40.249270437280927 ], [ -81.047768760220094, 40.248216145858521 ], [ -81.047917422650869, 40.247169638068385 ], [ -81.048067571661079, 40.246129095481422 ], [ -81.048219012997038, 40.245095887765046 ], [ -81.048371779034312, 40.244069799981332 ], [ -81.04852590035, 40.243050628883452 ], [ -81.048681407520917, 40.242038167627413 ], [ -81.048838326627447, 40.241032248939177 ], [ -81.048996684649239, 40.240032701048392 ], [ -81.04915650676736, 40.239039361177618 ], [ -81.049317835249838, 40.238051975718179 ], [ -81.049480678190719, 40.237070497005902 ], [ -81.04964505807294, 40.23609478204861 ], [ -81.049810997379609, 40.235124699545281 ], [ -81.049978520392358, 40.234160111899712 ], [ -81.050147645997015, 40.233200906696538 ], [ -81.05031839577731, 40.232246966124649 ], [ -81.050490788618959, 40.231298179567375 ], [ -81.050710797865008, 40.230107605781427 ], [ -81.050933495184609, 40.228924873184383 ], [ -81.051158917450039, 40.227749783026127 ], [ -81.051387098835505, 40.226582155442145 ], [ -81.051618077112551, 40.225421800675633 ], [ -81.051851882858045, 40.224268564942349 ], [ -81.052088548447728, 40.223122289062417 ], [ -81.052328104458411, 40.221982823748363 ], [ -81.052570598554269, 40.22084993967303 ], [ -81.05281604422504, 40.219723583776442 ], [ -81.053064470249069, 40.218603623858201 ], [ -81.053315903606006, 40.217489932214676 ], [ -81.053570373973514, 40.216382382041331 ], [ -81.053827905633284, 40.215280864520309 ], [ -81.054088526464284, 40.21418526723636 ], [ -81.054352259848883, 40.213095484968733 ], [ -81.054619233490769, 40.21201100060722 ], [ -81.054889372746345, 40.21093213431061 ], [ -81.055162700098492, 40.209858789851296 ], [ -81.055439239829013, 40.20879087729719 ], [ -81.055719014420959, 40.207728304018076 ], [ -81.056002046357321, 40.206670989074951 ], [ -81.056288357221888, 40.205618851528811 ], [ -81.056577967699013, 40.204571812239408 ], [ -81.056870909265001, 40.203529762388655 ], [ -81.057167192711745, 40.202492662406485 ], [ -81.057466837824279, 40.201460441246411 ], [ -81.057769866186334, 40.200433028761324 ], [ -81.05807629668368, 40.199410357502074 ], [ -81.058386148202146, 40.198392365415373 ], [ -81.058699439627389, 40.197378991347421 ], [ -81.059016189845238, 40.196370174144249 ], [ -81.059336915965844, 40.195364299522851 ], [ -81.059661148543114, 40.194362881941515 ], [ -81.059988904664181, 40.193365865642249 ], [ -81.060320201416118, 40.192373196665756 ], [ -81.060655056785379, 40.191384823750695 ], [ -81.060993486959831, 40.190400695635674 ], [ -81.061335509925811, 40.189420766455271 ], [ -81.061681140971814, 40.188444987646108 ], [ -81.062030402581001, 40.187473297155009 ], [ -81.062383304645778, 40.186505666203573 ], [ -81.062739864253274, 40.185542052523772 ], [ -81.063100095792777, 40.184582412948032 ], [ -81.063464015451927, 40.183626705208326 ], [ -81.063831637619955, 40.182674891533054 ], [ -81.064202978484616, 40.181726931452772 ], [ -81.064578051535818, 40.180782788095257 ], [ -81.064956910732803, 40.179842330159488 ], [ -81.065339533592578, 40.17890561610136 ], [ -81.065725932705618, 40.177972611746668 ], [ -81.06611612246104, 40.177043283820524 ], [ -81.066510118147391, 40.176117596350025 ], [ -81.06690793235515, 40.175195518758244 ], [ -81.067309579473488, 40.174277019568876 ], [ -81.0677150729922, 40.173362067305618 ], [ -81.0681244290991, 40.172450624196983 ], [ -81.068537658586024, 40.171542668659299 ], [ -81.068954773144242, 40.170638171914163 ], [ -81.069375786263493, 40.169737106981927 ], [ -81.069800711433629, 40.168839445084359 ], [ -81.070229560345922, 40.167945161040393 ], [ -81.070662346490053, 40.167054226971061 ], [ -81.07109908065803, 40.166166618594616 ], [ -81.071653337331611, 40.165052809139866 ], [ -81.072216524273131, 40.163935258505433 ], [ -81.072788696341206, 40.162813859671928 ], [ -81.07336991109247, 40.161688500224159 ], [ -81.073960223385541, 40.160559070444776 ], [ -81.074559702468264, 40.159425441730832 ], [ -81.075168413991094, 40.158287488177109 ], [ -81.075786429000459, 40.157145076684003 ], [ -81.076413776274705, 40.155998153292217 ], [ -81.077050580819616, 40.154846488674593 ], [ -81.077696925372777, 40.153689931745021 ], [ -81.078352898967069, 40.152528322424189 ], [ -81.079018589736108, 40.151361506928083 ], [ -81.079694104699115, 40.150189297298311 ], [ -81.080379549076895, 40.149011509173874 ], [ -81.081075036183961, 40.147827947401879 ], [ -81.081779920307042, 40.146639695665499 ], [ -81.082495073788607, 40.145445262888643 ], [ -81.083220631526899, 40.144244422442171 ], [ -81.083956742809391, 40.143036931509243 ], [ -81.084703545232401, 40.141822560762648 ], [ -81.085461223156869, 40.140601011627439 ], [ -81.086229951950656, 40.139371999018579 ], [ -81.087009928565294, 40.138135211770646 ], [ -81.08780116019534, 40.136890630997868 ], [ -81.08860406322691, 40.135637600195139 ], [ -81.08941887508098, 40.134375747942443 ], [ -81.09024586195693, 40.133104664148959 ], [ -81.091085267571032, 40.131823969300797 ], [ -81.091937438162176, 40.130533139093131 ], [ -81.092802703781729, 40.12923167170436 ], [ -81.093681436748852, 40.127919005957438 ], [ -81.094504352393926, 40.12669763129071 ], [ -81.095339417879813, 40.125465701281144 ], [ -81.096187008223808, 40.124222663745002 ], [ -81.097047545208, 40.122967899049343 ], [ -81.097921412842879, 40.121700846017291 ], [ -81.098809194788487, 40.120420657487387 ], [ -81.099711446825779, 40.119126533962401 ], [ -81.100628811070749, 40.117817551838584 ], [ -81.101560761419989, 40.11649445035863 ], [ -81.102509289871819, 40.115154386765596 ], [ -81.103475280459804, 40.113796113699721 ], [ -81.104459790786677, 40.112418144581738 ], [ -81.105463699490087, 40.111019244642478 ], [ -81.106488693698225, 40.109597061255442 ], [ -81.145538874819181, 40.10720077719418 ] ] ] } },
{ "type": "Feature", "properties": { "TC_NUMBER": 13, "NAME": "CORE WET GAS_N", "AOI": "CORE WET GAS", "SPACING": 4, "BASE_LL": 15, "OIL_EUR": 2, "GAS_EUR": 1195, "CONFIDENCE": "HIGH", "Shape_Area": 0.0200300957349 }, "geometry": { "type": "Polygon", "coordinates": [ [ [ -80.988853608207421, 40.16505387843381 ], [ -81.070880714473333, 40.166610424131818 ], [ -81.070662346490053, 40.167054226971061 ], [ -81.070229560345922, 40.167945161040393 ], [ -81.069800711433629, 40.168839445084359 ], [ -81.069375786263493, 40.169737106981927 ], [ -81.068954773144242, 40.170638171914163 ], [ -81.068537658586024, 40.171542668659299 ], [ -81.0681244290991, 40.172450624196983 ], [ -81.0677150729922, 40.173362067305618 ], [ -81.067309579473488, 40.174277019568876 ], [ -81.06690793235515, 40.175195518758244 ], [ -81.066510118147391, 40.176117596350025 ], [ -81.06611612246104, 40.177043283820524 ], [ -81.065725932705618, 40.177972611746668 ], [ -81.065339533592578, 40.17890561610136 ], [ -81.064956910732803, 40.179842330159488 ], [ -81.064578051535818, 40.180782788095257 ], [ -81.064202978484616, 40.181726931452772 ], [ -81.063831637619955, 40.182674891533054 ], [ -81.063464015451927, 40.183626705208326 ], [ -81.063100095792777, 40.184582412948032 ], [ -81.062739864253274, 40.185542052523772 ], [ -81.062383304645778, 40.186505666203573 ], [ -81.062030402581001, 40.187473297155009 ], [ -81.061681140971814, 40.188444987646108 ], [ -81.061335509925811, 40.189420766455271 ], [ -81.060993486959831, 40.190400695635674 ], [ -81.060655056785379, 40.191384823750695 ], [ -81.060320201416118, 40.192373196665756 ], [ -81.059988904664181, 40.193365865642249 ], [ -81.059661148543114, 40.194362881941515 ], [ -81.059336915965844, 40.195364299522851 ], [ -81.059016189845238, 40.196370174144249 ], [ -81.058699439627389, 40.197378991347421 ], [ -81.058386148202146, 40.198392365415373 ], [ -81.05807629668368, 40.199410357502074 ], [ -81.057769866186334, 40.200433028761324 ], [ -81.057466837824279, 40.201460441246411 ], [ -81.057167192711745, 40.202492662406485 ], [ -81.056870909265001, 40.203529762388655 ], [ -81.056577967699013, 40.204571812239408 ], [ -81.056288357221888, 40.205618851528811 ], [ -81.056002046357321, 40.206670989074951 ], [ -81.055719014420959, 40.207728304018076 ], [ -81.055439239829013, 40.20879087729719 ], [ -81.055162700098492, 40.209858789851296 ], [ -81.054889372746345, 40.21093213431061 ], [ -81.054619233490769, 40.21201100060722 ], [ -81.054352259848883, 40.213095484968733 ], [ -81.054088526464284, 40.21418526723636 ], [ -81.053827905633284, 40.215280864520309 ], [ -81.053570373973514, 40.216382382041331 ], [ -81.053315903606006, 40.217489932214676 ], [ -81.053064470249069, 40.218603623858201 ], [ -81.05281604422504, 40.219723583776442 ], [ -81.052570598554269, 40.22084993967303 ], [ -81.052328104458411, 40.221982823748363 ], [ -81.052088548447728, 40.223122289062417 ], [ -81.051851882858045, 40.224268564942349 ], [ -81.051618077112551, 40.225421800675633 ], [ -81.051387098835505, 40.226582155442145 ], [ -81.051158917450039, 40.227749783026127 ], [ -81.050933495184609, 40.228924873184383 ], [ -81.050710797865008, 40.230107605781427 ], [ -81.050490788618959, 40.231298179567375 ], [ -81.05031839577731, 40.232246966124649 ], [ -81.050147645997015, 40.233200906696538 ], [ -81.049978520392358, 40.234160111899712 ], [ -81.049810997379609, 40.235124699545281 ], [ -81.04964505807294, 40.23609478204861 ], [ -81.049480678190719, 40.237070497005902 ], [ -81.049317835249838, 40.238051975718179 ], [ -81.04915650676736, 40.239039361177618 ], [ -81.048996684649239, 40.240032701048392 ], [ -81.048838326627447, 40.241032248939177 ], [ -81.048681407520917, 40.242038167627413 ], [ -81.04852590035, 40.243050628883452 ], [ -81.048371779034312, 40.244069799981332 ], [ -81.048219012997038, 40.245095887765046 ], [ -81.048067571661079, 40.246129095481422 ], [ -81.047917422650869, 40.247169638068385 ], [ -81.047768760220094, 40.248216145858521 ], [ -81.047621319068583, 40.249270437280927 ], [ -81.047475064122864, 40.250332766843769 ], [ -81.047329956712076, 40.251403410638943 ], [ -81.047185962662013, 40.252482630369173 ], [ -81.047043035207878, 40.253570772273349 ], [ -81.046901129383571, 40.254668168201476 ], [ -81.046760200223048, 40.25577518417748 ], [ -81.046620247726196, 40.256891792322392 ], [ -81.046481167571812, 40.258018824509179 ], [ -81.04634290490111, 40.259156729499523 ], [ -81.046205397660913, 40.260306010014403 ], [ -81.046068590093341, 40.261467124708076 ], [ -81.045932404856558, 40.262640743575503 ], [ -81.045796767306911, 40.263827503336643 ], [ -81.045661594706814, 40.265028128845131 ], [ -81.045447122586609, 40.266970233689392 ], [ -81.0452331963549, 40.268953178546383 ], [ -81.045019359156072, 40.270981195625723 ], [ -81.044805025531446, 40.273059832845036 ], [ -81.044589820463784, 40.275192617345454 ], [ -81.044372578431705, 40.277391033469485 ], [ -81.044152269711446, 40.279665468386725 ], [ -81.043927362757529, 40.282031734876739 ], [ -81.043741969316386, 40.284013744438823 ], [ -81.043550775248036, 40.286085107941403 ], [ -81.043351802044015, 40.288267222954005 ], [ -81.043141211397767, 40.290602158862612 ], [ -81.042754309563691, 40.294943866266465 ], [ -81.041819743985968, 40.305516744102533 ], [ -81.041561785148247, 40.308404997792479 ], [ -81.041326744633523, 40.311008819301605 ], [ -81.041072698746007, 40.313785423958223 ], [ -81.040830291884447, 40.316391750978596 ], [ -81.040595408751074, 40.318872024524353 ], [ -81.040365829819166, 40.321249626968779 ], [ -81.040115488239167, 40.323786492152919 ], [ -81.039867835632094, 40.326236507109172 ], [ -81.039621536504683, 40.32861289367014 ], [ -81.039375645669452, 40.330924754773662 ], [ -81.039129087537333, 40.333182095377424 ], [ -81.038881469104467, 40.3353884399246 ], [ -81.038632213006167, 40.337548913651517 ], [ -81.038380858789537, 40.339667505950672 ], [ -81.0381269442031, 40.341748105490751 ], [ -81.037998929307093, 40.34277495230225 ], [ -81.037870153584663, 40.343793280735383 ], [ -81.037740573868348, 40.344803430733805 ], [ -81.037610156883204, 40.34580565950364 ], [ -81.037478866656329, 40.346800238640128 ], [ -81.037346671711475, 40.347787418154894 ], [ -81.037213514492066, 40.348767620729177 ], [ -81.037079388702807, 40.34974088053724 ], [ -81.036944265565353, 40.350707409819165 ], [ -81.036808118999431, 40.351667404627051 ], [ -81.036670918428115, 40.352621067308462 ], [ -81.036532642267616, 40.353568558841971 ], [ -81.03639326443755, 40.354510046501503 ], [ -81.036252762454978, 40.355445689467047 ], [ -81.036110989730332, 40.356376444617297 ], [ -81.035968046088442, 40.357301638359957 ], [ -81.035823910844783, 40.35822140739208 ], [ -81.035678563315003, 40.359135881215991 ], [ -81.035531981915369, 40.360045192931352 ], [ -81.035384150458128, 40.360949450456815 ], [ -81.035235049158132, 40.361848768905588 ], [ -81.035084660928305, 40.362743255297062 ], [ -81.03493295788968, 40.363633067911792 ], [ -81.034779933746904, 40.364518249018033 ], [ -81.03462557141296, 40.365398894843167 ], [ -81.034469854699978, 40.366275095319452 ], [ -81.03431276831958, 40.367146943076989 ], [ -81.034154296983161, 40.36801451545756 ], [ -81.033994426301717, 40.36887789429943 ], [ -81.033833141885964, 40.369737156944268 ], [ -81.033647756538699, 40.370722187079309 ], [ -81.033463668913157, 40.371712479147675 ], [ -81.033280860123568, 40.372708148262461 ], [ -81.033099306787562, 40.373709317630983 ], [ -81.032918988220672, 40.374716102366278 ], [ -81.032739878342682, 40.375728645460697 ], [ -81.032561951972468, 40.376747084510384 ], [ -81.032385185727719, 40.377771566104968 ], [ -81.032209567917164, 40.378802140606354 ], [ -81.032035055373456, 40.379839071516017 ], [ -81.031861619318249, 40.380882525208449 ], [ -81.03168923007388, 40.38193268334669 ], [ -81.03151785886206, 40.382989716802058 ], [ -81.031347470609262, 40.384053841411685 ], [ -81.031178032939806, 40.385125265818431 ], [ -81.03100950898164, 40.386204214852683 ], [ -81.030842116370536, 40.387289269384326 ], [ -81.030675559229621, 40.388382312593706 ], [ -81.03050979888809, 40.389483607982186 ], [ -81.030344789480409, 40.390593444232138 ], [ -81.03018049323515, 40.391712089341524 ], [ -81.030016857092221, 40.392839902139826 ], [ -81.029853829790397, 40.39397722796673 ], [ -81.029691358269531, 40.395124446336183 ], [ -81.029529444328375, 40.396281525771826 ], [ -81.029367967457688, 40.39744932962293 ], [ -81.029206862906335, 40.398628322838874 ], [ -81.029046058728568, 40.399819024328565 ], [ -81.028885492871154, 40.401021909833332 ], [ -81.028725070005919, 40.40223767273045 ], [ -81.028564705596636, 40.403466971323724 ], [ -81.028404299818533, 40.404710556547002 ], [ -81.028148485863881, 40.406722663720018 ], [ -81.027891816654005, 40.408776903231569 ], [ -81.027633743602337, 40.410877657477954 ], [ -81.027373560741182, 40.413030668630483 ], [ -81.027110818409483, 40.415239592433295 ], [ -81.026844094779108, 40.417516311628503 ], [ -81.026572128101179, 40.419871577611275 ], [ -81.026293028900113, 40.422321751747518 ], [ -81.026061848275617, 40.424374657564442 ], [ -81.025889280066167, 40.425921679442013 ], [ -80.943852112185198, 40.426623611990181 ], [ -80.944100934810251, 40.425659374180839 ], [ -80.944875848241793, 40.422681165803226 ], [ -80.945617297899958, 40.419857866547375 ], [ -80.945977967409249, 40.418494819880095 ], [ -80.946333036840144, 40.417159996636599 ], [ -80.946596632628427, 40.416166008354651 ], [ -80.946858844360122, 40.415169400347622 ], [ -80.947119679229786, 40.414170144736431 ], [ -80.94737914623056, 40.413168211843526 ], [ -80.947637250758476, 40.412163575588579 ], [ -80.947894001806674, 40.411156203595965 ], [ -80.948149406569826, 40.410146066188076 ], [ -80.948403473141752, 40.409133130989233 ], [ -80.948656207817692, 40.408117377315136 ], [ -80.948907619590955, 40.407098761099007 ], [ -80.949157718354002, 40.406077250864485 ], [ -80.949406512200767, 40.405052810638779 ], [ -80.949654008325808, 40.404025408046209 ], [ -80.949900216621643, 40.40299500531529 ], [ -80.950145145182262, 40.401961565573856 ], [ -80.950388803000806, 40.400925051050308 ], [ -80.950631176587478, 40.399885525596574 ], [ -80.950872297418528, 40.398842848019058 ], [ -80.951112176285847, 40.397796977848316 ], [ -80.951350822182633, 40.396747873715469 ], [ -80.95158824410214, 40.395695493352378 ], [ -80.951824452836206, 40.394639793591637 ], [ -80.952059457378027, 40.393580726769187 ], [ -80.952293270318137, 40.392518248818192 ], [ -80.952525896153134, 40.391452328262403 ], [ -80.95275735017151, 40.390382899451311 ], [ -80.952987643165159, 40.389309912022895 ], [ -80.953216785925918, 40.388233314715762 ], [ -80.953444790144886, 40.387153057167893 ], [ -80.953671666614071, 40.386069081822711 ], [ -80.953897427923948, 40.384981332922223 ], [ -80.954122085765619, 40.383889752010475 ], [ -80.954345322678478, 40.382795901209931 ], [ -80.954567484002155, 40.381698109580157 ], [ -80.954788583226502, 40.380596314168599 ], [ -80.955008632941997, 40.379490449324805 ], [ -80.955227645739228, 40.378380451196904 ], [ -80.955445636007255, 40.377266247839145 ], [ -80.955662617235987, 40.376147767305667 ], [ -80.955878604713803, 40.375024935852139 ], [ -80.956307643383013, 40.372765978267353 ], [ -80.956732886913187, 40.370488665519531 ], [ -80.95715446210869, 40.36819231682199 ], [ -80.957572507465215, 40.365876182140141 ], [ -80.957987017586731, 40.363540308238669 ], [ -80.958398296444216, 40.361183006190856 ], [ -80.958806505016128, 40.358803355990119 ], [ -80.9592118168718, 40.356400336006743 ], [ -80.959614392090486, 40.353973009147126 ], [ -80.960014457301327, 40.351520014736934 ], [ -80.960412222945706, 40.349040058651838 ], [ -80.960807924645962, 40.346531669600949 ], [ -80.961124858325491, 40.344492480243844 ], [ -80.961440761381994, 40.342432951819319 ], [ -80.961755785800847, 40.340352103167106 ], [ -80.962070098855918, 40.338248825423022 ], [ -80.962383849834737, 40.33612212123893 ], [ -80.962697263567804, 40.333970468062716 ], [ -80.963010550496449, 40.331792428777646 ], [ -80.963323948941024, 40.329586339637899 ], [ -80.963637266446653, 40.327353616176481 ], [ -80.963951244054613, 40.325089045023446 ], [ -80.964266194729078, 40.322790355390623 ], [ -80.964582491688589, 40.320454828627476 ], [ -80.964900440702763, 40.318080229019415 ], [ -80.96522062633079, 40.3156621930558 ], [ -80.965543584568707, 40.313196677384781 ], [ -80.965869986310793, 40.310678558568668 ], [ -80.966137802617482, 40.308593295144533 ], [ -80.9664088924564, 40.306465611598753 ], [ -80.966683822400455, 40.304291062582536 ], [ -80.966963327195742, 40.302063839374739 ], [ -80.96724787988569, 40.299780200795681 ], [ -80.967538968848316, 40.297428240720762 ], [ -80.967837926878758, 40.294997185271939 ], [ -80.968146756767396, 40.292470759418052 ], [ -80.968679918043733, 40.288077647665375 ], [ -80.969268632241551, 40.283189549957797 ], [ -80.969837326631307, 40.27844207833931 ], [ -80.971256301237247, 40.266566576586285 ], [ -80.972021969638149, 40.260192289842337 ], [ -80.9724229566541, 40.256876477767264 ], [ -80.972800975884297, 40.253769295816426 ], [ -80.973162817210209, 40.250814943754676 ], [ -80.973512035651879, 40.247984409453011 ], [ -80.973910773463388, 40.244780082734678 ], [ -80.974298928053031, 40.241691573407422 ], [ -80.97467888082565, 40.238699930957125 ], [ -80.975052253258866, 40.235792402997049 ], [ -80.97542085838586, 40.232954924130524 ], [ -80.975785306846376, 40.230182859251613 ], [ -80.976146518646885, 40.227469207138256 ], [ -80.976505213244934, 40.224808571858148 ], [ -80.976917959795969, 40.221789860713557 ], [ -80.977329018319494, 40.218829738601585 ], [ -80.977739120863703, 40.215922932797184 ], [ -80.978148864578372, 40.213065216486598 ], [ -80.978558904170029, 40.210252039100396 ], [ -80.978969597568835, 40.207480959878467 ], [ -80.979381377348659, 40.204749066816021 ], [ -80.979794614030197, 40.202053906562583 ], [ -80.980210161070033, 40.199389989656368 ], [ -80.980418709355888, 40.198070366754052 ], [ -80.980627822416011, 40.196758657885823 ], [ -80.980837538921264, 40.195454626529852 ], [ -80.981047889448519, 40.19415808382854 ], [ -80.981258904574759, 40.192868830132454 ], [ -80.981470616675608, 40.191586679281897 ], [ -80.98168307251575, 40.19031134619172 ], [ -80.981896281987758, 40.189042768808804 ], [ -80.982110273869978, 40.187780781657807 ], [ -80.982325074242738, 40.186525230954715 ], [ -80.982540709186367, 40.18527595751948 ], [ -80.982757202982498, 40.184032829151818 ], [ -80.982974578114238, 40.182795707356036 ], [ -80.983192858863333, 40.181564464428561 ], [ -80.983370467772829, 40.180545689032385 ], [ -80.983543248222304, 40.179514683755713 ], [ -80.983711282949287, 40.178470944978187 ], [ -80.98387466458405, 40.177413902529622 ], [ -80.984033473166221, 40.176343041997825 ], [ -80.984187826506968, 40.175257575576723 ], [ -80.984337831625567, 40.174156755030253 ], [ -80.984483605433979, 40.173039713412095 ], [ -80.984625062496605, 40.171907228635746 ], [ -80.984762560743548, 40.170756538883211 ], [ -80.984896243167043, 40.169586450754139 ], [ -80.98496125785573, 40.16899099254033 ], [ -80.988853608207421, 40.16505387843381 ] ] ] } },
{ "type": "Feature", "properties": { "TC_NUMBER": 14, "NAME": "CORY DRY GAS WEST_N", "AOI": "CORE DRY GAS WEST", "SPACING": 0, "BASE_LL": 15, "OIL_EUR": 0, "GAS_EUR": 1530, "CONFIDENCE": "HIGH", "Shape_Area": 0.033463113422 }, "geometry": { "type": "Polygon", "coordinates": [ [ [ -80.802245128110144, 40.383105169967678 ], [ -80.802922387757974, 40.380437995716989 ], [ -80.803785523782835, 40.377054568113863 ], [ -80.804652508006825, 40.373671710680981 ], [ -80.805523340429772, 40.370289422518908 ], [ -80.806398021951111, 40.366907704527023 ], [ -80.807276550772144, 40.363526555805947 ], [ -80.808158927792249, 40.360145977255115 ], [ -80.809045153011368, 40.356765967975093 ], [ -80.809935227328822, 40.353386528865258 ], [ -80.810829148946027, 40.350007659925609 ], [ -80.811726919661567, 40.346629360256827 ], [ -80.812628537676858, 40.343251629858855 ], [ -80.813534004790426, 40.339874469631127 ], [ -80.814443319203804, 40.336497879573528 ], [ -80.815356482715458, 40.333121858786797 ], [ -80.816273494426184, 40.329746408170251 ], [ -80.817194353436605, 40.326371526824573 ], [ -80.818119061545417, 40.322997215649025 ], [ -80.818924167915952, 40.320050323463704 ], [ -80.819756729689288, 40.316979335627877 ], [ -80.820624175265436, 40.313756881275083 ], [ -80.821540126675472, 40.310332359151118 ], [ -80.8224304851787, 40.306985614894245 ], [ -80.823412264264562, 40.303279302797648 ], [ -80.824412289695374, 40.299492190212447 ], [ -80.827131378210481, 40.289179559988781 ], [ -80.82795890557901, 40.286049390467042 ], [ -80.828703920149735, 40.28323943894901 ], [ -80.829561093669497, 40.280019006272198 ], [ -80.830365633467181, 40.277011353191426 ], [ -80.831133328040607, 40.274157471590115 ], [ -80.83187220743639, 40.271427527358526 ], [ -80.832324465701504, 40.269765495681156 ], [ -80.832768931341093, 40.268139167988238 ], [ -80.83320657562291, 40.266544991957858 ], [ -80.833638163870148, 40.264980181490216 ], [ -80.834064527955547, 40.263441724755864 ], [ -80.834486087862615, 40.261928104598383 ], [ -80.834903362500143, 40.260437463917867 ], [ -80.835316784442, 40.258968256779667 ], [ -80.835727366324875, 40.25751690028477 ], [ -80.836134827560215, 40.256084401673832 ], [ -80.836539491004658, 40.254669633197068 ], [ -80.836941631850777, 40.253271625385253 ], [ -80.837341547774145, 40.251889349414 ], [ -80.837739433028389, 40.25052213528835 ], [ -80.838135503450701, 40.249169237470369 ], [ -80.838529952395334, 40.247829996756991 ], [ -80.838997568383036, 40.246252962704091 ], [ -80.83946342349816, 40.244693467229808 ], [ -80.83992777494683, 40.243150641588898 ], [ -80.840390854754105, 40.241623719559072 ], [ -80.840852907535634, 40.240111894448432 ], [ -80.841314103263244, 40.238614608677324 ], [ -80.841774631693852, 40.237131250706682 ], [ -80.842234661900079, 40.23566127464818 ], [ -80.842694508644627, 40.234203678656911 ], [ -80.843154168330159, 40.232758479820063 ], [ -80.84361378484823, 40.231325228476578 ], [ -80.8440734886006, 40.229903515434955 ], [ -80.844533418082733, 40.228492915315826 ], [ -80.844993678515436, 40.227093104363348 ], [ -80.845454382313847, 40.225703740835002 ], [ -80.84591563469877, 40.224324508169559 ], [ -80.846378178510065, 40.22295320662522 ], [ -80.846841469658045, 40.221591479263395 ], [ -80.847305598074854, 40.220239056287483 ], [ -80.847770650994732, 40.218895686786595 ], [ -80.848236718349824, 40.21756110995733 ], [ -80.848703872985311, 40.216235119854957 ], [ -80.849172190444222, 40.214917499742853 ], [ -80.849641742672247, 40.213608045474984 ], [ -80.850112644782712, 40.212306442288536 ], [ -80.850584918359232, 40.211012628130334 ], [ -80.851058629052432, 40.209726424035296 ], [ -80.851533838915486, 40.208447663628817 ], [ -80.852010610900948, 40.207176174241113 ], [ -80.852488999867433, 40.205911814678529 ], [ -80.852969059774239, 40.204654436553085 ], [ -80.853450845480097, 40.203403900469709 ], [ -80.854022890743749, 40.201930944057892 ], [ -80.854602452541087, 40.200452578223974 ], [ -80.855189585730784, 40.198968660875039 ], [ -80.855784347869303, 40.197479046321007 ], [ -80.856386797412711, 40.195983591569529 ], [ -80.856997001810157, 40.194482127548213 ], [ -80.857615027611416, 40.192974489681035 ], [ -80.858240946762237, 40.191460502600194 ], [ -80.858874788041021, 40.18994009615858 ], [ -80.859516673755479, 40.188412973579943 ], [ -80.860166687542574, 40.186878937013375 ], [ -80.860824917535865, 40.185337780514203 ], [ -80.861491447372373, 40.183789303533558 ], [ -80.862166384071315, 40.182233262355226 ], [ -80.862849829256163, 40.180669418658795 ], [ -80.863541894442847, 40.179097519734796 ], [ -80.864241984280113, 40.177518900177176 ], [ -80.864950915352438, 40.175931700187846 ], [ -80.865668817162145, 40.174335628386586 ], [ -80.866395831802151, 40.172730373607919 ], [ -80.867132092372117, 40.171115639075538 ], [ -80.867877771541885, 40.169491045275549 ], [ -80.868633036585322, 40.167856227083291 ], [ -80.869206810345986, 40.166622152190598 ], [ -80.882165840481093, 40.163872652201178 ], [ -80.968563627609285, 40.164259518961671 ], [ -80.981050807748545, 40.169933310274075 ], [ -80.984961259654369, 40.16899099074169 ], [ -80.984896243167043, 40.169586450754139 ], [ -80.984762560743548, 40.170756538883211 ], [ -80.984625062496605, 40.171907228635746 ], [ -80.984483605433979, 40.173039713412095 ], [ -80.984337831625567, 40.174156755030253 ], [ -80.984187826506968, 40.175257575576723 ], [ -80.984033473166221, 40.176343041997825 ], [ -80.98387466458405, 40.177413902529622 ], [ -80.983711282949287, 40.178470944978187 ], [ -80.983543248222304, 40.179514683755713 ], [ -80.983370467772829, 40.180545689032385 ], [ -80.983192858863333, 40.181564464428561 ], [ -80.982974578114238, 40.182795707356036 ], [ -80.982757202982498, 40.184032829151818 ], [ -80.982540709186367, 40.18527595751948 ], [ -80.982325074242738, 40.186525230954715 ], [ -80.982110273869978, 40.187780781657807 ], [ -80.981896281987758, 40.189042768808804 ], [ -80.98168307251575, 40.19031134619172 ], [ -80.981470616675608, 40.191586679281897 ], [ -80.981258904574759, 40.192868830132454 ], [ -80.981047889448519, 40.19415808382854 ], [ -80.980837538921264, 40.195454626529852 ], [ -80.980627822416011, 40.196758657885823 ], [ -80.980418709355888, 40.198070366754052 ], [ -80.980210161070033, 40.199389989656368 ], [ -80.979794614030197, 40.202053906562583 ], [ -80.979381377348659, 40.204749066816021 ], [ -80.978969597568835, 40.207480959878467 ], [ -80.978558904170029, 40.210252039100396 ], [ -80.978148864578372, 40.213065216486598 ], [ -80.977739120863703, 40.215922932797184 ], [ -80.977329018319494, 40.218829738601585 ], [ -80.976917959795969, 40.221789860713557 ], [ -80.976505213244934, 40.224808571858148 ], [ -80.976146518646885, 40.227469207138256 ], [ -80.975785306846376, 40.230182859251613 ], [ -80.97542085838586, 40.232954924130524 ], [ -80.975052253258866, 40.235792402997049 ], [ -80.97467888082565, 40.238699930957125 ], [ -80.974298928053031, 40.241691573407422 ], [ -80.973910773463388, 40.244780082734678 ], [ -80.973512035651879, 40.247984409453011 ], [ -80.973162817210209, 40.250814943754676 ], [ -80.972800975884297, 40.253769295816426 ], [ -80.9724229566541, 40.256876477767264 ], [ -80.972021969638149, 40.260192289842337 ], [ -80.971256301237247, 40.266566576586285 ], [ -80.969837326631307, 40.27844207833931 ], [ -80.969268632241551, 40.283189549957797 ], [ -80.968679918043733, 40.288077647665375 ], [ -80.968146756767396, 40.292470759418052 ], [ -80.967837926878758, 40.294997185271939 ], [ -80.967538968848316, 40.297428240720762 ], [ -80.96724787988569, 40.299780200795681 ], [ -80.966963327195742, 40.302063839374739 ], [ -80.966683822400455, 40.304291062582536 ], [ -80.9664088924564, 40.306465611598753 ], [ -80.966137802617482, 40.308593295144533 ], [ -80.965869986310793, 40.310678558568668 ], [ -80.965543584568707, 40.313196677384781 ], [ -80.96522062633079, 40.3156621930558 ], [ -80.964900440702763, 40.318080229019415 ], [ -80.964582491688589, 40.320454828627476 ], [ -80.964266194729078, 40.322790355390623 ], [ -80.963951244054613, 40.325089045023446 ], [ -80.963637266446653, 40.327353616176481 ], [ -80.963323948941024, 40.329586339637899 ], [ -80.963010550496449, 40.331792428777646 ], [ -80.962697263567804, 40.333970468062716 ], [ -80.962383849834737, 40.33612212123893 ], [ -80.962070098855918, 40.338248825423022 ], [ -80.961755785800847, 40.340352103167106 ], [ -80.961440761381994, 40.342432951819319 ], [ -80.961124858325491, 40.344492480243844 ], [ -80.960807924645962, 40.346531669600949 ], [ -80.960412222945706, 40.349040058651838 ], [ -80.960014457301327, 40.351520014736934 ], [ -80.959614392090486, 40.353973009147126 ], [ -80.9592118168718, 40.356400336006743 ], [ -80.958806505016128, 40.358803355990119 ], [ -80.958398296444216, 40.361183006190856 ], [ -80.957987017586731, 40.363540308238669 ], [ -80.957572507465215, 40.365876182140141 ], [ -80.95715446210869, 40.36819231682199 ], [ -80.956732886913187, 40.370488665519531 ], [ -80.956307643383013, 40.372765978267353 ], [ -80.955878604713803, 40.375024935852139 ], [ -80.955662617235987, 40.376147767305667 ], [ -80.955445636007255, 40.377266247839145 ], [ -80.955227645739228, 40.378380451196904 ], [ -80.955008632941997, 40.379490449324805 ], [ -80.954788583226502, 40.380596314168599 ], [ -80.954567484002155, 40.381698109580157 ], [ -80.954345322678478, 40.382795901209931 ], [ -80.954122085765619, 40.383889752010475 ], [ -80.953897427923948, 40.384981332922223 ], [ -80.953671666614071, 40.386069081822711 ], [ -80.953444790144886, 40.387153057167893 ], [ -80.953216785925918, 40.388233314715762 ], [ -80.952987643165159, 40.389309912022895 ], [ -80.95275735017151, 40.390382899451311 ], [ -80.952525896153134, 40.391452328262403 ], [ -80.952293270318137, 40.392518248818192 ], [ -80.952059457378027, 40.393580726769187 ], [ -80.951824452836206, 40.394639793591637 ], [ -80.95158824410214, 40.395695493352378 ], [ -80.951350822182633, 40.396747873715469 ], [ -80.951112176285847, 40.397796977848316 ], [ -80.950872297418528, 40.398842848019058 ], [ -80.950631176587478, 40.399885525596574 ], [ -80.950388803000806, 40.400925051050308 ], [ -80.950145145182262, 40.401961565573856 ], [ -80.949900216621643, 40.40299500531529 ], [ -80.949654008325808, 40.404025408046209 ], [ -80.949406512200767, 40.405052810638779 ], [ -80.949157718354002, 40.406077250864485 ], [ -80.948907619590955, 40.407098761099007 ], [ -80.948656207817692, 40.408117377315136 ], [ -80.948403473141752, 40.409133130989233 ], [ -80.948149406569826, 40.410146066188076 ], [ -80.947894001806674, 40.411156203595965 ], [ -80.947637250758476, 40.412163575588579 ], [ -80.94737914623056, 40.413168211843526 ], [ -80.947119679229786, 40.414170144736431 ], [ -80.946858844360122, 40.415169400347622 ], [ -80.946596632628427, 40.416166008354651 ], [ -80.946333036840144, 40.417159996636599 ], [ -80.945977967409249, 40.418494819880095 ], [ -80.945617297899958, 40.419857866547375 ], [ -80.944875848241793, 40.422681165803226 ], [ -80.944100934810251, 40.425659374180839 ], [ -80.943850932274643, 40.426628215619701 ], [ -80.937280276763317, 40.426679843000386 ], [ -80.807397487104311, 40.383717618173591 ], [ -80.802245128110144, 40.383105169967678 ] ] ] } },
{ "type": "Feature", "properties": { "TC_NUMBER": 15, "NAME": "CORE DRY GAS EAST_N", "AOI": "CORE DRY GAS EAST", "SPACING": 0, "BASE_LL": 15, "OIL_EUR": 0, "GAS_EUR": 1530, "CONFIDENCE": "HIGH", "Shape_Area": 0.041035121674800001 }, "geometry": { "type": "Polygon", "coordinates": [ [ [ -80.701001996345042, 40.160152016602353 ], [ -80.791113045530608, 40.161433527135614 ], [ -80.817479558135062, 40.168989390847742 ], [ -80.850437698440999, 40.172452212399719 ], [ -80.869015554224404, 40.167033511987029 ], [ -80.868633036585322, 40.167856227083291 ], [ -80.867877771541885, 40.169491045275549 ], [ -80.867132092372117, 40.171115639075538 ], [ -80.866395831802151, 40.172730373607919 ], [ -80.865668817162145, 40.174335628386586 ], [ -80.864950915352438, 40.175931700187846 ], [ -80.864241984280113, 40.177518900177176 ], [ -80.863541894442847, 40.179097519734796 ], [ -80.862849829256163, 40.180669418658795 ], [ -80.862166384071315, 40.182233262355226 ], [ -80.861491447372373, 40.183789303533558 ], [ -80.860824917535865, 40.185337780514203 ], [ -80.860166687542574, 40.186878937013375 ], [ -80.859516673755479, 40.188412973579943 ], [ -80.858874788041021, 40.18994009615858 ], [ -80.858240946762237, 40.191460502600194 ], [ -80.857615027611416, 40.192974489681035 ], [ -80.856997001810157, 40.194482127548213 ], [ -80.856386797412711, 40.195983591569529 ], [ -80.855784347869303, 40.197479046321007 ], [ -80.855189585730784, 40.198968660875039 ], [ -80.854602452541087, 40.200452578223974 ], [ -80.854022890743749, 40.201930944057892 ], [ -80.853450845480097, 40.203403900469709 ], [ -80.852969059774239, 40.204654436553085 ], [ -80.852488999867433, 40.205911814678529 ], [ -80.852010610900948, 40.207176174241113 ], [ -80.851533838915486, 40.208447663628817 ], [ -80.851058629052432, 40.209726424035296 ], [ -80.850584918359232, 40.211012628130334 ], [ -80.850112644782712, 40.212306442288536 ], [ -80.849641742672247, 40.213608045474984 ], [ -80.849172190444222, 40.214917499742853 ], [ -80.848703872985311, 40.216235119854957 ], [ -80.848236718349824, 40.21756110995733 ], [ -80.847770650994732, 40.218895686786595 ], [ -80.847305598074854, 40.220239056287483 ], [ -80.846841469658045, 40.221591479263395 ], [ -80.846378178510065, 40.22295320662522 ], [ -80.84591563469877, 40.224324508169559 ], [ -80.845454382313847, 40.225703740835002 ], [ -80.844993678515436, 40.227093104363348 ], [ -80.844533418082733, 40.228492915315826 ], [ -80.8440734886006, 40.229903515434955 ], [ -80.84361378484823, 40.231325228476578 ], [ -80.843154168330159, 40.232758479820063 ], [ -80.842694508644627, 40.234203678656911 ], [ -80.842234661900079, 40.23566127464818 ], [ -80.841774631693852, 40.237131250706682 ], [ -80.841314103263244, 40.238614608677324 ], [ -80.840852907535634, 40.240111894448432 ], [ -80.840390854754105, 40.241623719559072 ], [ -80.83992777494683, 40.243150641588898 ], [ -80.83946342349816, 40.244693467229808 ], [ -80.838997568383036, 40.246252962704091 ], [ -80.838529952395334, 40.247829996756991 ], [ -80.838135503450701, 40.249169237470369 ], [ -80.837739433028389, 40.25052213528835 ], [ -80.837341547774145, 40.251889349414 ], [ -80.836941631850777, 40.253271625385253 ], [ -80.836539491004658, 40.254669633197068 ], [ -80.836134827560215, 40.256084401673832 ], [ -80.835727366324875, 40.25751690028477 ], [ -80.835316784442, 40.258968256779667 ], [ -80.834903362500143, 40.260437463917867 ], [ -80.834486087862615, 40.261928104598383 ], [ -80.834064527955547, 40.263441724755864 ], [ -80.833638163870148, 40.264980181490216 ], [ -80.83320657562291, 40.266544991957858 ], [ -80.832768931341093, 40.268139167988238 ], [ -80.832324465701504, 40.269765495681156 ], [ -80.83187220743639, 40.271427527358526 ], [ -80.831133328040607, 40.274157471590115 ], [ -80.830365633467181, 40.277011353191426 ], [ -80.829561093669497, 40.280019006272198 ], [ -80.828703920149735, 40.28323943894901 ], [ -80.82795890557901, 40.286049390467042 ], [ -80.827131378210481, 40.289179559988781 ], [ -80.824412289695374, 40.299492190212447 ], [ -80.823412264264562, 40.303279302797648 ], [ -80.8224304851787, 40.306985614894245 ], [ -80.821540126675472, 40.310332359151118 ], [ -80.820624175265436, 40.313756881275083 ], [ -80.819756729689288, 40.316979335627877 ], [ -80.818924167915952, 40.320050323463704 ], [ -80.818119061545417, 40.322997215649025 ], [ -80.817194353436605, 40.326371526824573 ], [ -80.816273494426184, 40.329746408170251 ], [ -80.815356482715458, 40.333121858786797 ], [ -80.814443319203804, 40.336497879573528 ], [ -80.813534004790426, 40.339874469631127 ], [ -80.812628537676858, 40.343251629858855 ], [ -80.811726919661567, 40.346629360256827 ], [ -80.810829148946027, 40.350007659925609 ], [ -80.809935227328822, 40.353386528865258 ], [ -80.809045153011368, 40.356765967975093 ], [ -80.808158927792249, 40.360145977255115 ], [ -80.807276550772144, 40.363526555805947 ], [ -80.806398021951111, 40.366907704527023 ], [ -80.805523340429772, 40.370289422518908 ], [ -80.804652508006825, 40.373671710680981 ], [ -80.803785523782835, 40.377054568113863 ], [ -80.802922387757974, 40.380437995716989 ], [ -80.802245128110144, 40.383105169967678 ], [ -80.609519126706289, 40.36002097778595 ], [ -80.610241630346934, 40.35856453652417 ], [ -80.611796013175422, 40.355168964476206 ], [ -80.611899303909695, 40.354678414877014 ], [ -80.612495986100839, 40.351845929945739 ], [ -80.612793992648619, 40.347615001930819 ], [ -80.610796027314791, 40.340868984016424 ], [ -80.6093176920578, 40.338389326506274 ], [ -80.607695954504663, 40.335668991530781 ], [ -80.606091932696472, 40.333062977474469 ], [ -80.605513969893764, 40.332123997124825 ], [ -80.604868984216239, 40.331076043224868 ], [ -80.604383449236764, 40.330286817982312 ], [ -80.603364075791433, 40.32862997988974 ], [ -80.60311771371147, 40.328229350803952 ], [ -80.602895922009168, 40.32786900145328 ], [ -80.600495989398382, 40.32116894698936 ], [ -80.600426961934716, 40.320766979712403 ], [ -80.599895965326482, 40.31766907966437 ], [ -80.60044501312683, 40.315863991030426 ], [ -80.602105025826233, 40.310532962826017 ], [ -80.60225795733885, 40.309863575843394 ], [ -80.602895922908488, 40.307070033355387 ], [ -80.603045009819311, 40.30695069691717 ], [ -80.603395999026077, 40.30667007246592 ], [ -80.606596020689778, 40.303870011691743 ], [ -80.607679240604455, 40.302283038331609 ], [ -80.610895976168308, 40.29756991721797 ], [ -80.611495332043887, 40.296731052096447 ], [ -80.614896921455738, 40.291969963842803 ], [ -80.615796958462852, 40.288069969253741 ], [ -80.616796945222802, 40.285270075753431 ], [ -80.616696996369228, 40.280269980075559 ], [ -80.616619945154298, 40.279046028851212 ], [ -80.616578160853408, 40.278374301832628 ], [ -80.616541056624442, 40.277780461499162 ], [ -80.616196919352319, 40.272269926815738 ], [ -80.616394977945845, 40.271816983267229 ], [ -80.618829006553369, 40.266241932119499 ], [ -80.619050130059406, 40.265735337715739 ], [ -80.619296993061766, 40.265170076937579 ], [ -80.620666018421957, 40.263739377870024 ], [ -80.621498030709517, 40.262869926805706 ], [ -80.622498017469468, 40.261769992091502 ], [ -80.622508714005903, 40.261764476549388 ], [ -80.627998021991061, 40.258969931317324 ], [ -80.637898933588872, 40.254669975838794 ], [ -80.641426712272903, 40.252879762890814 ], [ -80.644598988952168, 40.251270058266641 ], [ -80.645198178453143, 40.250824468474491 ], [ -80.645847007833083, 40.250341941727299 ], [ -80.64623192666204, 40.250070008324258 ], [ -80.646464247626909, 40.249906213001395 ], [ -80.646799024755126, 40.24967004743479 ], [ -80.647046723227675, 40.249360341606518 ], [ -80.64719898564465, 40.249169970417881 ], [ -80.650393825414653, 40.246432253345858 ], [ -80.6520989660944, 40.244970966536926 ], [ -80.652883010342634, 40.243653920192344 ], [ -80.653169651258338, 40.243172228915284 ], [ -80.657099061772271, 40.236570952387581 ], [ -80.65909903349359, 40.233970956594419 ], [ -80.660098016610164, 40.232265982289277 ], [ -80.661525373796906, 40.229832957325186 ], [ -80.661537240351322, 40.229811229704524 ], [ -80.661543925911417, 40.229799028602315 ], [ -80.661539914935076, 40.229775127320295 ], [ -80.661535569410944, 40.229750224193538 ], [ -80.661400019994915, 40.228971027291152 ], [ -80.661519523707, 40.22846911205994 ], [ -80.661899929737956, 40.226870940341655 ], [ -80.662799966745013, 40.224971084747835 ], [ -80.662799966745013, 40.224970917473911 ], [ -80.663098140566717, 40.223818333749136 ], [ -80.664300028723289, 40.219171066391652 ], [ -80.664170330296486, 40.218825424553756 ], [ -80.663700004651446, 40.217571055559802 ], [ -80.663900068733142, 40.216470954471049 ], [ -80.664399977576863, 40.212671075110109 ], [ -80.664712692536682, 40.212358360150233 ], [ -80.665399963437551, 40.211670922874816 ], [ -80.666300001343927, 40.206271031782762 ], [ -80.668100075358154, 40.199670926172359 ], [ -80.669507877686385, 40.19738715359432 ], [ -80.672599927644512, 40.192371013111824 ], [ -80.676493738495196, 40.18903393836564 ], [ -80.679600998687079, 40.186370931573265 ], [ -80.679601499609475, 40.186370764299397 ], [ -80.681596792158189, 40.185322474952329 ], [ -80.683705068334177, 40.18421502010716 ], [ -80.684057060285056, 40.183879072960906 ], [ -80.684264979944828, 40.183639062792565 ], [ -80.684319467169644, 40.18356385159052 ], [ -80.684600927091083, 40.18317492178528 ], [ -80.684952919041962, 40.182886942678294 ], [ -80.6855129988258, 40.182263016425111 ], [ -80.685610774917279, 40.182160226613234 ], [ -80.686136924179664, 40.181607000562678 ], [ -80.686537052343056, 40.18104692167816 ], [ -80.686560284529492, 40.181012992955289 ], [ -80.687129054462275, 40.180182986155955 ], [ -80.687480043669041, 40.179567919124224 ], [ -80.687705011776814, 40.179174978342644 ], [ -80.688280968192089, 40.178294997116495 ], [ -80.688808956568039, 40.177351002147077 ], [ -80.689034927419925, 40.176899228616548 ], [ -80.689257052770756, 40.176454977015624 ], [ -80.689334103985686, 40.176307728319046 ], [ -80.689512941369117, 40.175965931082885 ], [ -80.689728382059172, 40.17555493910919 ], [ -80.689785041146706, 40.175446968302992 ], [ -80.690013853856215, 40.175092970863943 ], [ -80.690456936338478, 40.174407037255037 ], [ -80.690470307458668, 40.174389320610715 ], [ -80.690502063419444, 40.174347034488108 ], [ -80.691034063671054, 40.173655082615994 ], [ -80.691722002768188, 40.172743011780597 ], [ -80.692537969351747, 40.171718958263341 ], [ -80.693529932360434, 40.170631058276797 ], [ -80.694073967339705, 40.169990919945064 ], [ -80.694425959290527, 40.169302980847931 ], [ -80.694593932863654, 40.169094058444102 ], [ -80.694953947666534, 40.168646964985498 ], [ -80.695211005383555, 40.168340935585775 ], [ -80.695545949785696, 40.167942980184421 ], [ -80.695805347538737, 40.167546863896689 ], [ -80.69591799841686, 40.167375045721826 ], [ -80.696029144729209, 40.16720573485685 ], [ -80.696185920843561, 40.166967062879678 ], [ -80.696338015986612, 40.166738919265754 ], [ -80.696377962073257, 40.166679920142258 ], [ -80.696777922962724, 40.16608708075421 ], [ -80.697369925081944, 40.165158965114188 ], [ -80.697793953628036, 40.164487070821735 ], [ -80.697797463681979, 40.164481555279622 ], [ -80.697946048771087, 40.164247060653395 ], [ -80.698586019828895, 40.163382957857266 ], [ -80.698721401971113, 40.163232200006064 ], [ -80.699290004629972, 40.162599081782275 ], [ -80.699834038709866, 40.161910974511898 ], [ -80.69998312562069, 40.161691690119483 ], [ -80.700409995125142, 40.161063920163826 ], [ -80.701001996345042, 40.160152016602353 ] ] ] } },
{ "type": "Feature", "properties": { "TC_NUMBER": 16, "NAME": "CORE RICH CONDENSATE", "AOI": "CORE RICH CONDENSATE", "SPACING": 4, "BASE_LL": 15, "OIL_EUR": 39, "GAS_EUR": 271, "CONFIDENCE": "HIGH", "Shape_Area": 0.016796425658500001 }, "geometry": { "type": "Polygon", "coordinates": [ [ [ -81.370549320894384, 40.055554168989772 ], [ -81.441881183969429, 40.104684253775361 ], [ -81.439554620749107, 40.106600483325678 ], [ -81.433545333750089, 40.111545462253332 ], [ -81.430222832517643, 40.114285220786371 ], [ -81.428460768349737, 40.115742225023723 ], [ -81.426814375882714, 40.11710698939612 ], [ -81.425252813766292, 40.118405083427888 ], [ -81.423760288106791, 40.119649638120336 ], [ -81.422014222878033, 40.121111074216742 ], [ -81.420338203145548, 40.122520152682966 ], [ -81.418721106993473, 40.123886226468244 ], [ -81.417155586960746, 40.125215502693322 ], [ -81.415633557242813, 40.126514862970623 ], [ -81.414152485348893, 40.12778648186071 ], [ -81.412708445738133, 40.129033730022684 ], [ -81.411298443668215, 40.130259196604698 ], [ -81.410449226450623, 40.131001130098127 ], [ -81.409611316409098, 40.131736174784692 ], [ -81.408784234205029, 40.132464747949825 ], [ -81.407967560754287, 40.133187221013486 ], [ -81.407160856288442, 40.133903982482877 ], [ -81.406363816836631, 40.134615303053863 ], [ -81.40557611144834, 40.13532147770411 ], [ -81.40479744424664, 40.136022773532204 ], [ -81.404027272940255, 40.136719677970802 ], [ -81.403265611918414, 40.137412181127331 ], [ -81.402512219263485, 40.138100502436316 ], [ -81.401766877339469, 40.138784840647929 ], [ -81.401029358617961, 40.139465406203612 ], [ -81.400299492227759, 40.140142354685963 ], [ -81.399577097405086, 40.140815855167659 ], [ -81.398862007775392, 40.141486063231298 ], [ -81.398153061414632, 40.142154074251152 ], [ -81.397451135161702, 40.142819070743599 ], [ -81.396756086024538, 40.143481187606767 ], [ -81.396067784500644, 40.144140548047915 ], [ -81.3953860947924, 40.144797281569367 ], [ -81.394710912578489, 40.145451490693802 ], [ -81.394042123645079, 40.146103284239246 ], [ -81.393379625469322, 40.146752763829056 ], [ -81.392723256173269, 40.147400086844584 ], [ -81.392072984280787, 40.148045286560773 ], [ -81.391428719859505, 40.148688451111184 ], [ -81.390790378373254, 40.149329664132722 ], [ -81.390157873487055, 40.149969014658325 ], [ -81.389531134154481, 40.150606573734422 ], [ -81.388910086631142, 40.15124241600472 ], [ -81.38829465987061, 40.151876613415027 ], [ -81.385950825170426, 40.154293377737247 ], [ -81.383328179052171, 40.156990670283278 ], [ -81.380837053387268, 40.15954816321721 ], [ -81.375034897342573, 40.165500034798811 ], [ -81.372240926777295, 40.168369801125493 ], [ -81.369758288913886, 40.170925142881117 ], [ -81.367500249536874, 40.173255556998413 ], [ -81.366009338160382, 40.174798338572543 ], [ -81.364578730823723, 40.176282289196365 ], [ -81.363198216624369, 40.177718001084941 ], [ -81.361861153169627, 40.179112383729603 ], [ -81.36056019929373, 40.180473101152756 ], [ -81.359293167845408, 40.18180245022296 ], [ -81.358056561361195, 40.183104100174148 ], [ -81.356847725941748, 40.184380846099202 ], [ -81.355495975658698, 40.185813962544387 ], [ -81.354174719587604, 40.187220675793583 ], [ -81.35288151606909, 40.188603584887574 ], [ -81.351614426164815, 40.189964764562262 ], [ -81.350371367044943, 40.191306453230311 ], [ -81.349151248731118, 40.192629831701424 ], [ -81.347952761810461, 40.193936319105887 ], [ -81.346774810908755, 40.195227110642691 ], [ -81.345614930984254, 40.19650492046577 ], [ -81.344473765052157, 40.197769052499837 ], [ -81.343350512715972, 40.199020394375736 ], [ -81.342244483296213, 40.200259714114566 ], [ -81.341154951040096, 40.201487828300685 ], [ -81.340081435709635, 40.202705277426674 ], [ -81.339023410302104, 40.203912659541629 ], [ -81.337980407169994, 40.20511050794363 ], [ -81.336870492679054, 40.206393870180989 ], [ -81.335777093338152, 40.207667270628065 ], [ -81.334699748694391, 40.2089312461801 ], [ -81.333638047757688, 40.210186277075081 ], [ -81.332591565148562, 40.211432868731947 ], [ -81.331559994198358, 40.212671385376211 ], [ -81.330543007553729, 40.213902221810145 ], [ -81.329540308438425, 40.215125735964023 ], [ -81.32855138154099, 40.21634256096047 ], [ -81.327576214270834, 40.217552716584635 ], [ -81.326614562911686, 40.218756504109422 ], [ -81.3256662071297, 40.219954198727351 ], [ -81.324730918497039, 40.221146090919433 ], [ -81.323808523444541, 40.222332401019571 ], [ -81.322898836711886, 40.223513368247382 ], [ -81.322001691025207, 40.224689210238921 ], [ -81.321115992808757, 40.225861375801912 ], [ -81.320242550553246, 40.227028816326879 ], [ -81.319381219467687, 40.228191721570738 ], [ -81.318531869150377, 40.229350271397948 ], [ -81.31769436380381, 40.230504650169507 ], [ -81.317280018258202, 40.231080322399009 ], [ -81.316868593710581, 40.23165500807221 ], [ -81.31646007397319, 40.232228728772895 ], [ -81.316054446455496, 40.232801501588085 ], [ -81.315651699466343, 40.233373346302926 ], [ -81.315251818616503, 40.233944279105231 ], [ -81.314854763436529, 40.234514361148911 ], [ -81.314460551013553, 40.23508356635358 ], [ -81.31406916965642, 40.235651911806315 ], [ -81.313680608573179, 40.236219414594359 ], [ -81.31329485607273, 40.236786090905412 ], [ -81.312911901363123, 40.237351956028022 ], [ -81.312531735451216, 40.237917025250567 ], [ -81.312154346645741, 40.238481313861598 ], [ -81.311779722356277, 40.239044840746828 ], [ -81.311407857186794, 40.239607615798889 ], [ -81.311038739446246, 40.240169654306158 ], [ -81.310672361939908, 40.240730969758488 ], [ -81.310308714775317, 40.241291575645732 ], [ -81.309947789858597, 40.241851486357064 ], [ -81.309589577297118, 40.242410713583638 ], [ -81.309234070795696, 40.242969270815252 ], [ -81.308756966061082, 40.243723784025462 ], [ -81.308282287697409, 40.244481393601461 ], [ -81.307810024013349, 40.245242119328395 ], [ -81.30734016421718, 40.246005980091979 ], [ -81.306872694818992, 40.246772993878608 ], [ -81.306407604127571, 40.247543183171445 ], [ -81.305944879552499, 40.248316568654786 ], [ -81.305484507603921, 40.249093171013101 ], [ -81.305026480187848, 40.249873005534823 ], [ -81.304570779317999, 40.250656100998299 ], [ -81.304117393303045, 40.251442479886578 ], [ -81.303666306854552, 40.252232166481349 ], [ -81.303217507382044, 40.253025183265663 ], [ -81.302770981395611, 40.253821556319849 ], [ -81.302326713606931, 40.25462130992554 ], [ -81.301884690525981, 40.255424470163234 ], [ -81.301444933736661, 40.256230995663998 ], [ -81.301007391977521, 40.25704098085663 ], [ -81.300572049060804, 40.257854453620212 ], [ -81.300138890597282, 40.258671442732975 ], [ -81.299707900399255, 40.259491976973209 ], [ -81.299279064077496, 40.260316087817273 ], [ -81.298852363645608, 40.261143804942719 ], [ -81.298427782915837, 40.261975161624434 ], [ -81.298005311096176, 40.262810178546943 ], [ -81.297584927502385, 40.263648901575607 ], [ -81.262218606003842, 40.258560465493133 ], [ -81.236119274784642, 40.257415780513895 ], [ -81.228187503450499, 40.253011795058342 ], [ -81.228792377566151, 40.251857049363366 ], [ -81.229402042370339, 40.250699747795181 ], [ -81.23001652754067, 40.249539836394376 ], [ -81.230635856459571, 40.248377270194908 ], [ -81.231260053408676, 40.247212006029315 ], [ -81.231889141770466, 40.246043998931441 ], [ -81.232523146725782, 40.244873200337963 ], [ -81.233162095254443, 40.243699561685503 ], [ -81.233806015235359, 40.242523034410567 ], [ -81.234454847313316, 40.241343721035946 ], [ -81.235108706601466, 40.24016141561691 ], [ -81.235767620978891, 40.238976064194048 ], [ -81.236431621921781, 40.23778761100948 ], [ -81.237100740906442, 40.236596001204532 ], [ -81.237775011207759, 40.235401173625291 ], [ -81.238454467899317, 40.234203068916543 ], [ -81.239139145155377, 40.233001623226357 ], [ -81.239829065458991, 40.231796798783307 ], [ -81.24052428097076, 40.230588503856438 ], [ -81.241224832160242, 40.229376669197961 ], [ -81.241930759496938, 40.228161224660823 ], [ -81.242642102550974, 40.226942100097915 ], [ -81.243358907187769, 40.225719217268136 ], [ -81.24408122107144, 40.224492498829818 ], [ -81.244809089168086, 40.223261862944696 ], [ -81.245524538526581, 40.222057500753124 ], [ -81.246245368528889, 40.220849251691675 ], [ -81.246971629537029, 40.219637033922027 ], [ -81.247703371913019, 40.218420760209995 ], [ -81.248440646918255, 40.217200346918503 ], [ -81.249183513008688, 40.215975697820227 ], [ -81.24993202684152, 40.214746717586991 ], [ -81.250686250470039, 40.21351330639402 ], [ -81.251446213571853, 40.212275414778617 ], [ -81.252212013273777, 40.21103288266147 ], [ -81.252983718823543, 40.209785600325233 ], [ -81.253761401267639, 40.208533450858113 ], [ -81.254545130753172, 40.207276321844802 ], [ -81.255334990917049, 40.206014080185696 ], [ -81.25613106179901, 40.204746595479037 ], [ -81.256933430633296, 40.203473731927261 ], [ -81.257741736791672, 40.202196055203842 ], [ -81.258556518068815, 40.200912712751517 ], [ -81.259377871591482, 40.19962355168559 ], [ -81.26020590168099, 40.198328407430097 ], [ -81.261040709061433, 40.197027121704366 ], [ -81.261882417839274, 40.195719503852047 ], [ -81.262731147624322, 40.194405365914974 ], [ -81.263587027019639, 40.193084509142807 ], [ -81.264450093796768, 40.191756874180442 ], [ -81.265320585376685, 40.190422095003726 ], [ -81.266198651946183, 40.189079942285559 ], [ -81.267084455383269, 40.187730167813072 ], [ -81.267978148572638, 40.186372539561091 ], [ -81.268879928465878, 40.185006757156145 ], [ -81.269789983920589, 40.183632534613821 ], [ -81.270708521780819, 40.18224955897 ], [ -81.271618211211432, 40.180883812537957 ], [ -81.272536497261513, 40.179508992845797 ], [ -81.273463614654077, 40.178124749157917 ], [ -81.274399817897233, 40.176730699262407 ], [ -81.275345347110033, 40.175326487927123 ], [ -81.27630052694775, 40.173911631316798 ], [ -81.277265669475014, 40.172485668079162 ], [ -81.278241120031623, 40.171048087399356 ], [ -81.279226820161568, 40.169598973813663 ], [ -81.280223592744562, 40.168137114136584 ], [ -81.281231868555835, 40.166661877044021 ], [ -81.282252135927308, 40.165172548474402 ], [ -81.283284834627352, 40.163668484512982 ], [ -81.284330631953083, 40.162148715690705 ], [ -81.285390157429788, 40.160612325598379 ], [ -81.286464138609063, 40.159058258431912 ], [ -81.288631573987914, 40.155931475757029 ], [ -81.290865995369359, 40.152720452686822 ], [ -81.293176362698944, 40.14941230733217 ], [ -81.295575940976846, 40.145988045112233 ], [ -81.298066644859716, 40.142444834961225 ], [ -81.300688427628813, 40.138725746196258 ], [ -81.303475706338759, 40.134781938435765 ], [ -81.306505796605165, 40.130504004656132 ], [ -81.306993023209429, 40.129817019739733 ], [ -81.307483178905557, 40.129129148091749 ], [ -81.307976278982039, 40.128440369027885 ], [ -81.308472335130148, 40.127750664561574 ], [ -81.30897136353758, 40.127060013109144 ], [ -81.309473379492829, 40.12636839488556 ], [ -81.309978396485747, 40.125675787407715 ], [ -81.310486431603522, 40.124982170890519 ], [ -81.310997496537198, 40.124287528246896 ], [ -81.311511611071978, 40.123591831597821 ], [ -81.312028794093521, 40.122895057560925 ], [ -81.312549060890433, 40.122197181854517 ], [ -81.31307243124769, 40.121498182894868 ], [ -81.313598922252424, 40.120798033702329 ], [ -81.314661344445426, 40.119394185693181 ], [ -81.315736378730833, 40.117985569478492 ], [ -81.316824296703885, 40.116571826228835 ], [ -81.317925273732385, 40.11515273021439 ], [ -81.319039498673874, 40.113728036819509 ], [ -81.320167152292186, 40.112297514918453 ], [ -81.32130846391442, 40.110860873130832 ], [ -81.322463653874479, 40.109417832666907 ], [ -81.323632965888635, 40.107968092253714 ], [ -81.324814858518891, 40.106513535970976 ], [ -81.326011355239814, 40.105051650213511 ], [ -81.327222742935191, 40.103582085145149 ], [ -81.328449335468406, 40.102104458553981 ], [ -81.329691429615764, 40.100618414308428 ], [ -81.330949419280216, 40.099123477566479 ], [ -81.332223687573105, 40.097619196868493 ], [ -81.33351465627635, 40.096105072191392 ], [ -81.334822289417104, 40.094581141306662 ], [ -81.336147551068564, 40.093046273766561 ], [ -81.337490965535608, 40.091499864327318 ], [ -81.338853120075385, 40.089941234900095 ], [ -81.34023455338189, 40.088369769449343 ], [ -81.341636056858476, 40.086784567753625 ], [ -81.343058382338427, 40.085184777255733 ], [ -81.344502391372203, 40.083569428486385 ], [ -81.345670995619912, 40.082268405362697 ], [ -81.34685453670744, 40.080956217155745 ], [ -81.34805358210707, 40.079632233440861 ], [ -81.349268776632698, 40.078295743753642 ], [ -81.350500699447707, 40.076946108676054 ], [ -81.351750239981527, 40.075582353343009 ], [ -81.353018241798395, 40.074203558647355 ], [ -81.354305683360565, 40.07280865979186 ], [ -81.355611706714853, 40.071398574084981 ], [ -81.35693940462977, 40.069969954250041 ], [ -81.358290123390418, 40.068521349680623 ], [ -81.359665480877197, 40.067051025584419 ], [ -81.361066806288022, 40.065557558334717 ], [ -81.362496717549448, 40.064038156435799 ], [ -81.36395764193162, 40.062490239732824 ], [ -81.365452671303672, 40.060910532894809 ], [ -81.366683834191576, 40.059612723948078 ], [ -81.367941762702173, 40.058289392241704 ], [ -81.370549320894384, 40.055554168989772 ] ] ] } },
{ "type": "Feature", "properties": { "TC_NUMBER": 17, "NAME": "CORE CONDENSATE", "AOI": "CORE CONDENSATE", "SPACING": 0, "BASE_LL": 15, "OIL_EUR": 34, "GAS_EUR": 370, "CONFIDENCE": "HIGH", "Shape_Area": 0.0265450125451 }, "geometry": { "type": "Polygon", "coordinates": [ [ [ -81.301388087590112, 40.020680570751779 ], [ -81.300855216794787, 40.036866530266195 ], [ -81.357255692596084, 40.055209329347122 ], [ -81.370549322693023, 40.055554169889092 ], [ -81.367941762702173, 40.058289392241704 ], [ -81.366683834191576, 40.059612723948078 ], [ -81.365452671303672, 40.060910532894809 ], [ -81.36395764193162, 40.062490239732824 ], [ -81.362496717549448, 40.064038156435799 ], [ -81.361066806288022, 40.065557558334717 ], [ -81.359665480877197, 40.067051025584419 ], [ -81.358290123390418, 40.068521349680623 ], [ -81.35693940462977, 40.069969954250041 ], [ -81.355611706714853, 40.071398574084981 ], [ -81.354305683360565, 40.07280865979186 ], [ -81.353018241798395, 40.074203558647355 ], [ -81.351750239981527, 40.075582353343009 ], [ -81.350500699447707, 40.076946108676054 ], [ -81.349268776632698, 40.078295743753642 ], [ -81.34805358210707, 40.079632233440861 ], [ -81.34685453670744, 40.080956217155745 ], [ -81.345670995619912, 40.082268405362697 ], [ -81.344502391372203, 40.083569428486385 ], [ -81.343058382338427, 40.085184777255733 ], [ -81.341636056858476, 40.086784567753625 ], [ -81.34023455338189, 40.088369769449343 ], [ -81.338853120075385, 40.089941234900095 ], [ -81.337490965535608, 40.091499864327318 ], [ -81.336147551068564, 40.093046273766561 ], [ -81.334822289417104, 40.094581141306662 ], [ -81.33351465627635, 40.096105072191392 ], [ -81.332223687573105, 40.097619196868493 ], [ -81.330949419280216, 40.099123477566479 ], [ -81.329691429615764, 40.100618414308428 ], [ -81.328449335468406, 40.102104458553981 ], [ -81.327222742935191, 40.103582085145149 ], [ -81.326011355239814, 40.105051650213511 ], [ -81.324814858518891, 40.106513535970976 ], [ -81.323632965888635, 40.107968092253714 ], [ -81.322463653874479, 40.109417832666907 ], [ -81.32130846391442, 40.110860873130832 ], [ -81.320167152292186, 40.112297514918453 ], [ -81.319039498673874, 40.113728036819509 ], [ -81.317925273732385, 40.11515273021439 ], [ -81.316824296703885, 40.116571826228835 ], [ -81.315736378730833, 40.117985569478492 ], [ -81.314661344445426, 40.119394185693181 ], [ -81.313598922252424, 40.120798033702329 ], [ -81.31307243124769, 40.121498182894868 ], [ -81.312549060890433, 40.122197181854517 ], [ -81.312028794093521, 40.122895057560925 ], [ -81.311511611071978, 40.123591831597821 ], [ -81.310997496537198, 40.124287528246896 ], [ -81.310486431603522, 40.124982170890519 ], [ -81.309978396485747, 40.125675787407715 ], [ -81.309473379492829, 40.12636839488556 ], [ -81.30897136353758, 40.127060013109144 ], [ -81.308472335130148, 40.127750664561574 ], [ -81.307976278982039, 40.128440369027885 ], [ -81.307483178905557, 40.129129148091749 ], [ -81.306993023209429, 40.129817019739733 ], [ -81.306505796605165, 40.130504004656132 ], [ -81.303475706338759, 40.134781938435765 ], [ -81.300688427628813, 40.138725746196258 ], [ -81.298066644859716, 40.142444834961225 ], [ -81.295575940976846, 40.145988045112233 ], [ -81.293176362698944, 40.14941230733217 ], [ -81.290865995369359, 40.152720452686822 ], [ -81.288631573987914, 40.155931475757029 ], [ -81.286464138609063, 40.159058258431912 ], [ -81.285390157429788, 40.160612325598379 ], [ -81.284330631953083, 40.162148715690705 ], [ -81.283284834627352, 40.163668484512982 ], [ -81.282252135927308, 40.165172548474402 ], [ -81.281231868555835, 40.166661877044021 ], [ -81.280223592744562, 40.168137114136584 ], [ -81.279226820161568, 40.169598973813663 ], [ -81.278241120031623, 40.171048087399356 ], [ -81.277265669475014, 40.172485668079162 ], [ -81.27630052694775, 40.173911631316798 ], [ -81.275345347110033, 40.175326487927123 ], [ -81.274399817897233, 40.176730699262407 ], [ -81.273463614654077, 40.178124749157917 ], [ -81.272536497261513, 40.179508992845797 ], [ -81.271618211211432, 40.180883812537957 ], [ -81.270708521780819, 40.18224955897 ], [ -81.269789983920589, 40.183632534613821 ], [ -81.268879928465878, 40.185006757156145 ], [ -81.267978148572638, 40.186372539561091 ], [ -81.267084455383269, 40.187730167813072 ], [ -81.266198651946183, 40.189079942285559 ], [ -81.265320585376685, 40.190422095003726 ], [ -81.264450093796768, 40.191756874180442 ], [ -81.263587027019639, 40.193084509142807 ], [ -81.262731147624322, 40.194405365914974 ], [ -81.261882417839274, 40.195719503852047 ], [ -81.261040709061433, 40.197027121704366 ], [ -81.26020590168099, 40.198328407430097 ], [ -81.259377871591482, 40.19962355168559 ], [ -81.258556518068815, 40.200912712751517 ], [ -81.257741736791672, 40.202196055203842 ], [ -81.256933430633296, 40.203473731927261 ], [ -81.25613106179901, 40.204746595479037 ], [ -81.255334990917049, 40.206014080185696 ], [ -81.254545130753172, 40.207276321844802 ], [ -81.253761401267639, 40.208533450858113 ], [ -81.252983718823543, 40.209785600325233 ], [ -81.252212013273777, 40.21103288266147 ], [ -81.251446213571853, 40.212275414778617 ], [ -81.250686250470039, 40.21351330639402 ], [ -81.24993202684152, 40.214746717586991 ], [ -81.249183513008688, 40.215975697820227 ], [ -81.248440646918255, 40.217200346918503 ], [ -81.247703371913019, 40.218420760209995 ], [ -81.246971629537029, 40.219637033922027 ], [ -81.246245368528889, 40.220849251691675 ], [ -81.245524538526581, 40.222057500753124 ], [ -81.244809089168086, 40.223261862944696 ], [ -81.24408122107144, 40.224492498829818 ], [ -81.243358907187769, 40.225719217268136 ], [ -81.242642102550974, 40.226942100097915 ], [ -81.241930759496938, 40.228161224660823 ], [ -81.241224832160242, 40.229376669197961 ], [ -81.24052428097076, 40.230588503856438 ], [ -81.239829065458991, 40.231796798783307 ], [ -81.239139145155377, 40.233001623226357 ], [ -81.238454467899317, 40.234203068916543 ], [ -81.237775011207759, 40.235401173625291 ], [ -81.237100740906442, 40.236596001204532 ], [ -81.236431621921781, 40.23778761100948 ], [ -81.235767620978891, 40.238976064194048 ], [ -81.235108706601466, 40.24016141561691 ], [ -81.234454847313316, 40.241343721035946 ], [ -81.233806015235359, 40.242523034410567 ], [ -81.233162095254443, 40.243699561685503 ], [ -81.232523146725782, 40.244873200337963 ], [ -81.231889141770466, 40.246043998931441 ], [ -81.231260053408676, 40.247212006029315 ], [ -81.230635856459571, 40.248377270194908 ], [ -81.23001652754067, 40.249539836394376 ], [ -81.229402042370339, 40.250699747795181 ], [ -81.228792377566151, 40.251857049363366 ], [ -81.228187504349819, 40.253011795957661 ], [ -81.22758740743285, 40.254164016356299 ], [ -81.22699206613089, 40.255313750129517 ], [ -81.226401461558169, 40.25646103684744 ], [ -81.225815570332259, 40.257605916080195 ], [ -81.225234377164725, 40.258748423800796 ], [ -81.224657861371156, 40.259888596881297 ], [ -81.224086004965102, 40.261026471294656 ], [ -81.223518435627284, 40.262162796176142 ], [ -81.222955497797955, 40.263296888040998 ], [ -81.22239717349072, 40.26442878016411 ], [ -81.221843448316463, 40.265558506719742 ], [ -81.221294305187996, 40.266686099184199 ], [ -81.220749729716204, 40.26781158813435 ], [ -81.22020970661265, 40.268935004147181 ], [ -81.219674222387425, 40.2700563769003 ], [ -81.219143258154816, 40.271175745064625 ], [ -81.218616804921567, 40.27229312752587 ], [ -81.218094849197882, 40.273408553062325 ], [ -81.217577378393287, 40.274522048653694 ], [ -81.21706437991719, 40.275633642178889 ], [ -81.216555842078435, 40.276743359718353 ], [ -81.21605175138717, 40.277851226452981 ], [ -81.215552098850253, 40.278957267563896 ], [ -81.215056847595406, 40.280061560392767 ], [ -81.214566012011801, 40.281164077959886 ], [ -81.214079580408281, 40.282264841849042 ], [ -81.213597543791593, 40.283363877241186 ], [ -81.213119890470523, 40.284461206619426 ], [ -81.21264661145193, 40.285556852466812 ], [ -81.212177697742504, 40.286650835467753 ], [ -81.211713140349104, 40.287743179903885 ], [ -81.211252926681198, 40.288833909157631 ], [ -81.210797050443489, 40.289923041215445 ], [ -81.21034550444142, 40.291010594963041 ], [ -81.209898278782475, 40.292096591984205 ], [ -81.209455365372776, 40.293181051164652 ], [ -81.209016757917027, 40.294263992289473 ], [ -81.208582446522655, 40.295345433345119 ], [ -81.208152425793799, 40.296425395016001 ], [ -81.207672614099806, 40.297640103008405 ], [ -81.207195141542513, 40.298861321193044 ], [ -81.206719966753042, 40.300089155690046 ], [ -81.206247043865972, 40.301323720713185 ], [ -81.205776333311121, 40.302565125979811 ], [ -81.205307782927775, 40.303813500992305 ], [ -81.204841347749948, 40.305068972555091 ], [ -81.204376976516187, 40.306331676465732 ], [ -81.203914647642819, 40.307601668482278 ], [ -81.203454278392201, 40.308879176133132 ], [ -81.202995813905659, 40.310164350504408 ], [ -81.20253919752588, 40.311457352574791 ], [ -81.202084374394303, 40.312758336128354 ], [ -81.201631277961098, 40.314067490922014 ], [ -81.20117984437428, 40.315385000417507 ], [ -81.200730007983452, 40.31671105886835 ], [ -81.200282097940431, 40.318044677919602 ], [ -81.199835640302524, 40.319387249721842 ], [ -81.199390560425968, 40.320739000004892 ], [ -81.198946777371816, 40.322100169787063 ], [ -81.198504218295, 40.323470989294776 ], [ -81.198062787867343, 40.324851749009042 ], [ -81.197842593360974, 40.325547244209986 ], [ -81.135321856018777, 40.311423760198409 ], [ -81.11397749856269, 40.314161343271451 ], [ -81.114111791625817, 40.313073332668239 ], [ -81.114248793447018, 40.311998293886234 ], [ -81.114388591260422, 40.310935556930474 ], [ -81.114531260609169, 40.309884534543698 ], [ -81.114676887828068, 40.308844607992341 ], [ -81.114825530473809, 40.307815357292952 ], [ -81.114977256894861, 40.306796320194053 ], [ -81.11513212734576, 40.305787083007544 ], [ -81.115290263235011, 40.304786879510914 ], [ -81.115451661864654, 40.30379573938194 ], [ -81.115616377193987, 40.30281332717334 ], [ -81.115784461383726, 40.301839338914419 ], [ -81.115955969292486, 40.300873457144405 ], [ -81.116130943188466, 40.299915443542943 ], [ -81.116309428936972, 40.298965046299884 ], [ -81.116491470604842, 40.298022031591529 ], [ -81.116677400941285, 40.297084732074779 ], [ -81.116866983424529, 40.296154410397776 ], [ -81.117060255826118, 40.295230866911027 ], [ -81.117257258615552, 40.294313918152852 ], [ -81.117458031363014, 40.293403375265598 ], [ -81.117662607343391, 40.292499088961847 ], [ -81.117871023428961, 40.291600900061553 ], [ -81.118083312894555, 40.290708661075882 ], [ -81.118299531498167, 40.289822143577112 ], [ -81.118519690031633, 40.288941302599085 ], [ -81.118743820870577, 40.288066010438058 ], [ -81.118971955491304, 40.287196147484281 ], [ -81.119204126269381, 40.286331588731912 ], [ -81.119440360184456, 40.285472232557538 ], [ -81.119680686014817, 40.284617973740524 ], [ -81.11992513343813, 40.283768710657512 ], [ -81.120102416793088, 40.283162514538446 ], [ -81.120281914278905, 40.282555396614327 ], [ -81.120463627694221, 40.281947349690483 ], [ -81.120647559737051, 40.281338366572413 ], [ -81.120833712206036, 40.280728440065502 ], [ -81.121022087799076, 40.280117560277233 ], [ -81.12121268921419, 40.279505721811688 ], [ -81.121405518250015, 40.278892915675556 ], [ -81.121600576705191, 40.278279134674392 ], [ -81.121797869076374, 40.277664369814886 ], [ -81.12199739716209, 40.27704861210384 ], [ -81.122199164559731, 40.27643185344732 ], [ -81.122403173067937, 40.275814084852186 ], [ -81.12260942538461, 40.275195297325183 ], [ -81.122817926006462, 40.274575480973738 ], [ -81.123028676732019, 40.273954627703972 ], [ -81.123456930293059, 40.272709808610841 ], [ -81.123894225637969, 40.271460724932581 ], [ -81.124340590645716, 40.270207297528827 ], [ -81.124796054993908, 40.268949441863299 ], [ -81.125260647460891, 40.267687076997049 ], [ -81.125734403120191, 40.266420108501279 ], [ -81.126217357944654, 40.265148442846396 ], [ -81.126709547907296, 40.263871982006435 ], [ -81.12721082821713, 40.262591092904643 ], [ -81.127721417409475, 40.261305205371002 ], [ -81.128241358651735, 40.260014209688052 ], [ -81.128770699608083, 40.258717990742753 ], [ -81.129309485244505, 40.257416437918323 ], [ -81.129857770419733, 40.256109416316576 ], [ -81.130415609992383, 40.254796795535754 ], [ -81.130983062418352, 40.253478437979595 ], [ -81.131560149281427, 40.252154294185402 ], [ -81.132146974902923, 40.250824119537526 ], [ -81.132743610329328, 40.249487756654673 ], [ -81.133350128405652, 40.248145039162296 ], [ -81.133966601977079, 40.24679580698097 ], [ -81.134593121875014, 40.245439860461261 ], [ -81.135229777132452, 40.244077007148235 ], [ -81.13587666487615, 40.242707040197786 ], [ -81.136527209263249, 40.241343665278009 ], [ -81.13718798613661, 40.239972886239741 ], [ -81.137859107911481, 40.238594468360077 ], [ -81.138540698694271, 40.237208159828754 ], [ -81.139232873598189, 40.235813723224794 ], [ -81.139935786407364, 40.234410850080735 ], [ -81.140649586409268, 40.232999241821631 ], [ -81.141374437280433, 40.231578575590845 ], [ -81.142110341718876, 40.230148840596542 ], [ -81.142857655856119, 40.228709340763544 ], [ -81.143616582039613, 40.227259686685272 ], [ -81.144387344200538, 40.225799450284455 ], [ -81.145170151880961, 40.224328234960126 ], [ -81.145965299159172, 40.222845484031893 ], [ -81.146773070221002, 40.221350671396408 ], [ -81.147593785224956, 40.219843204400433 ], [ -81.148423665219923, 40.218329939475154 ], [ -81.149267080011668, 40.216802829487051 ], [ -81.150124438791806, 40.215261134293939 ], [ -81.150996211006316, 40.213704011231187 ], [ -81.151882812142048, 40.212130712062788 ], [ -81.152784913093228, 40.210540047884933 ], [ -81.153703145183954, 40.20893090533707 ], [ -81.154638253952214, 40.207301976804843 ], [ -81.155589398531902, 40.20565470300221 ], [ -81.156559139292824, 40.203984625090413 ], [ -81.157548539233687, 40.202289911150558 ], [ -81.158558901472077, 40.200568329065163 ], [ -81.15959125932909, 40.198818113465222 ], [ -81.160647833230882, 40.197035494392594 ], [ -81.161730674530986, 40.195217009457451 ], [ -81.162842478497566, 40.193358133271261 ], [ -81.163493478840962, 40.192276051898318 ], [ -81.164152656719693, 40.191190617852783 ], [ -81.164820084079565, 40.19010171062547 ], [ -81.165495840960261, 40.18900920161343 ], [ -81.166180002005433, 40.187912970307366 ], [ -81.166872659845353, 40.186812866520654 ], [ -81.167573904412109, 40.185708749059586 ], [ -81.168283831933252, 40.184600464140146 ], [ -81.169002476582989, 40.183487958702358 ], [ -81.169730012829802, 40.182370962949619 ], [ -81.170466550390927, 40.181249303312768 ], [ -81.171212213372883, 40.180122797229387 ], [ -81.17196711598956, 40.178991267533036 ], [ -81.172731404830415, 40.177854494789131 ], [ -81.173505222887684, 40.176712267657081 ], [ -81.174288724844757, 40.175564357708993 ], [ -81.175080950225606, 40.17441215349811 ], [ -81.17588316797378, 40.173253791629236 ], [ -81.17669556245022, 40.172089007701572 ], [ -81.1775183324051, 40.170917513932181 ], [ -81.178351668494656, 40.169739040524348 ], [ -81.179195820730513, 40.168553232245927 ], [ -81.180051032828885, 40.16735974825383 ], [ -81.180917572787735, 40.166158212631444 ], [ -81.181795427117208, 40.164948643365278 ], [ -81.182685197463854, 40.163730204085709 ], [ -81.183587215677449, 40.162502442433833 ], [ -81.184501852278629, 40.161264852091278 ], [ -81.185429449009803, 40.160016971705943 ], [ -81.186370501397505, 40.158758134880088 ], [ -81.187325480686354, 40.157487710289672 ], [ -81.188294925570347, 40.156204979376355 ], [ -81.18911196054853, 40.155129111419399 ], [ -81.189939760411562, 40.154043723239283 ], [ -81.190778724458539, 40.152948290531242 ], [ -81.191629305048366, 40.151842222440678 ], [ -81.192491911372599, 40.150724987468266 ], [ -81.193367169359362, 40.149595770828228 ], [ -81.194255675259171, 40.148453808096804 ], [ -81.195158118852078, 40.147298208945244 ], [ -81.196073884102418, 40.146129754884328 ], [ -81.197005167154714, 40.144945633734039 ], [ -81.197952921290266, 40.143744633208314 ], [ -81.198918294943326, 40.142525298204021 ], [ -81.199902228804774, 40.141286438018767 ], [ -81.200906586269923, 40.140025706321353 ], [ -81.20193309583567, 40.138740930349684 ], [ -81.202983964438374, 40.137429350983837 ], [ -81.204723337811743, 40.135265943668401 ], [ -81.20654623032425, 40.13300758233413 ], [ -81.208471531336045, 40.130630853131436 ], [ -81.21053658429588, 40.12808965141636 ], [ -81.212350261455356, 40.12586327087331 ], [ -81.214372226097339, 40.123385724971286 ], [ -81.221111752705212, 40.115141630781693 ], [ -81.223623653608684, 40.112065927800359 ], [ -81.226107341880265, 40.109018379894394 ], [ -81.228342886514952, 40.106267325876445 ], [ -81.229536499110111, 40.10479454483243 ], [ -81.230686786865704, 40.103372207661323 ], [ -81.23180029145027, 40.101992223162597 ], [ -81.232881472601832, 40.100649062304456 ], [ -81.233935230726274, 40.099336635777149 ], [ -81.234963241260516, 40.098052846361838 ], [ -81.235967981836836, 40.09679460398786 ], [ -81.236951368011205, 40.095559506566019 ], [ -81.237819081585315, 40.094468324953311 ], [ -81.238693136279153, 40.093372952499806 ], [ -81.239573632816871, 40.092273260602553 ], [ -81.240460680016326, 40.091169117061156 ], [ -81.24135437950099, 40.090060393272609 ], [ -81.242254857175908, 40.088946932754823 ], [ -81.243162234449528, 40.087828586220326 ], [ -81.244076642622929, 40.086705190891905 ], [ -81.244998125762834, 40.085576693709527 ], [ -81.245926916793735, 40.084442807789401 ], [ -81.246863166801688, 40.083303348770585 ], [ -81.247807034966627, 40.082158123298825 ], [ -81.248758675072736, 40.081006943415787 ], [ -81.249718280474212, 40.079849577096354 ], [ -81.250686038230015, 40.078685796812124 ], [ -81.25166215158697, 40.077515359746087 ], [ -81.252645341709126, 40.076339791148484 ], [ -81.253637299321895, 40.075157061249456 ], [ -81.254638263644893, 40.073966885863172 ], [ -81.255648492783678, 40.072768956522168 ], [ -81.256668232253105, 40.07156298454413 ], [ -81.257697805809073, 40.070348585019246 ], [ -81.2587375264157, 40.069125389225405 ], [ -81.259787738513296, 40.067892991568385 ], [ -81.260848415122211, 40.066651422625114 ], [ -81.261920340451297, 40.065399763288497 ], [ -81.263003937181907, 40.064137518032112 ], [ -81.26409968015605, 40.062864134672111 ], [ -81.265208003746352, 40.061579108688989 ], [ -81.266329541075436, 40.060281705336479 ], [ -81.267464896487752, 40.058971226740766 ], [ -81.268614756166016, 40.057646877901163 ], [ -81.270482471788625, 40.055501621602616 ], [ -81.272392603036167, 40.053314755471661 ], [ -81.274349211247056, 40.051081629113924 ], [ -81.27635762220649, 40.048796164011833 ], [ -81.278421230855088, 40.046454483187915 ], [ -81.280551075471692, 40.044044048294268 ], [ -81.282757160114784, 40.041553535067635 ], [ -81.285054719299808, 40.038965743973961 ], [ -81.286986133003609, 40.036794534140483 ], [ -81.28900609755334, 40.034527355852845 ], [ -81.291135407972661, 40.032140866307998 ], [ -81.293414928556047, 40.029589262134778 ], [ -81.297664853849881, 40.024838626701296 ], [ -81.301388087590112, 40.020680570751779 ] ] ] } },
{ "type": "Feature", "properties": { "TC_NUMBER": 18, "NAME": "CORE RICH CONDENSATE_S", "AOI": "CORE RICH CONDENSATE", "SPACING": 0, "BASE_LL": 15, "OIL_EUR": 32, "GAS_EUR": 230, "CONFIDENCE": "HIGH", "Shape_Area": 0.0125860329361 }, "geometry": { "type": "Polygon", "coordinates": [ [ [ -81.467585579710715, 39.946626998537226 ], [ -81.530558339695574, 39.995416508265293 ], [ -81.53171667368548, 39.997811907393668 ], [ -81.531654237353109, 39.997940414218817 ], [ -81.531109110596958, 39.999052922354508 ], [ -81.53056283360786, 40.000158300665078 ], [ -81.530015380305542, 40.001256603109823 ], [ -81.529466685938758, 40.002347959191013 ], [ -81.528916689353707, 40.003432490317209 ], [ -81.528365326698406, 40.004510321494195 ], [ -81.527812544013671, 40.005581558841925 ], [ -81.527258286440713, 40.006646310279052 ], [ -81.526702498221653, 40.007704678328309 ], [ -81.526144914955808, 40.008757165710676 ], [ -81.525585697621807, 40.009803460361468 ], [ -81.525024797656272, 40.010843654910786 ], [ -81.524462167395086, 40.01187783659293 ], [ -81.52389775827487, 40.012906096239419 ], [ -81.523331527128221, 40.013928510292544 ], [ -81.522763430787677, 40.014945158792102 ], [ -81.522193426085721, 40.015956116381744 ], [ -81.521621455465777, 40.016961489181426 ], [ -81.521047494646098, 40.017961314063427 ], [ -81.520471504955935, 40.018955661174857 ], [ -81.519893448623691, 40.019944595266907 ], [ -81.519313286079239, 40.020928184688046 ], [ -81.518730983148316, 40.021906486095531 ], [ -81.51814650475734, 40.022879559743956 ], [ -81.517559815832783, 40.023847463189952 ], [ -81.516969966690567, 40.024811742368058 ], [ -81.516377833270326, 40.025770944873273 ], [ -81.515783383196549, 40.026725124664836 ], [ -81.515186584992875, 40.027674332104823 ], [ -81.514587405384418, 40.028618617555196 ], [ -81.513985815592889, 40.029558027780809 ], [ -81.513381786839943, 40.030492609546343 ], [ -81.51277528854871, 40.03142240691858 ], [ -81.512166283846909, 40.032347479252792 ], [ -81.511554752949451, 40.033267852629365 ], [ -81.510940669776062, 40.034183570215646 ], [ -81.510324007347037, 40.035094670682554 ], [ -81.509704737783409, 40.03600119449959 ], [ -81.509082836803429, 40.036903178538921 ], [ -81.508458279226147, 40.037800658773449 ], [ -81.507831038971233, 40.03869367207534 ], [ -81.507201028804388, 40.039582341651794 ], [ -81.506568287396533, 40.040466612644138 ], [ -81.505932791365183, 40.041346515629243 ], [ -81.505294518227402, 40.042222084781429 ], [ -81.504653442802123, 40.043093350677623 ], [ -81.504009545304257, 40.04396034389481 ], [ -81.503362802351432, 40.044823094110541 ], [ -81.50271319325924, 40.045681630103218 ], [ -81.50206068924939, 40.04653598784563 ], [ -81.501405276832031, 40.047386187122868 ], [ -81.500746934423432, 40.048232254015375 ], [ -81.50008564133924, 40.049074215502685 ], [ -81.499421377794306, 40.049912097665242 ], [ -81.498754124902916, 40.050745923885358 ], [ -81.498083861980604, 40.051575719344044 ], [ -81.497410571040973, 40.052401507423667 ], [ -81.496729026123603, 40.053227398925401 ], [ -81.49603871461494, 40.054054473035535 ], [ -81.4953395609719, 40.054882819686441 ], [ -81.494631487852871, 40.055712532407483 ], [ -81.493914417016697, 40.056543701130977 ], [ -81.493188255833275, 40.05737643377546 ], [ -81.492452913471141, 40.058210835561681 ], [ -81.491708291004784, 40.059047017106195 ], [ -81.490954354259998, 40.05988501977788 ], [ -81.4901909287683, 40.06072503693099 ], [ -81.489417903013759, 40.061567191772554 ], [ -81.488635154688609, 40.06241161740229 ], [ -81.487842567780262, 40.063258440624566 ], [ -81.487039993900567, 40.064107817921524 ], [ -81.486227292755302, 40.064959899479845 ], [ -81.485404309661135, 40.065814846278158 ], [ -81.484571952033946, 40.066671731115548 ], [ -81.483729003990277, 40.067531821136697 ], [ -81.482875282967882, 40.068395302501244 ], [ -81.482010590216532, 40.069262373959418 ], [ -81.481134737777893, 40.070133227066833 ], [ -81.480247479237732, 40.071008105539704 ], [ -81.479348574477115, 40.071887246799065 ], [ -81.478437761793259, 40.072770907151721 ], [ -81.477515039387526, 40.073659091094214 ], [ -81.476579833492508, 40.074552353508352 ], [ -81.475631820352191, 40.075451004660181 ], [ -81.474670641137152, 40.076355383594148 ], [ -81.47369596309818, 40.077265805072898 ], [ -81.472707314091224, 40.078182709764292 ], [ -81.471704239059363, 40.079106519450363 ], [ -81.47068622808689, 40.080037706275164 ], [ -81.469805924004163, 40.080837962601947 ], [ -81.4689139772982, 40.081644296547097 ], [ -81.468009978777445, 40.082457075933348 ], [ -81.467093470687075, 40.083276713549537 ], [ -81.466164035741599, 40.084103581714999 ], [ -81.465221043516294, 40.084938242505928 ], [ -81.464263897760645, 40.085781224723803 ], [ -81.463291906895961, 40.086633135410921 ], [ -81.46230561231414, 40.087493510517163 ], [ -81.46130289970904, 40.088364199947932 ], [ -81.460282829289099, 40.089246021186966 ], [ -81.459244276901813, 40.090139945502131 ], [ -81.4581863063529, 40.091046780484589 ], [ -81.457107137884066, 40.091968053183166 ], [ -81.456005114944048, 40.092905178231433 ], [ -81.454878155602387, 40.093859926394543 ], [ -81.453906084698019, 40.094680729532115 ], [ -81.452912786196066, 40.095517018095961 ], [ -81.45085384502886, 40.097243334212578 ], [ -81.44868099033539, 40.099055942977429 ], [ -81.446354911849653, 40.100987641766324 ], [ -81.444237576802664, 40.102739692882551 ], [ -81.441881183969429, 40.104684253775361 ], [ -81.370549320894384, 40.055554168989772 ], [ -81.373302194240807, 40.052676694573847 ], [ -81.376253231401449, 40.049601714647451 ], [ -81.37885827958587, 40.046893874852515 ], [ -81.381761208413025, 40.043881874448971 ], [ -81.391544003053241, 40.033748673362652 ], [ -81.395245669252176, 40.029910473889288 ], [ -81.397154238377368, 40.027928467924482 ], [ -81.398942070819885, 40.026069309351215 ], [ -81.40064077595099, 40.024300126149967 ], [ -81.402266851833701, 40.02260373047784 ], [ -81.404078293278587, 40.020710220500348 ], [ -81.405822710050018, 40.018882597553898 ], [ -81.407510465035898, 40.017110002324785 ], [ -81.409148565753696, 40.015385075660788 ], [ -81.410744713097984, 40.013699699381675 ], [ -81.412301486324509, 40.012051143145811 ], [ -81.413822737229509, 40.010435327628329 ], [ -81.415311436273726, 40.008849095309529 ], [ -81.416947725756927, 40.007099523624163 ], [ -81.418549301409087, 40.005380496512771 ], [ -81.420118826122916, 40.003689155929862 ], [ -81.421658448378651, 40.002023187020541 ], [ -81.423170465944224, 40.000380100461314 ], [ -81.424656132474524, 39.998758530182101 ], [ -81.426116930052217, 39.997156859201766 ], [ -81.4275541096344, 39.995573715154876 ], [ -81.4289704168512, 39.994006062829612 ], [ -81.430365208687419, 39.992454598301151 ], [ -81.431739414142612, 39.990918289147771 ], [ -81.433093839908736, 39.989396235148206 ], [ -81.434429334046513, 39.987887480323025 ], [ -81.435746464028057, 39.986391382556292 ], [ -81.437045856680925, 39.984907231383659 ], [ -81.438328065088115, 39.983434394581707 ], [ -81.439643769644192, 39.981914144622124 ], [ -81.440941984185201, 39.980404870888151 ], [ -81.44222320423745, 39.97890599601493 ], [ -81.443487877663358, 39.977416998395825 ], [ -81.444736465815197, 39.975937332142223 ], [ -81.445969310435316, 39.974466592559224 ], [ -81.447186773950421, 39.973004347073015 ], [ -81.44838918551244, 39.971550199082458 ], [ -81.449577108097003, 39.970103466901548 ], [ -81.450750574978997, 39.968664105564073 ], [ -81.451909861350998, 39.967231778723658 ], [ -81.45305521722446, 39.96580617431556 ], [ -81.454186903402842, 39.964386971281726 ], [ -81.45530512223354, 39.962973913315523 ], [ -81.456410085057314, 39.961566733318136 ], [ -81.457501989725017, 39.960165180378851 ], [ -81.458582046724018, 39.95876768338195 ], [ -81.459649384611396, 39.957375355688157 ], [ -81.460704170660904, 39.955987976963627 ], [ -81.461746562254007, 39.954605342162836 ], [ -81.462776719470014, 39.953227237247233 ], [ -81.463794773609891, 39.951853487748338 ], [ -81.464800857773355, 39.950483912002994 ], [ -81.465299451808221, 39.949800634991391 ], [ -81.465795100563412, 39.949118337341474 ], [ -81.46628785260225, 39.948436951604094 ], [ -81.466777688139757, 39.947756504758956 ], [ -81.467264622464313, 39.947076977020913 ], [ -81.467585579710715, 39.946626998537226 ] ] ] } },
{ "type": "Feature", "properties": { "TC_NUMBER": 19, "NAME": "CORE CONDENSATE_S", "AOI": "CORE CONDENSATE", "SPACING": 0, "BASE_LL": 15, "OIL_EUR": 31, "GAS_EUR": 374, "CONFIDENCE": "HIGH", "Shape_Area": 0.0126606783803 }, "geometry": { "type": "Polygon", "coordinates": [ [ [ -81.40370661157084, 39.897027410986254 ], [ -81.467585579710715, 39.946626998537226 ], [ -81.467264622464313, 39.947076977020913 ], [ -81.466777688139757, 39.947756504758956 ], [ -81.46628785260225, 39.948436951604094 ], [ -81.465795100563412, 39.949118337341474 ], [ -81.465299451808221, 39.949800634991391 ], [ -81.464800857773355, 39.950483912002994 ], [ -81.463794773609891, 39.951853487748338 ], [ -81.462776719470014, 39.953227237247233 ], [ -81.461746562254007, 39.954605342162836 ], [ -81.460704170660904, 39.955987976963627 ], [ -81.459649384611396, 39.957375355688157 ], [ -81.458582046724018, 39.95876768338195 ], [ -81.457501989725017, 39.960165180378851 ], [ -81.456410085057314, 39.961566733318136 ], [ -81.45530512223354, 39.962973913315523 ], [ -81.454186903402842, 39.964386971281726 ], [ -81.45305521722446, 39.96580617431556 ], [ -81.451909861350998, 39.967231778723658 ], [ -81.450750574978997, 39.968664105564073 ], [ -81.449577108097003, 39.970103466901548 ], [ -81.44838918551244, 39.971550199082458 ], [ -81.447186773950421, 39.973004347073015 ], [ -81.445969310435316, 39.974466592559224 ], [ -81.444736465815197, 39.975937332142223 ], [ -81.443487877663358, 39.977416998395825 ], [ -81.44222320423745, 39.97890599601493 ], [ -81.440941984185201, 39.980404870888151 ], [ -81.439643769644192, 39.981914144622124 ], [ -81.438328065088115, 39.983434394581707 ], [ -81.437045856680925, 39.984907231383659 ], [ -81.435746464028057, 39.986391382556292 ], [ -81.434429334046513, 39.987887480323025 ], [ -81.433093839908736, 39.989396235148206 ], [ -81.431739414142612, 39.990918289147771 ], [ -81.430365208687419, 39.992454598301151 ], [ -81.4289704168512, 39.994006062829612 ], [ -81.4275541096344, 39.995573715154876 ], [ -81.426116930052217, 39.997156859201766 ], [ -81.424656132474524, 39.998758530182101 ], [ -81.423170465944224, 40.000380100461314 ], [ -81.421658448378651, 40.002023187020541 ], [ -81.420118826122916, 40.003689155929862 ], [ -81.418549301409087, 40.005380496512771 ], [ -81.416947725756927, 40.007099523624163 ], [ -81.415311436273726, 40.008849095309529 ], [ -81.413822737229509, 40.010435327628329 ], [ -81.412301486324509, 40.012051143145811 ], [ -81.410744713097984, 40.013699699381675 ], [ -81.409148565753696, 40.015385075660788 ], [ -81.407510465035898, 40.017110002324785 ], [ -81.405822710050018, 40.018882597553898 ], [ -81.404078293278587, 40.020710220500348 ], [ -81.402266851833701, 40.02260373047784 ], [ -81.40064077595099, 40.024300126149967 ], [ -81.398942070819885, 40.026069309351215 ], [ -81.397154238377368, 40.027928467924482 ], [ -81.395245669252176, 40.029910473889288 ], [ -81.391544003053241, 40.033748673362652 ], [ -81.381761208413025, 40.043881874448971 ], [ -81.37885827958587, 40.046893874852515 ], [ -81.376253231401449, 40.049601714647451 ], [ -81.373302194240807, 40.052676694573847 ], [ -81.370549322693023, 40.055554169889092 ], [ -81.357255692596084, 40.055209329347122 ], [ -81.300855216794787, 40.036866530266195 ], [ -81.301388087590112, 40.020680570751779 ], [ -81.308071020760963, 40.013217163641229 ], [ -81.310931187724123, 40.010019136673861 ], [ -81.313507129350512, 40.007135315742289 ], [ -81.316269786421458, 40.004037474150152 ], [ -81.318859104564012, 40.001128209599244 ], [ -81.321319593024782, 39.998357508991887 ], [ -81.323674665653243, 39.995698998809814 ], [ -81.32622109422806, 39.992816339802289 ], [ -81.328674663305037, 39.990029831811341 ], [ -81.331049044377835, 39.98732394444454 ], [ -81.333353582301925, 39.98468802882951 ], [ -81.335598527549962, 39.982110344316993 ], [ -81.337787419853498, 39.979586807984845 ], [ -81.339925455495347, 39.977111431247579 ], [ -81.342016657142949, 39.974679554717738 ], [ -81.343092193250072, 39.973424441984434 ], [ -81.344156342141446, 39.972179576126564 ], [ -81.345209515706529, 39.970944475107501 ], [ -81.346252083566753, 39.969718703655303 ], [ -81.347284433329889, 39.96850180761237 ], [ -81.348306848282391, 39.967293451531589 ], [ -81.349319632395066, 39.966093277482798 ], [ -81.350323063558506, 39.964900956314125 ], [ -81.351317615715345, 39.9637159232513 ], [ -81.35230331764393, 39.962538141422158 ], [ -81.353280401369375, 39.961367335634066 ], [ -81.354249081829607, 39.960203247781692 ], [ -81.355209579358586, 39.959045612565035 ], [ -81.35616206842468, 39.957894220441972 ], [ -81.357106729791724, 39.956748852877297 ], [ -81.358043732532167, 39.955609303026961 ], [ -81.358974134248854, 39.954474281263117 ], [ -81.359897177712526, 39.953344705793597 ], [ -81.360813011311393, 39.952220396753944 ], [ -81.361721769044379, 39.951101185971027 ], [ -81.36262359390372, 39.949986900774888 ], [ -81.363518600103248, 39.948877398173465 ], [ -81.364406907252942, 39.94777253067781 ], [ -81.365288627767939, 39.94667215799376 ], [ -81.366163928922163, 39.94557607057925 ], [ -81.367032852983755, 39.944484215374302 ], [ -81.367895499777433, 39.943396467373134 ], [ -81.368751961933469, 39.942312709663895 ], [ -81.36960233477987, 39.941232821737401 ], [ -81.370446700155071, 39.940156700171656 ], [ -81.371285138997905, 39.93908423884659 ], [ -81.372117732247489, 39.938015338836863 ], [ -81.379166706578189, 39.928932582772518 ], [ -81.383852122277574, 39.922887089067956 ], [ -81.386049690340883, 39.920047082207134 ], [ -81.388121900105546, 39.917365570065044 ], [ -81.390098799719794, 39.914803668654429 ], [ -81.391996969084801, 39.912339888674978 ], [ -81.393921177420339, 39.909837926179421 ], [ -81.395783397285925, 39.907411903336708 ], [ -81.397592076013439, 39.905050818740335 ], [ -81.399353186900044, 39.902746871670843 ], [ -81.401073268016887, 39.900491504179627 ], [ -81.402754803291486, 39.898281449929016 ], [ -81.40370661157084, 39.897027410986254 ] ] ] } },
{ "type": "Feature", "properties": { "TC_NUMBER": 20, "NAME": "CORE LEAN CONDENSATE_S", "AOI": "CORE LEAN CONDENSATE", "SPACING": 0, "BASE_LL": 15, "OIL_EUR": 8, "GAS_EUR": 792, "CONFIDENCE": "HIGH", "Shape_Area": 0.017189644161 }, "geometry": { "type": "Polygon", "coordinates": [ [ [ -81.315515526820093, 39.867697580978643 ], [ -81.386037159187481, 39.883288519349719 ], [ -81.40370661157084, 39.897027410986254 ], [ -81.402754803291486, 39.898281449929016 ], [ -81.401073268016887, 39.900491504179627 ], [ -81.399353186900044, 39.902746871670843 ], [ -81.397592076013439, 39.905050818740335 ], [ -81.395783397285925, 39.907411903336708 ], [ -81.393921177420339, 39.909837926179421 ], [ -81.391996969084801, 39.912339888674978 ], [ -81.390098799719794, 39.914803668654429 ], [ -81.388121900105546, 39.917365570065044 ], [ -81.386049690340883, 39.920047082207134 ], [ -81.383852122277574, 39.922887089067956 ], [ -81.379166706578189, 39.928932582772518 ], [ -81.372117732247489, 39.938015338836863 ], [ -81.371285138997905, 39.93908423884659 ], [ -81.370446700155071, 39.940156700171656 ], [ -81.36960233477987, 39.941232821737401 ], [ -81.368751961933469, 39.942312709663895 ], [ -81.367895499777433, 39.943396467373134 ], [ -81.367032852983755, 39.944484215374302 ], [ -81.366163928922163, 39.94557607057925 ], [ -81.365288627767939, 39.94667215799376 ], [ -81.364406907252942, 39.94777253067781 ], [ -81.363518600103248, 39.948877398173465 ], [ -81.36262359390372, 39.949986900774888 ], [ -81.361721769044379, 39.951101185971027 ], [ -81.360813011311393, 39.952220396753944 ], [ -81.359897177712526, 39.953344705793597 ], [ -81.358974134248854, 39.954474281263117 ], [ -81.358043732532167, 39.955609303026961 ], [ -81.357106729791724, 39.956748852877297 ], [ -81.35616206842468, 39.957894220441972 ], [ -81.355209579358586, 39.959045612565035 ], [ -81.354249081829607, 39.960203247781692 ], [ -81.353280401369375, 39.961367335634066 ], [ -81.35230331764393, 39.962538141422158 ], [ -81.351317615715345, 39.9637159232513 ], [ -81.350323063558506, 39.964900956314125 ], [ -81.349319632395066, 39.966093277482798 ], [ -81.348306848282391, 39.967293451531589 ], [ -81.347284433329889, 39.96850180761237 ], [ -81.346252083566753, 39.969718703655303 ], [ -81.345209515706529, 39.970944475107501 ], [ -81.344156342141446, 39.972179576126564 ], [ -81.343092193250072, 39.973424441984434 ], [ -81.342016657142949, 39.974679554717738 ], [ -81.339925455495347, 39.977111431247579 ], [ -81.337787419853498, 39.979586807984845 ], [ -81.335598527549962, 39.982110344316993 ], [ -81.333353582301925, 39.98468802882951 ], [ -81.331049044377835, 39.98732394444454 ], [ -81.328674663305037, 39.990029831811341 ], [ -81.32622109422806, 39.992816339802289 ], [ -81.323674665653243, 39.995698998809814 ], [ -81.321319593024782, 39.998357508991887 ], [ -81.318859104564012, 40.001128209599244 ], [ -81.316269786421458, 40.004037474150152 ], [ -81.313507129350512, 40.007135315742289 ], [ -81.310931187724123, 40.010019136673861 ], [ -81.308071020760963, 40.013217163641229 ], [ -81.297664853849881, 40.024838626701296 ], [ -81.293414928556047, 40.029589262134778 ], [ -81.291135407972661, 40.032140866307998 ], [ -81.28900609755334, 40.034527355852845 ], [ -81.286986133003609, 40.036794534140483 ], [ -81.285054719299808, 40.038965743973961 ], [ -81.282757161014104, 40.041553534168315 ], [ -81.261918613752982, 40.049560038265213 ], [ -81.243871076488972, 40.040006321634507 ], [ -81.218335730809315, 40.028099046833574 ], [ -81.198368241700962, 40.012660596609294 ], [ -81.196243310080661, 40.004107375754813 ], [ -81.196901682166867, 40.003465774226129 ], [ -81.19964706955659, 40.000798034301909 ], [ -81.202589207925541, 39.997948988355176 ], [ -81.205200519888024, 39.995427152641014 ], [ -81.208109498454576, 39.992623533249514 ], [ -81.210936618030473, 39.989902683861828 ], [ -81.21800472184043, 39.983104755280294 ], [ -81.221791702225232, 39.979457502561729 ], [ -81.223758723686103, 39.977559683932327 ], [ -81.225600014528993, 39.975780339291305 ], [ -81.227348647322174, 39.974087509431058 ], [ -81.229021799116708, 39.972464559591799 ], [ -81.230912793690436, 39.970626028768265 ], [ -81.232732168954385, 39.968852311185287 ], [ -81.234491097186321, 39.9671325160528 ], [ -81.236197084128094, 39.96545930310441 ], [ -81.237858384656704, 39.963824565851098 ], [ -81.239477712926089, 39.962225623413815 ], [ -81.24105916444887, 39.960658433340086 ], [ -81.242605889550134, 39.959119871384985 ], [ -81.244356956808076, 39.957370657629781 ], [ -81.24606869221634, 39.955652624269248 ], [ -81.247744154369173, 39.953962701017872 ], [ -81.249385789422604, 39.952298421934699 ], [ -81.250996216202395, 39.950657126824979 ], [ -81.252576834952947, 39.949037385766815 ], [ -81.254129313017359, 39.947437490048173 ], [ -81.25565504974071, 39.945855997156571 ], [ -81.257157151381421, 39.944289670431999 ], [ -81.258634849918337, 39.942739293183877 ], [ -81.260089174176017, 39.941203786225799 ], [ -81.261521017181167, 39.939682206168925 ], [ -81.262931315128071, 39.938173556564436 ], [ -81.264320690347517, 39.936677171014708 ], [ -81.265689829022335, 39.935192311176252 ], [ -81.267039338194877, 39.933718317846171 ], [ -81.267786793525659, 39.932897294374698 ], [ -81.268528360995049, 39.932079385255463 ], [ -81.269264129635815, 39.93126449156307 ], [ -81.269994183984352, 39.930452519768039 ], [ -81.270718608576885, 39.929643375441458 ], [ -81.271437476258484, 39.928836978543757 ], [ -81.272150860773593, 39.928033244538653 ], [ -81.272858832269264, 39.927232096084424 ], [ -81.273561491469593, 39.926433418067859 ], [ -81.27425886895162, 39.925637174516055 ], [ -81.274951027667782, 39.924843295281903 ], [ -81.275638027872674, 39.924051711117613 ], [ -81.276319928921566, 39.923262351876076 ], [ -81.276996782975118, 39.922475159101339 ], [ -81.277668643093364, 39.921690069840906 ], [ -81.278335560537641, 39.920907024739449 ], [ -81.278997757440493, 39.920125762094301 ], [ -81.279655105198913, 39.919346430293558 ], [ -81.280307649678264, 39.918568977176619 ], [ -81.280955434046007, 39.917793348784073 ], [ -81.281598503268299, 39.917019493854582 ], [ -81.282236896015888, 39.916247364724143 ], [ -81.282870650959751, 39.915476913728639 ], [ -81.283499807669955, 39.914708095002652 ], [ -81.284124415609256, 39.913940844694253 ], [ -81.284744497260704, 39.913175138521865 ], [ -81.285360085899185, 39.912410933317972 ], [ -81.285971214799702, 39.911648188613071 ], [ -81.286577918136402, 39.910886861239703 ], [ -81.287180225586894, 39.910126914325701 ], [ -81.287778165929581, 39.909368310998786 ], [ -81.288371769741332, 39.90861101348753 ], [ -81.288961734896134, 39.907854122469814 ], [ -81.28954740938542, 39.90709846891923 ], [ -81.290128818390201, 39.906344018661571 ], [ -81.290705988890238, 39.905590739321212 ], [ -81.291278946066484, 39.904838594925252 ], [ -81.291847713301308, 39.904087556695458 ], [ -81.292412313977081, 39.90333759225615 ], [ -81.292972771476173, 39.90258867282904 ], [ -81.293529114576927, 39.901840758844003 ], [ -81.29408135766846, 39.90109382961657 ], [ -81.29462952143524, 39.900347859066471 ], [ -81.295173626561564, 39.89960281751604 ], [ -81.295713692832635, 39.898858678884949 ], [ -81.296249739134112, 39.898115416193548 ], [ -81.296781784351822, 39.897373005160091 ], [ -81.297309845572897, 39.896631419704306 ], [ -81.297833982152497, 39.895890577088494 ], [ -81.298354169809045, 39.895150510587655 ], [ -81.298870423830977, 39.894411197718625 ], [ -81.299382761305367, 39.893672615998469 ], [ -81.299891198420028, 39.892934740246119 ], [ -81.300395750463451, 39.892197550676485 ], [ -81.300896430925491, 39.891461023907198 ], [ -81.301393255993958, 39.890725140153165 ], [ -81.30188624185655, 39.88998987153542 ], [ -81.30237539930522, 39.889255204564108 ], [ -81.302860741829761, 39.88852111855482 ], [ -81.303342282020651, 39.887787592823202 ], [ -81.303820033367799, 39.887054609382744 ], [ -81.304294007562362, 39.886322147549095 ], [ -81.304764217194816, 39.88559019113444 ], [ -81.305230673956373, 39.884858719454371 ], [ -81.306097609616927, 39.883485197483935 ], [ -81.306962136893048, 39.882102432281499 ], [ -81.307824350213536, 39.880710270962311 ], [ -81.308684351201805, 39.879308549849725 ], [ -81.309542236085292, 39.877897112461824 ], [ -81.310398120876528, 39.876475769041576 ], [ -81.311252115292859, 39.875044336127246 ], [ -81.312104337145399, 39.873602614968775 ], [ -81.312954829601665, 39.872150537217578 ], [ -81.313803798606386, 39.87068775303743 ], [ -81.314651374561265, 39.869214035799189 ], [ -81.3154976968612, 39.867729144484485 ], [ -81.315515526820093, 39.867697580978643 ] ] ] } },
{ "type": "Feature", "properties": { "TC_NUMBER": 21, "NAME": "CORE WET GAS_S", "AOI": "CORE WET GAS", "SPACING": 0, "BASE_LL": 15, "OIL_EUR": 0, "GAS_EUR": 1289, "CONFIDENCE": "LOW", "Shape_Area": 0.0367580373217 }, "geometry": { "type": "Polygon", "coordinates": [ [ [ -81.215004633856722, 39.84538818981315 ], [ -81.315515526820093, 39.867697580978643 ], [ -81.3154976968612, 39.867729144484485 ], [ -81.314651374561265, 39.869214035799189 ], [ -81.313803798606386, 39.87068775303743 ], [ -81.312954829601665, 39.872150537217578 ], [ -81.312104337145399, 39.873602614968775 ], [ -81.311252115292859, 39.875044336127246 ], [ -81.310398120876528, 39.876475769041576 ], [ -81.309542236085292, 39.877897112461824 ], [ -81.308684351201805, 39.879308549849725 ], [ -81.307824350213536, 39.880710270962311 ], [ -81.306962136893048, 39.882102432281499 ], [ -81.306097609616927, 39.883485197483935 ], [ -81.305230673956373, 39.884858719454371 ], [ -81.304764217194816, 39.88559019113444 ], [ -81.304294007562362, 39.886322147549095 ], [ -81.303820033367799, 39.887054609382744 ], [ -81.303342282020651, 39.887787592823202 ], [ -81.302860741829761, 39.88852111855482 ], [ -81.30237539930522, 39.889255204564108 ], [ -81.30188624185655, 39.88998987153542 ], [ -81.301393255993958, 39.890725140153165 ], [ -81.300896430925491, 39.891461023907198 ], [ -81.300395750463451, 39.892197550676485 ], [ -81.299891198420028, 39.892934740246119 ], [ -81.299382761305367, 39.893672615998469 ], [ -81.298870423830977, 39.894411197718625 ], [ -81.298354169809045, 39.895150510587655 ], [ -81.297833982152497, 39.895890577088494 ], [ -81.297309845572897, 39.896631419704306 ], [ -81.296781784351822, 39.897373005160091 ], [ -81.296249739134112, 39.898115416193548 ], [ -81.295713692832635, 39.898858678884949 ], [ -81.295173626561564, 39.89960281751604 ], [ -81.29462952143524, 39.900347859066471 ], [ -81.29408135766846, 39.90109382961657 ], [ -81.293529114576927, 39.901840758844003 ], [ -81.292972771476173, 39.90258867282904 ], [ -81.292412313977081, 39.90333759225615 ], [ -81.291847713301308, 39.904087556695458 ], [ -81.291278946066484, 39.904838594925252 ], [ -81.290705988890238, 39.905590739321212 ], [ -81.290128818390201, 39.906344018661571 ], [ -81.28954740938542, 39.90709846891923 ], [ -81.288961734896134, 39.907854122469814 ], [ -81.288371769741332, 39.90861101348753 ], [ -81.287778165929581, 39.909368310998786 ], [ -81.287180225586894, 39.910126914325701 ], [ -81.286577918136402, 39.910886861239703 ], [ -81.285971214799702, 39.911648188613071 ], [ -81.285360085899185, 39.912410933317972 ], [ -81.284744497260704, 39.913175138521865 ], [ -81.284124415609256, 39.913940844694253 ], [ -81.283499807669955, 39.914708095002652 ], [ -81.282870650959751, 39.915476913728639 ], [ -81.282236896015888, 39.916247364724143 ], [ -81.281598503268299, 39.917019493854582 ], [ -81.280955434046007, 39.917793348784073 ], [ -81.280307649678264, 39.918568977176619 ], [ -81.279655105198913, 39.919346430293558 ], [ -81.278997757440493, 39.920125762094301 ], [ -81.278335560537641, 39.920907024739449 ], [ -81.277668643093364, 39.921690069840906 ], [ -81.276996782975118, 39.922475159101339 ], [ -81.276319928921566, 39.923262351876076 ], [ -81.275638027872674, 39.924051711117613 ], [ -81.274951027667782, 39.924843295281903 ], [ -81.27425886895162, 39.925637174516055 ], [ -81.273561491469593, 39.926433418067859 ], [ -81.272858832269264, 39.927232096084424 ], [ -81.272150860773593, 39.928033244538653 ], [ -81.271437476258484, 39.928836978543757 ], [ -81.270718608576885, 39.929643375441458 ], [ -81.269994183984352, 39.930452519768039 ], [ -81.269264129635815, 39.93126449156307 ], [ -81.268528360995049, 39.932079385255463 ], [ -81.267786793525659, 39.932897294374698 ], [ -81.267039338194877, 39.933718317846171 ], [ -81.265689829022335, 39.935192311176252 ], [ -81.264320690347517, 39.936677171014708 ], [ -81.262931315128071, 39.938173556564436 ], [ -81.261521017181167, 39.939682206168925 ], [ -81.260089174176017, 39.941203786225799 ], [ -81.258634849918337, 39.942739293183877 ], [ -81.257157151381421, 39.944289670431999 ], [ -81.25565504974071, 39.945855997156571 ], [ -81.254129313017359, 39.947437490048173 ], [ -81.252576834952947, 39.949037385766815 ], [ -81.250996216202395, 39.950657126824979 ], [ -81.249385789422604, 39.952298421934699 ], [ -81.247744154369173, 39.953962701017872 ], [ -81.24606869221634, 39.955652624269248 ], [ -81.244356956808076, 39.957370657629781 ], [ -81.242605889550134, 39.959119871384985 ], [ -81.24105916444887, 39.960658433340086 ], [ -81.239477712926089, 39.962225623413815 ], [ -81.237858384656704, 39.963824565851098 ], [ -81.236197084128094, 39.96545930310441 ], [ -81.234491097186321, 39.9671325160528 ], [ -81.232732168954385, 39.968852311185287 ], [ -81.230912793690436, 39.970626028768265 ], [ -81.229021799116708, 39.972464559591799 ], [ -81.227348647322174, 39.974087509431058 ], [ -81.225600014528993, 39.975780339291305 ], [ -81.223758723686103, 39.977559683932327 ], [ -81.221791702225232, 39.979457502561729 ], [ -81.21800472184043, 39.983104755280294 ], [ -81.210936618030473, 39.989902683861828 ], [ -81.208109498454576, 39.992623533249514 ], [ -81.205200519888024, 39.995427152641014 ], [ -81.202589207925541, 39.997948988355176 ], [ -81.19964706955659, 40.000798034301909 ], [ -81.196901682166867, 40.003465774226129 ], [ -81.195584939793093, 40.004748977283555 ], [ -81.194300948030275, 40.006002839059818 ], [ -81.193046281360751, 40.007230705033066 ], [ -81.191818322757342, 40.008435138271068 ], [ -81.190338301271538, 40.009890602869064 ], [ -81.188891878457412, 40.011317317040607 ], [ -81.187476055975139, 40.01271823775653 ], [ -81.186088471305879, 40.014095703254156 ], [ -81.184726582965368, 40.015452238829823 ], [ -81.183389092332732, 40.016789140406559 ], [ -81.182074420198319, 40.018107985395261 ], [ -81.18078125445129, 40.019410091302746 ], [ -81.179506586859475, 40.02069849693811 ], [ -81.178251242101112, 40.021972380321131 ], [ -81.177014264196885, 40.023232710920922 ], [ -81.175794829367817, 40.024480328704271 ], [ -81.174592067969513, 40.025716123999985 ], [ -81.173405411630426, 40.026940681367421 ], [ -81.17223423082504, 40.028154651016393 ], [ -81.171077968873135, 40.029358608513007 ], [ -81.169661806447152, 40.030840879203254 ], [ -81.168266966946931, 40.032309471205167 ], [ -81.166892628392077, 40.03376525326388 ], [ -81.165538069526235, 40.035208987105136 ], [ -81.164202535818333, 40.03664147852146 ], [ -81.162885510158105, 40.038063282394603 ], [ -81.161586430469356, 40.039475008464933 ], [ -81.160304792232353, 40.040877201721514 ], [ -81.159039676339944, 40.042270873901771 ], [ -81.157791112469852, 40.043655997126621 ], [ -81.156558695027741, 40.045033021956442 ], [ -81.155342057989571, 40.046402357582792 ], [ -81.154140821841395, 40.047764432082943 ], [ -81.152954700598912, 40.049119568313472 ], [ -81.151783393888479, 40.050468110714803 ], [ -81.150626625618258, 40.051810377646859 ], [ -81.149482463145148, 40.053148633602632 ], [ -81.148352375062018, 40.054481186057956 ], [ -81.147236128444547, 40.055808308406768 ], [ -81.146133509254014, 40.057130255157176 ], [ -81.145587238560154, 40.057789373680691 ], [ -81.145044298955213, 40.058447288911282 ], [ -81.144504668855348, 40.059104029627292 ], [ -81.143968323079605, 40.059759622808372 ], [ -81.143435240943575, 40.060414096333545 ], [ -81.142905399964206, 40.061067476283029 ], [ -81.14237877945709, 40.061719787838001 ], [ -81.141855359637077, 40.062371057078678 ], [ -81.141335070357172, 40.063021371239358 ], [ -81.140817943992886, 40.063670690749802 ], [ -81.140303959859807, 40.064319039891814 ], [ -81.139793100870861, 40.064966442047705 ], [ -81.139285349938916, 40.065612918801207 ], [ -81.138780688178201, 40.06625849173605 ], [ -81.138279100300224, 40.066903183335285 ], [ -81.137780569217853, 40.067547013384001 ], [ -81.137285075146053, 40.068190009761167 ], [ -81.136792606393612, 40.068832185956694 ], [ -81.136303148571415, 40.069473560856181 ], [ -81.13581668639091, 40.070114154244891 ], [ -81.135333205463041, 40.070753986807119 ], [ -81.134852692297898, 40.071393074730679 ], [ -81.134375133405626, 40.072031436901341 ], [ -81.133900514397169, 40.072669091305556 ], [ -81.132183769765106, 40.074974422431694 ], [ -81.130300375361969, 40.077497300460095 ], [ -81.128070430805678, 40.080478457714719 ], [ -81.123269534961025, 40.08688848171812 ], [ -81.121168421885102, 40.089696245185621 ], [ -81.118950595693377, 40.09266546304076 ], [ -81.116966014969591, 40.095329562509335 ], [ -81.115795700211379, 40.096904666617149 ], [ -81.114672920019188, 40.098419149224412 ], [ -81.113589631756042, 40.099883859752367 ], [ -81.1125406040656, 40.101305873167576 ], [ -81.111520058803649, 40.102693028860244 ], [ -81.110526273768471, 40.10404767585959 ], [ -81.109556498833342, 40.105373565237926 ], [ -81.108608643973696, 40.106673553241933 ], [ -81.107536347224595, 40.108149410866645 ], [ -81.106488694597545, 40.109597061255442 ], [ -81.105463699490087, 40.111019244642478 ], [ -81.104459790786677, 40.112418144581738 ], [ -81.103475280459804, 40.113796113699721 ], [ -81.102509289871819, 40.115154386765596 ], [ -81.101560761419989, 40.11649445035863 ], [ -81.100628811070749, 40.117817551838584 ], [ -81.099711446825779, 40.119126533962401 ], [ -81.098809194788487, 40.120420657487387 ], [ -81.097921412842879, 40.121700846017291 ], [ -81.097047545208, 40.122967899049343 ], [ -81.096187008223808, 40.124222663745002 ], [ -81.095339417879813, 40.125465701281144 ], [ -81.094504352393926, 40.12669763129071 ], [ -81.093681436748852, 40.127919005957438 ], [ -81.092802703781729, 40.12923167170436 ], [ -81.091937438162176, 40.130533139093131 ], [ -81.091085267571032, 40.131823969300797 ], [ -81.09024586195693, 40.133104664148959 ], [ -81.08941887508098, 40.134375747942443 ], [ -81.08860406322691, 40.135637600195139 ], [ -81.08780116019534, 40.136890630997868 ], [ -81.087009928565294, 40.138135211770646 ], [ -81.086229951950656, 40.139371999018579 ], [ -81.085461223156869, 40.140601011627439 ], [ -81.084703545232401, 40.141822560762648 ], [ -81.083956742809391, 40.143036931509243 ], [ -81.083220631526899, 40.144244422442171 ], [ -81.082495073788607, 40.145445262888643 ], [ -81.081779920307042, 40.146639695665499 ], [ -81.081075036183961, 40.147827947401879 ], [ -81.080379549076895, 40.149011509173874 ], [ -81.079694104699115, 40.150189297298311 ], [ -81.079018589736108, 40.151361506928083 ], [ -81.078352898967069, 40.152528322424189 ], [ -81.077696925372777, 40.153689931745021 ], [ -81.077050580819616, 40.154846488674593 ], [ -81.076413776274705, 40.155998153292217 ], [ -81.075786429000459, 40.157145076684003 ], [ -81.075168413991094, 40.158287488177109 ], [ -81.074559702468264, 40.159425441730832 ], [ -81.073960223385541, 40.160559070444776 ], [ -81.07336991109247, 40.161688500224159 ], [ -81.072788696341206, 40.162813859671928 ], [ -81.072216524273131, 40.163935258505433 ], [ -81.071653337331611, 40.165052809139866 ], [ -81.07109908065803, 40.166166618594616 ], [ -81.070880714473333, 40.166610424131818 ], [ -80.988853608207421, 40.16505387843381 ], [ -80.98496125785573, 40.16899099254033 ], [ -80.985026274343056, 40.168395527131906 ], [ -80.985152785572552, 40.167182590803975 ], [ -80.985276023269819, 40.16594530802962 ], [ -80.985396203272103, 40.164681516838584 ], [ -80.985513588181504, 40.163388453614289 ], [ -80.985605264171568, 40.162335638878687 ], [ -80.985695528226017, 40.161260209790896 ], [ -80.98578457279973, 40.160159873079749 ], [ -80.985872641609092, 40.159031617814946 ], [ -80.985959891136019, 40.157873530239272 ], [ -80.986046797121958, 40.156679380748869 ], [ -80.986133769657727, 40.155443529695219 ], [ -80.986221414886359, 40.154157392149955 ], [ -80.986365893671007, 40.151952278774672 ], [ -80.986520215535506, 40.149493998149524 ], [ -80.986664143035739, 40.147129382814796 ], [ -80.987010114025509, 40.141361663609928 ], [ -80.987195212489041, 40.138360482949963 ], [ -80.987292162103586, 40.13684111252735 ], [ -80.987385800414302, 40.135415394804681 ], [ -80.987477722818596, 40.13405906877108 ], [ -80.987568799860185, 40.132759323583969 ], [ -80.987669954704586, 40.1313680642848 ], [ -80.987771606874105, 40.130025131854381 ], [ -80.987874309451797, 40.128723227395085 ], [ -80.987978459038629, 40.12745733448844 ], [ -80.988084516087497, 40.126221942088989 ], [ -80.9881926532683, 40.125015119352327 ], [ -80.98830312329045, 40.123834049601783 ], [ -80.988416131199472, 40.12267654568609 ], [ -80.988533108715956, 40.121528738260736 ], [ -80.988653039606049, 40.120401360734263 ], [ -80.988776082150423, 40.119292933721965 ], [ -80.988902372146697, 40.118202234145826 ], [ -80.98903206158036, 40.117127956190302 ], [ -80.989165244880098, 40.116069342626133 ], [ -80.989302031763316, 40.115025517513686 ], [ -80.989442519356771, 40.113995728120415 ], [ -80.989586934289548, 40.112978387142903 ], [ -80.989735239689537, 40.111973794954736 ], [ -80.989887520092964, 40.110981376889072 ], [ -80.990043853740815, 40.110000632023628 ], [ -80.990204325169429, 40.109031028858965 ], [ -80.990368995532663, 40.108072204069003 ], [ -80.990537933179041, 40.107123758354817 ], [ -80.99071120106106, 40.106185334685506 ], [ -80.990837379541404, 40.105522385050108 ], [ -80.990965810823468, 40.10486424319032 ], [ -80.991096516490984, 40.104210801187605 ], [ -80.991229517228419, 40.103561957418435 ], [ -80.99136483372007, 40.102917609360247 ], [ -80.991502483952445, 40.102277669778687 ], [ -80.991642486811259, 40.101642052338889 ], [ -80.991784861182339, 40.101010673403891 ], [ -80.991929634045334, 40.100383407967968 ], [ -80.992076815292762, 40.099760226353396 ], [ -80.992226419313738, 40.099141054815902 ], [ -80.992378464994147, 40.098525825006845 ], [ -80.992532969420949, 40.097914464980647 ], [ -80.992689946084113, 40.097306917180561 ], [ -80.992849412969974, 40.096703118654034 ], [ -80.993011384467763, 40.096103011844548 ], [ -80.993175938818467, 40.095506313465648 ], [ -80.993343030156666, 40.094913198885081 ], [ -80.993512671972212, 40.094323616841507 ], [ -80.993684880452861, 40.093737517872228 ], [ -80.993859668189089, 40.093154849816528 ], [ -80.994037050469444, 40.092575571305645 ], [ -80.994217039884461, 40.09199963557478 ], [ -80.994399649923878, 40.09142700035585 ], [ -80.994584899473466, 40.090857607192845 ], [ -80.994772795727897, 40.090291434502149 ], [ -80.99496335217691, 40.089728441814202 ], [ -80.995156580511718, 40.089168594055423 ], [ -80.995352495121494, 40.088611852555005 ], [ -80.995551105898755, 40.088058184937324 ], [ -80.995752425434034, 40.087507557028175 ], [ -80.995956466317807, 40.086959936451933 ], [ -80.996163561299284, 40.086414452664883 ], [ -80.996373409105502, 40.085871923150762 ], [ -80.996586021427731, 40.085332319131282 ], [ -80.996801408158433, 40.084795610928779 ], [ -80.997019582787459, 40.084261770664227 ], [ -80.997240554308121, 40.083730772257411 ], [ -80.997464335310781, 40.083202589627888 ], [ -80.99769093388943, 40.082677197594649 ], [ -80.997920367131201, 40.082154561983486 ], [ -80.998152640431954, 40.081634669304606 ], [ -80.99838776458364, 40.08111749437694 ], [ -80.99862574947872, 40.080603016516079 ], [ -80.998866605009766, 40.080091211440333 ], [ -80.999110342867993, 40.079582060263931 ], [ -80.999356971147279, 40.079075541403142 ], [ -80.999606499740139, 40.078571635072933 ], [ -80.999858964619477, 40.078070271126137 ], [ -81.000114350496858, 40.077571481039058 ], [ -81.000372665466102, 40.077075246825245 ], [ -81.00063392121848, 40.07658155049819 ], [ -81.000898124948492, 40.076090374071555 ], [ -81.001165287448032, 40.075601700458151 ], [ -81.001435415911658, 40.075115513470223 ], [ -81.00170852113132, 40.07463179602064 ], [ -81.001984613898799, 40.074150529223573 ], [ -81.002263700509332, 40.07367170138798 ], [ -81.00254578995623, 40.073195297225254 ], [ -81.002830891232634, 40.072721303245601 ], [ -81.003119011533101, 40.072249703261264 ], [ -81.003410161649583, 40.071780484681653 ], [ -81.003704347877317, 40.071313633117711 ], [ -81.004001579209501, 40.070849135978904 ], [ -81.004397302493487, 40.070240977539129 ], [ -81.004801396667062, 40.069631992622419 ], [ -81.005213910293662, 40.069022111081608 ], [ -81.005634893735305, 40.068411257373668 ], [ -81.00606439555537, 40.06779936045217 ], [ -81.006502477807089, 40.067186332183553 ], [ -81.006949199845678, 40.066572089830117 ], [ -81.007404627321648, 40.065956543459777 ], [ -81.007868779120827, 40.065339662495489 ], [ -81.008341776651605, 40.064721289555905 ], [ -81.008823695457124, 40.064101322118347 ], [ -81.00931462007361, 40.06347965226422 ], [ -81.009814629641426, 40.062856179269318 ], [ -81.010323829381207, 40.06223077363137 ], [ -81.010842317319032, 40.061603311243857 ], [ -81.011370205870264, 40.060973659906551 ], [ -81.011906771979909, 40.060342658686807 ], [ -81.012452950942873, 40.059709188828037 ], [ -81.013008874959553, 40.059073095646909 ], [ -81.013574690619464, 40.058434211869439 ], [ -81.014150536418072, 40.057792380114279 ], [ -81.014736599414505, 40.057147393537434 ], [ -81.015333059473051, 40.056499050690661 ], [ -81.015940119840593, 40.05584713483745 ], [ -81.016557758034082, 40.055191663064875 ], [ -81.017186439002899, 40.054532137148442 ], [ -81.017826417255321, 40.053868291788262 ], [ -81.018477979674969, 40.05319982840939 ], [ -81.019141387964623, 40.052526478114544 ], [ -81.019817031530749, 40.051847844302642 ], [ -81.020505281793305, 40.051163554654352 ], [ -81.021206566829562, 40.050473183790473 ], [ -81.02170531554782, 40.049986210795055 ], [ -81.022210853248225, 40.049495861744674 ], [ -81.022723370587073, 40.049001951379012 ], [ -81.023243078904954, 40.04850427555192 ], [ -81.023770173354762, 40.048002647204441 ], [ -81.024304937223064, 40.047496797439294 ], [ -81.024847640306291, 40.046986469949672 ], [ -81.025398590172756, 40.046471375153885 ], [ -81.025957626743036, 40.045951660540766 ], [ -81.026525602574452, 40.04542652841161 ], [ -81.027102925059921, 40.044895602849863 ], [ -81.027690069041398, 40.044358445885621 ], [ -81.028287446408513, 40.043814680703008 ], [ -81.028895766726237, 40.043263660689433 ], [ -81.029515696392252, 40.042704782399824 ], [ -81.030148042098403, 40.042137318282641 ], [ -81.030789287495566, 40.041564397978618 ], [ -81.031444747576984, 40.04098124788635 ], [ -81.032803513471322, 40.039779633123601 ], [ -81.034236527393773, 40.038521688425249 ], [ -81.035766513413819, 40.037187461432268 ], [ -81.037258122664184, 40.035893796561538 ], [ -81.03891496885069, 40.034463054326523 ], [ -81.040606645780031, 40.033006842391899 ], [ -81.04519790785713, 40.029060530019478 ], [ -81.046585154381319, 40.027864998271127 ], [ -81.047828076804251, 40.026790779670819 ], [ -81.049247624278394, 40.025559146437502 ], [ -81.050568900134579, 40.024407035756155 ], [ -81.051817803948438, 40.023311857556223 ], [ -81.053007388480182, 40.0222621589715 ], [ -81.053728575513333, 40.021622272449974 ], [ -81.054432121445188, 40.020995239039109 ], [ -81.055119561418564, 40.020379690870072 ], [ -81.055792099625648, 40.019774549655779 ], [ -81.05645102659355, 40.019178650774165 ], [ -81.057096994330777, 40.018591406068595 ], [ -81.05773079514006, 40.018012092484128 ], [ -81.058353086425768, 40.017440110173027 ], [ -81.05896538264625, 40.016874059790098 ], [ -81.059567253026273, 40.016314332540446 ], [ -81.060159171508531, 40.015760486857062 ], [ -81.060741545485882, 40.015212140527922 ], [ -81.061314804834353, 40.014668891556141 ], [ -81.061879225645725, 40.014130474641718 ], [ -81.062435117286782, 40.01359659570636 ], [ -81.062982752252196, 40.013066993047346 ], [ -81.063832706913843, 40.012242732016546 ], [ -81.064692140429884, 40.011411998564938 ], [ -81.065561404435243, 40.010574454547509 ], [ -81.066440895530889, 40.00972971775235 ], [ -81.067330972546301, 40.008877441940456 ], [ -81.068232167880183, 40.008017118994871 ], [ -81.069144986951528, 40.007148265080446 ], [ -81.070070006225762, 40.006270330711232 ], [ -81.071957223646905, 40.004486665727086 ], [ -81.073901691010178, 40.002658669561981 ], [ -81.075910600193993, 40.000779579314212 ], [ -81.077994351857797, 39.998839665218441 ], [ -81.079989954672612, 39.996989640159825 ], [ -81.082075313424923, 39.995063616093034 ], [ -81.084269855269554, 39.993043641650786 ], [ -81.08661022937855, 39.990895982363725 ], [ -81.08882588280818, 39.988867815097649 ], [ -81.091285116714744, 39.986621045125162 ], [ -81.100369942119073, 39.978336675697051 ], [ -81.104119314654611, 39.974912522295142 ], [ -81.106137541714133, 39.973065212289782 ], [ -81.108021261671865, 39.971337441969411 ], [ -81.109806965419068, 39.969695740366205 ], [ -81.111513161003529, 39.968123085112325 ], [ -81.113552146214545, 39.966237740979011 ], [ -81.115507736392885, 39.96442261141442 ], [ -81.117393622817417, 39.962664986300126 ], [ -81.119218767232269, 39.960956513632254 ], [ -81.120993046891556, 39.959287929494394 ], [ -81.122719469128185, 39.957656389330964 ], [ -81.124402778765216, 39.956057410021515 ], [ -81.12604658208403, 39.954487562451106 ], [ -81.127062683795771, 39.953512767500285 ], [ -81.128065042967307, 39.952547687026197 ], [ -81.129054277432942, 39.951591726576964 ], [ -81.130030926785821, 39.950644364545838 ], [ -81.13099556029681, 39.949705047849704 ], [ -81.131948563775154, 39.948773400572009 ], [ -81.132890361700788, 39.947849008125274 ], [ -81.133821330889646, 39.946931499988807 ], [ -81.134742171014352, 39.946020184583915 ], [ -81.135652854195826, 39.945115087990985 ], [ -81.136553688002266, 39.944215904440512 ], [ -81.137444947626193, 39.94332235873992 ], [ -81.138326922649298, 39.942434161307574 ], [ -81.139199826210984, 39.941551096306114 ], [ -81.140063888537611, 39.940672930811161 ], [ -81.140919320070509, 39.939799451683427 ], [ -81.141767611885768, 39.938929126478058 ], [ -81.14260763173678, 39.93806310632732 ], [ -81.143439558588739, 39.93720120866891 ], [ -81.144263555218856, 39.93634326353083 ], [ -81.145079790699754, 39.935489094646073 ], [ -81.145888399929675, 39.934638561720305 ], [ -81.146689523202895, 39.933791516365432 ], [ -81.147483290021796, 39.932947822783831 ], [ -81.148269903633093, 39.93210726244024 ], [ -81.14904940360708, 39.931269793965896 ], [ -81.149821900560198, 39.930435296851499 ], [ -81.15058750241127, 39.92960365688333 ], [ -81.151346316179513, 39.92877475535073 ], [ -81.152098431797128, 39.927948496026318 ], [ -81.152843940995069, 39.927124776387359 ], [ -81.153582931906726, 39.926303501105735 ], [ -81.154485607524748, 39.925293360999888 ], [ -81.155387105930174, 39.924279551660049 ], [ -81.156287442411497, 39.923262056898466 ], [ -81.157186629559249, 39.922240860527324 ], [ -81.158084683561242, 39.921215945459551 ], [ -81.15898161790733, 39.920187296406652 ], [ -81.15987744788589, 39.919154894482858 ], [ -81.160772189684792, 39.918118722601037 ], [ -81.161665854095872, 39.917078767271335 ], [ -81.162558460004902, 39.916035006010759 ], [ -81.163450024499014, 39.914987420832858 ], [ -81.164340563765961, 39.913935991952542 ], [ -81.165230093094294, 39.912880700483981 ], [ -81.166118629571088, 39.9118215266422 ], [ -81.167006190283416, 39.91075844974273 ], [ -81.167892792318469, 39.90969144910116 ], [ -81.168778416790474, 39.908620548099861 ], [ -81.169663119457368, 39.907545681987699 ], [ -81.170546915607645, 39.906466827382246 ], [ -81.171429825925713, 39.905383963599093 ], [ -81.172311868397969, 39.904297066356605 ], [ -81.17319306191024, 39.903206112272301 ], [ -81.17407342534824, 39.902111077963923 ], [ -81.174952979396437, 39.901011938250406 ], [ -81.175831739343266, 39.899908676044618 ], [ -81.176709729470417, 39.898801257172352 ], [ -81.177586970462301, 39.897689655553222 ], [ -81.178463485701286, 39.89657384600622 ], [ -81.179339294073145, 39.895453799753113 ], [ -81.180214418960247, 39.894329488914821 ], [ -81.181088882845643, 39.89320088561243 ], [ -81.181962709111701, 39.892067958369637 ], [ -81.182835456191299, 39.890931282752547 ], [ -81.183707614214995, 39.889790228336437 ], [ -81.184579204766464, 39.888644761846308 ], [ -81.185450253926035, 39.887494851806025 ], [ -81.186320785975454, 39.886340466739227 ], [ -81.18719082699505, 39.885181570673012 ], [ -81.188060403964414, 39.884018128533853 ], [ -81.18892954296399, 39.882850104348904 ], [ -81.189798262879492, 39.881677472937099 ], [ -81.190666600583086, 39.880500186634379 ], [ -81.191534584853173, 39.879318204071922 ], [ -81.192402244467985, 39.878131487478242 ], [ -81.19326960820581, 39.876939997283102 ], [ -81.194136707542953, 39.875743688520458 ], [ -81.195003574855036, 39.874542518922169 ], [ -81.195870240718989, 39.873336445320774 ], [ -81.196736644880218, 39.872125551353179 ], [ -81.197602915042467, 39.870909661651638 ], [ -81.198469084480621, 39.869688726753395 ], [ -81.199335189167584, 39.868462698095072 ], [ -81.20020126327762, 39.867231526214027 ], [ -81.20106734548159, 39.865995156251529 ], [ -81.201933473550923, 39.864753535147599 ], [ -81.202799687055858, 39.863506606244925 ], [ -81.203666009378765, 39.862254334470038 ], [ -81.204532497176956, 39.860996637984499 ], [ -81.205399193617836, 39.859733456533831 ], [ -81.206266140070284, 39.858464726266163 ], [ -81.207133381500341, 39.857190386926845 ], [ -81.20800096287411, 39.855910365670866 ], [ -81.208868933654344, 39.854624595049074 ], [ -81.209737340605727, 39.853333002216345 ], [ -81.21059047527018, 39.852059092752995 ], [ -81.211444127044786, 39.850779426729218 ], [ -81.212298347190938, 39.849493929501307 ], [ -81.213153186969976, 39.848202521928897 ], [ -81.214008696743917, 39.846905129368281 ], [ -81.214864934069396, 39.845601663685898 ], [ -81.215004633856722, 39.84538818981315 ] ] ] } },
{ "type": "Feature", "properties": { "TC_NUMBER": 22, "NAME": "CORE DRY GAS WEST_S", "AOI": "CORE DRY GAS WEST", "SPACING": 0, "BASE_LL": 15, "OIL_EUR": 0, "GAS_EUR": 1389, "CONFIDENCE": "HIGH", "Shape_Area": 0.034893024579400002 }, "geometry": { "type": "Polygon", "coordinates": [ [ [ -81.157397454928571, 39.832554799464504 ], [ -81.215004633856722, 39.84538818981315 ], [ -81.214864934069396, 39.845601663685898 ], [ -81.214008696743917, 39.846905129368281 ], [ -81.213153186969976, 39.848202521928897 ], [ -81.212298347190938, 39.849493929501307 ], [ -81.211444127044786, 39.850779426729218 ], [ -81.21059047527018, 39.852059092752995 ], [ -81.209737340605727, 39.853333002216345 ], [ -81.208868933654344, 39.854624595049074 ], [ -81.20800096287411, 39.855910365670866 ], [ -81.207133381500341, 39.857190386926845 ], [ -81.206266140070284, 39.858464726266163 ], [ -81.205399193617836, 39.859733456533831 ], [ -81.204532497176956, 39.860996637984499 ], [ -81.203666009378765, 39.862254334470038 ], [ -81.202799687055858, 39.863506606244925 ], [ -81.201933473550923, 39.864753535147599 ], [ -81.20106734548159, 39.865995156251529 ], [ -81.20020126327762, 39.867231526214027 ], [ -81.199335189167584, 39.868462698095072 ], [ -81.198469084480621, 39.869688726753395 ], [ -81.197602915042467, 39.870909661651638 ], [ -81.196736644880218, 39.872125551353179 ], [ -81.195870240718989, 39.873336445320774 ], [ -81.195003574855036, 39.874542518922169 ], [ -81.194136707542953, 39.875743688520458 ], [ -81.19326960820581, 39.876939997283102 ], [ -81.192402244467985, 39.878131487478242 ], [ -81.191534584853173, 39.879318204071922 ], [ -81.190666600583086, 39.880500186634379 ], [ -81.189798262879492, 39.881677472937099 ], [ -81.18892954296399, 39.882850104348904 ], [ -81.188060403964414, 39.884018128533853 ], [ -81.18719082699505, 39.885181570673012 ], [ -81.186320785975454, 39.886340466739227 ], [ -81.185450253926035, 39.887494851806025 ], [ -81.184579204766464, 39.888644761846308 ], [ -81.183707614214995, 39.889790228336437 ], [ -81.182835456191299, 39.890931282752547 ], [ -81.181962709111701, 39.892067958369637 ], [ -81.181088882845643, 39.89320088561243 ], [ -81.180214418960247, 39.894329488914821 ], [ -81.179339294073145, 39.895453799753113 ], [ -81.178463485701286, 39.89657384600622 ], [ -81.177586970462301, 39.897689655553222 ], [ -81.176709729470417, 39.898801257172352 ], [ -81.175831739343266, 39.899908676044618 ], [ -81.174952979396437, 39.901011938250406 ], [ -81.17407342534824, 39.902111077963923 ], [ -81.17319306191024, 39.903206112272301 ], [ -81.172311868397969, 39.904297066356605 ], [ -81.171429825925713, 39.905383963599093 ], [ -81.170546915607645, 39.906466827382246 ], [ -81.169663119457368, 39.907545681987699 ], [ -81.168778416790474, 39.908620548099861 ], [ -81.167892792318469, 39.90969144910116 ], [ -81.167006190283416, 39.91075844974273 ], [ -81.166118629571088, 39.9118215266422 ], [ -81.165230093094294, 39.912880700483981 ], [ -81.164340563765961, 39.913935991952542 ], [ -81.163450024499014, 39.914987420832858 ], [ -81.162558460004902, 39.916035006010759 ], [ -81.161665854095872, 39.917078767271335 ], [ -81.160772189684792, 39.918118722601037 ], [ -81.15987744788589, 39.919154894482858 ], [ -81.15898161790733, 39.920187296406652 ], [ -81.158084683561242, 39.921215945459551 ], [ -81.157186629559249, 39.922240860527324 ], [ -81.156287442411497, 39.923262056898466 ], [ -81.155387105930174, 39.924279551660049 ], [ -81.154485607524748, 39.925293360999888 ], [ -81.153582931906726, 39.926303501105735 ], [ -81.152843940995069, 39.927124776387359 ], [ -81.152098431797128, 39.927948496026318 ], [ -81.151346316179513, 39.92877475535073 ], [ -81.15058750241127, 39.92960365688333 ], [ -81.149821900560198, 39.930435296851499 ], [ -81.14904940360708, 39.931269793965896 ], [ -81.148269903633093, 39.93210726244024 ], [ -81.147483290021796, 39.932947822783831 ], [ -81.146689523202895, 39.933791516365432 ], [ -81.145888399929675, 39.934638561720305 ], [ -81.145079790699754, 39.935489094646073 ], [ -81.144263555218856, 39.93634326353083 ], [ -81.143439558588739, 39.93720120866891 ], [ -81.14260763173678, 39.93806310632732 ], [ -81.141767611885768, 39.938929126478058 ], [ -81.140919320070509, 39.939799451683427 ], [ -81.140063888537611, 39.940672930811161 ], [ -81.139199826210984, 39.941551096306114 ], [ -81.138326922649298, 39.942434161307574 ], [ -81.137444947626193, 39.94332235873992 ], [ -81.136553688002266, 39.944215904440512 ], [ -81.135652854195826, 39.945115087990985 ], [ -81.134742171014352, 39.946020184583915 ], [ -81.133821330889646, 39.946931499988807 ], [ -81.132890361700788, 39.947849008125274 ], [ -81.131948563775154, 39.948773400572009 ], [ -81.13099556029681, 39.949705047849704 ], [ -81.130030926785821, 39.950644364545838 ], [ -81.129054277432942, 39.951591726576964 ], [ -81.128065042967307, 39.952547687026197 ], [ -81.127062683795771, 39.953512767500285 ], [ -81.12604658208403, 39.954487562451106 ], [ -81.124402778765216, 39.956057410021515 ], [ -81.122719469128185, 39.957656389330964 ], [ -81.120993046891556, 39.959287929494394 ], [ -81.119218767232269, 39.960956513632254 ], [ -81.117393622817417, 39.962664986300126 ], [ -81.115507736392885, 39.96442261141442 ], [ -81.113552146214545, 39.966237740979011 ], [ -81.111513161003529, 39.968123085112325 ], [ -81.109806965419068, 39.969695740366205 ], [ -81.108021261671865, 39.971337441969411 ], [ -81.106137541714133, 39.973065212289782 ], [ -81.104119314654611, 39.974912522295142 ], [ -81.100369942119073, 39.978336675697051 ], [ -81.091285116714744, 39.986621045125162 ], [ -81.08882588280818, 39.988867815097649 ], [ -81.08661022937855, 39.990895982363725 ], [ -81.084269855269554, 39.993043641650786 ], [ -81.082075313424923, 39.995063616093034 ], [ -81.079989954672612, 39.996989640159825 ], [ -81.077994351857797, 39.998839665218441 ], [ -81.075910600193993, 40.000779579314212 ], [ -81.073901691010178, 40.002658669561981 ], [ -81.071957223646905, 40.004486665727086 ], [ -81.070070006225762, 40.006270330711232 ], [ -81.069144986951528, 40.007148265080446 ], [ -81.068232167880183, 40.008017118994871 ], [ -81.067330972546301, 40.008877441940456 ], [ -81.066440895530889, 40.00972971775235 ], [ -81.065561404435243, 40.010574454547509 ], [ -81.064692140429884, 40.011411998564938 ], [ -81.063832706913843, 40.012242732016546 ], [ -81.062982752252196, 40.013066993047346 ], [ -81.062435117286782, 40.01359659570636 ], [ -81.061879225645725, 40.014130474641718 ], [ -81.061314804834353, 40.014668891556141 ], [ -81.060741545485882, 40.015212140527922 ], [ -81.060159171508531, 40.015760486857062 ], [ -81.059567253026273, 40.016314332540446 ], [ -81.05896538264625, 40.016874059790098 ], [ -81.058353086425768, 40.017440110173027 ], [ -81.05773079514006, 40.018012092484128 ], [ -81.057096994330777, 40.018591406068595 ], [ -81.05645102659355, 40.019178650774165 ], [ -81.055792099625648, 40.019774549655779 ], [ -81.055119561418564, 40.020379690870072 ], [ -81.054432121445188, 40.020995239039109 ], [ -81.053728575513333, 40.021622272449974 ], [ -81.053007388480182, 40.0222621589715 ], [ -81.051817803948438, 40.023311857556223 ], [ -81.050568900134579, 40.024407035756155 ], [ -81.049247624278394, 40.025559146437502 ], [ -81.047828076804251, 40.026790779670819 ], [ -81.046585154381319, 40.027864998271127 ], [ -81.04519790785713, 40.029060530019478 ], [ -81.040606645780031, 40.033006842391899 ], [ -81.03891496885069, 40.034463054326523 ], [ -81.037258122664184, 40.035893796561538 ], [ -81.035766513413819, 40.037187461432268 ], [ -81.034236527393773, 40.038521688425249 ], [ -81.032803513471322, 40.039779633123601 ], [ -81.031444747576984, 40.04098124788635 ], [ -81.030789287495566, 40.041564397978618 ], [ -81.030148042098403, 40.042137318282641 ], [ -81.029515696392252, 40.042704782399824 ], [ -81.028895766726237, 40.043263660689433 ], [ -81.028287446408513, 40.043814680703008 ], [ -81.027690069041398, 40.044358445885621 ], [ -81.027102925059921, 40.044895602849863 ], [ -81.026525602574452, 40.04542652841161 ], [ -81.025957626743036, 40.045951660540766 ], [ -81.025398590172756, 40.046471375153885 ], [ -81.024847640306291, 40.046986469949672 ], [ -81.024304937223064, 40.047496797439294 ], [ -81.023770173354762, 40.048002647204441 ], [ -81.023243078904954, 40.04850427555192 ], [ -81.022723370587073, 40.049001951379012 ], [ -81.022210853248225, 40.049495861744674 ], [ -81.02170531554782, 40.049986210795055 ], [ -81.021206566829562, 40.050473183790473 ], [ -81.020505281793305, 40.051163554654352 ], [ -81.019817031530749, 40.051847844302642 ], [ -81.019141387964623, 40.052526478114544 ], [ -81.018477979674969, 40.05319982840939 ], [ -81.017826417255321, 40.053868291788262 ], [ -81.017186439002899, 40.054532137148442 ], [ -81.016557758034082, 40.055191663064875 ], [ -81.015940119840593, 40.05584713483745 ], [ -81.015333059473051, 40.056499050690661 ], [ -81.014736599414505, 40.057147393537434 ], [ -81.014150536418072, 40.057792380114279 ], [ -81.013574690619464, 40.058434211869439 ], [ -81.013008874959553, 40.059073095646909 ], [ -81.012452950942873, 40.059709188828037 ], [ -81.011906771979909, 40.060342658686807 ], [ -81.011370205870264, 40.060973659906551 ], [ -81.010842317319032, 40.061603311243857 ], [ -81.010323829381207, 40.06223077363137 ], [ -81.009814629641426, 40.062856179269318 ], [ -81.00931462007361, 40.06347965226422 ], [ -81.008823695457124, 40.064101322118347 ], [ -81.008341776651605, 40.064721289555905 ], [ -81.007868779120827, 40.065339662495489 ], [ -81.007404627321648, 40.065956543459777 ], [ -81.006949199845678, 40.066572089830117 ], [ -81.006502477807089, 40.067186332183553 ], [ -81.00606439555537, 40.06779936045217 ], [ -81.005634893735305, 40.068411257373668 ], [ -81.005213910293662, 40.069022111081608 ], [ -81.004801396667062, 40.069631992622419 ], [ -81.004397302493487, 40.070240977539129 ], [ -81.004001579209501, 40.070849135978904 ], [ -81.003704347877317, 40.071313633117711 ], [ -81.003410161649583, 40.071780484681653 ], [ -81.003119011533101, 40.072249703261264 ], [ -81.002830891232634, 40.072721303245601 ], [ -81.00254578995623, 40.073195297225254 ], [ -81.002263700509332, 40.07367170138798 ], [ -81.001984613898799, 40.074150529223573 ], [ -81.00170852113132, 40.07463179602064 ], [ -81.001435415911658, 40.075115513470223 ], [ -81.001165287448032, 40.075601700458151 ], [ -81.000898124948492, 40.076090374071555 ], [ -81.00063392121848, 40.07658155049819 ], [ -81.000372665466102, 40.077075246825245 ], [ -81.000114350496858, 40.077571481039058 ], [ -80.999858964619477, 40.078070271126137 ], [ -80.999606499740139, 40.078571635072933 ], [ -80.999356971147279, 40.079075541403142 ], [ -80.999110342867993, 40.079582060263931 ], [ -80.998866605009766, 40.080091211440333 ], [ -80.99862574947872, 40.080603016516079 ], [ -80.99838776458364, 40.08111749437694 ], [ -80.998152640431954, 40.081634669304606 ], [ -80.997920367131201, 40.082154561983486 ], [ -80.99769093388943, 40.082677197594649 ], [ -80.997464335310781, 40.083202589627888 ], [ -80.997240554308121, 40.083730772257411 ], [ -80.997019582787459, 40.084261770664227 ], [ -80.996801408158433, 40.084795610928779 ], [ -80.996586021427731, 40.085332319131282 ], [ -80.996373409105502, 40.085871923150762 ], [ -80.996163561299284, 40.086414452664883 ], [ -80.995956466317807, 40.086959936451933 ], [ -80.995752425434034, 40.087507557028175 ], [ -80.995551105898755, 40.088058184937324 ], [ -80.995352495121494, 40.088611852555005 ], [ -80.995156580511718, 40.089168594055423 ], [ -80.99496335217691, 40.089728441814202 ], [ -80.994772795727897, 40.090291434502149 ], [ -80.994584899473466, 40.090857607192845 ], [ -80.994399649923878, 40.09142700035585 ], [ -80.994217039884461, 40.09199963557478 ], [ -80.994037050469444, 40.092575571305645 ], [ -80.993859668189089, 40.093154849816528 ], [ -80.993684880452861, 40.093737517872228 ], [ -80.993512671972212, 40.094323616841507 ], [ -80.993343030156666, 40.094913198885081 ], [ -80.993175938818467, 40.095506313465648 ], [ -80.993011384467763, 40.096103011844548 ], [ -80.992849412969974, 40.096703118654034 ], [ -80.992689946084113, 40.097306917180561 ], [ -80.992532969420949, 40.097914464980647 ], [ -80.992378464994147, 40.098525825006845 ], [ -80.992226419313738, 40.099141054815902 ], [ -80.992076815292762, 40.099760226353396 ], [ -80.991929634045334, 40.100383407967968 ], [ -80.991784861182339, 40.101010673403891 ], [ -80.991642486811259, 40.101642052338889 ], [ -80.991502483952445, 40.102277669778687 ], [ -80.99136483372007, 40.102917609360247 ], [ -80.991229517228419, 40.103561957418435 ], [ -80.991096516490984, 40.104210801187605 ], [ -80.990965810823468, 40.10486424319032 ], [ -80.990837379541404, 40.105522385050108 ], [ -80.99071120106106, 40.106185334685506 ], [ -80.990537933179041, 40.107123758354817 ], [ -80.990368995532663, 40.108072204069003 ], [ -80.990204325169429, 40.109031028858965 ], [ -80.990043853740815, 40.110000632023628 ], [ -80.989887520092964, 40.110981376889072 ], [ -80.989735239689537, 40.111973794954736 ], [ -80.989586934289548, 40.112978387142903 ], [ -80.989442519356771, 40.113995728120415 ], [ -80.989302031763316, 40.115025517513686 ], [ -80.989165244880098, 40.116069342626133 ], [ -80.98903206158036, 40.117127956190302 ], [ -80.988902372146697, 40.118202234145826 ], [ -80.988776082150423, 40.119292933721965 ], [ -80.988653039606049, 40.120401360734263 ], [ -80.988533108715956, 40.121528738260736 ], [ -80.988416131199472, 40.12267654568609 ], [ -80.98830312329045, 40.123834049601783 ], [ -80.9881926532683, 40.125015119352327 ], [ -80.988084516087497, 40.126221942088989 ], [ -80.987978459038629, 40.12745733448844 ], [ -80.987874309451797, 40.128723227395085 ], [ -80.987771606874105, 40.130025131854381 ], [ -80.987669954704586, 40.1313680642848 ], [ -80.987568799860185, 40.132759323583969 ], [ -80.987477722818596, 40.13405906877108 ], [ -80.987385800414302, 40.135415394804681 ], [ -80.987292162103586, 40.13684111252735 ], [ -80.987195212489041, 40.138360482949963 ], [ -80.987010114025509, 40.141361663609928 ], [ -80.986664143035739, 40.147129382814796 ], [ -80.986520215535506, 40.149493998149524 ], [ -80.986365893671007, 40.151952278774672 ], [ -80.986221414886359, 40.154157392149955 ], [ -80.986133769657727, 40.155443529695219 ], [ -80.986046797121958, 40.156679380748869 ], [ -80.985959891136019, 40.157873530239272 ], [ -80.985872641609092, 40.159031617814946 ], [ -80.98578457279973, 40.160159873079749 ], [ -80.985695528226017, 40.161260209790896 ], [ -80.985605264171568, 40.162335638878687 ], [ -80.985513588181504, 40.163388453614289 ], [ -80.985396203272103, 40.164681516838584 ], [ -80.985276023269819, 40.16594530802962 ], [ -80.985152785572552, 40.167182590803975 ], [ -80.985026274343056, 40.168395527131906 ], [ -80.984961259654369, 40.16899099074169 ], [ -80.981050807748545, 40.169933310274075 ], [ -80.968563627609285, 40.164259518961671 ], [ -80.882165840481093, 40.163872652201178 ], [ -80.869206810345986, 40.166622152190598 ], [ -80.869398071863486, 40.166210787897569 ], [ -80.870172892664812, 40.164554687249051 ], [ -80.870957882100527, 40.162887107653944 ], [ -80.871753261403853, 40.161207576968138 ], [ -80.872559275190383, 40.159515579880178 ], [ -80.87337615098852, 40.157810634353325 ], [ -80.874204204460455, 40.156092083882641 ], [ -80.875043738677562, 40.154359299841872 ], [ -80.875895091785026, 40.152611583457883 ], [ -80.876704245104804, 40.150958971279579 ], [ -80.877524432206769, 40.149291910593263 ], [ -80.878356005625108, 40.147609685538612 ], [ -80.879199362860277, 40.14591149302106 ], [ -80.880054863641021, 40.144196604589695 ], [ -80.880923050258502, 40.142463936561455 ], [ -80.881804435326387, 40.140712461910653 ], [ -80.882699612397175, 40.138941003424634 ], [ -80.883608156091498, 40.13715039027835 ], [ -80.884531835375867, 40.135337121411055 ], [ -80.885471453344849, 40.133499622109923 ], [ -80.886427960581898, 40.131636032576921 ], [ -80.887402160181523, 40.129744786192987 ], [ -80.888395536025143, 40.127822997933038 ], [ -80.889409475766683, 40.125867985119498 ], [ -80.890445702507122, 40.123876422958631 ], [ -80.891406484221818, 40.122035299389609 ], [ -80.892389027731383, 40.120157532044516 ], [ -80.893395391584022, 40.11823918459072 ], [ -80.894428276443762, 40.1162751138055 ], [ -80.895489409908294, 40.114262020975559 ], [ -80.896584363277725, 40.112189330073591 ], [ -80.897718186245243, 40.110047478608294 ], [ -80.898898542833422, 40.107821988394107 ], [ -80.900957142258278, 40.103949474388799 ], [ -80.903254758100559, 40.099637697321953 ], [ -80.905461761850802, 40.095502871760175 ], [ -80.910806376113328, 40.08549745354469 ], [ -80.913558054260761, 40.080338712961293 ], [ -80.913947353687377, 40.07960416470047 ], [ -80.914337945439797, 40.078861027914172 ], [ -80.914730019274941, 40.078108943772804 ], [ -80.915123785634137, 40.077347506682145 ], [ -80.915519434274415, 40.076576348819515 ], [ -80.915917254777469, 40.075794912605204 ], [ -80.916317515141145, 40.075002665640568 ], [ -80.916720527430357, 40.07419899368864 ], [ -80.917126029042947, 40.07338443184608 ], [ -80.917534992146159, 40.072557042073868 ], [ -80.917947833125936, 40.071715978109978 ], [ -80.918365051106207, 40.070860228216986 ], [ -80.918787051681079, 40.069988960522153 ], [ -80.91921462895192, 40.069100539158626 ], [ -80.91964851406766, 40.068193446970042 ], [ -80.920089627933919, 40.067265754011373 ], [ -80.920817364729544, 40.065723942805789 ], [ -80.921572636967596, 40.064110153460888 ], [ -80.922363248065381, 40.062407722438479 ], [ -80.923204419947979, 40.060583884738548 ], [ -80.923942370344093, 40.058975177462514 ], [ -80.924761148208404, 40.05718305165658 ], [ -80.92751117699919, 40.051141111173422 ], [ -80.928555753045543, 40.048851386882063 ], [ -80.92960476724619, 40.046563132982271 ], [ -80.93055575354515, 40.044502704336367 ], [ -80.931077209245757, 40.043379925043553 ], [ -80.931582281097349, 40.042297846368569 ], [ -80.93207396114434, 40.041250063339817 ], [ -80.932554282753927, 40.040232242124318 ], [ -80.933025502325052, 40.039239611818687 ], [ -80.933488383382155, 40.038270574327612 ], [ -80.93394406626561, 40.037322742850336 ], [ -80.934393438606264, 40.036394271078791 ], [ -80.934889940818096, 40.035375919263288 ], [ -80.935380432860654, 40.034377920005056 ], [ -80.935865723224481, 40.03339863024263 ], [ -80.93634646841474, 40.032436722576733 ], [ -80.93682338159374, 40.031490776078499 ], [ -80.937296854865906, 40.030560012834371 ], [ -80.937767357677387, 40.029643512837879 ], [ -80.938235287528471, 40.028740499074843 ], [ -80.938701539244619, 40.027849261933966 ], [ -80.939165912277019, 40.026970198915592 ], [ -80.93962871239512, 40.026102729957074 ], [ -80.940090208496315, 40.02524635053868 ], [ -80.940550687464224, 40.024400530060461 ], [ -80.941010344451797, 40.023564911491519 ], [ -80.941469396195657, 40.022739102727485 ], [ -80.941928035150681, 40.021922753932017 ], [ -80.942234052859192, 40.021382917887422 ], [ -80.94254002020574, 40.020847062242183 ], [ -80.942845985753593, 40.020315098862795 ], [ -80.943151997166922, 40.019786948608839 ], [ -80.943458101210354, 40.01926252694409 ], [ -80.943764337454184, 40.018741768218092 ], [ -80.944070749065759, 40.018224599585665 ], [ -80.944377373816735, 40.017710956295673 ], [ -80.944684271961535, 40.017200738523343 ], [ -80.944991457889444, 40.016693921986985 ], [ -80.945298967573251, 40.016190447331326 ], [ -80.945606834287958, 40.015690260597125 ], [ -80.945915093107033, 40.015193304227637 ], [ -80.946223773708141, 40.014699532357611 ], [ -80.946532905768947, 40.014208894624858 ], [ -80.94684251896706, 40.013721345164015 ], [ -80.947152758992615, 40.013236658245262 ], [ -80.947463535913414, 40.012754973263441 ], [ -80.947774878507801, 40.012276248849844 ], [ -80.948086811057465, 40.011800446333609 ], [ -80.948399360541998, 40.011327523446482 ], [ -80.948712550343885, 40.01085744691369 ], [ -80.949026403845437, 40.010390179862952 ], [ -80.949340944429025, 40.009925688120063 ], [ -80.949656203570896, 40.009463925819546 ], [ -80.94997219386164, 40.009004874975062 ], [ -80.950288935985554, 40.008548504110252 ], [ -80.950606451526482, 40.008094784446826 ], [ -80.950924760269459, 40.00764368450848 ], [ -80.951243881999517, 40.007195180013582 ], [ -80.951563834703165, 40.006749242183844 ], [ -80.951884637266176, 40.006305846737462 ], [ -80.952206796906125, 40.005864300297276 ], [ -80.952529845076242, 40.005425253972362 ], [ -80.952853798863714, 40.004988683481031 ], [ -80.953178676254879, 40.004554566340232 ], [ -80.953504493437606, 40.004122880066916 ], [ -80.95383126570033, 40.003693603976672 ], [ -80.954159010130184, 40.003266716485825 ], [ -80.954487741116338, 40.00284219690991 ], [ -80.954817480242468, 40.002420020967236 ], [ -80.955148235602564, 40.002000175168007 ], [ -80.955480023384325, 40.001582640626395 ], [ -80.955812856178341, 40.001167401154703 ], [ -80.956146750172366, 40.000754436068405 ], [ -80.956481717057557, 40.000343731877763 ], [ -80.956817771223143, 39.999935270596325 ], [ -80.957154924360225, 39.999529036036222 ], [ -80.957493225032295, 39.999124973338894 ], [ -80.957832651655508, 39.99872310768535 ], [ -80.958173215921136, 39.998323423787042 ], [ -80.958514931318973, 39.997925908154173 ], [ -80.958857808640914, 39.997530545498307 ], [ -80.959201861376755, 39.997137324128232 ], [ -80.959547098519749, 39.996746228755512 ], [ -80.959893533559693, 39.996357248588197 ], [ -80.96024118088576, 39.995970366539211 ], [ -80.960590046793186, 39.995585573615358 ], [ -80.960940142973186, 39.995202858125481 ], [ -80.961291479318277, 39.994822209277572 ], [ -80.961644068418991, 39.99444361448127 ], [ -80.961997918369207, 39.99406706294468 ], [ -80.96235303996076, 39.993692544775172 ], [ -80.962709443086283, 39.993320049180966 ], [ -80.963003163465203, 39.993015910156203 ], [ -80.963300259899029, 39.992711654219534 ], [ -80.963600760266843, 39.992407251693351 ], [ -80.963904691548237, 39.992102674698742 ], [ -80.964212081622236, 39.991797894457306 ], [ -80.964522964663047, 39.991492879492853 ], [ -80.964837373046294, 39.991187597429757 ], [ -80.965155340046863, 39.990882014993076 ], [ -80.965476881852567, 39.990576116894317 ], [ -80.965802056020038, 39.9902698473756 ], [ -80.966130902119403, 39.989963169564703 ], [ -80.966463462418801, 39.989656044790706 ], [ -80.966799777387791, 39.989348435282125 ], [ -80.967139897388336, 39.989040294274218 ], [ -80.967483869185173, 39.988731579498847 ], [ -80.967831746737659, 39.98842224419127 ], [ -80.968183268343125, 39.988112514081308 ], [ -80.968538800924875, 39.987802065413064 ], [ -80.968898403838239, 39.987490844227125 ], [ -80.969262142733669, 39.987178794765612 ], [ -80.969630079664398, 39.98686586306917 ], [ -80.97000229377079, 39.986551981688649 ], [ -80.970378863293888, 39.986237085872858 ], [ -80.970759870071902, 39.985921105474688 ], [ -80.971145327594741, 39.985604029702245 ], [ -80.971535404934968, 39.985285718261366 ], [ -80.971930201017926, 39.984966091112256 ], [ -80.972329825560962, 39.984645057423506 ], [ -80.972734382885449, 39.984322536256116 ], [ -80.973144010587589, 39.983998415194776 ], [ -80.973558842666421, 39.983672589918115 ], [ -80.973979027510097, 39.983344942615076 ], [ -80.974828479450707, 39.98268952210384 ], [ -80.975701012491697, 39.982025361980902 ], [ -80.976598247211314, 39.981351228376525 ], [ -80.977522279029927, 39.980665545678448 ], [ -80.978474551359398, 39.979967230203556 ], [ -80.979459200181907, 39.979253236847455 ], [ -80.980480017938419, 39.978520813684668 ], [ -80.981542547150809, 39.97776598301374 ], [ -80.982541184927697, 39.977062724864936 ], [ -80.983587105460515, 39.976331787382151 ], [ -80.984690187801903, 39.975566259275524 ], [ -80.985869184615126, 39.974753124657013 ], [ -80.986977471333205, 39.973992609371464 ], [ -80.98820940583937, 39.973150558851273 ], [ -80.99273236890366, 39.970070704599379 ], [ -80.99458910380406, 39.968802630836819 ], [ -80.995585508564318, 39.96811910201501 ], [ -80.996514964194205, 39.967478892636848 ], [ -80.997395359108509, 39.966869679292301 ], [ -80.998235769265307, 39.966285177518955 ], [ -80.999235598643907, 39.965585477088155 ], [ -81.000193218342304, 39.964910302968178 ], [ -81.001115263558518, 39.96425497778506 ], [ -81.002006073521443, 39.963616414166211 ], [ -81.002870420933164, 39.962991180298786 ], [ -81.003709757299418, 39.962378214083344 ], [ -81.004526368696929, 39.96177584547894 ], [ -81.005321990817208, 39.961182792951604 ], [ -81.005811076320072, 39.960815002610332 ], [ -81.006292813462551, 39.960450196219654 ], [ -81.00676749542356, 39.960088153445554 ], [ -81.007235376711208, 39.95972867913531 ], [ -81.007696726222889, 39.959371567344022 ], [ -81.008151725621588, 39.959016676878207 ], [ -81.008600574556851, 39.958663850356459 ], [ -81.009043451094328, 39.958312951081894 ], [ -81.009480682587366, 39.957963715553092 ], [ -81.009912254646792, 39.957616154561947 ], [ -81.010338312962745, 39.957270151196553 ], [ -81.010758984339645, 39.956925602034971 ], [ -81.011174403675739, 39.956582395561156 ], [ -81.011584670795855, 39.956240449936843 ], [ -81.011989892719328, 39.955899677028526 ], [ -81.012390165673594, 39.955559994098508 ], [ -81.012786175841313, 39.955220812090886 ], [ -81.013177401615735, 39.954882571673409 ], [ -81.013563923935919, 39.954545202699023 ], [ -81.01394581744546, 39.954208639517162 ], [ -81.014323159486196, 39.953872813779412 ], [ -81.014696012111244, 39.953537669727723 ], [ -81.015064439172477, 39.953203152503534 ], [ -81.015428498226584, 39.952869206348851 ], [ -81.015788282802987, 39.952535746727392 ], [ -81.016143809988819, 39.952202757451346 ], [ -81.016495129246778, 39.951870191755972 ], [ -81.0168422891403, 39.951538004675228 ], [ -81.017185338232707, 39.951206147645678 ], [ -81.017524315194976, 39.950874584694361 ], [ -81.017859262295076, 39.950543274452627 ], [ -81.018190217304664, 39.950212179148821 ], [ -81.018774863868828, 39.949618919777379 ], [ -81.01935917408656, 39.949016630313281 ], [ -81.019943413257863, 39.948405040060607 ], [ -81.020527872763068, 39.947783840551836 ], [ -81.021112818801498, 39.947152752997226 ], [ -81.021698642578258, 39.946511354715312 ], [ -81.022285711916027, 39.945859244608528 ], [ -81.022874443200976, 39.945195958626641 ], [ -81.023464534260825, 39.944521855599191 ], [ -81.024057240549155, 39.943835519093966 ], [ -81.02465310975316, 39.943136315088907 ], [ -81.025252790284014, 39.94242348365691 ], [ -81.025856816338944, 39.94169639077586 ], [ -81.02646619066212, 39.940953837649545 ], [ -81.027081830561997, 39.940194702823305 ], [ -81.027704878177531, 39.93941758065688 ], [ -81.02824154321263, 39.938741319256508 ], [ -81.02878547566911, 39.938049653368864 ], [ -81.029337770022039, 39.937341192641952 ], [ -81.029899840005555, 39.936614121344689 ], [ -81.03047261821672, 39.935867246975931 ], [ -81.031058928526704, 39.935096896704465 ], [ -81.031661312419601, 39.934299733146247 ], [ -81.032283538954118, 39.933470769560415 ], [ -81.032826502840805, 39.932743242306856 ], [ -81.033391355326728, 39.931982716229413 ], [ -81.033983683899862, 39.931181671197237 ], [ -81.03461423006263, 39.930325583159174 ], [ -81.03581749328265, 39.928684738609832 ], [ -81.038928886758697, 39.924429366122411 ], [ -81.039841788567628, 39.92318650665203 ], [ -81.040665438059477, 39.92207059817963 ], [ -81.041595838876844, 39.920818193305024 ], [ -81.042471357667011, 39.919649298576303 ], [ -81.043308481701047, 39.918541905784366 ], [ -81.044115717666216, 39.917484777000936 ], [ -81.044598477337843, 39.916858062849371 ], [ -81.045073616154411, 39.916245515718003 ], [ -81.045542103585149, 39.915645883750585 ], [ -81.046004713946331, 39.915058178592119 ], [ -81.046462283607468, 39.914481338143275 ], [ -81.046915246941069, 39.913914816515614 ], [ -81.047364133647818, 39.913357953606749 ], [ -81.0478093879928, 39.912810198132206 ], [ -81.048252038800513, 39.912270291940501 ], [ -81.048691816274243, 39.911738575874608 ], [ -81.049129050465297, 39.911214649736337 ], [ -81.049564031854572, 39.910698167286625 ], [ -81.049997067110894, 39.910188762501434 ], [ -81.050428361279785, 39.90968619706041 ], [ -81.050858141889705, 39.909190205663492 ], [ -81.051286610388729, 39.908700554487041 ], [ -81.051857525204582, 39.908055158718639 ], [ -81.052439123067018, 39.907405966911881 ], [ -81.053031677369972, 39.906752674196582 ], [ -81.053635501976771, 39.906094937031753 ], [ -81.054250878375285, 39.905432446050611 ], [ -81.054878240938024, 39.904764731807006 ], [ -81.055518005151782, 39.904091352733815 ], [ -81.05617065305313, 39.903411802512721 ], [ -81.056835763759466, 39.902726502026496 ], [ -81.057514859822902, 39.902033868468322 ], [ -81.058208613936358, 39.901333216554747 ], [ -81.058917836389014, 39.900623725204809 ], [ -81.059643197175774, 39.89990472442355 ], [ -81.060386007508214, 39.899174909294686 ], [ -81.061147492262933, 39.898433075625974 ], [ -81.061929211763697, 39.897677703563204 ], [ -81.062582470304733, 39.897050910271332 ], [ -81.063251587490754, 39.896412796313541 ], [ -81.063937950975628, 39.895762036089138 ], [ -81.064643383685166, 39.895096902000489 ], [ -81.065369058335364, 39.894416281586189 ], [ -81.066118726897685, 39.893716648604482 ], [ -81.066895796004133, 39.892994822153355 ], [ -81.067705425964618, 39.892246009745634 ], [ -81.06912172958414, 39.890942872315748 ], [ -81.070702597446882, 39.889496253449408 ], [ -81.072243884347756, 39.888091266898527 ], [ -81.07611287211131, 39.884570705273859 ], [ -81.077207033178013, 39.883572571117327 ], [ -81.07819018372993, 39.882673322815663 ], [ -81.079270341453082, 39.8816818913063 ], [ -81.080279315138228, 39.880751720715409 ], [ -81.081235354727824, 39.879865983828154 ], [ -81.082147901304552, 39.879015929341733 ], [ -81.08318272780059, 39.878045714638063 ], [ -81.084174839197431, 39.877108456490134 ], [ -81.085130418334074, 39.876198313801183 ], [ -81.086053592199505, 39.875311354735288 ], [ -81.086948879886847, 39.874443221177785 ], [ -81.087817746391863, 39.873592479609272 ], [ -81.088662412140593, 39.872756954569866 ], [ -81.089484574153744, 39.871934966125821 ], [ -81.089956531168923, 39.871458944175004 ], [ -81.090421524733529, 39.870986804597408 ], [ -81.090879792268538, 39.870518306374777 ], [ -81.091331543316016, 39.870053236367824 ], [ -81.091776995511907, 39.869591367048031 ], [ -81.092216303539544, 39.869132540134672 ], [ -81.092649633773533, 39.86867658205864 ], [ -81.093077134602026, 39.868223335438643 ], [ -81.093499072224347, 39.867772517887431 ], [ -81.093915446640494, 39.86732412670716 ], [ -81.094326380158293, 39.866878030596695 ], [ -81.094731981595658, 39.866434110845603 ], [ -81.095132366065798, 39.865992242448101 ], [ -81.095527620803011, 39.865552328277374 ], [ -81.095917836638819, 39.865114266710066 ], [ -81.096303098109445, 39.864677963317433 ], [ -81.096683967291199, 39.864242775084051 ], [ -81.097060024200744, 39.863809173254822 ], [ -81.097431339884395, 39.863377075991309 ], [ -81.09779798089204, 39.862946406851222 ], [ -81.098160013773565, 39.862517086694254 ], [ -81.09851749248827, 39.862089050769157 ], [ -81.098870474592673, 39.861662232526044 ], [ -81.099219010448962, 39.861236569012476 ], [ -81.099563180096652, 39.86081196220232 ], [ -81.09990300062293, 39.860388390511844 ], [ -81.100238516993954, 39.859965799082431 ], [ -81.100569770578431, 39.859544133954671 ], [ -81.100896804543879, 39.859123341169322 ], [ -81.101219653963824, 39.858703375760228 ], [ -81.101538355710488, 39.858284188264747 ], [ -81.101852944857455, 39.857865735515361 ], [ -81.102355500405963, 39.857188168299388 ], [ -81.102855076500532, 39.856504982119304 ], [ -81.103351729798476, 39.855816096935371 ], [ -81.103845521453593, 39.855121430010058 ], [ -81.104336507223991, 39.854420900404307 ], [ -81.104824756357402, 39.853714410991302 ], [ -81.105310335403601, 39.853001865543717 ], [ -81.105793312711171, 39.852283162438027 ], [ -81.106273714360384, 39.851558268399401 ], [ -81.106751659961105, 39.850826998167463 ], [ -81.107227229552961, 39.850089235729683 ], [ -81.107700501376996, 39.84934485428164 ], [ -81.108171554573573, 39.848593733314203 ], [ -81.108640483571435, 39.847835720841886 ], [ -81.109107380101477, 39.847070668476647 ], [ -81.109572341290459, 39.846298417937703 ], [ -81.110034769988602, 39.845519984559701 ], [ -81.110495476485028, 39.844734026554136 ], [ -81.110954571396292, 39.843940357761369 ], [ -81.111412172533676, 39.843138771337294 ], [ -81.111868391413111, 39.842329074826978 ], [ -81.112323373724678, 39.841511010125089 ], [ -81.112777257064749, 39.840684328119323 ], [ -81.113230191620005, 39.839848756315121 ], [ -81.113682169296624, 39.839004317195531 ], [ -81.114133525541718, 39.838150384832431 ], [ -81.114584441119007, 39.837286623778709 ], [ -81.115035112980024, 39.836412652721776 ], [ -81.115485719190531, 39.835528128120643 ], [ -81.11593652055393, 39.834632540959035 ], [ -81.116387758088536, 39.833725410099646 ], [ -81.116690260347184, 39.833110147915022 ], [ -81.157397454928571, 39.832554799464504 ] ] ] } },
{ "type": "Feature", "properties": { "TC_NUMBER": 23, "NAME": "CORE DRY GAS EAST_S", "AOI": "CORE DRY GAS EAST", "SPACING": 0, "BASE_LL": 15, "OIL_EUR": 0, "GAS_EUR": 1396, "CONFIDENCE": "HIGH", "Shape_Area": 0.084554464813200003 }, "geometry": { "type": "Polygon", "coordinates": [ [ [ -81.116690260347184, 39.833110147915022 ], [ -81.116387758088536, 39.833725410099646 ], [ -81.11593652055393, 39.834632540959035 ], [ -81.115485719190531, 39.835528128120643 ], [ -81.115035112980024, 39.836412652721776 ], [ -81.114584441119007, 39.837286623778709 ], [ -81.114133525541718, 39.838150384832431 ], [ -81.113682169296624, 39.839004317195531 ], [ -81.113230191620005, 39.839848756315121 ], [ -81.112777257064749, 39.840684328119323 ], [ -81.112323373724678, 39.841511010125089 ], [ -81.111868391413111, 39.842329074826978 ], [ -81.111412172533676, 39.843138771337294 ], [ -81.110954571396292, 39.843940357761369 ], [ -81.110495476485028, 39.844734026554136 ], [ -81.110034769988602, 39.845519984559701 ], [ -81.109572341290459, 39.846298417937703 ], [ -81.109107380101477, 39.847070668476647 ], [ -81.108640483571435, 39.847835720841886 ], [ -81.108171554573573, 39.848593733314203 ], [ -81.107700501376996, 39.84934485428164 ], [ -81.107227229552961, 39.850089235729683 ], [ -81.106751659961105, 39.850826998167463 ], [ -81.106273714360384, 39.851558268399401 ], [ -81.105793312711171, 39.852283162438027 ], [ -81.105310335403601, 39.853001865543717 ], [ -81.104824756357402, 39.853714410991302 ], [ -81.104336507223991, 39.854420900404307 ], [ -81.103845521453593, 39.855121430010058 ], [ -81.103351729798476, 39.855816096935371 ], [ -81.102855076500532, 39.856504982119304 ], [ -81.102355500405963, 39.857188168299388 ], [ -81.101852944857455, 39.857865735515361 ], [ -81.101538355710488, 39.858284188264747 ], [ -81.101219653963824, 39.858703375760228 ], [ -81.100896804543879, 39.859123341169322 ], [ -81.100569770578431, 39.859544133954671 ], [ -81.100238516993954, 39.859965799082431 ], [ -81.09990300062293, 39.860388390511844 ], [ -81.099563180096652, 39.86081196220232 ], [ -81.099219010448962, 39.861236569012476 ], [ -81.098870474592673, 39.861662232526044 ], [ -81.09851749248827, 39.862089050769157 ], [ -81.098160013773565, 39.862517086694254 ], [ -81.09779798089204, 39.862946406851222 ], [ -81.097431339884395, 39.863377075991309 ], [ -81.097060024200744, 39.863809173254822 ], [ -81.096683967291199, 39.864242775084051 ], [ -81.096303098109445, 39.864677963317433 ], [ -81.095917836638819, 39.865114266710066 ], [ -81.095527620803011, 39.865552328277374 ], [ -81.095132366065798, 39.865992242448101 ], [ -81.094731981595658, 39.866434110845603 ], [ -81.094326380158293, 39.866878030596695 ], [ -81.093915446640494, 39.86732412670716 ], [ -81.093499072224347, 39.867772517887431 ], [ -81.093077134602026, 39.868223335438643 ], [ -81.092649633773533, 39.86867658205864 ], [ -81.092216303539544, 39.869132540134672 ], [ -81.091776995511907, 39.869591367048031 ], [ -81.091331543316016, 39.870053236367824 ], [ -81.090879792268538, 39.870518306374777 ], [ -81.090421524733529, 39.870986804597408 ], [ -81.089956531168923, 39.871458944175004 ], [ -81.089484574153744, 39.871934966125821 ], [ -81.088662412140593, 39.872756954569866 ], [ -81.087817746391863, 39.873592479609272 ], [ -81.086948879886847, 39.874443221177785 ], [ -81.086053592199505, 39.875311354735288 ], [ -81.085130418334074, 39.876198313801183 ], [ -81.084174839197431, 39.877108456490134 ], [ -81.08318272780059, 39.878045714638063 ], [ -81.082147901304552, 39.879015929341733 ], [ -81.081235354727824, 39.879865983828154 ], [ -81.080279315138228, 39.880751720715409 ], [ -81.079270341453082, 39.8816818913063 ], [ -81.07819018372993, 39.882673322815663 ], [ -81.077207033178013, 39.883572571117327 ], [ -81.07611287211131, 39.884570705273859 ], [ -81.072243884347756, 39.888091266898527 ], [ -81.070702597446882, 39.889496253449408 ], [ -81.06912172958414, 39.890942872315748 ], [ -81.067705425964618, 39.892246009745634 ], [ -81.066895796004133, 39.892994822153355 ], [ -81.066118726897685, 39.893716648604482 ], [ -81.065369058335364, 39.894416281586189 ], [ -81.064643383685166, 39.895096902000489 ], [ -81.063937950975628, 39.895762036089138 ], [ -81.063251587490754, 39.896412796313541 ], [ -81.062582470304733, 39.897050910271332 ], [ -81.061929211763697, 39.897677703563204 ], [ -81.061147492262933, 39.898433075625974 ], [ -81.060386007508214, 39.899174909294686 ], [ -81.059643197175774, 39.89990472442355 ], [ -81.058917836389014, 39.900623725204809 ], [ -81.058208613936358, 39.901333216554747 ], [ -81.057514859822902, 39.902033868468322 ], [ -81.056835763759466, 39.902726502026496 ], [ -81.05617065305313, 39.903411802512721 ], [ -81.055518005151782, 39.904091352733815 ], [ -81.054878240938024, 39.904764731807006 ], [ -81.054250878375285, 39.905432446050611 ], [ -81.053635501976771, 39.906094937031753 ], [ -81.053031677369972, 39.906752674196582 ], [ -81.052439123067018, 39.907405966911881 ], [ -81.051857525204582, 39.908055158718639 ], [ -81.051286610388729, 39.908700554487041 ], [ -81.050858141889705, 39.909190205663492 ], [ -81.050428361279785, 39.90968619706041 ], [ -81.049997067110894, 39.910188762501434 ], [ -81.049564031854572, 39.910698167286625 ], [ -81.049129050465297, 39.911214649736337 ], [ -81.048691816274243, 39.911738575874608 ], [ -81.048252038800513, 39.912270291940501 ], [ -81.0478093879928, 39.912810198132206 ], [ -81.047364133647818, 39.913357953606749 ], [ -81.046915246941069, 39.913914816515614 ], [ -81.046462283607468, 39.914481338143275 ], [ -81.046004713946331, 39.915058178592119 ], [ -81.045542103585149, 39.915645883750585 ], [ -81.045073616154411, 39.916245515718003 ], [ -81.044598477337843, 39.916858062849371 ], [ -81.044115717666216, 39.917484777000936 ], [ -81.043308481701047, 39.918541905784366 ], [ -81.042471357667011, 39.919649298576303 ], [ -81.041595838876844, 39.920818193305024 ], [ -81.040665438059477, 39.92207059817963 ], [ -81.039841788567628, 39.92318650665203 ], [ -81.038928886758697, 39.924429366122411 ], [ -81.03581749328265, 39.928684738609832 ], [ -81.03461423006263, 39.930325583159174 ], [ -81.033983683899862, 39.931181671197237 ], [ -81.033391355326728, 39.931982716229413 ], [ -81.032826502840805, 39.932743242306856 ], [ -81.032283538954118, 39.933470769560415 ], [ -81.031661312419601, 39.934299733146247 ], [ -81.031058928526704, 39.935096896704465 ], [ -81.03047261821672, 39.935867246975931 ], [ -81.029899840005555, 39.936614121344689 ], [ -81.029337770022039, 39.937341192641952 ], [ -81.02878547566911, 39.938049653368864 ], [ -81.02824154321263, 39.938741319256508 ], [ -81.027704878177531, 39.93941758065688 ], [ -81.027081830561997, 39.940194702823305 ], [ -81.02646619066212, 39.940953837649545 ], [ -81.025856816338944, 39.94169639077586 ], [ -81.025252790284014, 39.94242348365691 ], [ -81.02465310975316, 39.943136315088907 ], [ -81.024057240549155, 39.943835519093966 ], [ -81.023464534260825, 39.944521855599191 ], [ -81.022874443200976, 39.945195958626641 ], [ -81.022285711916027, 39.945859244608528 ], [ -81.021698642578258, 39.946511354715312 ], [ -81.021112818801498, 39.947152752997226 ], [ -81.020527872763068, 39.947783840551836 ], [ -81.019943413257863, 39.948405040060607 ], [ -81.01935917408656, 39.949016630313281 ], [ -81.018774863868828, 39.949618919777379 ], [ -81.018190217304664, 39.950212179148821 ], [ -81.017859262295076, 39.950543274452627 ], [ -81.017524315194976, 39.950874584694361 ], [ -81.017185338232707, 39.951206147645678 ], [ -81.0168422891403, 39.951538004675228 ], [ -81.016495129246778, 39.951870191755972 ], [ -81.016143809988819, 39.952202757451346 ], [ -81.015788282802987, 39.952535746727392 ], [ -81.015428498226584, 39.952869206348851 ], [ -81.015064439172477, 39.953203152503534 ], [ -81.014696012111244, 39.953537669727723 ], [ -81.014323159486196, 39.953872813779412 ], [ -81.01394581744546, 39.954208639517162 ], [ -81.013563923935919, 39.954545202699023 ], [ -81.013177401615735, 39.954882571673409 ], [ -81.012786175841313, 39.955220812090886 ], [ -81.012390165673594, 39.955559994098508 ], [ -81.011989892719328, 39.955899677028526 ], [ -81.011584670795855, 39.956240449936843 ], [ -81.011174403675739, 39.956582395561156 ], [ -81.010758984339645, 39.956925602034971 ], [ -81.010338312962745, 39.957270151196553 ], [ -81.009912254646792, 39.957616154561947 ], [ -81.009480682587366, 39.957963715553092 ], [ -81.009043451094328, 39.958312951081894 ], [ -81.008600574556851, 39.958663850356459 ], [ -81.008151725621588, 39.959016676878207 ], [ -81.007696726222889, 39.959371567344022 ], [ -81.007235376711208, 39.95972867913531 ], [ -81.00676749542356, 39.960088153445554 ], [ -81.006292813462551, 39.960450196219654 ], [ -81.005811076320072, 39.960815002610332 ], [ -81.005321990817208, 39.961182792951604 ], [ -81.004526368696929, 39.96177584547894 ], [ -81.003709757299418, 39.962378214083344 ], [ -81.002870420933164, 39.962991180298786 ], [ -81.002006073521443, 39.963616414166211 ], [ -81.001115263558518, 39.96425497778506 ], [ -81.000193218342304, 39.964910302968178 ], [ -80.999235598643907, 39.965585477088155 ], [ -80.998235769265307, 39.966285177518955 ], [ -80.997395359108509, 39.966869679292301 ], [ -80.996514964194205, 39.967478892636848 ], [ -80.995585508564318, 39.96811910201501 ], [ -80.99458910380406, 39.968802630836819 ], [ -80.99273236890366, 39.970070704599379 ], [ -80.98820940583937, 39.973150558851273 ], [ -80.986977471333205, 39.973992609371464 ], [ -80.985869184615126, 39.974753124657013 ], [ -80.984690187801903, 39.975566259275524 ], [ -80.983587105460515, 39.976331787382151 ], [ -80.982541184927697, 39.977062724864936 ], [ -80.981542547150809, 39.97776598301374 ], [ -80.980480017938419, 39.978520813684668 ], [ -80.979459200181907, 39.979253236847455 ], [ -80.978474551359398, 39.979967230203556 ], [ -80.977522279029927, 39.980665545678448 ], [ -80.976598247211314, 39.981351228376525 ], [ -80.975701012491697, 39.982025361980902 ], [ -80.974828479450707, 39.98268952210384 ], [ -80.973979027510097, 39.983344942615076 ], [ -80.973558842666421, 39.983672589918115 ], [ -80.973144010587589, 39.983998415194776 ], [ -80.972734382885449, 39.984322536256116 ], [ -80.972329825560962, 39.984645057423506 ], [ -80.971930201017926, 39.984966091112256 ], [ -80.971535404934968, 39.985285718261366 ], [ -80.971145327594741, 39.985604029702245 ], [ -80.970759870071902, 39.985921105474688 ], [ -80.970378863293888, 39.986237085872858 ], [ -80.97000229377079, 39.986551981688649 ], [ -80.969630079664398, 39.98686586306917 ], [ -80.969262142733669, 39.987178794765612 ], [ -80.968898403838239, 39.987490844227125 ], [ -80.968538800924875, 39.987802065413064 ], [ -80.968183268343125, 39.988112514081308 ], [ -80.967831746737659, 39.98842224419127 ], [ -80.967483869185173, 39.988731579498847 ], [ -80.967139897388336, 39.989040294274218 ], [ -80.966799777387791, 39.989348435282125 ], [ -80.966463462418801, 39.989656044790706 ], [ -80.966130902119403, 39.989963169564703 ], [ -80.965802056020038, 39.9902698473756 ], [ -80.965476881852567, 39.990576116894317 ], [ -80.965155340046863, 39.990882014993076 ], [ -80.964837373046294, 39.991187597429757 ], [ -80.964522964663047, 39.991492879492853 ], [ -80.964212081622236, 39.991797894457306 ], [ -80.963904691548237, 39.992102674698742 ], [ -80.963600760266843, 39.992407251693351 ], [ -80.963300259899029, 39.992711654219534 ], [ -80.963003163465203, 39.993015910156203 ], [ -80.962709443086283, 39.993320049180966 ], [ -80.96235303996076, 39.993692544775172 ], [ -80.961997918369207, 39.99406706294468 ], [ -80.961644068418991, 39.99444361448127 ], [ -80.961291479318277, 39.994822209277572 ], [ -80.960940142973186, 39.995202858125481 ], [ -80.960590046793186, 39.995585573615358 ], [ -80.96024118088576, 39.995970366539211 ], [ -80.959893533559693, 39.996357248588197 ], [ -80.959547098519749, 39.996746228755512 ], [ -80.959201861376755, 39.997137324128232 ], [ -80.958857808640914, 39.997530545498307 ], [ -80.958514931318973, 39.997925908154173 ], [ -80.958173215921136, 39.998323423787042 ], [ -80.957832651655508, 39.99872310768535 ], [ -80.957493225032295, 39.999124973338894 ], [ -80.957154924360225, 39.999529036036222 ], [ -80.956817771223143, 39.999935270596325 ], [ -80.956481717057557, 40.000343731877763 ], [ -80.956146750172366, 40.000754436068405 ], [ -80.955812856178341, 40.001167401154703 ], [ -80.955480023384325, 40.001582640626395 ], [ -80.955148235602564, 40.002000175168007 ], [ -80.954817480242468, 40.002420020967236 ], [ -80.954487741116338, 40.00284219690991 ], [ -80.954159010130184, 40.003266716485825 ], [ -80.95383126570033, 40.003693603976672 ], [ -80.953504493437606, 40.004122880066916 ], [ -80.953178676254879, 40.004554566340232 ], [ -80.952853798863714, 40.004988683481031 ], [ -80.952529845076242, 40.005425253972362 ], [ -80.952206796906125, 40.005864300297276 ], [ -80.951884637266176, 40.006305846737462 ], [ -80.951563834703165, 40.006749242183844 ], [ -80.951243881999517, 40.007195180013582 ], [ -80.950924760269459, 40.00764368450848 ], [ -80.950606451526482, 40.008094784446826 ], [ -80.950288935985554, 40.008548504110252 ], [ -80.94997219386164, 40.009004874975062 ], [ -80.949656203570896, 40.009463925819546 ], [ -80.949340944429025, 40.009925688120063 ], [ -80.949026403845437, 40.010390179862952 ], [ -80.948712550343885, 40.01085744691369 ], [ -80.948399360541998, 40.011327523446482 ], [ -80.948086811057465, 40.011800446333609 ], [ -80.947774878507801, 40.012276248849844 ], [ -80.947463535913414, 40.012754973263441 ], [ -80.947152758992615, 40.013236658245262 ], [ -80.94684251896706, 40.013721345164015 ], [ -80.946532905768947, 40.014208894624858 ], [ -80.946223773708141, 40.014699532357611 ], [ -80.945915093107033, 40.015193304227637 ], [ -80.945606834287958, 40.015690260597125 ], [ -80.945298967573251, 40.016190447331326 ], [ -80.944991457889444, 40.016693921986985 ], [ -80.944684271961535, 40.017200738523343 ], [ -80.944377373816735, 40.017710956295673 ], [ -80.944070749065759, 40.018224599585665 ], [ -80.943764337454184, 40.018741768218092 ], [ -80.943458101210354, 40.01926252694409 ], [ -80.943151997166922, 40.019786948608839 ], [ -80.942845985753593, 40.020315098862795 ], [ -80.94254002020574, 40.020847062242183 ], [ -80.942234052859192, 40.021382917887422 ], [ -80.941928035150681, 40.021922753932017 ], [ -80.941469396195657, 40.022739102727485 ], [ -80.941010344451797, 40.023564911491519 ], [ -80.940550687464224, 40.024400530060461 ], [ -80.940090208496315, 40.02524635053868 ], [ -80.93962871239512, 40.026102729957074 ], [ -80.939165912277019, 40.026970198915592 ], [ -80.938701539244619, 40.027849261933966 ], [ -80.938235287528471, 40.028740499074843 ], [ -80.937767357677387, 40.029643512837879 ], [ -80.937296854865906, 40.030560012834371 ], [ -80.93682338159374, 40.031490776078499 ], [ -80.93634646841474, 40.032436722576733 ], [ -80.935865723224481, 40.03339863024263 ], [ -80.935380432860654, 40.034377920005056 ], [ -80.934889940818096, 40.035375919263288 ], [ -80.934393438606264, 40.036394271078791 ], [ -80.93394406626561, 40.037322742850336 ], [ -80.933488383382155, 40.038270574327612 ], [ -80.933025502325052, 40.039239611818687 ], [ -80.932554282753927, 40.040232242124318 ], [ -80.93207396114434, 40.041250063339817 ], [ -80.931582281097349, 40.042297846368569 ], [ -80.931077209245757, 40.043379925043553 ], [ -80.93055575354515, 40.044502704336367 ], [ -80.92960476724619, 40.046563132982271 ], [ -80.928555753045543, 40.048851386882063 ], [ -80.92751117699919, 40.051141111173422 ], [ -80.924761148208404, 40.05718305165658 ], [ -80.923942370344093, 40.058975177462514 ], [ -80.923204419947979, 40.060583884738548 ], [ -80.922363248065381, 40.062407722438479 ], [ -80.921572636967596, 40.064110153460888 ], [ -80.920817364729544, 40.065723942805789 ], [ -80.920089627933919, 40.067265754011373 ], [ -80.91964851406766, 40.068193446970042 ], [ -80.91921462895192, 40.069100539158626 ], [ -80.918787051681079, 40.069988960522153 ], [ -80.918365051106207, 40.070860228216986 ], [ -80.917947833125936, 40.071715978109978 ], [ -80.917534992146159, 40.072557042073868 ], [ -80.917126029042947, 40.07338443184608 ], [ -80.916720527430357, 40.07419899368864 ], [ -80.916317515141145, 40.075002665640568 ], [ -80.915917254777469, 40.075794912605204 ], [ -80.915519434274415, 40.076576348819515 ], [ -80.915123785634137, 40.077347506682145 ], [ -80.914730019274941, 40.078108943772804 ], [ -80.914337945439797, 40.078861027914172 ], [ -80.913947353687377, 40.07960416470047 ], [ -80.913558054260761, 40.080338712961293 ], [ -80.910806376113328, 40.08549745354469 ], [ -80.905461761850802, 40.095502871760175 ], [ -80.903254758100559, 40.099637697321953 ], [ -80.900957142258278, 40.103949474388799 ], [ -80.898898542833422, 40.107821988394107 ], [ -80.897718186245243, 40.110047478608294 ], [ -80.896584363277725, 40.112189330073591 ], [ -80.895489409908294, 40.114262020975559 ], [ -80.894428276443762, 40.1162751138055 ], [ -80.893395391584022, 40.11823918459072 ], [ -80.892389027731383, 40.120157532044516 ], [ -80.891406484221818, 40.122035299389609 ], [ -80.890445702507122, 40.123876422958631 ], [ -80.889409475766683, 40.125867985119498 ], [ -80.888395536025143, 40.127822997933038 ], [ -80.887402160181523, 40.129744786192987 ], [ -80.886427960581898, 40.131636032576921 ], [ -80.885471453344849, 40.133499622109923 ], [ -80.884531835375867, 40.135337121411055 ], [ -80.883608156091498, 40.13715039027835 ], [ -80.882699612397175, 40.138941003424634 ], [ -80.881804435326387, 40.140712461910653 ], [ -80.880923050258502, 40.142463936561455 ], [ -80.880054863641021, 40.144196604589695 ], [ -80.879199362860277, 40.14591149302106 ], [ -80.878356005625108, 40.147609685538612 ], [ -80.877524432206769, 40.149291910593263 ], [ -80.876704245104804, 40.150958971279579 ], [ -80.875895091785026, 40.152611583457883 ], [ -80.875043738677562, 40.154359299841872 ], [ -80.874204204460455, 40.156092083882641 ], [ -80.87337615098852, 40.157810634353325 ], [ -80.872559275190383, 40.159515579880178 ], [ -80.871753261403853, 40.161207576968138 ], [ -80.870957882100527, 40.162887107653944 ], [ -80.870172892664812, 40.164554687249051 ], [ -80.869398071863486, 40.166210787897569 ], [ -80.869015554224404, 40.167033511987029 ], [ -80.850437698440999, 40.172452212399719 ], [ -80.817479558135062, 40.168989390847742 ], [ -80.791113045530608, 40.161433527135614 ], [ -80.701001996345042, 40.160152016602353 ], [ -80.70149806238561, 40.159224067336879 ], [ -80.702074019700206, 40.158392055049376 ], [ -80.702954000027034, 40.157303986889531 ], [ -80.703322038581177, 40.156840012256794 ], [ -80.703802058018539, 40.156343947115545 ], [ -80.703945796661174, 40.156056303455671 ], [ -80.704185974103382, 40.155575949470517 ], [ -80.704601979797474, 40.154823995730851 ], [ -80.704706607823653, 40.154614906952474 ], [ -80.704986062256921, 40.15405599718656 ], [ -80.705270364036039, 40.153478034383852 ], [ -80.705481961023622, 40.153047988473929 ], [ -80.705769939231288, 40.152312080438207 ], [ -80.705835791188747, 40.152100484349944 ], [ -80.705994070969552, 40.151592050832505 ], [ -80.706106053651411, 40.151176045138413 ], [ -80.706201990629324, 40.150360078554854 ], [ -80.706201990629324, 40.150104023581889 ], [ -80.706201990629324, 40.149671972183796 ], [ -80.706239763953931, 40.14937897845715 ], [ -80.706266004372537, 40.149176073417095 ], [ -80.706289069285106, 40.149056402431086 ], [ -80.706361941350451, 40.14868000827579 ], [ -80.706442000797665, 40.148359938660292 ], [ -80.706448184536043, 40.14833687374778 ], [ -80.706459048346346, 40.148295924917079 ], [ -80.706465065710177, 40.1481247758378 ], [ -80.706474926776423, 40.147847995988286 ], [ -80.706890932470515, 40.146471950520151 ], [ -80.707163033147424, 40.145575924489378 ], [ -80.707213508496579, 40.145394412522194 ], [ -80.707322983868551, 40.144999966275464 ], [ -80.707867017948502, 40.143943989523564 ], [ -80.707993708143078, 40.143624756277518 ], [ -80.708266978837969, 40.142935981710252 ], [ -80.708399686396376, 40.142517803254066 ], [ -80.708587047554147, 40.141927973896941 ], [ -80.708611950680961, 40.141848416271444 ], [ -80.708666939727436, 40.141671918024656 ], [ -80.708794967213919, 40.141335971777721 ], [ -80.708858980957189, 40.140903920379685 ], [ -80.709115035930154, 40.140503958590841 ], [ -80.709355046098437, 40.14007207446673 ], [ -80.709488254579242, 40.139785099003177 ], [ -80.70956296485889, 40.139623978264012 ], [ -80.709738961284017, 40.139143957927388 ], [ -80.709914957709088, 40.13888807022829 ], [ -80.709942535419657, 40.138805670745171 ], [ -80.709995016256983, 40.13864806005995 ], [ -80.710020421205456, 40.138470559968425 ], [ -80.710042985195571, 40.138311945639828 ], [ -80.710037636927382, 40.138296903579317 ], [ -80.709962925748414, 40.138087981175431 ], [ -80.709931002513713, 40.137975998493573 ], [ -80.709898745630596, 40.137922180364399 ], [ -80.709883034474444, 40.137895939945736 ], [ -80.709883034474444, 40.137849141025072 ], [ -80.709883034474444, 40.137800002967822 ], [ -80.709899079279069, 40.137719943520608 ], [ -80.709944206359978, 40.137548126245065 ], [ -80.709978971452358, 40.137415920508374 ], [ -80.710016242955192, 40.137266832698231 ], [ -80.71007507570414, 40.137032004423531 ], [ -80.710084936770386, 40.136844475991836 ], [ -80.710090954134216, 40.136727980511921 ], [ -80.710106998938784, 40.136311973918509 ], [ -80.710059030899515, 40.135943936263686 ], [ -80.710048166189893, 40.135682700296456 ], [ -80.710042985195571, 40.135560021078163 ], [ -80.710036634183268, 40.135495672787101 ], [ -80.710011061960927, 40.135239951462665 ], [ -80.710011061960927, 40.135015986998269 ], [ -80.71007507570414, 40.134759932025304 ], [ -80.710096469676273, 40.134700932002488 ], [ -80.710138922173485, 40.134583935600176 ], [ -80.710138922173485, 40.134247989353298 ], [ -80.710138922173485, 40.133991933481013 ], [ -80.710168171723694, 40.133787691149053 ], [ -80.710187058385998, 40.133655986334759 ], [ -80.710251072129211, 40.133287949579255 ], [ -80.710299041067856, 40.132904033494412 ], [ -80.710363054811069, 40.132519951034965 ], [ -80.710415535648394, 40.132353482027611 ], [ -80.710458991788983, 40.132215927123411 ], [ -80.710458991788983, 40.131960039424314 ], [ -80.710491082297551, 40.131463973383745 ], [ -80.710501444286194, 40.131307198168713 ], [ -80.710506959828308, 40.131223963215405 ], [ -80.710587019275465, 40.130855925560581 ], [ -80.710587019275465, 40.130552069822215 ], [ -80.710523005532252, 40.130151941658823 ], [ -80.710539050336877, 40.129815994512569 ], [ -80.710523005532252, 40.129575984344228 ], [ -80.710570974470841, 40.129256082901975 ], [ -80.710523005532252, 40.128679958313455 ], [ -80.710554928766896, 40.128536053296273 ], [ -80.710554928766896, 40.128232029384719 ], [ -80.710579163697389, 40.127966113345508 ], [ -80.710587019275465, 40.12788003743384 ], [ -80.710603064979409, 40.127495954075073 ], [ -80.710643511988451, 40.127252602026033 ], [ -80.710682956253379, 40.127015933738392 ], [ -80.710663903216528, 40.12683392084881 ], [ -80.710651033018735, 40.126712077100706 ], [ -80.7106403364823, 40.126540593473635 ], [ -80.71063498821411, 40.126456022127797 ], [ -80.710614764259901, 40.126301085127011 ], [ -80.710587019275465, 40.126087984472974 ], [ -80.710594541205069, 40.126035670010197 ], [ -80.710618942510166, 40.125864020008578 ], [ -80.710618943409486, 40.125640055544181 ], [ -80.710554927867577, 40.125272017889358 ], [ -80.710504954340138, 40.125071953807662 ], [ -80.710458990889663, 40.124887934530591 ], [ -80.710444283376944, 40.124849493009719 ], [ -80.710378932341825, 40.124680015770139 ], [ -80.71033096340318, 40.124551988283713 ], [ -80.710314918598556, 40.124231918668158 ], [ -80.710202935916698, 40.123912017225848 ], [ -80.710137083959239, 40.123672676153149 ], [ -80.71007507570414, 40.123448042593168 ], [ -80.709947048217657, 40.122968023155806 ], [ -80.70985161306146, 40.122607506531267 ], [ -80.70980297592655, 40.122423989075912 ], [ -80.709772556358359, 40.122322703829752 ], [ -80.709659070010048, 40.121943968739231 ], [ -80.709579010562834, 40.121639944827621 ], [ -80.709574164116361, 40.121584120310956 ], [ -80.709546920953585, 40.121272074446722 ], [ -80.709498952014997, 40.120823978244061 ], [ -80.709434938271727, 40.120455940589238 ], [ -80.709370924528514, 40.120167961482309 ], [ -80.7092749875506, 40.119912073783212 ], [ -80.709146960064118, 40.119672063614871 ], [ -80.709093641957963, 40.11951194561982 ], [ -80.709051022186884, 40.119383918133394 ], [ -80.70901759438641, 40.119199899755642 ], [ -80.708954917935102, 40.118855929757387 ], [ -80.708901099805871, 40.118543048423021 ], [ -80.708875025761813, 40.118391955124707 ], [ -80.708811012018543, 40.118087932112417 ], [ -80.708699030236005, 40.117880012452645 ], [ -80.708630169146943, 40.117802125767525 ], [ -80.708459020067664, 40.11760807904966 ], [ -80.708250933134025, 40.11739999211602 ], [ -80.708200792332661, 40.117349684040732 ], [ -80.708107028116842, 40.117255919824913 ], [ -80.707959111223943, 40.117195081587795 ], [ -80.707902952159486, 40.117172016675283 ], [ -80.707602940123536, 40.115472056989915 ], [ -80.707304431754096, 40.114377304169295 ], [ -80.707003082426297, 40.113272021186901 ], [ -80.707003082426297, 40.112471933033362 ], [ -80.706703069491027, 40.111071985383887 ], [ -80.706703069491027, 40.110871921302191 ], [ -80.707502991270019, 40.107372054876464 ], [ -80.707512518687736, 40.107275950624683 ], [ -80.707703055351658, 40.105372083155146 ], [ -80.708772905045521, 40.102391346783293 ], [ -80.709103002101813, 40.101471921292159 ], [ -80.710202935916698, 40.099572065698339 ], [ -80.713002996690932, 40.096871953777679 ], [ -80.716428821033219, 40.095040958373602 ], [ -80.717483962314986, 40.094477034887291 ], [ -80.718804017791172, 40.093772048241476 ], [ -80.726504058115779, 40.089071964599555 ], [ -80.729104054808261, 40.08737200491413 ], [ -80.730704065640055, 40.086471967907073 ], [ -80.732404025325479, 40.084672060267394 ], [ -80.732404358973952, 40.084671725719602 ], [ -80.734931149053239, 40.08256194497784 ], [ -80.735434066129187, 40.082047494995948 ], [ -80.735439080748961, 40.08204248127555 ], [ -80.736319061975109, 40.081274650005128 ], [ -80.73726389241466, 40.080353552674353 ], [ -80.737423341314127, 40.080005069878098 ], [ -80.737541507734363, 40.079662604445673 ], [ -80.737724524267321, 40.079355572301893 ], [ -80.737866256522466, 40.079107540180871 ], [ -80.738185155220719, 40.078611475039565 ], [ -80.738232455963043, 40.078392858843415 ], [ -80.73786241282005, 40.078006937270402 ], [ -80.73860400277249, 40.075659987318602 ], [ -80.738757937029106, 40.072915751061089 ], [ -80.738782506507448, 40.072345643836456 ], [ -80.738768467190994, 40.072093767113699 ], [ -80.738754594249087, 40.07192946996912 ], [ -80.738667181944834, 40.071527169043691 ], [ -80.738558709316919, 40.071313734741125 ], [ -80.738555199262976, 40.071233340746119 ], [ -80.73710494443759, 40.064973025984386 ], [ -80.736876131728081, 40.064613512103961 ], [ -80.736817968074718, 40.064521920650179 ], [ -80.735005023862698, 40.061673055467168 ], [ -80.734305050038017, 40.059672917371302 ], [ -80.733686974774002, 40.059208942738564 ], [ -80.73342339877081, 40.059011553240623 ], [ -80.733105000994954, 40.058773047638113 ], [ -80.732838082211686, 40.057731945672799 ], [ -80.732355052743458, 40.055848970353736 ], [ -80.732105015134323, 40.054873053048993 ], [ -80.732105015134323, 40.052072992274816 ], [ -80.732054372511243, 40.051592471015795 ], [ -80.731904951052627, 40.050172969407072 ], [ -80.731811019562883, 40.050085054381782 ], [ -80.731709398869612, 40.049988281933736 ], [ -80.731471060540969, 40.049760974689264 ], [ -80.731448330176249, 40.049693951814504 ], [ -80.731433956312003, 40.049652000239689 ], [ -80.731307934313691, 40.048023075304741 ], [ -80.730904965191939, 40.046672934808157 ], [ -80.73130392333735, 40.041301960517103 ], [ -80.731400027589189, 40.040010486394863 ], [ -80.731469055952118, 40.039081032563672 ], [ -80.731504989263783, 40.037472998879821 ], [ -80.733305065076649, 40.033272992254865 ], [ -80.733646193217226, 40.032941891555083 ], [ -80.733980970345442, 40.032616976392376 ], [ -80.734036460314371, 40.032557641821768 ], [ -80.7341788616651, 40.032405379404793 ], [ -80.734591859126965, 40.032001072991193 ], [ -80.734829027437627, 40.031753040870171 ], [ -80.73513305134918, 40.031449016958618 ], [ -80.735612235316353, 40.030856346643134 ], [ -80.735740931898476, 40.030697064118272 ], [ -80.735897205291735, 40.030482793446197 ], [ -80.736301009883675, 40.029929065573981 ], [ -80.736539181837713, 40.029452554391924 ], [ -80.736764984516412, 40.02900094813532 ], [ -80.736897525700215, 40.02868957046735 ], [ -80.73708505503123, 40.028248995294973 ], [ -80.73712232653412, 40.028168602199287 ], [ -80.737183832967503, 40.028035560093087 ], [ -80.737260549634641, 40.027831652308976 ], [ -80.737351973814498, 40.027588466634484 ], [ -80.737455933644412, 40.027164939910108 ], [ -80.737474987580583, 40.027087387772781 ], [ -80.737527635691777, 40.026357830749362 ], [ -80.737536493114646, 40.025601866932675 ], [ -80.737501059826002, 40.024489062020621 ], [ -80.737437046082789, 40.023817001353564 ], [ -80.737391418079426, 40.023414365880342 ], [ -80.737340941830951, 40.022968943362116 ], [ -80.737452924512809, 40.022361063712196 ], [ -80.737804917363007, 40.020761052880346 ], [ -80.73785990551022, 40.020526057331722 ], [ -80.737917066419413, 40.020281032543664 ], [ -80.7379929467171, 40.020014949230585 ], [ -80.738013003397327, 40.019944918123542 ], [ -80.73814103088381, 40.019768921698414 ], [ -80.738220923057099, 40.019625016681232 ], [ -80.738396919482227, 40.019368960808947 ], [ -80.738652974455192, 40.018985045623424 ], [ -80.738876938919532, 40.018761081159028 ], [ -80.738956998366746, 40.018664976907189 ], [ -80.739004966406014, 40.018536949420707 ], [ -80.739004966406014, 40.018281060822346 ], [ -80.739116949087872, 40.017704937133203 ], [ -80.739308990317625, 40.017145025522552 ], [ -80.739644937463879, 40.016584946638034 ], [ -80.739916369944467, 40.016205208803399 ], [ -80.739965007079377, 40.016137016809921 ], [ -80.740124957800504, 40.015977065189475 ], [ -80.74026903099093, 40.015704965411885 ], [ -80.740509041159271, 40.015224945075204 ], [ -80.740604978137185, 40.014857074694305 ], [ -80.740614003733242, 40.014820305013131 ], [ -80.740749050428292, 40.014265072575085 ], [ -80.740775458120879, 40.014072864071466 ], [ -80.74078197640705, 40.014026066050178 ], [ -80.740788661967144, 40.013978264385457 ], [ -80.740813064171562, 40.013800930668481 ], [ -80.740821087023505, 40.013695634446037 ], [ -80.740828942601581, 40.013593011908029 ], [ -80.740892956344794, 40.013384924974389 ], [ -80.740954630052101, 40.013241353605622 ], [ -80.740989060596632, 40.013160960509992 ], [ -80.741012794604728, 40.012899389994914 ], [ -80.741020983831277, 40.012808968559114 ], [ -80.741026666647315, 40.012718045301597 ], [ -80.741037029535221, 40.012553079960696 ], [ -80.741053074339845, 40.012328948222432 ], [ -80.741092685878698, 40.01227596556339 ], [ -80.741149011317759, 40.01220092073595 ], [ -80.741168567075647, 40.012146099862662 ], [ -80.741229070764973, 40.011976956271553 ], [ -80.741341052547511, 40.011465011800908 ], [ -80.741341053446831, 40.011113019850029 ], [ -80.741363783811551, 40.010861811323593 ], [ -80.741372976681475, 40.01076102789915 ], [ -80.741436990424745, 40.010345021305739 ], [ -80.741501004167958, 40.00999302935486 ], [ -80.741548972207283, 40.009736974381894 ], [ -80.741559669642982, 40.009662430476851 ], [ -80.741565017911228, 40.009624991700036 ], [ -80.741565017911228, 40.009560977956824 ], [ -80.741557162333152, 40.009533232972387 ], [ -80.741532927402659, 40.009448995274965 ], [ -80.741556660511435, 40.009330495206257 ], [ -80.741565017911228, 40.009289044553839 ], [ -80.741645076459065, 40.009065080089442 ], [ -80.741684354349445, 40.008947080943074 ], [ -80.74170892382773, 40.00887303885969 ], [ -80.741679507003596, 40.008828747248913 ], [ -80.741645076459065, 40.008776934607909 ], [ -80.741655439347028, 40.008693699654543 ], [ -80.741660954889142, 40.008649074395294 ], [ -80.741690705361748, 40.008576368704496 ], [ -80.741805028079568, 40.008297081545152 ], [ -80.741868707274989, 40.008052559478074 ], [ -80.741900965057425, 40.007929043890329 ], [ -80.741948933096751, 40.007529083900181 ], [ -80.7419741707713, 40.007252469525895 ], [ -80.741981022706, 40.007176922876738 ], [ -80.74191700896273, 40.006888944669129 ], [ -80.741981022706, 40.006697070713301 ], [ -80.742045036449213, 40.006281064119889 ], [ -80.742061082153157, 40.005896981660442 ], [ -80.742045037348532, 40.005640926687477 ], [ -80.741985201855528, 40.005437687099629 ], [ -80.741964977901375, 40.005368993284492 ], [ -80.741932887392807, 40.004958503132457 ], [ -80.741821072884193, 40.00352897318362 ], [ -80.741795166114002, 40.003090403499357 ], [ -80.74177293667168, 40.002713006600004 ], [ -80.741788982375624, 40.001992976095039 ], [ -80.741765750189188, 40.001777033583267 ], [ -80.741724968632354, 40.0014009730765 ], [ -80.741711597512165, 40.001287319454264 ], [ -80.74169304539771, 40.001129040572835 ], [ -80.741713435726467, 40.000904741560646 ], [ -80.741724968632354, 40.000777047722636 ], [ -80.741710260220316, 40.000585173766808 ], [ -80.74169304539771, 40.000361042028544 ], [ -80.741653433858858, 40.000202929521606 ], [ -80.741596941145872, 39.999976959569096 ], [ -80.741356930977531, 39.999560952975628 ], [ -80.741244949194993, 39.998937027621764 ], [ -80.741225059788633, 39.998767884030656 ], [ -80.741213025061029, 39.998664926944855 ], [ -80.741165057021703, 39.998521021927672 ], [ -80.741037028635901, 39.99786500606524 ], [ -80.741084996675227, 39.997448998572452 ], [ -80.741084997574546, 39.996856996453289 ], [ -80.741020983831277, 39.99650500450241 ], [ -80.74094092438412, 39.996041029869673 ], [ -80.740875573349001, 39.995844810389713 ], [ -80.740813064171562, 39.995656947410225 ], [ -80.740733004724348, 39.995337045068652 ], [ -80.740637067746434, 39.994952962609204 ], [ -80.740527592374463, 39.99475607403366 ], [ -80.740476949751383, 39.994664984401538 ], [ -80.740236940482362, 39.994345082059965 ], [ -80.740173427661546, 39.994233601199767 ], [ -80.740109079370484, 39.994120950321644 ], [ -80.740045065627214, 39.993929076365816 ], [ -80.740024340750665, 39.99370260459159 ], [ -80.740012975118645, 39.99357691714107 ], [ -80.739996930314021, 39.993416966419943 ], [ -80.739884947632163, 39.993128987312957 ], [ -80.739846338837424, 39.992904354652296 ], [ -80.73980505635825, 39.9926650117809 ], [ -80.73974104261498, 39.99228092932151 ], [ -80.739725998755773, 39.992107607480136 ], [ -80.739708951207092, 39.991913058940554 ], [ -80.739701931099205, 39.991834838606962 ], [ -80.739693072777072, 39.991737062515483 ], [ -80.739614016973292, 39.99146596548195 ], [ -80.739614016973292, 39.991177986375021 ], [ -80.739614016973292, 39.990842040128086 ], [ -80.739621872551311, 39.990735071166625 ], [ -80.739645940207936, 39.99040998873005 ], [ -80.73963808462986, 39.990157442911709 ], [ -80.739630061777916, 39.989898045158725 ], [ -80.739614016973292, 39.98957797644249 ], [ -80.739645940207936, 39.989418025721363 ], [ -80.739645940207936, 39.989242029296292 ], [ -80.739666164162088, 39.989161636200606 ], [ -80.739694076420449, 39.98904998806654 ], [ -80.739639421921765, 39.988800785927594 ], [ -80.739581926464723, 39.988538044495215 ], [ -80.739544320414041, 39.988434419213149 ], [ -80.739518079995378, 39.988362048969464 ], [ -80.739438020548164, 39.988201930974412 ], [ -80.739371500394384, 39.987906597211747 ], [ -80.739293948257057, 39.987561959017228 ], [ -80.73913399753593, 39.986954078467988 ], [ -80.73906998379266, 39.98663400975181 ], [ -80.739005970049448, 39.986249927292363 ], [ -80.738877942562965, 39.985818043168194 ], [ -80.738877942562965, 39.985609956234555 ], [ -80.738717991841838, 39.985114058367174 ], [ -80.738734036646463, 39.984841958589584 ], [ -80.738753090582634, 39.984772930226598 ], [ -80.738813928819695, 39.984553979482598 ], [ -80.738941956306178, 39.984234078040345 ], [ -80.738877942562965, 39.983849995580897 ], [ -80.738958002010122, 39.983338052009572 ], [ -80.739038060558016, 39.983081996137287 ], [ -80.738974045915427, 39.982810062734245 ], [ -80.738980063279257, 39.982633063565061 ], [ -80.738989924345503, 39.98234592082764 ], [ -80.738961677539351, 39.982260847660029 ], [ -80.738926077876158, 39.982154046871813 ], [ -80.738846018428944, 39.98202601938533 ], [ -80.738839834690566, 39.981976379506364 ], [ -80.73882997362432, 39.981897991898848 ], [ -80.73886323325155, 39.981805230427085 ], [ -80.738910032172214, 39.981674027434451 ], [ -80.738974045915427, 39.981481985305436 ], [ -80.739102073401909, 39.981289944075684 ], [ -80.739102073401909, 39.981065979611344 ], [ -80.739102073401909, 39.980426008553479 ], [ -80.739132660244024, 39.979996631739198 ], [ -80.739165920770574, 39.979529983422026 ], [ -80.739231940002014, 39.979267075615098 ], [ -80.739404927295539, 39.978572950980947 ], [ -80.739597972168667, 39.97780194420443 ], [ -80.739790013398363, 39.977161974045941 ], [ -80.739918040884845, 39.976522002988077 ], [ -80.740142005349242, 39.975898077634213 ], [ -80.740318001774313, 39.975337998749694 ], [ -80.740413938752226, 39.974890068921582 ], [ -80.740893958189588, 39.973417918302346 ], [ -80.740829944446318, 39.972938066138909 ], [ -80.74160061757442, 39.971436666868726 ], [ -80.742686011150454, 39.969322037881795 ], [ -80.742948751683514, 39.969208216985692 ], [ -80.743166031487135, 39.969113951847476 ], [ -80.74358303992534, 39.968602008276093 ], [ -80.743902941367594, 39.968378043811697 ], [ -80.744670939911884, 39.967594000462782 ], [ -80.746270950743735, 39.966233999799329 ], [ -80.746686957337147, 39.966058003374201 ], [ -80.74694468325049, 39.965924459446285 ], [ -80.748015033866693, 39.965370063377748 ], [ -80.749273081087779, 39.964594711077098 ], [ -80.749598999893919, 39.964393978799137 ], [ -80.749927760557682, 39.964237370858029 ], [ -80.751279069273608, 39.963594057020146 ], [ -80.752395549714834, 39.963061723120063 ], [ -80.75299106278726, 39.962777922263342 ], [ -80.753278205524737, 39.962609782315667 ], [ -80.753647078649749, 39.962394007077819 ], [ -80.754485942871952, 39.961925018724685 ], [ -80.755134939525817, 39.961561994790259 ], [ -80.755525372997511, 39.961305271621029 ], [ -80.755742986449604, 39.961162033900791 ], [ -80.756430926446058, 39.960810041949912 ], [ -80.756910946782739, 39.96047392752979 ], [ -80.757177030095818, 39.960286733645887 ], [ -80.757342998180775, 39.960170071791424 ], [ -80.757594707629607, 39.959995245384334 ], [ -80.75791895459605, 39.959769943628032 ], [ -80.758527002419214, 39.959241954352763 ], [ -80.758794255750274, 39.958957485299777 ], [ -80.759023067560463, 39.958713965976813 ], [ -80.759140564885115, 39.958583263906576 ], [ -80.759454951684631, 39.958233945640131 ], [ -80.759583981915171, 39.957993936371111 ], [ -80.759667383243084, 39.957814262618172 ], [ -80.759792068848867, 39.957546006542998 ], [ -80.760384070968087, 39.957049941401749 ], [ -80.760492543595944, 39.956936287779513 ], [ -80.761055965260539, 39.956345957499991 ], [ -80.76153598559722, 39.955753955380771 ], [ -80.762239969498978, 39.954857928450679 ], [ -80.762800048383497, 39.954265926331516 ], [ -80.763376005698092, 39.953513973491113 ], [ -80.763392050502716, 39.953066043663057 ], [ -80.763518907971161, 39.952710708932102 ], [ -80.763552001223843, 39.95261794746034 ], [ -80.763823934626828, 39.95207408065437 ], [ -80.76425598692424, 39.950986012494525 ], [ -80.76447995138858, 39.950249938084255 ], [ -80.764591933171118, 39.948777954738887 ], [ -80.764607978875063, 39.947754068495499 ], [ -80.764570706472909, 39.947307309584744 ], [ -80.764512041897206, 39.946601986592441 ], [ -80.764336045472078, 39.945690083030968 ], [ -80.764112081007681, 39.944409974540747 ], [ -80.763934914564629, 39.943524478671804 ], [ -80.763872070839341, 39.94320992459842 ], [ -80.763745046096972, 39.942593687548708 ], [ -80.763647939101077, 39.94212202461182 ], [ -80.763311991954822, 39.94129001142494 ], [ -80.763308147353086, 39.941220983961273 ], [ -80.763280068720178, 39.940714055009664 ], [ -80.763376005698092, 39.939801984174267 ], [ -80.762192000560333, 39.93444204006812 ], [ -80.76206397307385, 39.933259038573851 ], [ -80.761695936318347, 39.931259066852533 ], [ -80.761405283526983, 39.929623622732038 ], [ -80.761312020233504, 39.929098977136164 ], [ -80.760988442362702, 39.928451986869732 ], [ -80.760463962242, 39.927403029326399 ], [ -80.759695964597029, 39.92569103581269 ], [ -80.758896042818094, 39.924523077278252 ], [ -80.757503951646015, 39.922155067902111 ], [ -80.757278315341921, 39.921647135307126 ], [ -80.757184050203705, 39.921435037397089 ], [ -80.757057860931525, 39.921167784066029 ], [ -80.756783921140993, 39.920586980304961 ], [ -80.756611602043733, 39.920016705806404 ], [ -80.756368082720826, 39.919210934836826 ], [ -80.756214983934342, 39.918437922572139 ], [ -80.756116038724144, 39.917885030170055 ], [ -80.756052526802648, 39.917277316894683 ], [ -80.755963943581094, 39.916430930742933 ], [ -80.75619191992115, 39.915093994991935 ], [ -80.756390980359413, 39.914080972558907 ], [ -80.75640401783113, 39.91401194509524 ], [ -80.756525025209726, 39.913650926648984 ], [ -80.757146945075419, 39.912453050368015 ], [ -80.757325281536453, 39.912116767774648 ], [ -80.757708026704051, 39.911395067228625 ], [ -80.758376076394768, 39.910348951542915 ], [ -80.759345977235, 39.909430027873555 ], [ -80.759500579687938, 39.909368354166247 ], [ -80.759713681241351, 39.909283280998693 ], [ -80.760657007115128, 39.908907053218002 ], [ -80.76113903293998, 39.908907053218002 ], [ -80.762592965093233, 39.908907053218002 ], [ -80.765200983738396, 39.909067003939128 ], [ -80.76568785690904, 39.909158260845118 ], [ -80.768272977915558, 39.909642960354404 ], [ -80.769313912606947, 39.909976567464696 ], [ -80.770769013878862, 39.910443049407263 ], [ -80.772640958113698, 39.911306985828787 ], [ -80.774017004481152, 39.912107074881646 ], [ -80.777265328731914, 39.914049717520527 ], [ -80.777360931161979, 39.914107045703645 ], [ -80.779808999086015, 39.915467046367155 ], [ -80.781616929577581, 39.916539068822999 ], [ -80.782499584488221, 39.916985995007735 ], [ -80.782849070028533, 39.91716299417692 ], [ -80.783150753904124, 39.917263611226701 ], [ -80.783425026443751, 39.917355035406615 ], [ -80.784657000520099, 39.917643014513544 ], [ -80.784957179829973, 39.917718059341041 ], [ -80.786449051682325, 39.918090943442337 ], [ -80.786828622243092, 39.918190725021987 ], [ -80.787297945144019, 39.918314072436544 ], [ -80.788706081120722, 39.918314072436544 ], [ -80.789713923458748, 39.918714033326012 ], [ -80.791010076753594, 39.91889002975114 ], [ -80.792161990483464, 39.91914591745018 ], [ -80.793267273465858, 39.919337457757536 ], [ -80.794194052713351, 39.919498077574247 ], [ -80.794738922263434, 39.919564096805686 ], [ -80.795250030364571, 39.919625937786861 ], [ -80.795714004997308, 39.919689951530074 ], [ -80.796353139685607, 39.91966939392745 ], [ -80.796705968005995, 39.91965802829543 ], [ -80.798705939727313, 39.91959401455216 ], [ -80.800530081398108, 39.919434063831034 ], [ -80.801905960491638, 39.919242022601338 ], [ -80.803393988641631, 39.918762002264657 ], [ -80.804866974731056, 39.918122031206849 ], [ -80.806019055734794, 39.917130068198162 ], [ -80.806835023217729, 39.916186074128063 ], [ -80.807619066566645, 39.914938056146411 ], [ -80.807841025542871, 39.91457720497408 ], [ -80.807874954265685, 39.914522049553 ], [ -80.808307005663721, 39.913673991561495 ], [ -80.80872301225719, 39.91257004587095 ], [ -80.808887977598033, 39.912074984373078 ], [ -80.809058959403444, 39.911562038057639 ], [ -80.809282924767103, 39.910314020076044 ], [ -80.809410951354266, 39.908970064217158 ], [ -80.809483656145801, 39.908295997162611 ], [ -80.809635083092587, 39.906890033947946 ], [ -80.809683052031176, 39.906105990599031 ], [ -80.809619038287963, 39.905625970262349 ], [ -80.809532627828446, 39.905165504784293 ], [ -80.809474965097536, 39.904857970818739 ], [ -80.809010991364119, 39.903226037651564 ], [ -80.808710811154981, 39.902467900173519 ], [ -80.808371020306311, 39.901609982015088 ], [ -80.80617900645592, 39.897306014660899 ], [ -80.804738947244573, 39.895082079374504 ], [ -80.804157307113996, 39.894245386115756 ], [ -80.803427081894256, 39.893194924905913 ], [ -80.802339015533107, 39.891610959778006 ], [ -80.801059073417491, 39.890155022136639 ], [ -80.800568858366091, 39.889717120648641 ], [ -80.799410926373127, 39.888683037891951 ], [ -80.798149369997361, 39.887467277692735 ], [ -80.79765096571947, 39.886986923707639 ], [ -80.796946980019072, 39.886297981866448 ], [ -80.796162936670157, 39.885530986066215 ], [ -80.795876295754397, 39.885187852437468 ], [ -80.795267077913252, 39.884458963610314 ], [ -80.795229973684286, 39.88438893340259 ], [ -80.794793074940401, 39.884019057533521 ], [ -80.793989977655315, 39.882787918927363 ], [ -80.793187047644096, 39.881064059758614 ], [ -80.793184707608134, 39.881057374198519 ], [ -80.792687973371244, 39.87961497495121 ], [ -80.79253086360842, 39.879181251713476 ], [ -80.792079257351816, 39.877934068302636 ], [ -80.791947720710709, 39.87750803426843 ], [ -80.791606926218606, 39.876404924947394 ], [ -80.791405859392853, 39.875684226246108 ], [ -80.79123604760548, 39.875075009304283 ], [ -80.79113710149602, 39.874826809010074 ], [ -80.79101392045601, 39.874517938651991 ], [ -80.790598917505974, 39.873498063384943 ], [ -80.790157005041692, 39.872252049992142 ], [ -80.790160014173296, 39.872039618433689 ], [ -80.79019193740794, 39.869776070709122 ], [ -80.790471224567341, 39.86855145218783 ], [ -80.790761041888516, 39.867280033846555 ], [ -80.791492604400162, 39.86591936498678 ], [ -80.791834066189153, 39.865304966151314 ], [ -80.792251910996868, 39.8648047227598 ], [ -80.793132058597564, 39.863750917870618 ], [ -80.794603541020535, 39.862586301216879 ], [ -80.79577400686486, 39.861660023791103 ], [ -80.796256868159901, 39.861372379231966 ], [ -80.797322205055707, 39.860737924615592 ], [ -80.797416972015583, 39.860681431902606 ], [ -80.79751591722578, 39.86062243187979 ], [ -80.798101736505885, 39.860273614535743 ], [ -80.798471946922803, 39.860052992851365 ], [ -80.799533940139213, 39.859643003621784 ], [ -80.800159537332718, 39.859688465250542 ], [ -80.800236754922253, 39.85968612521458 ], [ -80.800282382925616, 39.859664898516314 ], [ -80.800277201931294, 39.859634312573519 ], [ -80.800274861895332, 39.85962010598314 ], [ -80.799750049025477, 39.859137077414232 ], [ -80.799838298598559, 39.85900370165956 ], [ -80.799898969561752, 39.858911942931854 ], [ -80.801086985675795, 39.858437939959003 ], [ -80.801754700818776, 39.858309077002332 ], [ -80.80240704025266, 39.858183055004019 ], [ -80.803025450064411, 39.858215980982777 ], [ -80.803118044262305, 39.858220995602494 ], [ -80.804655378642792, 39.857490268561094 ], [ -80.806253048539304, 39.856730961065068 ], [ -80.806987619283177, 39.856255119877915 ], [ -80.808246001052055, 39.855439988764545 ], [ -80.809801051177544, 39.854839963793324 ], [ -80.812252963703259, 39.854385013857382 ], [ -80.812488961995939, 39.854308966285828 ], [ -80.814250929936406, 39.853738190864874 ], [ -80.816431075433741, 39.853032033301758 ], [ -80.820464780325324, 39.850494713060584 ], [ -80.821280079611938, 39.849981934918389 ], [ -80.822061950198815, 39.849342966604695 ], [ -80.824276025318284, 39.847158975606305 ], [ -80.82430778217838, 39.84710850025715 ], [ -80.824657935914956, 39.846552934170631 ], [ -80.825362588912299, 39.845440297431821 ], [ -80.826124068271099, 39.84423807562672 ], [ -80.826583864653571, 39.84282442320864 ], [ -80.826963936136679, 39.841655962852428 ], [ -80.826512497153999, 39.840591294152944 ], [ -80.826335999806531, 39.84017495391106 ], [ -80.826442967868616, 39.83921591778045 ], [ -80.826157996993913, 39.837891014958416 ], [ -80.825441978364552, 39.836788072011984 ], [ -80.825540924474069, 39.836377080937609 ], [ -80.82442093307958, 39.830464078054831 ], [ -80.823684023199064, 39.829393058343044 ], [ -80.823642071624249, 39.828642942817623 ], [ -80.823284062309597, 39.828083031206972 ], [ -80.823031014669539, 39.827484009879186 ], [ -80.823034023801142, 39.826492046870499 ], [ -80.822928224857662, 39.826379061444584 ], [ -80.822684036439114, 39.826117991851902 ], [ -80.82255534075631, 39.825390775763765 ], [ -80.822480964125134, 39.824970925467881 ], [ -80.822432828811941, 39.824176853778852 ], [ -80.82238703353471, 39.823422058181507 ], [ -80.822409429351637, 39.823031623810436 ], [ -80.822424973233865, 39.8227610276993 ], [ -80.822482970512624, 39.821762045482046 ], [ -80.822491996108681, 39.819535936534294 ], [ -80.822677853599998, 39.818789331062817 ], [ -80.823167065907342, 39.816822954415841 ], [ -80.82317776244372, 39.816457758618697 ], [ -80.823185952569645, 39.816177969637636 ], [ -80.822181954833297, 39.811709037841865 ], [ -80.823423956350439, 39.80759995357505 ], [ -80.824107717197364, 39.805339246808842 ], [ -80.824763064863532, 39.803171970609981 ], [ -80.824911316304167, 39.801682437894272 ], [ -80.824969981779191, 39.801092942185562 ], [ -80.826079943934246, 39.798585039667898 ], [ -80.828844069598119, 39.796493977415196 ], [ -80.830492215743106, 39.794966505000275 ], [ -80.832396919582152, 39.793201027005864 ], [ -80.832635758833192, 39.792980739869279 ], [ -80.832979060635125, 39.7926640130338 ], [ -80.834077155336388, 39.79173573011991 ], [ -80.835312973115151, 39.790690951726106 ], [ -80.836712919865306, 39.789895040923454 ], [ -80.839475040041009, 39.788700004701525 ], [ -80.841191043631738, 39.787576003230015 ], [ -80.843959013897347, 39.785945071907577 ], [ -80.84706092582104, 39.784458046501697 ], [ -80.849485928832507, 39.783294933514412 ], [ -80.851399991016706, 39.782245976870399 ], [ -80.851577659281531, 39.782149370796901 ], [ -80.851693987487522, 39.782086026149216 ], [ -80.852297020690912, 39.781510068834677 ], [ -80.85265034993364, 39.780855557538018 ], [ -80.852981951555762, 39.780240991428684 ], [ -80.853785048840905, 39.78029597957584 ], [ -80.853970739058298, 39.780195697073793 ], [ -80.854772999973932, 39.779762976580173 ], [ -80.856027036218734, 39.778982944207542 ], [ -80.860584049414285, 39.77691294317782 ], [ -80.863048998512454, 39.775197940532564 ], [ -80.86423450731661, 39.773948251610591 ], [ -80.866330082367369, 39.771739022937595 ], [ -80.866350807243919, 39.770826115732689 ], [ -80.866354985494127, 39.770642932825126 ], [ -80.867184992293517, 39.770254003019886 ], [ -80.867823959707948, 39.769241984230234 ], [ -80.868307991020913, 39.768125001067972 ], [ -80.869093037113942, 39.766365039514994 ], [ -80.869672002660764, 39.764401002004718 ], [ -80.869933072253446, 39.76355595314476 ], [ -80.870158039461899, 39.763341014276421 ], [ -80.870322002058685, 39.763185074531634 ], [ -80.868571066101765, 39.762400028438606 ], [ -80.868515909781365, 39.7622528840634 ], [ -80.936341573404832, 39.76895022797072 ], [ -81.018273599746806, 39.834392243007642 ], [ -81.116690260347184, 39.833110147915022 ] ] ] } },
{ "type": "Feature", "properties": { "TC_NUMBER": 24, "NAME": "SOUTH OIL", "AOI": "SOUTH OIL", "SPACING": 0, "BASE_LL": 15, "OIL_EUR": 164, "GAS_EUR": 130, "CONFIDENCE": "LOW", "Shape_Area": 0.030930536269100001 }, "geometry": { "type": "Polygon", "coordinates": [ [ [ -81.53171667368548, 39.997811907393668 ], [ -81.532198323593718, 39.996820555024669 ], [ -81.532741439465838, 39.995693199081927 ], [ -81.533283661411815, 39.99455818900924 ], [ -81.533825061377456, 39.993415376418511 ], [ -81.534365724798306, 39.992264576049422 ], [ -81.534905737110023, 39.991105610735417 ], [ -81.535445187345488, 39.98993828622298 ], [ -81.535816397808446, 39.989129452162558 ], [ -81.536187417615167, 39.98831649111321 ], [ -81.536558277342579, 39.987499332927939 ], [ -81.536929012064206, 39.986677902063605 ], [ -81.537299654155674, 39.985852127473777 ], [ -81.537670242287788, 39.985021923722854 ], [ -81.538040812433508, 39.984187208073251 ], [ -81.538411404162957, 39.98334789239135 ], [ -81.538782034563212, 39.982503937107083 ], [ -81.53915276838552, 39.981655198328781 ], [ -81.539523647898022, 39.980801575332464 ], [ -81.539894719865401, 39.979942964696136 ], [ -81.540637619230722, 39.978210358721128 ], [ -81.541381873874343, 39.976456434317015 ], [ -81.542127299435265, 39.974681642943494 ], [ -81.542874986791162, 39.972883409841529 ], [ -81.543625450354227, 39.971060502040586 ], [ -81.544379279180362, 39.969211487819962 ], [ -81.545136983185216, 39.96733511981995 ], [ -81.545899414925998, 39.965429289130441 ], [ -81.546667367604869, 39.963492018142176 ], [ -81.547441783711292, 39.961520925450429 ], [ -81.548240010268216, 39.959471315648727 ], [ -81.549047380232366, 39.957380307355379 ], [ -81.549865372988506, 39.955244069458274 ], [ -81.550695872616416, 39.953057683565305 ], [ -81.551540178636287, 39.950817754735624 ], [ -81.55240190992015, 39.948514703390913 ], [ -81.553284333704994, 39.946139807905865 ], [ -81.5541921462505, 39.943680425611205 ], [ -81.555043711597989, 39.941359817701482 ], [ -81.555927632753992, 39.938938492917146 ], [ -81.556852214058381, 39.936393714598296 ], [ -81.557833062345935, 39.933682533821923 ], [ -81.558752444669551, 39.931132393745031 ], [ -81.559769512253126, 39.928303620315887 ], [ -81.563494346786626, 39.917916433596588 ], [ -81.565030255741647, 39.913642227506841 ], [ -81.565859312856958, 39.911342219467883 ], [ -81.566636153535626, 39.909193199506603 ], [ -81.56737577936866, 39.907153670205787 ], [ -81.5680858435868, 39.905202538866149 ], [ -81.568937819924429, 39.902871480834222 ], [ -81.569760684308108, 39.900631626648305 ], [ -81.570560172613853, 39.898467366775606 ], [ -81.571340069188807, 39.896368457038704 ], [ -81.572104590954098, 39.894323575872363 ], [ -81.572855044624589, 39.8923292518935 ], [ -81.573593487849166, 39.890380024418619 ], [ -81.574321498038671, 39.888471726888724 ], [ -81.574774430795287, 39.887291429655818 ], [ -81.575224085523075, 39.886125092599002 ], [ -81.575670739213194, 39.884972002555912 ], [ -81.576114634682597, 39.883831532699105 ], [ -81.576556028238087, 39.882703022926194 ], [ -81.576995096146732, 39.881586021777537 ], [ -81.577432033561479, 39.880480035525295 ], [ -81.577867014950755, 39.879384623501608 ], [ -81.578300365869154, 39.878298965524891 ], [ -81.57873207552484, 39.877223092172017 ], [ -81.57916229050727, 39.876156642814863 ], [ -81.579591140318826, 39.875099290999515 ], [ -81.580018763455143, 39.874050697681582 ], [ -81.580445265136859, 39.873010607453637 ], [ -81.580870755081264, 39.871978746921684 ], [ -81.581295337609731, 39.87095486877223 ], [ -81.581719756461553, 39.869937189649647 ], [ -81.582143456755091, 39.868927054939661 ], [ -81.58256652752317, 39.867924251503041 ], [ -81.582989051503489, 39.866928582388198 ], [ -81.583411115930232, 39.865939844348418 ], [ -81.58383278915187, 39.864957876404901 ], [ -81.584254144013471, 39.863982506787295 ], [ -81.584675249762938, 39.863013579013511 ], [ -81.58509621431881, 39.862050844870623 ], [ -81.585517057466177, 39.861094257593948 ], [ -81.585937840359009, 39.860143679587168 ], [ -81.586358620553881, 39.859198979549319 ], [ -81.58677945830533, 39.858260025280003 ], [ -81.587200402176791, 39.857326707061929 ], [ -81.587621502530283, 39.856398910681207 ], [ -81.588042810627144, 39.855476527319922 ], [ -81.595780086481795, 39.838520042166238 ], [ -81.603512693955622, 39.821561010132541 ], [ -81.611240633948057, 39.804599430319513 ], [ -81.618963906459101, 39.787635302727097 ], [ -81.623871840513004, 39.776847956368158 ], [ -81.72343920525509, 39.798032323532937 ], [ -81.723227525529865, 39.798730293668143 ], [ -81.722712144749664, 39.800422942764669 ], [ -81.722194864601306, 39.802115107126554 ], [ -81.72167568688343, 39.803806784955214 ], [ -81.721154611596035, 39.805497978049289 ], [ -81.720631636940482, 39.807188685509459 ], [ -81.720106764715354, 39.808878908235101 ], [ -81.719579994021444, 39.810568645326782 ], [ -81.719051325758016, 39.812257896784558 ], [ -81.718520758126431, 39.81394666350775 ], [ -81.717988292925327, 39.815634943697773 ], [ -81.717453930154704, 39.817322740052475 ], [ -81.716917668015924, 39.819010049873953 ], [ -81.716379508307625, 39.820696874960845 ], [ -81.715839450130488, 39.82238321441389 ], [ -81.715297494383833, 39.824069068232973 ], [ -81.71475364016834, 39.825754437317471 ], [ -81.714207887484008, 39.827439320768065 ], [ -81.713660236330782, 39.82912371948413 ], [ -81.713110687608093, 39.830807632566234 ], [ -81.712559240416567, 39.832491060014434 ], [ -81.712005894756203, 39.834174001828785 ], [ -81.711450650627, 39.835856458908495 ], [ -81.71089350892828, 39.837538430354357 ], [ -81.710334468760664, 39.839219916166257 ], [ -81.709773531023586, 39.840900917243573 ], [ -81.709210694817671, 39.842581432687041 ], [ -81.708645960142917, 39.844261463395867 ], [ -81.708079326999325, 39.845941008470788 ], [ -81.707510795386838, 39.847620067911862 ], [ -81.70694036620489, 39.849298641718974 ], [ -81.706368038554103, 39.850976730791558 ], [ -81.705793813333798, 39.852654334230181 ], [ -81.705217689644599, 39.854331452934275 ], [ -81.704639667486617, 39.856008085105088 ], [ -81.704059746859798, 39.857684233440693 ], [ -81.703477927764141, 39.859359895243017 ], [ -81.702894211098908, 39.861035072310813 ], [ -81.702308596864214, 39.862709763744647 ], [ -81.701721083261361, 39.864383970443953 ], [ -81.701131672088934, 39.866057691509297 ], [ -81.700540362447725, 39.867730926940794 ], [ -81.699947154337679, 39.86940367673833 ], [ -81.699352048658056, 39.871075941801337 ], [ -81.698755044509653, 39.872747722129702 ], [ -81.698156141892412, 39.8744190159249 ], [ -81.697555340806275, 39.876089824985513 ], [ -81.696952642150677, 39.877760149311484 ], [ -81.696348045026241, 39.879429987104288 ], [ -81.69574154943291, 39.88109934016245 ], [ -81.695133156270117, 39.882768208486084 ], [ -81.694522864638429, 39.884436591175813 ], [ -81.69391067453796, 39.886104488231581 ], [ -81.693296585968653, 39.887771899653501 ], [ -81.692680599829771, 39.889438826340836 ], [ -81.692062715222107, 39.891105267394209 ], [ -81.691442932145549, 39.892771223713055 ], [ -81.690821251499528, 39.894436694397996 ], [ -81.690197672384613, 39.896101679448975 ], [ -81.689572194800917, 39.897766179765426 ], [ -81.688944818748325, 39.899430194447973 ], [ -81.688315545126272, 39.901093723496615 ], [ -81.687684373035324, 39.902756767810615 ], [ -81.687051302475595, 39.904419326490768 ], [ -81.686416334346291, 39.906081399537015 ], [ -81.685779466848885, 39.907742987848678 ], [ -81.685140702681224, 39.909404090526436 ], [ -81.684500039145462, 39.911064708469553 ], [ -81.683857478040125, 39.912724840778822 ], [ -81.683213017566686, 39.914384487454186 ], [ -81.682566660422992, 39.916043649394965 ], [ -81.681918403911197, 39.917702325701839 ], [ -81.681268249829827, 39.919360516374809 ], [ -81.680616197279619, 39.921018222313137 ], [ -81.679962246260629, 39.922675442617617 ], [ -81.679306397672065, 39.924332178187512 ], [ -81.678648650614718, 39.925988428123503 ], [ -81.677989005088477, 39.927644192425589 ], [ -81.677327461093398, 39.92929947199309 ], [ -81.676664019528857, 39.930954265926687 ], [ -81.675998679495422, 39.932608574226379 ], [ -81.675331440993148, 39.934262397791485 ], [ -81.674662304022092, 39.935915735722688 ], [ -81.673991269481462, 39.937568588919305 ], [ -81.673318336471993, 39.939220956482018 ], [ -81.672643505893063, 39.940872838410826 ], [ -81.671966775945918, 39.942524235605049 ], [ -81.671288148429255, 39.944175147165367 ], [ -81.670607622443811, 39.945825573991101 ], [ -81.669925198888791, 39.94747551518293 ], [ -81.669240875965613, 39.949124970740854 ], [ -81.668554655472917, 39.950773941564194 ], [ -81.66786653651144, 39.952422426753628 ], [ -81.667176519980387, 39.954070426309158 ], [ -81.666484604980496, 39.955717941130104 ], [ -81.665790791511768, 39.957364970317201 ], [ -81.665095079574201, 39.959011514769657 ], [ -81.664397469167852, 39.960657573588207 ], [ -81.663697961191929, 39.962303147672174 ], [ -81.662996554747167, 39.963948235222915 ], [ -81.662293250732887, 39.965592838938392 ], [ -81.661588047350449, 39.967236956120701 ], [ -81.660880946398493, 39.968880588568368 ], [ -81.660171946977755, 39.97052373628145 ], [ -81.659461049987442, 39.972166398360628 ], [ -81.658748254528291, 39.973808574805958 ], [ -81.658033560600302, 39.975450265617326 ], [ -81.657316968203475, 39.977091471694109 ], [ -81.656598477337809, 39.978732193036308 ], [ -81.655878088902625, 39.980372428744658 ], [ -81.65518225645593, 39.981957935310504 ], [ -81.654477220347417, 39.983576777046665 ], [ -81.65376159652044, 39.985232127660595 ], [ -81.653033608813985, 39.986928099752049 ], [ -81.652292065626284, 39.988667447045088 ], [ -81.651533460500787, 39.990458372256114 ], [ -81.650754635018359, 39.992308330764899 ], [ -81.649950952274594, 39.99422833566922 ], [ -81.649233296879117, 39.99595138185083 ], [ -81.648487052035762, 39.9977507274142 ], [ -81.647704956618441, 39.999643872266972 ], [ -81.64687317365798, 40.001664303564837 ], [ -81.645265711943011, 40.005584242418877 ], [ -81.642242191224113, 40.012980042095307 ], [ -81.641018436051922, 40.015968915533051 ], [ -81.63974949084627, 40.019058048090471 ], [ -81.638604542365727, 40.021832396348088 ], [ -81.637939832757013, 40.023435992776911 ], [ -81.637298228530369, 40.024978138530344 ], [ -81.636675389557524, 40.026469268442042 ], [ -81.636068438907273, 40.027916265923011 ], [ -81.635474182187693, 40.029326737439021 ], [ -81.634891616654727, 40.030703047307838 ], [ -81.634319179286649, 40.03204888724639 ], [ -81.63375567128719, 40.03336707932732 ], [ -81.633067365266641, 40.034967803321535 ], [ -81.632389530052706, 40.036533601244741 ], [ -81.631720740219976, 40.038067764615676 ], [ -81.6310598662198, 40.039572884381187 ], [ -81.630405678679097, 40.041051755634044 ], [ -81.629757546273709, 40.042505798403909 ], [ -81.629114697385319, 40.043936743885695 ], [ -81.62847648540145, 40.045346033692567 ], [ -81.627841394065058, 40.046736987222232 ], [ -81.627209832567701, 40.048108686266914 ], [ -81.626581317074113, 40.049462180335411 ], [ -81.625955425802204, 40.050798375944339 ], [ -81.625331710889725, 40.052118230871713 ], [ -81.624709874660937, 40.053422371045656 ], [ -81.624089587064759, 40.054711490742761 ], [ -81.623470551324829, 40.055986202401357 ], [ -81.623094837956387, 40.056754092127676 ], [ -81.622719424961474, 40.057516991516025 ], [ -81.622344258380792, 40.058275014780179 ], [ -81.621969283355725, 40.059028268939528 ], [ -81.621594446826236, 40.059776864610683 ], [ -81.621219702027588, 40.060520892625163 ], [ -81.62084500129572, 40.061260445613129 ], [ -81.620470301463229, 40.061995613506838 ], [ -81.62009553328221, 40.062726528506516 ], [ -81.619720679665591, 40.063453224786542 ], [ -81.619345700143924, 40.064175780587846 ], [ -81.618970556046293, 40.064894270554191 ], [ -81.618595206903251, 40.065608771127927 ], [ -81.618219619439856, 40.066319346160924 ], [ -81.61784375858258, 40.067026063102389 ], [ -81.617467590157105, 40.067728984005441 ], [ -81.617090952285594, 40.068428411042362 ], [ -81.616713942994011, 40.069124159852151 ], [ -81.616336530806223, 40.06981628709201 ], [ -81.615958686044507, 40.070504847620668 ], [ -81.615580379031258, 40.071189896296744 ], [ -81.615201582786767, 40.071871482582935 ], [ -81.614822270331445, 40.072549653243982 ], [ -81.614442414685641, 40.073224456843263 ], [ -81.614061979876453, 40.073895958132027 ], [ -81.613680951514652, 40.074564180492587 ], [ -81.613299305318662, 40.075229167991779 ], [ -81.612917018805319, 40.075890961998368 ], [ -81.612534065894408, 40.076549602082537 ], [ -81.612150426800724, 40.077205126915146 ], [ -81.611766079041274, 40.077857573368362 ], [ -81.611381001032328, 40.078506977415145 ], [ -81.610994625301657, 40.07915428784014 ], [ -81.610607477053406, 40.079798617012614 ], [ -81.610219534703731, 40.080439996408757 ], [ -81.609830780266236, 40.081078460202832 ], [ -81.609441193955888, 40.081714039871088 ], [ -81.609050757786179, 40.082346763292549 ], [ -81.608659452871393, 40.082976661044142 ], [ -81.60826726302372, 40.083603761904158 ], [ -81.607874163961469, 40.084228102744817 ], [ -81.607480144892747, 40.084849699753875 ], [ -81.607085188730423, 40.085468580810414 ], [ -81.606689280186117, 40.086084770196067 ], [ -81.606292402172585, 40.086698293991105 ], [ -81.605894539401447, 40.087309175578071 ], [ -81.605495677483475, 40.087917439238481 ], [ -81.60509580023097, 40.088523105656861 ], [ -81.60469485638248, 40.089126255772157 ], [ -81.604292867521792, 40.089726852712147 ], [ -81.603889821957694, 40.09032491895988 ], [ -81.603485703502372, 40.090920474300503 ], [ -81.603080498666031, 40.091513539418372 ], [ -81.603046774988627, 40.091562559664453 ], [ -81.564435038546151, 40.065397332421014 ], [ -81.53171667368548, 39.997811907393668 ] ] ] } },
{ "type": "Feature", "properties": { "TC_NUMBER": 25, "NAME": "SOUTH RICH CONDENSATE", "AOI": "SOUTH RICH CONDENSATE", "SPACING": 0, "BASE_LL": 12, "OIL_EUR": 24, "GAS_EUR": 236, "CONFIDENCE": "LOW", "Shape_Area": 0.0146226542222 }, "geometry": { "type": "Polygon", "coordinates": [ [ [ -81.467585579710715, 39.946626998537226 ], [ -81.46774866816645, 39.94639834860493 ], [ -81.468229840534661, 39.945720599725973 ], [ -81.46870815036084, 39.945043714196117 ], [ -81.469183612933364, 39.944367671331008 ], [ -81.469656238144864, 39.943692455842211 ], [ -81.470126043981679, 39.943018044347298 ], [ -81.470593036739217, 39.942344423356531 ], [ -81.471057230806537, 39.941671577581303 ], [ -81.471518635176835, 39.94099949083386 ], [ -81.471977262440646, 39.940328144228545 ], [ -81.4724331224906, 39.939657525174709 ], [ -81.472886226118419, 39.93898761568596 ], [ -81.473336585015375, 39.938318401373181 ], [ -81.474016838506259, 39.937300393998044 ], [ -81.474696142313064, 39.936278962004565 ], [ -81.475374515321562, 39.935254078413038 ], [ -81.476051975518203, 39.934225714445233 ], [ -81.47672854088944, 39.933193844020764 ], [ -81.477404231220248, 39.932158435663325 ], [ -81.478079065396514, 39.931119461494006 ], [ -81.478753062303952, 39.930076890935823 ], [ -81.479426238130372, 39.929030700606404 ], [ -81.480098618056729, 39.927980851834889 ], [ -81.480770222767546, 39.92692731134639 ], [ -81.481441072947121, 39.925870045865963 ], [ -81.482111191078559, 39.924809022118723 ], [ -81.482780597846272, 39.923744205031085 ], [ -81.48344931663263, 39.922675557730884 ], [ -81.484117370819945, 39.921603045144479 ], [ -81.484784723536109, 39.920526725727882 ], [ -81.485451458418027, 39.919446463683414 ], [ -81.486117600646708, 39.91836222213891 ], [ -81.486783173604522, 39.917273958826172 ], [ -81.487448202472535, 39.916181634175132 ], [ -81.48811271512966, 39.915085203219633 ], [ -81.488776736756961, 39.913984623691476 ], [ -81.489440294334088, 39.912879849725357 ], [ -81.490103407646131, 39.911770850744233 ], [ -81.490766113565257, 39.91065756379561 ], [ -81.491428440869811, 39.909539941215371 ], [ -81.492090420136719, 39.908417930842859 ], [ -81.492752081043648, 39.907291483215431 ], [ -81.493413454167523, 39.906160544373677 ], [ -81.49407457278329, 39.905025059458978 ], [ -81.494735470165779, 39.903884971814023 ], [ -81.49539529555642, 39.902741756327032 ], [ -81.49605496806231, 39.901593832889148 ], [ -81.496714521857655, 39.900441139447082 ], [ -81.497373994714053, 39.899283613947659 ], [ -81.498033420805712, 39.898121193438385 ], [ -81.498692840602075, 39.896953807772036 ], [ -81.499352292774063, 39.895781386801616 ], [ -81.500011818690439, 39.894603858581263 ], [ -81.50067144173363, 39.893421181742212 ], [ -81.501331223057434, 39.892233247466436 ], [ -81.501991205829427, 39.891039975714364 ], [ -81.50265143591497, 39.889841284647616 ], [ -81.503311957380902, 39.888637094226567 ], [ -81.503972821488503, 39.887427310921737 ], [ -81.504634078599793, 39.886211843901549 ], [ -81.505295779076903, 39.884990598737204 ], [ -81.505957764639106, 39.883763870406369 ], [ -81.506620302384988, 39.882531166979845 ], [ -81.507283448971975, 39.881292383236939 ], [ -81.507947262855851, 39.880047408561097 ], [ -81.50861180249268, 39.878796135932987 ], [ -81.509277133532862, 39.877538438548129 ], [ -81.509943321626963, 39.876274194098812 ], [ -81.510610436022773, 39.875003271284015 ], [ -81.51127850729722, 39.873725612547048 ], [ -81.511947647865611, 39.872441001151344 ], [ -81.512617934170294, 39.871149292306029 ], [ -81.513289447150214, 39.869850329529129 ], [ -81.513962264147153, 39.86854396533181 ], [ -81.514636475992518, 39.867230018950295 ], [ -81.515312174417261, 39.865908315916101 ], [ -81.515989452950862, 39.864578670069648 ], [ -81.517157287378893, 39.862274653752308 ], [ -81.51833062026185, 39.859945546349934 ], [ -81.519510024467991, 39.857590211119373 ], [ -81.520696145710531, 39.855207359332212 ], [ -81.521889561354158, 39.852795833560947 ], [ -81.52309115273448, 39.850353852248531 ], [ -81.524301749925769, 39.847879730964848 ], [ -81.525522308907398, 39.845371514583803 ], [ -81.52675197712199, 39.84283098736023 ], [ -81.52799379967405, 39.840251888214141 ], [ -81.529249073385984, 39.837631526373912 ], [ -81.530519351386943, 39.834966657984921 ], [ -81.531805896325011, 39.83225463993972 ], [ -81.533111214610813, 39.829490196815186 ], [ -81.534437614804062, 39.82666844169529 ], [ -81.535788030493165, 39.82378313148638 ], [ -81.536878034893334, 39.821445518296059 ], [ -81.537987375616865, 39.819058879463796 ], [ -81.539118438565026, 39.816618081659215 ], [ -81.540274349781384, 39.814116380866324 ], [ -81.54145707968047, 39.811549525090584 ], [ -81.542673102481672, 39.808903479512026 ], [ -81.543928248489863, 39.806165559193232 ], [ -81.545231410201382, 39.803316369355002 ], [ -81.547439985067228, 39.798474572343707 ], [ -81.549895398653689, 39.793076461909266 ], [ -81.552234266398216, 39.787924504912041 ], [ -81.557795535435559, 39.775663271342978 ], [ -81.560594983771466, 39.769500971892398 ], [ -81.56196537879913, 39.766490244029569 ], [ -81.563155404897998, 39.763880104783084 ], [ -81.623871840513004, 39.776847956368158 ], [ -81.618963906459101, 39.787635302727097 ], [ -81.611240633948057, 39.804599430319513 ], [ -81.603512693955622, 39.821561010132541 ], [ -81.595780086481795, 39.838520042166238 ], [ -81.588042810627144, 39.855476527319922 ], [ -81.587621502530283, 39.856398910681207 ], [ -81.587200402176791, 39.857326707061929 ], [ -81.58677945830533, 39.858260025280003 ], [ -81.586358620553881, 39.859198979549319 ], [ -81.585937840359009, 39.860143679587168 ], [ -81.585517057466177, 39.861094257593948 ], [ -81.58509621431881, 39.862050844870623 ], [ -81.584675249762938, 39.863013579013511 ], [ -81.584254144013471, 39.863982506787295 ], [ -81.58383278915187, 39.864957876404901 ], [ -81.583411115930232, 39.865939844348418 ], [ -81.582989051503489, 39.866928582388198 ], [ -81.58256652752317, 39.867924251503041 ], [ -81.582143456755091, 39.868927054939661 ], [ -81.581719756461553, 39.869937189649647 ], [ -81.581295337609731, 39.87095486877223 ], [ -81.580870755081264, 39.871978746921684 ], [ -81.580445265136859, 39.873010607453637 ], [ -81.580018763455143, 39.874050697681582 ], [ -81.579591140318826, 39.875099290999515 ], [ -81.57916229050727, 39.876156642814863 ], [ -81.57873207552484, 39.877223092172017 ], [ -81.578300365869154, 39.878298965524891 ], [ -81.577867014950755, 39.879384623501608 ], [ -81.577432033561479, 39.880480035525295 ], [ -81.576995096146732, 39.881586021777537 ], [ -81.576556028238087, 39.882703022926194 ], [ -81.576114634682597, 39.883831532699105 ], [ -81.575670739213194, 39.884972002555912 ], [ -81.575224085523075, 39.886125092599002 ], [ -81.574774430795287, 39.887291429655818 ], [ -81.574321498038671, 39.888471726888724 ], [ -81.573593487849166, 39.890380024418619 ], [ -81.572855044624589, 39.8923292518935 ], [ -81.572104590954098, 39.894323575872363 ], [ -81.571340069188807, 39.896368457038704 ], [ -81.570560172613853, 39.898467366775606 ], [ -81.569760684308108, 39.900631626648305 ], [ -81.568937819924429, 39.902871480834222 ], [ -81.5680858435868, 39.905202538866149 ], [ -81.56737577936866, 39.907153670205787 ], [ -81.566636153535626, 39.909193199506603 ], [ -81.565859312856958, 39.911342219467883 ], [ -81.565030255741647, 39.913642227506841 ], [ -81.563494346786626, 39.917916433596588 ], [ -81.559769512253126, 39.928303620315887 ], [ -81.558752444669551, 39.931132393745031 ], [ -81.557833062345935, 39.933682533821923 ], [ -81.556852214058381, 39.936393714598296 ], [ -81.555927632753992, 39.938938492917146 ], [ -81.555043711597989, 39.941359817701482 ], [ -81.5541921462505, 39.943680425611205 ], [ -81.553284333704994, 39.946139807905865 ], [ -81.55240190992015, 39.948514703390913 ], [ -81.551540178636287, 39.950817754735624 ], [ -81.550695872616416, 39.953057683565305 ], [ -81.549865372988506, 39.955244069458274 ], [ -81.549047380232366, 39.957380307355379 ], [ -81.548240010268216, 39.959471315648727 ], [ -81.547441783711292, 39.961520925450429 ], [ -81.546667367604869, 39.963492018142176 ], [ -81.545899414925998, 39.965429289130441 ], [ -81.545136983185216, 39.96733511981995 ], [ -81.544379279180362, 39.969211487819962 ], [ -81.543625450354227, 39.971060502040586 ], [ -81.542874986791162, 39.972883409841529 ], [ -81.542127299435265, 39.974681642943494 ], [ -81.541381873874343, 39.976456434317015 ], [ -81.540637619230722, 39.978210358721128 ], [ -81.539894719865401, 39.979942964696136 ], [ -81.539523647898022, 39.980801575332464 ], [ -81.53915276838552, 39.981655198328781 ], [ -81.538782034563212, 39.982503937107083 ], [ -81.538411404162957, 39.98334789239135 ], [ -81.538040812433508, 39.984187208073251 ], [ -81.537670242287788, 39.985021923722854 ], [ -81.537299654155674, 39.985852127473777 ], [ -81.536929012064206, 39.986677902063605 ], [ -81.536558277342579, 39.987499332927939 ], [ -81.536187417615167, 39.98831649111321 ], [ -81.535816397808446, 39.989129452162558 ], [ -81.535445187345488, 39.98993828622298 ], [ -81.534905737110023, 39.991105610735417 ], [ -81.534365724798306, 39.992264576049422 ], [ -81.533825061377456, 39.993415376418511 ], [ -81.533283661411815, 39.99455818900924 ], [ -81.532741439465838, 39.995693199081927 ], [ -81.532198323593718, 39.996820555024669 ], [ -81.53171667368548, 39.997811907393668 ], [ -81.530558339695574, 39.995416508265293 ], [ -81.467585579710715, 39.946626998537226 ] ] ] } },
{ "type": "Feature", "properties": { "TC_NUMBER": 26, "NAME": "SOUTH CONDENSATE", "AOI": "SOUTH CONDENSATE", "SPACING": 4, "BASE_LL": 15, "OIL_EUR": 30, "GAS_EUR": 300, "CONFIDENCE": "LOW", "Shape_Area": 0.014208335111399999 }, "geometry": { "type": "Polygon", "coordinates": [ [ [ -81.40370661157084, 39.897027410986254 ], [ -81.404401260509701, 39.896112153852869 ], [ -81.406015369113959, 39.893980016864361 ], [ -81.407670658573977, 39.89178752907128 ], [ -81.409295566237347, 39.889629078818984 ], [ -81.410892155148815, 39.88750192497389 ], [ -81.412462132221606, 39.885403795848561 ], [ -81.414007314985554, 39.883332257877441 ], [ -81.415528764640726, 39.881285887433819 ], [ -81.417027704265081, 39.879263040556907 ], [ -81.418505183367472, 39.877262299915287 ], [ -81.419963407085504, 39.875280669867095 ], [ -81.421401964429094, 39.873318700797483 ], [ -81.422821653096776, 39.871375303627417 ], [ -81.424223175459133, 39.86944951967962 ], [ -81.425607266262318, 39.867540334518878 ], [ -81.426974434522492, 39.865647048472567 ], [ -81.428325234222143, 39.863768894418968 ], [ -81.429660159988373, 39.861905182578141 ], [ -81.431035128068686, 39.859977352672729 ], [ -81.432393840902989, 39.858063828283093 ], [ -81.433736751749677, 39.856163971789897 ], [ -81.435064271598833, 39.854277202231174 ], [ -81.436376825829825, 39.85240291436304 ], [ -81.437674731903314, 39.850540654927329 ], [ -81.438958327065109, 39.848689937390759 ], [ -81.440227921581254, 39.84685031838751 ], [ -81.441484031662696, 39.845021045185149 ], [ -81.442726700476783, 39.843202051233732 ], [ -81.443956187927711, 39.841392958818062 ], [ -81.44517273323504, 39.83959341450452 ], [ -81.446376581913682, 39.837803054967083 ], [ -81.447567929116587, 39.836021589724623 ], [ -81.448746977191206, 39.834248715705712 ], [ -81.449913915894456, 39.832484148724518 ], [ -81.451069881969431, 39.830726156686808 ], [ -81.452214069623551, 39.828975952778023 ], [ -81.453346642533461, 39.827233286087335 ], [ -81.454467753583913, 39.82549792279093 ], [ -81.455577557458298, 39.823769620971291 ], [ -81.456676183658885, 39.822048180978811 ], [ -81.457763764386186, 39.820333395070179 ], [ -81.458840423746494, 39.818625066293805 ], [ -81.459906345201659, 39.816922902370095 ], [ -81.46096157821421, 39.815226826856644 ], [ -81.462006230702968, 39.813536662586955 ], [ -81.463040406089817, 39.811852244085856 ], [ -81.464064208696243, 39.810173399582766 ], [ -81.465077727555069, 39.808499985186245 ], [ -81.46608105259844, 39.806831849810067 ], [ -81.46707427106071, 39.805168851361429 ], [ -81.467860879276145, 39.80384250692623 ], [ -81.468645141160323, 39.802515239786544 ], [ -81.469427051317325, 39.801187058036362 ], [ -81.47020660435129, 39.799857972467521 ], [ -81.470983793966866, 39.798527992073218 ], [ -81.471758616566888, 39.797197126746028 ], [ -81.472531064956627, 39.795865385479203 ], [ -81.473301134639598, 39.794532778165205 ], [ -81.474068819320507, 39.793199312898025 ], [ -81.474834113603436, 39.791865000469443 ], [ -81.475597012991727, 39.790529849872712 ], [ -81.476357511190145, 39.789193871000407 ], [ -81.477115603702089, 39.787857071946348 ], [ -81.477871285131641, 39.786519462603167 ], [ -81.478624549183564, 39.785181053762699 ], [ -81.479375392260522, 39.783841852619446 ], [ -81.48012380626858, 39.782501870864678 ], [ -81.480869787610573, 39.781161117491649 ], [ -81.481613331789788, 39.779819599694804 ], [ -81.482354433410308, 39.778477329165469 ], [ -81.48309308617695, 39.777134313997465 ], [ -81.483829286492323, 39.775790563183989 ], [ -81.484563028061245, 39.774446086617672 ], [ -81.485294307286438, 39.773100893291655 ], [ -81.486023116973229, 39.771754993098511 ], [ -81.486749453524396, 39.770408395031438 ], [ -81.487473311544079, 39.769061108083747 ], [ -81.488194686535508, 39.767713142147841 ], [ -81.488913572203558, 39.76636450621703 ], [ -81.489629964950893, 39.765015209284513 ], [ -81.490343860280916, 39.763665260343544 ], [ -81.491055250999011, 39.762314670185958 ], [ -81.491764128111981, 39.760963459496111 ], [ -81.492470491619827, 39.759611624676779 ], [ -81.493174337925325, 39.758259174721161 ], [ -81.493875661632444, 39.756906120421149 ], [ -81.494574458244642, 39.755552469870622 ], [ -81.495270722365888, 39.754198232062834 ], [ -81.495964450399015, 39.752843415990924 ], [ -81.496655636948049, 39.751488031547467 ], [ -81.497344277516333, 39.750132088625037 ], [ -81.498030367607328, 39.748775594418191 ], [ -81.498713901825056, 39.747418559718824 ], [ -81.499394876572239, 39.746060992620755 ], [ -81.50007328645296, 39.744702902117297 ], [ -81.500749126970618, 39.743344298100908 ], [ -81.501422394527822, 39.7419851895649 ], [ -81.502093084628143, 39.740625585502414 ], [ -81.502317835099973, 39.740168058109418 ], [ -81.563148712143288, 39.763878673062379 ], [ -81.563155404897998, 39.763880104783084 ], [ -81.56196537879913, 39.766490244029569 ], [ -81.560594983771466, 39.769500971892398 ], [ -81.557795535435559, 39.775663271342978 ], [ -81.552234266398216, 39.787924504912041 ], [ -81.549895398653689, 39.793076461909266 ], [ -81.547439985067228, 39.798474572343707 ], [ -81.545231410201382, 39.803316369355002 ], [ -81.543928248489863, 39.806165559193232 ], [ -81.542673102481672, 39.808903479512026 ], [ -81.54145707968047, 39.811549525090584 ], [ -81.540274349781384, 39.814116380866324 ], [ -81.539118438565026, 39.816618081659215 ], [ -81.537987375616865, 39.819058879463796 ], [ -81.536878034893334, 39.821445518296059 ], [ -81.535788030493165, 39.82378313148638 ], [ -81.534437614804062, 39.82666844169529 ], [ -81.533111214610813, 39.829490196815186 ], [ -81.531805896325011, 39.83225463993972 ], [ -81.530519351386943, 39.834966657984921 ], [ -81.529249073385984, 39.837631526373912 ], [ -81.52799379967405, 39.840251888214141 ], [ -81.52675197712199, 39.84283098736023 ], [ -81.525522308907398, 39.845371514583803 ], [ -81.524301749925769, 39.847879730964848 ], [ -81.52309115273448, 39.850353852248531 ], [ -81.521889561354158, 39.852795833560947 ], [ -81.520696145710531, 39.855207359332212 ], [ -81.519510024467991, 39.857590211119373 ], [ -81.51833062026185, 39.859945546349934 ], [ -81.517157287378893, 39.862274653752308 ], [ -81.515989452950862, 39.864578670069648 ], [ -81.515312174417261, 39.865908315916101 ], [ -81.514636475992518, 39.867230018950295 ], [ -81.513962264147153, 39.86854396533181 ], [ -81.513289447150214, 39.869850329529129 ], [ -81.512617934170294, 39.871149292306029 ], [ -81.511947647865611, 39.872441001151344 ], [ -81.51127850729722, 39.873725612547048 ], [ -81.510610436022773, 39.875003271284015 ], [ -81.509943321626963, 39.876274194098812 ], [ -81.509277133532862, 39.877538438548129 ], [ -81.50861180249268, 39.878796135932987 ], [ -81.507947262855851, 39.880047408561097 ], [ -81.507283448971975, 39.881292383236939 ], [ -81.506620302384988, 39.882531166979845 ], [ -81.505957764639106, 39.883763870406369 ], [ -81.505295779076903, 39.884990598737204 ], [ -81.504634078599793, 39.886211843901549 ], [ -81.503972821488503, 39.887427310921737 ], [ -81.503311957380902, 39.888637094226567 ], [ -81.50265143591497, 39.889841284647616 ], [ -81.501991205829427, 39.891039975714364 ], [ -81.501331223057434, 39.892233247466436 ], [ -81.50067144173363, 39.893421181742212 ], [ -81.500011818690439, 39.894603858581263 ], [ -81.499352292774063, 39.895781386801616 ], [ -81.498692840602075, 39.896953807772036 ], [ -81.498033420805712, 39.898121193438385 ], [ -81.497373994714053, 39.899283613947659 ], [ -81.496714521857655, 39.900441139447082 ], [ -81.49605496806231, 39.901593832889148 ], [ -81.49539529555642, 39.902741756327032 ], [ -81.494735470165779, 39.903884971814023 ], [ -81.49407457278329, 39.905025059458978 ], [ -81.493413454167523, 39.906160544373677 ], [ -81.492752081043648, 39.907291483215431 ], [ -81.492090420136719, 39.908417930842859 ], [ -81.491428440869811, 39.909539941215371 ], [ -81.490766113565257, 39.91065756379561 ], [ -81.490103407646131, 39.911770850744233 ], [ -81.489440294334088, 39.912879849725357 ], [ -81.488776736756961, 39.913984623691476 ], [ -81.48811271512966, 39.915085203219633 ], [ -81.487448202472535, 39.916181634175132 ], [ -81.486783173604522, 39.917273958826172 ], [ -81.486117600646708, 39.91836222213891 ], [ -81.485451458418027, 39.919446463683414 ], [ -81.484784723536109, 39.920526725727882 ], [ -81.484117370819945, 39.921603045144479 ], [ -81.48344931663263, 39.922675557730884 ], [ -81.482780597846272, 39.923744205031085 ], [ -81.482111191078559, 39.924809022118723 ], [ -81.481441072947121, 39.925870045865963 ], [ -81.480770222767546, 39.92692731134639 ], [ -81.480098618056729, 39.927980851834889 ], [ -81.479426238130372, 39.929030700606404 ], [ -81.478753062303952, 39.930076890935823 ], [ -81.478079065396514, 39.931119461494006 ], [ -81.477404231220248, 39.932158435663325 ], [ -81.47672854088944, 39.933193844020764 ], [ -81.476051975518203, 39.934225714445233 ], [ -81.475374515321562, 39.935254078413038 ], [ -81.474696142313064, 39.936278962004565 ], [ -81.474016838506259, 39.937300393998044 ], [ -81.473336585015375, 39.938318401373181 ], [ -81.472886226118419, 39.93898761568596 ], [ -81.4724331224906, 39.939657525174709 ], [ -81.471977262440646, 39.940328144228545 ], [ -81.471518635176835, 39.94099949083386 ], [ -81.471057230806537, 39.941671577581303 ], [ -81.470593036739217, 39.942344423356531 ], [ -81.470126043981679, 39.943018044347298 ], [ -81.469656238144864, 39.943692455842211 ], [ -81.469183612933364, 39.944367671331008 ], [ -81.46870815036084, 39.945043714196117 ], [ -81.468229840534661, 39.945720599725973 ], [ -81.46774866816645, 39.94639834860493 ], [ -81.467585579710715, 39.946626998537226 ], [ -81.40370661157084, 39.897027410986254 ] ] ] } },
{ "type": "Feature", "properties": { "TC_NUMBER": 27, "NAME": "SOUTH LEAN CONDENSATE", "AOI": "SOUTH LEAN CONDENSATE", "SPACING": 0, "BASE_LL": 15, "OIL_EUR": 8, "GAS_EUR": 1048, "CONFIDENCE": "LOW", "Shape_Area": 0.019335496521000001 }, "geometry": { "type": "Polygon", "coordinates": [ [ [ -81.315515526820093, 39.867697580978643 ], [ -81.316342896807214, 39.866232847068318 ], [ -81.317187138075951, 39.86472485576752 ], [ -81.318030578948026, 39.863204888195071 ], [ -81.318873386697419, 39.861672643078066 ], [ -81.319714553184042, 39.860129979315161 ], [ -81.320555447176105, 39.858574417475438 ], [ -81.321396260229164, 39.857005602326751 ], [ -81.322237198288008, 39.855423147160593 ], [ -81.323078456505527, 39.853826690449466 ], [ -81.323920287591136, 39.852215749257482 ], [ -81.32476293256326, 39.850589862232425 ], [ -81.325606656721789, 39.848948520357965 ], [ -81.326451450174261, 39.847291747016584 ], [ -81.327297897479923, 39.845618403666435 ], [ -81.32814631250227, 39.843927869775428 ], [ -81.328997044178209, 39.842219449268214 ], [ -81.329850410867721, 39.840492507223473 ], [ -81.330706865829143, 39.838746122735415 ], [ -81.331566839837762, 39.836979419864406 ], [ -81.332430816728788, 39.835191406658168 ], [ -81.33315236349074, 39.83368823752221 ], [ -81.333877363649378, 39.832168919260255 ], [ -81.334606164342972, 39.830632718924903 ], [ -81.335339160373906, 39.829078808240467 ], [ -81.336076702477783, 39.827506442568335 ], [ -81.336819329348543, 39.825914477970855 ], [ -81.33756754280779, 39.824301834362245 ], [ -81.338321924717036, 39.822667258986883 ], [ -81.339081972355075, 39.821011861608156 ], [ -81.339849518540404, 39.819331668122061 ], [ -81.340625349280401, 39.81762495902467 ], [ -81.341410403467307, 39.81588967037203 ], [ -81.342205447323522, 39.814124108740657 ], [ -81.343011987213401, 39.812324934048547 ], [ -81.343831412589566, 39.810489050829062 ], [ -81.344665481626635, 39.808612517353822 ], [ -81.345344947311446, 39.807078267647967 ], [ -81.34603638477131, 39.805512139673567 ], [ -81.346741257203234, 39.803910818529516 ], [ -81.347461472968575, 39.802269966785616 ], [ -81.348955520280981, 39.798852409910864 ], [ -81.350547501965593, 39.795193198907043 ], [ -81.351938504058694, 39.791983850374436 ], [ -81.353483331590439, 39.788409575841285 ], [ -81.358612554625665, 39.776511026262881 ], [ -81.36052721126174, 39.772076248020483 ], [ -81.362428237772917, 39.767687252464782 ], [ -81.363306233295987, 39.765666781596735 ], [ -81.364149621108083, 39.763730693216985 ], [ -81.365073578282988, 39.761615634354087 ], [ -81.365967889306603, 39.759575039356662 ], [ -81.366837641643826, 39.757597299775625 ], [ -81.367686320167479, 39.755674492583807 ], [ -81.368517777573345, 39.753797902451311 ], [ -81.369333345757241, 39.75196453463559 ], [ -81.370134988838629, 39.750169973465574 ], [ -81.370924238362875, 39.748410793423432 ], [ -81.371950914303227, 39.74611873269339 ], [ -81.372978681121197, 39.743814952897822 ], [ -81.374007652131411, 39.741499199528505 ], [ -81.375037946044358, 39.739171203688159 ], [ -81.376069678872568, 39.736830707271395 ], [ -81.377102985514341, 39.734477398213414 ], [ -81.378138001767354, 39.73211097254341 ], [ -81.379174867925769, 39.729731108304065 ], [ -81.380213634351719, 39.727337689482852 ], [ -81.381254549258017, 39.724930145909582 ], [ -81.382297772723973, 39.72250810976152 ], [ -81.383343472023569, 39.720071188934298 ], [ -81.384391809934016, 39.717619008410566 ], [ -81.385442985205543, 39.715151098744286 ], [ -81.386497192091724, 39.712667006677066 ], [ -81.387554637436551, 39.710166244776417 ], [ -81.388614089168868, 39.707651745731539 ], [ -81.389677214631718, 39.705119569612521 ], [ -81.390744253044829, 39.702569148047814 ], [ -81.391815461614215, 39.699999863203175 ], [ -81.392891084056259, 39.697411134116578 ], [ -81.392898092472933, 39.697394209775041 ], [ -81.502317835099973, 39.740168058109418 ], [ -81.502093084628143, 39.740625585502414 ], [ -81.501422394527822, 39.7419851895649 ], [ -81.500749126970618, 39.743344298100908 ], [ -81.50007328645296, 39.744702902117297 ], [ -81.499394876572239, 39.746060992620755 ], [ -81.498713901825056, 39.747418559718824 ], [ -81.498030367607328, 39.748775594418191 ], [ -81.497344277516333, 39.750132088625037 ], [ -81.496655636948049, 39.751488031547467 ], [ -81.495964450399015, 39.752843415990924 ], [ -81.495270722365888, 39.754198232062834 ], [ -81.494574458244642, 39.755552469870622 ], [ -81.493875661632444, 39.756906120421149 ], [ -81.493174337925325, 39.758259174721161 ], [ -81.492470491619827, 39.759611624676779 ], [ -81.491764128111981, 39.760963459496111 ], [ -81.491055250999011, 39.762314670185958 ], [ -81.490343860280916, 39.763665260343544 ], [ -81.489629964950893, 39.765015209284513 ], [ -81.488913572203558, 39.76636450621703 ], [ -81.488194686535508, 39.767713142147841 ], [ -81.487473311544079, 39.769061108083747 ], [ -81.486749453524396, 39.770408395031438 ], [ -81.486023116973229, 39.771754993098511 ], [ -81.485294307286438, 39.773100893291655 ], [ -81.484563028061245, 39.774446086617672 ], [ -81.483829286492323, 39.775790563183989 ], [ -81.48309308617695, 39.777134313997465 ], [ -81.482354433410308, 39.778477329165469 ], [ -81.481613331789788, 39.779819599694804 ], [ -81.480869787610573, 39.781161117491649 ], [ -81.48012380626858, 39.782501870864678 ], [ -81.479375392260522, 39.783841852619446 ], [ -81.478624549183564, 39.785181053762699 ], [ -81.477871285131641, 39.786519462603167 ], [ -81.477115603702089, 39.787857071946348 ], [ -81.476357511190145, 39.789193871000407 ], [ -81.475597012991727, 39.790529849872712 ], [ -81.474834113603436, 39.791865000469443 ], [ -81.474068819320507, 39.793199312898025 ], [ -81.473301134639598, 39.794532778165205 ], [ -81.472531064956627, 39.795865385479203 ], [ -81.471758616566888, 39.797197126746028 ], [ -81.470983793966866, 39.798527992073218 ], [ -81.47020660435129, 39.799857972467521 ], [ -81.469427051317325, 39.801187058036362 ], [ -81.468645141160323, 39.802515239786544 ], [ -81.467860879276145, 39.80384250692623 ], [ -81.46707427106071, 39.805168851361429 ], [ -81.46608105259844, 39.806831849810067 ], [ -81.465077727555069, 39.808499985186245 ], [ -81.464064208696243, 39.810173399582766 ], [ -81.463040406089817, 39.811852244085856 ], [ -81.462006230702968, 39.813536662586955 ], [ -81.46096157821421, 39.815226826856644 ], [ -81.459906345201659, 39.816922902370095 ], [ -81.458840423746494, 39.818625066293805 ], [ -81.457763764386186, 39.820333395070179 ], [ -81.456676183658885, 39.822048180978811 ], [ -81.455577557458298, 39.823769620971291 ], [ -81.454467753583913, 39.82549792279093 ], [ -81.453346642533461, 39.827233286087335 ], [ -81.452214069623551, 39.828975952778023 ], [ -81.451069881969431, 39.830726156686808 ], [ -81.449913915894456, 39.832484148724518 ], [ -81.448746977191206, 39.834248715705712 ], [ -81.447567929116587, 39.836021589724623 ], [ -81.446376581913682, 39.837803054967083 ], [ -81.44517273323504, 39.83959341450452 ], [ -81.443956187927711, 39.841392958818062 ], [ -81.442726700476783, 39.843202051233732 ], [ -81.441484031662696, 39.845021045185149 ], [ -81.440227921581254, 39.84685031838751 ], [ -81.438958327065109, 39.848689937390759 ], [ -81.437674731903314, 39.850540654927329 ], [ -81.436376825829825, 39.85240291436304 ], [ -81.435064271598833, 39.854277202231174 ], [ -81.433736751749677, 39.856163971789897 ], [ -81.432393840902989, 39.858063828283093 ], [ -81.431035128068686, 39.859977352672729 ], [ -81.429660159988373, 39.861905182578141 ], [ -81.428325234222143, 39.863768894418968 ], [ -81.426974434522492, 39.865647048472567 ], [ -81.425607266262318, 39.867540334518878 ], [ -81.424223175459133, 39.86944951967962 ], [ -81.422821653096776, 39.871375303627417 ], [ -81.421401964429094, 39.873318700797483 ], [ -81.419963407085504, 39.875280669867095 ], [ -81.418505183367472, 39.877262299915287 ], [ -81.417027704265081, 39.879263040556907 ], [ -81.415528764640726, 39.881285887433819 ], [ -81.414007314985554, 39.883332257877441 ], [ -81.412462132221606, 39.885403795848561 ], [ -81.410892155148815, 39.88750192497389 ], [ -81.409295566237347, 39.889629078818984 ], [ -81.407670658573977, 39.89178752907128 ], [ -81.406015369113959, 39.893980016864361 ], [ -81.404401260509701, 39.896112153852869 ], [ -81.40370661157084, 39.897027410986254 ], [ -81.386037159187481, 39.883288519349719 ], [ -81.315515526820093, 39.867697580978643 ] ] ] } },
{ "type": "Feature", "properties": { "TC_NUMBER": 28, "NAME": "SOUTH WET GAS", "AOI": "SOUTH WET GAS", "SPACING": 0, "BASE_LL": 10, "OIL_EUR": 0, "GAS_EUR": 900, "CONFIDENCE": "LOW", "Shape_Area": 0.0175025718203 }, "geometry": { "type": "Polygon", "coordinates": [ [ [ -81.215004633856722, 39.84538818981315 ], [ -81.215721954704406, 39.844292039446088 ], [ -81.216579818903483, 39.842976165817447 ], [ -81.217438557243611, 39.84165399603512 ], [ -81.218298261455573, 39.840325388905626 ], [ -81.219158995391297, 39.838990245503453 ], [ -81.220020826499933, 39.837648460608023 ], [ -81.220883819532617, 39.836299934394503 ], [ -81.221748050931751, 39.834944546353768 ], [ -81.222613594441782, 39.833582183171245 ], [ -81.223480527404377, 39.832212719841209 ], [ -81.22434856833172, 39.830836606923924 ], [ -81.225218161488897, 39.829453142948239 ], [ -81.226089392311565, 39.828062190317894 ], [ -81.226962351631187, 39.826663604242015 ], [ -81.227837126682005, 39.825257246224965 ], [ -81.228713822684711, 39.823842948093613 ], [ -81.229592538564759, 39.822420546171315 ], [ -81.230473384039385, 39.820989867788228 ], [ -81.231356396880187, 39.81955084729384 ], [ -81.232241765944707, 39.818103181616607 ], [ -81.233129612641449, 39.816646671107037 ], [ -81.234020064674212, 39.815181105323802 ], [ -81.234913245250027, 39.813706281919451 ], [ -81.235809306354383, 39.812221949083721 ], [ -81.236708395476057, 39.810727864899093 ], [ -81.2376106699964, 39.809223764964827 ], [ -81.238505684289862, 39.807727147389983 ], [ -81.239404139389478, 39.80622019840348 ], [ -81.24030621066305, 39.804702623927028 ], [ -81.241212088766872, 39.803174103801894 ], [ -81.242121951766649, 39.801634335855965 ], [ -81.243036031687495, 39.800082927984818 ], [ -81.243954552460593, 39.798519502473141 ], [ -81.244877756902895, 39.79694364383414 ], [ -81.245805651309695, 39.795355343973995 ], [ -81.246738757287801, 39.793753710765202 ], [ -81.247677367116751, 39.792138244184684 ], [ -81.248621800955334, 39.790508391149388 ], [ -81.249572355579687, 39.788863643542356 ], [ -81.25052944377876, 39.787203282805308 ], [ -81.251493462153519, 39.785526623654789 ], [ -81.252464853170409, 39.783832897170498 ], [ -81.25343829284293, 39.782131421228144 ], [ -81.254419999982986, 39.78041136349367 ], [ -81.255410526774369, 39.778671756296546 ], [ -81.256410505440442, 39.776911489873385 ], [ -81.257420494460234, 39.775129583063858 ], [ -81.25844139045779, 39.773324452161773 ], [ -81.259474036097856, 39.771494609688546 ], [ -81.26051942333271, 39.769638295670859 ], [ -81.261576317393121, 39.767757717045072 ], [ -81.262648256212003, 39.765846591147294 ], [ -81.26484323422784, 39.761922053160276 ], [ -81.267118021679323, 39.757840254324321 ], [ -81.269495133093869, 39.753560803388439 ], [ -81.27026193553985, 39.752170775261106 ], [ -81.271026667746469, 39.750776217248699 ], [ -81.271789352196834, 39.749377088881602 ], [ -81.272550010474561, 39.747973351489009 ], [ -81.273308665062814, 39.746564964601475 ], [ -81.274065338444586, 39.745151885051484 ], [ -81.274820054002248, 39.743734069671632 ], [ -81.275572836017545, 39.742311473495761 ], [ -81.276323699778857, 39.740884065946943 ], [ -81.27707267766192, 39.739451785871267 ], [ -81.277819793948311, 39.738014588302633 ], [ -81.278565073819038, 39.736572422879078 ], [ -81.279308543354546, 39.73512524283575 ], [ -81.280050227735785, 39.73367299421335 ], [ -81.280790154841725, 39.732215625750598 ], [ -81.281528351652071, 39.730753083488082 ], [ -81.282264773200666, 39.729285458257323 ], [ -81.282999520211661, 39.727812548610302 ], [ -81.283732622362606, 39.726334297889593 ], [ -81.284464108431848, 39.724850645840661 ], [ -81.285194008096937, 39.723361534007665 ], [ -81.285922352834291, 39.721866896739925 ], [ -81.286649173220724, 39.72036667018574 ], [ -81.287374503430556, 39.718860788694485 ], [ -81.288098362349501, 39.717349209098757 ], [ -81.288820795843037, 39.715831835171116 ], [ -81.289541838984633, 39.714308596764397 ], [ -81.290261525948608, 39.712779419234835 ], [ -81.290979890909227, 39.711244228838154 ], [ -81.291696973436558, 39.709702945534559 ], [ -81.292412809503503, 39.708155487485783 ], [ -81.293127438680301, 39.70660177195424 ], [ -81.293839822249936, 39.705044075124022 ], [ -81.294551082566386, 39.703479966127588 ], [ -81.295261260099039, 39.7019093532341 ], [ -81.295970398015413, 39.700332142014815 ], [ -81.296678536785009, 39.69874823983946 ], [ -81.297385724971207, 39.697157543286039 ], [ -81.298092007540106, 39.695559948033235 ], [ -81.298797432155709, 39.69395534706166 ], [ -81.299502025797835, 39.692343678318139 ], [ -81.300205860412063, 39.690724778126082 ], [ -81.300908988159222, 39.689098529573528 ], [ -81.301611461199911, 39.687464806755486 ], [ -81.302313331694847, 39.685823490961411 ], [ -81.303014659898622, 39.684174442796348 ], [ -81.303715503367755, 39.682517524664092 ], [ -81.304415923256215, 39.680852593572411 ], [ -81.305115720813831, 39.679180124363313 ], [ -81.305815222494459, 39.677499346317859 ], [ -81.306514492150029, 39.675810100256001 ], [ -81.307175668322373, 39.674204344554937 ], [ -81.391778368177086, 39.696955665271787 ], [ -81.392898092472933, 39.697394209775041 ], [ -81.392891084056259, 39.697411134116578 ], [ -81.391815461614215, 39.699999863203175 ], [ -81.390744253044829, 39.702569148047814 ], [ -81.389677214631718, 39.705119569612521 ], [ -81.388614089168868, 39.707651745731539 ], [ -81.387554637436551, 39.710166244776417 ], [ -81.386497192091724, 39.712667006677066 ], [ -81.385442985205543, 39.715151098744286 ], [ -81.384391809934016, 39.717619008410566 ], [ -81.383343472023569, 39.720071188934298 ], [ -81.382297772723973, 39.72250810976152 ], [ -81.381254549258017, 39.724930145909582 ], [ -81.380213634351719, 39.727337689482852 ], [ -81.379174867925769, 39.729731108304065 ], [ -81.378138001767354, 39.73211097254341 ], [ -81.377102985514341, 39.734477398213414 ], [ -81.376069678872568, 39.736830707271395 ], [ -81.375037946044358, 39.739171203688159 ], [ -81.374007652131411, 39.741499199528505 ], [ -81.372978681121197, 39.743814952897822 ], [ -81.371950914303227, 39.74611873269339 ], [ -81.370924238362875, 39.748410793423432 ], [ -81.370134988838629, 39.750169973465574 ], [ -81.369333345757241, 39.75196453463559 ], [ -81.368517777573345, 39.753797902451311 ], [ -81.367686320167479, 39.755674492583807 ], [ -81.366837641643826, 39.757597299775625 ], [ -81.365967889306603, 39.759575039356662 ], [ -81.365073578282988, 39.761615634354087 ], [ -81.364149621108083, 39.763730693216985 ], [ -81.363306233295987, 39.765666781596735 ], [ -81.362428237772917, 39.767687252464782 ], [ -81.36052721126174, 39.772076248020483 ], [ -81.358612554625665, 39.776511026262881 ], [ -81.353483331590439, 39.788409575841285 ], [ -81.351938504058694, 39.791983850374436 ], [ -81.350547501965593, 39.795193198907043 ], [ -81.348955520280981, 39.798852409910864 ], [ -81.347461472968575, 39.802269966785616 ], [ -81.346741257203234, 39.803910818529516 ], [ -81.34603638477131, 39.805512139673567 ], [ -81.345344947311446, 39.807078267647967 ], [ -81.344665481626635, 39.808612517353822 ], [ -81.343831412589566, 39.810489050829062 ], [ -81.343011987213401, 39.812324934048547 ], [ -81.342205447323522, 39.814124108740657 ], [ -81.341410403467307, 39.81588967037203 ], [ -81.340625349280401, 39.81762495902467 ], [ -81.339849518540404, 39.819331668122061 ], [ -81.339081972355075, 39.821011861608156 ], [ -81.338321924717036, 39.822667258986883 ], [ -81.33756754280779, 39.824301834362245 ], [ -81.336819329348543, 39.825914477970855 ], [ -81.336076702477783, 39.827506442568335 ], [ -81.335339160373906, 39.829078808240467 ], [ -81.334606164342972, 39.830632718924903 ], [ -81.333877363649378, 39.832168919260255 ], [ -81.33315236349074, 39.83368823752221 ], [ -81.332430816728788, 39.835191406658168 ], [ -81.331566839837762, 39.836979419864406 ], [ -81.330706865829143, 39.838746122735415 ], [ -81.329850410867721, 39.840492507223473 ], [ -81.328997044178209, 39.842219449268214 ], [ -81.32814631250227, 39.843927869775428 ], [ -81.327297897479923, 39.845618403666435 ], [ -81.326451450174261, 39.847291747016584 ], [ -81.325606656721789, 39.848948520357965 ], [ -81.32476293256326, 39.850589862232425 ], [ -81.323920287591136, 39.852215749257482 ], [ -81.323078456505527, 39.853826690449466 ], [ -81.322237198288008, 39.855423147160593 ], [ -81.321396260229164, 39.857005602326751 ], [ -81.320555447176105, 39.858574417475438 ], [ -81.319714553184042, 39.860129979315161 ], [ -81.318873386697419, 39.861672643078066 ], [ -81.318030578948026, 39.863204888195071 ], [ -81.317187138075951, 39.86472485576752 ], [ -81.316342896807214, 39.866232847068318 ], [ -81.315515526820093, 39.867697580978643 ], [ -81.215004633856722, 39.84538818981315 ] ] ] } },
{ "type": "Feature", "properties": { "TC_NUMBER": 29, "NAME": "SOUTH DRY GAS_NW", "AOI": "SOUTH DRY GAS", "SPACING": 0, "BASE_LL": 15, "OIL_EUR": 0, "GAS_EUR": 1549, "CONFIDENCE": "HIGH", "Shape_Area": 0.013452407426899999 }, "geometry": { "type": "Polygon", "coordinates": [ [ [ -81.070433284668297, 39.76265574436718 ], [ -81.241083210521708, 39.766033653730176 ], [ -81.255431311006134, 39.778635170077109 ], [ -81.255410526774369, 39.778671756296546 ], [ -81.254419999982986, 39.78041136349367 ], [ -81.25343829284293, 39.782131421228144 ], [ -81.252464853170409, 39.783832897170498 ], [ -81.251493462153519, 39.785526623654789 ], [ -81.25052944377876, 39.787203282805308 ], [ -81.249572355579687, 39.788863643542356 ], [ -81.248621800955334, 39.790508391149388 ], [ -81.247677367116751, 39.792138244184684 ], [ -81.246738757287801, 39.793753710765202 ], [ -81.245805651309695, 39.795355343973995 ], [ -81.244877756902895, 39.79694364383414 ], [ -81.243954552460593, 39.798519502473141 ], [ -81.243036031687495, 39.800082927984818 ], [ -81.242121951766649, 39.801634335855965 ], [ -81.241212088766872, 39.803174103801894 ], [ -81.24030621066305, 39.804702623927028 ], [ -81.239404139389478, 39.80622019840348 ], [ -81.238505684289862, 39.807727147389983 ], [ -81.2376106699964, 39.809223764964827 ], [ -81.236708395476057, 39.810727864899093 ], [ -81.235809306354383, 39.812221949083721 ], [ -81.234913245250027, 39.813706281919451 ], [ -81.234020064674212, 39.815181105323802 ], [ -81.233129612641449, 39.816646671107037 ], [ -81.232241765944707, 39.818103181616607 ], [ -81.231356396880187, 39.81955084729384 ], [ -81.230473384039385, 39.820989867788228 ], [ -81.229592538564759, 39.822420546171315 ], [ -81.228713822684711, 39.823842948093613 ], [ -81.227837126682005, 39.825257246224965 ], [ -81.226962351631187, 39.826663604242015 ], [ -81.226089392311565, 39.828062190317894 ], [ -81.225218161488897, 39.829453142948239 ], [ -81.22434856833172, 39.830836606923924 ], [ -81.223480527404377, 39.832212719841209 ], [ -81.222613594441782, 39.833582183171245 ], [ -81.221748050931751, 39.834944546353768 ], [ -81.220883819532617, 39.836299934394503 ], [ -81.220020826499933, 39.837648460608023 ], [ -81.219158995391297, 39.838990245503453 ], [ -81.218298261455573, 39.840325388905626 ], [ -81.217438557243611, 39.84165399603512 ], [ -81.216579818903483, 39.842976165817447 ], [ -81.215721954704406, 39.844292039446088 ], [ -81.215004633856722, 39.84538818981315 ], [ -81.157397454928571, 39.832554799464504 ], [ -81.03307147007223, 39.834196804139253 ], [ -81.070433284668297, 39.76265574436718 ] ] ] } },
{ "type": "Feature", "properties": { "TC_NUMBER": 30, "NAME": "SOUTH DRY GAS EAST", "AOI": "SOUTH DRY GAS EAST", "SPACING": 0, "BASE_LL": 15, "OIL_EUR": 0, "GAS_EUR": 1190, "CONFIDENCE": "HIGH", "Shape_Area": 0.038600520788100001 }, "geometry": { "type": "Polygon", "coordinates": [ [ [ -80.868515909781365, 39.7622528840634 ], [ -80.868086031145367, 39.761106047006535 ], [ -80.868147873025862, 39.760670987376216 ], [ -80.868281916976855, 39.759727996050231 ], [ -80.868191997362771, 39.758637922402272 ], [ -80.867595984267211, 39.757116968273522 ], [ -80.866734054233177, 39.755639971207756 ], [ -80.866099264169691, 39.754552572143552 ], [ -80.865339957572928, 39.753252072425255 ], [ -80.864099960644637, 39.752338997946424 ], [ -80.863628131333144, 39.751780423627679 ], [ -80.862188072121796, 39.75007595204363 ], [ -80.861847109456505, 39.749673818392068 ], [ -80.861792956779482, 39.749609971922723 ], [ -80.861585205292954, 39.74936361074208 ], [ -80.860639037561498, 39.74824194750795 ], [ -80.859791983213427, 39.747702928047715 ], [ -80.859287059749988, 39.746978051096221 ], [ -80.858533936891661, 39.746439031636044 ], [ -80.857779977663824, 39.74590101491998 ], [ -80.857523922690859, 39.745817780865934 ], [ -80.856766955230739, 39.745571920607688 ], [ -80.856421982488484, 39.745354976251178 ], [ -80.85642833350073, 39.745242826295453 ], [ -80.856450062020713, 39.744855066508137 ], [ -80.856039070047018, 39.744048960990824 ], [ -80.854718011826719, 39.742592020605343 ], [ -80.852738933155194, 39.741039977812761 ], [ -80.852050993158741, 39.740919972278959 ], [ -80.851702009440146, 39.740982482355719 ], [ -80.850862977944018, 39.741133072932996 ], [ -80.850303734529689, 39.740930669714714 ], [ -80.849954082614772, 39.740803978620761 ], [ -80.849372943406593, 39.740616952010782 ], [ -80.848824898350358, 39.739932856616065 ], [ -80.846620016100815, 39.7371809320544 ], [ -80.845267035545191, 39.735539972391848 ], [ -80.84386357874115, 39.734085538416934 ], [ -80.843014017083192, 39.733205057167709 ], [ -80.842475833093204, 39.73239761345917 ], [ -80.841543036481937, 39.730998002156127 ], [ -80.84078506717708, 39.729563958509914 ], [ -80.840212451743241, 39.728803815543699 ], [ -80.839735942359823, 39.728171031867703 ], [ -80.838290033058513, 39.726770082373434 ], [ -80.837837924080873, 39.725899963112852 ], [ -80.837513677114487, 39.725364453706618 ], [ -80.836945074455571, 39.724424970635937 ], [ -80.836788801062255, 39.724200504349824 ], [ -80.836597928951221, 39.723926064536329 ], [ -80.83611991500203, 39.723608167682869 ], [ -80.835896952382427, 39.723459917141497 ], [ -80.835629030855046, 39.723179459964172 ], [ -80.835257984967996, 39.722791031081272 ], [ -80.834988892523313, 39.722322543650534 ], [ -80.834564028507089, 39.721582959186264 ], [ -80.833853024497444, 39.720994968043385 ], [ -80.833514068219642, 39.720812955153804 ], [ -80.832546006492976, 39.720295997862081 ], [ -80.831856061008352, 39.719886008632443 ], [ -80.831552037996119, 39.719476019402805 ], [ -80.831480001400905, 39.719094945175641 ], [ -80.831135027759274, 39.717257932407733 ], [ -80.830671054025856, 39.716128080846318 ], [ -80.830583473548415, 39.715914645644432 ], [ -80.830469987200104, 39.715638033068842 ], [ -80.830119666189603, 39.714889422109195 ], [ -80.829723048080155, 39.714042034112651 ], [ -80.829763996011593, 39.711839991922147 ], [ -80.830022057371991, 39.711112942208558 ], [ -80.830186019069458, 39.710652979451481 ], [ -80.830197050153686, 39.710603840494912 ], [ -80.830267916730918, 39.710288952772999 ], [ -80.830353825368718, 39.709913227713344 ], [ -80.830830001103607, 39.707828014651227 ], [ -80.831045777240774, 39.707378080234264 ], [ -80.831871939438429, 39.705656059279761 ], [ -80.833882941344655, 39.703497975051562 ], [ -80.834867048775266, 39.703070937373923 ], [ -80.835288069988394, 39.702889927228398 ], [ -80.837098005068867, 39.702264999130477 ], [ -80.839113019750016, 39.701034028697507 ], [ -80.840047320027736, 39.700725491987896 ], [ -80.841548051101654, 39.700229928668307 ], [ -80.843508076736327, 39.699742721849191 ], [ -80.844721998721241, 39.6994410379736 ], [ -80.846551489559545, 39.699273899870661 ], [ -80.850335991412862, 39.698927924384236 ], [ -80.851271462607883, 39.698721842938767 ], [ -80.852001019631302, 39.698561056747451 ], [ -80.85270700992055, 39.698148059285586 ], [ -80.853039613387409, 39.697916239243114 ], [ -80.853195052209855, 39.697807933889067 ], [ -80.854600013579727, 39.697473992230982 ], [ -80.855910038917102, 39.696809954415926 ], [ -80.856289776751737, 39.696545709317093 ], [ -80.857166079750755, 39.695935989654231 ], [ -80.857362801951695, 39.695851417409017 ], [ -80.858184953173009, 39.695497920892365 ], [ -80.858273034572846, 39.695459813919342 ], [ -80.858299944087094, 39.695447947364926 ], [ -80.860025976017937, 39.694685966184466 ], [ -80.861139281852331, 39.693988332395691 ], [ -80.861719082869342, 39.693624974812792 ], [ -80.86222032900497, 39.693181725955924 ], [ -80.863273965720907, 39.692249931189451 ], [ -80.863698997011056, 39.691723948301615 ], [ -80.863700334302962, 39.691663277338421 ], [ -80.863707019863057, 39.691360925266565 ], [ -80.863673592062582, 39.691021468066367 ], [ -80.863629969547446, 39.690579054679688 ], [ -80.864104975264354, 39.689876072622724 ], [ -80.864262920497367, 39.689642414366006 ], [ -80.864694971895403, 39.689002945129857 ], [ -80.865126355097175, 39.687853035988894 ], [ -80.865249034315468, 39.687525947164772 ], [ -80.865610051862348, 39.686814943155127 ], [ -80.865656015312823, 39.686737223743933 ], [ -80.865805937693835, 39.686484009729327 ], [ -80.866039930498346, 39.685362013745987 ], [ -80.866159936032204, 39.684328933733354 ], [ -80.866241833693607, 39.683769858492212 ], [ -80.866330082367369, 39.68316699166337 ], [ -80.866488193974931, 39.680737142205373 ], [ -80.866580955446693, 39.679310954137293 ], [ -80.866631263521981, 39.678851325028688 ], [ -80.866671042334701, 39.67848796744579 ], [ -80.866388078746809, 39.676245980967281 ], [ -80.866028063943986, 39.675142034377416 ], [ -80.866255036640609, 39.672760989328253 ], [ -80.865962043813227, 39.670631988275716 ], [ -80.865946499930999, 39.670110182738767 ], [ -80.865923936840147, 39.669350039772553 ], [ -80.865873962413389, 39.668433121591363 ], [ -80.865843041922801, 39.66786602349822 ], [ -80.865471996035751, 39.666733998275447 ], [ -80.865246026083184, 39.666060934864333 ], [ -80.865234994998957, 39.665575064437746 ], [ -80.865326419178871, 39.66535310546152 ], [ -80.865451939355466, 39.665048078805853 ], [ -80.865496565514036, 39.664193669802046 ], [ -80.865561081078965, 39.662961028428754 ], [ -80.865952016372432, 39.659348009303244 ], [ -80.866148068578468, 39.657540079710941 ], [ -80.866088233085463, 39.657252435151804 ], [ -80.866060989023367, 39.657121064885303 ], [ -80.866077702923633, 39.656856653411864 ], [ -80.866107119747767, 39.656393178802205 ], [ -80.86621291779187, 39.654719962256479 ], [ -80.866593992019091, 39.652769965861296 ], [ -80.867049943799827, 39.652107932635033 ], [ -80.867940956110203, 39.649918927916247 ], [ -80.868407939874487, 39.648901058137369 ], [ -80.868557194059235, 39.648722220753939 ], [ -80.869453052816084, 39.647649028280057 ], [ -80.869803039278793, 39.646897075439711 ], [ -80.869946276099711, 39.646192588816973 ], [ -80.870117927000706, 39.645348041778732 ], [ -80.870413928060316, 39.644274013834718 ], [ -80.870544964678345, 39.643766082139052 ], [ -80.870770934630912, 39.642885933638979 ], [ -80.870764583618609, 39.642664810132942 ], [ -80.870758065332438, 39.642442015686527 ], [ -80.870659621044638, 39.642208523804356 ], [ -80.870596275497689, 39.642057933227079 ], [ -80.870472928083132, 39.641764940399753 ], [ -80.870692881571188, 39.640893483847265 ], [ -80.870809042503254, 39.640433019268471 ], [ -80.870859016030749, 39.640081026418272 ], [ -80.870931554447623, 39.639578109342324 ], [ -80.871019970395253, 39.638964044155387 ], [ -80.871076295834371, 39.638915907942874 ], [ -80.871237917495876, 39.638778019390145 ], [ -80.87130176486454, 39.638773005669748 ], [ -80.871559992599543, 39.638752948989463 ], [ -80.871777940599429, 39.638608040328847 ], [ -80.871713926856216, 39.638268917676442 ], [ -80.871868862957626, 39.637653683370843 ], [ -80.871997057717977, 39.637145082579536 ], [ -80.872050040377019, 39.636936996545217 ], [ -80.87253407169004, 39.636120026318224 ], [ -80.873129416589279, 39.635117199499234 ], [ -80.873391989848415, 39.634674952487103 ], [ -80.873634005504925, 39.633261969164607 ], [ -80.874299381511207, 39.631473427157005 ], [ -80.874823024363025, 39.630065958477246 ], [ -80.876003017625123, 39.627085055730788 ], [ -80.876274951028108, 39.626958030988419 ], [ -80.876354006831889, 39.626842204604088 ], [ -80.876465989513747, 39.626678075632753 ], [ -80.876594017899549, 39.626339955724404 ], [ -80.876640982295442, 39.625906065212803 ], [ -80.877034258524191, 39.625390946135326 ], [ -80.877273934144682, 39.625077061157526 ], [ -80.877746266177212, 39.624408343270488 ], [ -80.880359966739036, 39.620707074571897 ], [ -80.88179518040323, 39.62017657978538 ], [ -80.883200976343971, 39.619656947909846 ], [ -80.886387459613559, 39.618459238003481 ], [ -80.888003014327637, 39.617852026549826 ], [ -80.88953533408835, 39.617453068404416 ], [ -80.892209038316423, 39.616756939181471 ], [ -80.896514008414727, 39.616756938282151 ], [ -80.905379334488657, 39.61828173701258 ], [ -80.906235247158918, 39.618428985709158 ], [ -80.90624694643941, 39.618430991197329 ], [ -80.917621012299833, 39.61870292549969 ], [ -80.91827318356053, 39.618444530490763 ], [ -80.918978003831796, 39.618165076057494 ], [ -80.919482592747443, 39.618228254330518 ], [ -80.919957933911462, 39.618287922549655 ], [ -80.923109986636518, 39.617810074075692 ], [ -80.925842021791823, 39.61739607386977 ], [ -80.92834691607726, 39.616554034141416 ], [ -80.931605769590533, 39.615406966858075 ], [ -80.933293027251352, 39.614812958351422 ], [ -80.933562286070583, 39.614500076117679 ], [ -80.934135508546831, 39.613833880828963 ], [ -81.097463449278735, 39.635024924560696 ], [ -81.110715456053413, 39.646016420621379 ], [ -81.070433283768978, 39.762655747065139 ], [ -81.03307147007223, 39.834196804139253 ], [ -81.018273599746806, 39.834392243007642 ], [ -80.936341573404832, 39.76895022797072 ], [ -80.868515909781365, 39.7622528840634 ] ] ] } }
]
}
