{
"type": "FeatureCollection",
"name": "OH_TC_Areas_EPSG4326",
"crs": { "type": "name", "properties": { "name": "urn:ogc:def:crs:OGC:1.3:CRS84" } },
"features": [
{ "type": "Feature", "properties": { "Id": 0, "Area": "North Oil" }, "geometry": { "type": "Polygon", "coordinates": [ [ [ -81.20987766450871, 40.758904786097865 ], [ -81.209931919726912, 40.758111586789255 ], [ -81.210103030135244, 40.755552188191899 ], [ -81.210273786210806, 40.752939997591852 ], [ -81.21041584402046, 40.750722462780466 ], [ -81.210558177921868, 40.748460338682598 ], [ -81.210701078396553, 40.746149000984559 ], [ -81.21084491866246, 40.743782424228357 ], [ -81.210989941537107, 40.741356681074812 ], [ -81.21113688266567, 40.738859536247595 ], [ -81.211286395855026, 40.736279911897377 ], [ -81.21143944248071, 40.73360119574744 ], [ -81.2117052910707, 40.728865614965052 ], [ -81.211995210914694, 40.723601948679871 ], [ -81.212275778708658, 40.7184377725941 ], [ -81.212988065151507, 40.705242630851657 ], [ -81.213195707820205, 40.701432797794276 ], [ -81.213384379290247, 40.698005789044899 ], [ -81.213597651714707, 40.694182836677513 ], [ -81.213800602620196, 40.690604428860333 ], [ -81.213996996568625, 40.687204227102285 ], [ -81.214188811169024, 40.683948075152514 ], [ -81.214417077090914, 40.680161870882536 ], [ -81.214642794333969, 40.676516816107238 ], [ -81.214867435988026, 40.67298914624088 ], [ -81.215092010192592, 40.669563050303495 ], [ -81.21531767437564, 40.666221068856181 ], [ -81.215544817044261, 40.66295763779376 ], [ -81.215774035348005, 40.659764189274931 ], [ -81.21588957304985, 40.658191621255355 ], [ -81.216005801431194, 40.656634151054135 ], [ -81.216147743228248, 40.654764824745762 ], [ -81.216290862238097, 40.65291558569465 ], [ -81.216435237600535, 40.651085407774424 ], [ -81.216580940362689, 40.649273388065289 ], [ -81.216728047865672, 40.647478575085167 ], [ -81.216876613169717, 40.645700305133893 ], [ -81.217026698328041, 40.643937859653505 ], [ -81.217178358199149, 40.642190587534579 ], [ -81.2173316953061, 40.640457307067933 ], [ -81.217486712346457, 40.638738035341014 ], [ -81.217643455185609, 40.637032238156145 ], [ -81.217801968790198, 40.635339431678389 ], [ -81.217962300823999, 40.633659108689926 ], [ -81.218124489058212, 40.631990886079414 ], [ -81.218288572164354, 40.630334356454277 ], [ -81.218454587014179, 40.628689144797221 ], [ -81.218622804303521, 40.627052635879572 ], [ -81.218793029779007, 40.625426779431265 ], [ -81.218965297614801, 40.623811253495475 ], [ -81.219139639287505, 40.622205756799175 ], [ -81.219316088970771, 40.620609981774201 ], [ -81.219494673644817, 40.61902368020764 ], [ -81.219675422986853, 40.617446593094847 ], [ -81.219858364875918, 40.615878477618629 ], [ -81.220043542479956, 40.614318956063812 ], [ -81.220230966590393, 40.612767954686454 ], [ -81.220420662388165, 40.611225258547734 ], [ -81.220612655054524, 40.609690667998883 ], [ -81.220806969770351, 40.608163977994039 ], [ -81.221003628119405, 40.606645015863741 ], [ -81.221202653484184, 40.605133606239875 ], [ -81.221404068347596, 40.603629579150628 ], [ -81.221958840332704, 40.599491274111912 ], [ -81.222533137498758, 40.595166694296616 ], [ -81.223132874686925, 40.59061134214857 ], [ -81.223769543434258, 40.585737965443791 ], [ -81.224328388448853, 40.581434178853208 ], [ -81.22494757437552, 40.576643912095889 ], [ -81.227032877369936, 40.560442095735169 ], [ -81.227829419496601, 40.554269654629763 ], [ -81.228633135515111, 40.548076471560798 ], [ -81.229363092737202, 40.542495246567384 ], [ -81.229766763329948, 40.539430818386691 ], [ -81.230158275988174, 40.536475747766453 ], [ -81.230539985136843, 40.533612281190749 ], [ -81.230913487971563, 40.530828427099166 ], [ -81.231280563351817, 40.528110965457707 ], [ -81.231641811125286, 40.525455492286177 ], [ -81.231998129714455, 40.522855400265335 ], [ -81.232350219691426, 40.52030558484379 ], [ -81.23280101835681, 40.517070135287369 ], [ -81.23324686715371, 40.513903572900524 ], [ -81.233688727457277, 40.510799070929274 ], [ -81.234127362792123, 40.507751269414449 ], [ -81.234563608628235, 40.50475438121871 ], [ -81.234997893942037, 40.501805475451313 ], [ -81.235430745736707, 40.498900973709944 ], [ -81.23586260827723, 40.496037895641329 ], [ -81.236294534669554, 40.493209342546024 ], [ -81.236726241627409, 40.490417241671295 ], [ -81.237158065496814, 40.487659416657678 ], [ -81.23759030035653, 40.48493399331818 ], [ -81.23802326276784, 40.482238984150769 ], [ -81.238457159574807, 40.479573095930675 ], [ -81.238892227298848, 40.47693488434637 ], [ -81.239328675482454, 40.474323079555461 ], [ -81.239573767719676, 40.472871532404277 ], [ -81.23981938785893, 40.471427698738395 ], [ -81.240065568275782, 40.469991390599034 ], [ -81.240312337748691, 40.468562431719867 ], [ -81.240559729552416, 40.467140641336577 ], [ -81.240807768867924, 40.465725868363215 ], [ -81.241056483574368, 40.464317955418316 ], [ -81.241305899751978, 40.462916755013303 ], [ -81.241556056071659, 40.461522048612608 ], [ -81.241806964224466, 40.460133775062644 ], [ -81.242058647593012, 40.458751801263645 ], [ -81.242311130458546, 40.45737599951179 ], [ -81.242564435304985, 40.456006241204165 ], [ -81.242818582815801, 40.454642416623237 ], [ -81.243073594575336, 40.453284410655975 ], [ -81.243329490368183, 40.451932115383777 ], [ -81.24358636642215, 40.450585035280163 ], [ -81.243844166079981, 40.44924346172531 ], [ -81.244102909126411, 40.447907296693387 ], [ -81.244362613548333, 40.446576444856092 ], [ -81.244383302051716, 40.446471239880914 ], [ -81.324045476950104, 40.458453969746586 ], [ -81.323996360702225, 40.458837785965905 ], [ -81.323612503760543, 40.461858227302997 ], [ -81.323231292272283, 40.464878808247363 ], [ -81.32285272624128, 40.467899528767255 ], [ -81.322476805664408, 40.470920388887301 ], [ -81.32210353053911, 40.473941388628404 ], [ -81.321732900870558, 40.476962527952367 ], [ -81.321364916659888, 40.479983806844089 ], [ -81.320999577903706, 40.483005225335177 ], [ -81.320636884605108, 40.4860267834013 ], [ -81.320276836762133, 40.489048481055697 ], [ -81.319919434376118, 40.492070318287141 ], [ -81.319564677445442, 40.495092295111029 ], [ -81.319212565976585, 40.49811441147294 ], [ -81.318863099962982, 40.501136667426167 ], [ -81.318516279407277, 40.50415906294775 ], [ -81.318172104311429, 40.507181598023358 ], [ -81.317830574670722, 40.510204272692761 ], [ -81.317491690488978, 40.513227086926356 ], [ -81.317155451770404, 40.516250040682031 ], [ -81.316821858509755, 40.519273134002731 ], [ -81.316490910705866, 40.522296366910638 ], [ -81.316162608363328, 40.525319739353066 ], [ -81.315836951480719, 40.528343251349511 ], [ -81.315513940057585, 40.531366902901091 ], [ -81.31519357409708, 40.534390693980072 ], [ -81.314875853595112, 40.537414624624084 ], [ -81.31456077855654, 40.540438694787767 ], [ -81.31424834897787, 40.543462904501801 ], [ -81.313938564861161, 40.546487253750477 ], [ -81.31363142620549, 40.549511742538655 ], [ -81.313326933012988, 40.552536370849118 ], [ -81.313025085282874, 40.555561138687622 ], [ -81.312725883013627, 40.558586046069458 ], [ -81.312429326205901, 40.561611092988024 ], [ -81.31213541486467, 40.564636279394591 ], [ -81.31184414898604, 40.567661605323671 ], [ -81.311555528568647, 40.57068707079641 ], [ -81.311269553617137, 40.573712675761051 ], [ -81.310986224127035, 40.576738420260916 ], [ -81.310705540100315, 40.579764304281973 ], [ -81.310427501541596, 40.582790327771896 ], [ -81.310152108447298, 40.585816490769595 ], [ -81.309879360814307, 40.588842793305261 ], [ -81.309609258646887, 40.591869235337199 ], [ -81.309341801946076, 40.594895816853594 ], [ -81.309076990709798, 40.597922537872662 ], [ -81.308814824939091, 40.600949398388707 ], [ -81.308555304633487, 40.6039763984 ], [ -81.308298429794561, 40.607003537895039 ], [ -81.308044200423964, 40.610030816852337 ], [ -81.307792616515329, 40.613058235345086 ], [ -81.307543678074353, 40.616085793308876 ], [ -81.307297385101535, 40.619113490735181 ], [ -81.307053737595027, 40.622141327647398 ], [ -81.3068127355548, 40.625169304043553 ], [ -81.306574378982248, 40.628197419910258 ], [ -81.306338667878151, 40.631225675234411 ], [ -81.306105602241388, 40.634254070032853 ], [ -81.305875182071176, 40.637282604311302 ], [ -81.305647407369761, 40.640311278046113 ], [ -81.305422278136476, 40.643340091244696 ], [ -81.305199794370907, 40.646369043907661 ], [ -81.304979956074561, 40.649398136020999 ], [ -81.304762763246231, 40.652427367595728 ], [ -81.304548215887522, 40.655456738611782 ], [ -81.304336313997311, 40.658486249087296 ], [ -81.304127057576622, 40.661515899007213 ], [ -81.303920446625483, 40.664545688368079 ], [ -81.303716481142501, 40.66757561718979 ], [ -81.303515161128985, 40.670605685457339 ], [ -81.303316486586539, 40.673635893143512 ], [ -81.303120457514382, 40.676666240260055 ], [ -81.302927073910823, 40.679696726836752 ], [ -81.302736335778647, 40.682727352825211 ], [ -81.302548243115652, 40.68575811826053 ], [ -81.302362795923557, 40.688789023118815 ], [ -81.302179994202632, 40.691820067394623 ], [ -81.301999837952238, 40.694851251097319 ], [ -81.301822327172601, 40.697882574221886 ], [ -81.301647461864633, 40.700914036758249 ], [ -81.30147524202674, 40.703945638726282 ], [ -81.301305667659975, 40.706977380111198 ], [ -81.301138738766298, 40.710009260883311 ], [ -81.300974455343805, 40.713041281067724 ], [ -81.300812817392341, 40.716073440671849 ], [ -81.300653824913354, 40.719105739665864 ], [ -81.300497477905907, 40.722138178074353 ], [ -81.300343776370468, 40.725170755880065 ], [ -81.30019272030728, 40.728203473081827 ], [ -81.300044309716043, 40.731236329690041 ], [ -81.299898544598022, 40.734269325674354 ], [ -81.299755424951726, 40.737302461063955 ], [ -81.299614950779514, 40.740335735812842 ], [ -81.299477122079324, 40.7433691499605 ], [ -81.299341938852123, 40.746402703487909 ], [ -81.299209401097954, 40.749436396398295 ], [ -81.299079508815282, 40.752470228720412 ], [ -81.298952262005116, 40.75550420043448 ], [ -81.29882766067189, 40.758538311437441 ], [ -81.298705704811383, 40.761572561825659 ], [ -81.298586394421505, 40.764606951652105 ], [ -81.298469729506536, 40.767641480813765 ], [ -81.29846523480677, 40.767761114200923 ], [ -81.211159778216384, 40.758988926503555 ], [ -81.20987766450871, 40.758904786097865 ] ] ] } },
{ "type": "Feature", "properties": { "Id": 0, "Area": "North Rich Condensate" }, "geometry": { "type": "Polygon", "coordinates": [ [ [ -81.114008873039339, 40.752557312697128 ], [ -81.114051725010142, 40.752418965468898 ], [ -81.114587011384344, 40.750681662334827 ], [ -81.115120872333321, 40.7489398347115 ], [ -81.115653322245933, 40.747193443928417 ], [ -81.116184371014882, 40.745442449515508 ], [ -81.116714032129849, 40.743686814600878 ], [ -81.117242317282106, 40.741926494218255 ], [ -81.11776923996139, 40.740161447898501 ], [ -81.118294811859144, 40.738391631574643 ], [ -81.118819043766848, 40.736617014669484 ], [ -81.119341951872627, 40.734837537827993 ], [ -81.119863550565441, 40.733053156084338 ], [ -81.120383852435808, 40.731263821773936 ], [ -81.12090287277239, 40.729469488132452 ], [ -81.121420624165538, 40.727670104797475 ], [ -81.12193712370221, 40.725865619608641 ], [ -81.122452383973268, 40.724055981304552 ], [ -81.122966382495463, 40.722241273522116 ], [ -81.123479174127596, 40.720421306504122 ], [ -81.123990774157903, 40.718596022694328 ], [ -81.12450119787492, 40.716765366334698 ], [ -81.125010461466616, 40.714929280767699 ], [ -81.125518582919284, 40.713087703940325 ], [ -81.126025577521503, 40.711240572899975 ], [ -81.126531465058079, 40.709387825593666 ], [ -81.127036255421729, 40.707529418853539 ], [ -81.127539973793787, 40.705665263646985 ], [ -81.128042638160252, 40.703795291625497 ], [ -81.128544267407065, 40.701919431742418 ], [ -81.129044880419784, 40.700037615649386 ], [ -81.129544496984082, 40.698149766004839 ], [ -81.130043138682936, 40.696255805467118 ], [ -81.130540825301708, 40.694355655794809 ], [ -81.131037035234058, 40.692451324275162 ], [ -81.131532335951547, 40.690540653434397 ], [ -81.132026748138898, 40.68862355783692 ], [ -81.132520295178509, 40.686699950248482 ], [ -81.13301299955323, 40.684769742535579 ], [ -81.133504885545065, 40.682832838470667 ], [ -81.133995977435347, 40.680889142725725 ], [ -81.13448630130479, 40.678938553677341 ], [ -81.134975871542352, 40.676981012869518 ], [ -81.135464725919221, 40.675016371914154 ], [ -81.135952890516549, 40.673044521093772 ], [ -81.136440394111901, 40.671065348892725 ], [ -81.136927263685152, 40.66907874289565 ], [ -81.137413530712948, 40.667084578096848 ], [ -81.137899224872342, 40.665082728591173 ], [ -81.13838437763998, 40.663073065775421 ], [ -81.138868899083405, 40.661055971861671 ], [ -81.139352944785529, 40.659030794841307 ], [ -81.139836548920542, 40.656997394420273 ], [ -81.140319747461447, 40.654955618612838 ], [ -81.14080257548143, 40.652905323527804 ], [ -81.141285072551, 40.650846340092507 ], [ -81.141767276441684, 40.648778501033028 ], [ -81.142249229421338, 40.646701631880859 ], [ -81.142730949476601, 40.644615651696846 ], [ -81.143212503157429, 40.64252027449713 ], [ -81.143693935429681, 40.640415306027563 ], [ -81.144175293058197, 40.638300542142282 ], [ -81.144656620109856, 40.636175784091016 ], [ -81.145137971443035, 40.634040796251711 ], [ -81.145619398319667, 40.631895347498286 ], [ -81.14610095559766, 40.629739193215315 ], [ -81.146441391260012, 40.628195066255316 ], [ -81.146777950844637, 40.626642839101741 ], [ -81.147110673921375, 40.625082331890063 ], [ -81.1474396009598, 40.623513354863384 ], [ -81.147764769731239, 40.621935723660641 ], [ -81.148086226101398, 40.620349217948075 ], [ -81.14840401503622, 40.618753622787345 ], [ -81.148718180602557, 40.617148707952573 ], [ -81.149028738988093, 40.615534394302848 ], [ -81.149335771131874, 40.613910272646876 ], [ -81.149639326496697, 40.612276081282239 ], [ -81.149939455444553, 40.610631537821163 ], [ -81.150236209236567, 40.608976376064923 ], [ -81.150529647228495, 40.607310256968738 ], [ -81.150819826976502, 40.605632857676191 ], [ -81.151106808735307, 40.603943825653111 ], [ -81.151390230078064, 40.602245369634069 ], [ -81.151670591027951, 40.600534556930292 ], [ -81.151947959034089, 40.598810976551455 ], [ -81.152222406941476, 40.597074181534133 ], [ -81.152494000400807, 40.595323750096981 ], [ -81.152762826646139, 40.593559123760578 ], [ -81.153028967515752, 40.591779766529072 ], [ -81.153292512042768, 40.589985086648468 ], [ -81.153553454830984, 40.588175129984279 ], [ -81.153811992832132, 40.586348555647334 ], [ -81.15406822946818, 40.584504639683395 ], [ -81.15432227535571, 40.582642572702618 ], [ -81.154574232118108, 40.580761616361492 ], [ -81.154824245445596, 40.578860692373006 ], [ -81.15507244933714, 40.576938776409392 ], [ -81.155318995777989, 40.574994701150537 ], [ -81.155514605517524, 40.573426995765132 ], [ -81.155709351908072, 40.571843670954685 ], [ -81.155903325780869, 40.570243967690999 ], [ -81.156096634155233, 40.568627024423677 ], [ -81.156289366963449, 40.566992068635152 ], [ -81.156481666298831, 40.565337916817477 ], [ -81.1566736607639, 40.56366345291201 ], [ -81.156865499645974, 40.56196738279457 ], [ -81.15705706153723, 40.560250827919262 ], [ -81.157248805990506, 40.558509711659752 ], [ -81.157440929058637, 40.556742265948735 ], [ -81.157633660967647, 40.554946371983462 ], [ -81.157827188776551, 40.553120289575688 ], [ -81.15802187581194, 40.551260604899021 ], [ -81.158218053923022, 40.549364155037701 ], [ -81.158416138596948, 40.547426922720355 ], [ -81.158740395455908, 40.54420918890888 ], [ -81.159073521428823, 40.540846868394276 ], [ -81.15941895642267, 40.5373053192911 ], [ -81.159783339232675, 40.533516515081139 ], [ -81.160100932115398, 40.530177197425637 ], [ -81.160451481553622, 40.526460358764403 ], [ -81.161622623688132, 40.513944694398049 ], [ -81.162068396941905, 40.509203634945813 ], [ -81.162518799006392, 40.504461753513048 ], [ -81.162930471766884, 40.500187773153272 ], [ -81.163158089277388, 40.497854613405707 ], [ -81.163379865691255, 40.495604320788743 ], [ -81.16359711851517, 40.493423529578195 ], [ -81.163810751567908, 40.491303191694946 ], [ -81.164021772989486, 40.489233332758261 ], [ -81.164230527220028, 40.487210605490986 ], [ -81.164437533168524, 40.485230007864637 ], [ -81.164643192831988, 40.483287672793885 ], [ -81.164872944433924, 40.48114826568586 ], [ -81.165101881249797, 40.479048822651173 ], [ -81.165330384592565, 40.476985855219077 ], [ -81.165558766526857, 40.474956546713138 ], [ -81.165787369694357, 40.47295786641849 ], [ -81.166016383852096, 40.470988157783317 ], [ -81.166246038326918, 40.469045458487109 ], [ -81.166476528272113, 40.467128108381488 ], [ -81.166708303348599, 40.465232437333199 ], [ -81.166941264630594, 40.463359293402611 ], [ -81.167175567701364, 40.461507432827823 ], [ -81.167411350156797, 40.45967577012668 ], [ -81.167648760385077, 40.457863159563153 ], [ -81.167887898210921, 40.4560688286196 ], [ -81.168128878747851, 40.4542919274366 ], [ -81.168371803618712, 40.452531699684258 ], [ -81.168626192148082, 40.450720960609829 ], [ -81.168882884740313, 40.44892670251128 ], [ -81.169141980321072, 40.447148241004527 ], [ -81.16940356702392, 40.44538496005395 ], [ -81.1696677419758, 40.443636215744796 ], [ -81.169934576222843, 40.441901534134502 ], [ -81.170204148005979, 40.440180406206871 ], [ -81.170476531070065, 40.43847236701211 ], [ -81.170751854017823, 40.436776619751313 ], [ -81.170974580791452, 40.435429150231876 ], [ -81.24438330205227, 40.446471239878228 ], [ -81.244362613548276, 40.446576444856106 ], [ -81.244102909126426, 40.447907296693415 ], [ -81.243844166079967, 40.449243461725345 ], [ -81.243586366422065, 40.450585035280191 ], [ -81.24332949036814, 40.45193211538384 ], [ -81.24307359457535, 40.453284410656018 ], [ -81.242818582815715, 40.454642416623066 ], [ -81.242564435304956, 40.456006241204015 ], [ -81.242311130458759, 40.457375999511839 ], [ -81.242058647593041, 40.458751801263645 ], [ -81.24180696422448, 40.460133775062701 ], [ -81.241556056071701, 40.461522048612643 ], [ -81.241305899751836, 40.462916755013183 ], [ -81.24105648357434, 40.464317955418316 ], [ -81.240807768867924, 40.465725868363094 ], [ -81.240559729552416, 40.467140641336577 ], [ -81.240312337748747, 40.468562431719732 ], [ -81.240065568275753, 40.469991390599134 ], [ -81.23981938785893, 40.471427698738204 ], [ -81.239573767719619, 40.472871532404369 ], [ -81.239328675482355, 40.474323079555504 ], [ -81.238892227298791, 40.476934884346392 ], [ -81.238457159574835, 40.479573095930725 ], [ -81.238023262767825, 40.482238984150797 ], [ -81.237590300356572, 40.484933993318037 ], [ -81.237158065496729, 40.487659416657721 ], [ -81.236726241627409, 40.49041724167116 ], [ -81.236294534669554, 40.493209342546145 ], [ -81.235862608277174, 40.496037895641351 ], [ -81.235430745736622, 40.498900973710072 ], [ -81.234997893942207, 40.501805475451157 ], [ -81.234563608628122, 40.504754381218589 ], [ -81.234127362792123, 40.50775126941452 ], [ -81.233688727457249, 40.510799070929359 ], [ -81.233246867153667, 40.51390357290056 ], [ -81.232801018356696, 40.517070135287419 ], [ -81.232350219691426, 40.520305584843896 ], [ -81.231998129714455, 40.522855400265477 ], [ -81.231641811125215, 40.525455492286092 ], [ -81.231280563351731, 40.528110965457763 ], [ -81.230913487971705, 40.530828427099202 ], [ -81.230539985136843, 40.533612281190806 ], [ -81.230158275988089, 40.536475747766509 ], [ -81.229766763329863, 40.539430818386577 ], [ -81.229363092737202, 40.542495246567277 ], [ -81.228633135515253, 40.548076471560869 ], [ -81.227829419496544, 40.554269654629877 ], [ -81.22703287736995, 40.560442095735056 ], [ -81.22494757437552, 40.576643912095776 ], [ -81.224328388448797, 40.58143417885325 ], [ -81.223769543434258, 40.585737965443663 ], [ -81.22313287468684, 40.590611342148712 ], [ -81.222533137498672, 40.595166694296495 ], [ -81.221958840332675, 40.599491274111969 ], [ -81.221404068347525, 40.603629579150699 ], [ -81.221202653484085, 40.60513360623991 ], [ -81.221003628119462, 40.60664501586362 ], [ -81.22080696977028, 40.60816397799411 ], [ -81.220612655054495, 40.609690667998784 ], [ -81.220420662388193, 40.611225258547755 ], [ -81.220230966590364, 40.612767954686298 ], [ -81.220043542479928, 40.614318956063904 ], [ -81.21985836487616, 40.615878477618459 ], [ -81.219675422986782, 40.617446593094868 ], [ -81.219494673644846, 40.619023680207675 ], [ -81.219316088970771, 40.620609981774216 ], [ -81.219139639287519, 40.622205756799232 ], [ -81.218965297614801, 40.623811253495525 ], [ -81.218793029778979, 40.625426779431322 ], [ -81.218622804303465, 40.627052635879402 ], [ -81.218454587014122, 40.6286891447971 ], [ -81.21828857216434, 40.630334356454327 ], [ -81.218124489058383, 40.631990886079414 ], [ -81.217962300824027, 40.633659108689983 ], [ -81.217801968790198, 40.635339431678432 ], [ -81.217643455185765, 40.637032238156181 ], [ -81.217486712346343, 40.638738035340943 ], [ -81.217331695306044, 40.640457307068104 ], [ -81.217178358199149, 40.6421905875346 ], [ -81.217026698327984, 40.643937859653398 ], [ -81.216876613169646, 40.645700305134 ], [ -81.216728047865573, 40.647478575084982 ], [ -81.216580940362704, 40.649273388065396 ], [ -81.216435237600479, 40.651085407774453 ], [ -81.216290862238068, 40.652915585694736 ], [ -81.216147743228092, 40.654764824745854 ], [ -81.216005801431095, 40.656634151054199 ], [ -81.215889573049793, 40.658191621255391 ], [ -81.215774035347977, 40.659764189274817 ], [ -81.215544817044275, 40.662957637793802 ], [ -81.215317674375584, 40.666221068856252 ], [ -81.215092010192521, 40.669563050303395 ], [ -81.214867435988026, 40.672989146240944 ], [ -81.214642794333955, 40.676516816107068 ], [ -81.214417077090914, 40.680161870882586 ], [ -81.214188811169223, 40.683948075152536 ], [ -81.21399699656854, 40.687204227102377 ], [ -81.213800602620196, 40.690604428860198 ], [ -81.213597651714693, 40.694182836677577 ], [ -81.213384379290247, 40.698005789044899 ], [ -81.213195707820205, 40.701432797794361 ], [ -81.212988065151492, 40.705242630851778 ], [ -81.212275778708687, 40.718437772593994 ], [ -81.211995210914623, 40.723601948679885 ], [ -81.211705291070658, 40.728865614965109 ], [ -81.211439442480653, 40.73360119574734 ], [ -81.211286395854998, 40.736279911897419 ], [ -81.211136882665599, 40.738859536247475 ], [ -81.210989941537107, 40.741356681074912 ], [ -81.210844918662474, 40.743782424228449 ], [ -81.210701078396497, 40.746149000984587 ], [ -81.210558177922024, 40.748460338682705 ], [ -81.210415844020389, 40.750722462780502 ], [ -81.210273786210749, 40.752939997591731 ], [ -81.210103030135244, 40.755552188191899 ], [ -81.209931919726912, 40.75811158678917 ], [ -81.209877713389361, 40.758904050857574 ], [ -81.114008873039339, 40.752557312697128 ] ] ] } },
{ "type": "Feature", "properties": { "Id": 0, "Area": "North Condensate" }, "geometry": { "type": "Polygon", "coordinates": [ [ [ -81.102188069844956, 40.425268845310775 ], [ -81.103361300295688, 40.425258806821759 ], [ -81.170974580793384, 40.435429150232245 ], [ -81.1707518540194, 40.436776619754127 ], [ -81.170476531071671, 40.438472367015166 ], [ -81.1702041480075, 40.440180406209706 ], [ -81.169934576224264, 40.441901534137521 ], [ -81.169667741977221, 40.443636215747794 ], [ -81.169403567025341, 40.445384960056778 ], [ -81.16914198032255, 40.447148241007547 ], [ -81.168882884741734, 40.448926702514484 ], [ -81.168626192149645, 40.450720960612827 ], [ -81.168371803620246, 40.452531699687242 ], [ -81.168128878749272, 40.454291927439428 ], [ -81.167887898212328, 40.456068828622627 ], [ -81.167648760386513, 40.45786315956623 ], [ -81.167411350158218, 40.459675770129707 ], [ -81.167175567702898, 40.461507432830835 ], [ -81.166941264632072, 40.463359293405617 ], [ -81.166708303350077, 40.46523243733607 ], [ -81.166476528273691, 40.4671281083845 ], [ -81.166246038328467, 40.469045458490179 ], [ -81.166016383853631, 40.470988157786145 ], [ -81.165787369695764, 40.472957866421339 ], [ -81.16555876652825, 40.474956546716129 ], [ -81.1653303845941, 40.476985855222132 ], [ -81.16510188125126, 40.479048822653994 ], [ -81.164872944435459, 40.481148265688923 ], [ -81.164643192833552, 40.483287672796891 ], [ -81.164437533170116, 40.485230007867642 ], [ -81.164230527221449, 40.487210605494155 ], [ -81.164021772991035, 40.489233332761096 ], [ -81.163810751569457, 40.491303191697952 ], [ -81.163597118516606, 40.493423529581179 ], [ -81.163379865692676, 40.495604320791756 ], [ -81.163158089278824, 40.497854613408713 ], [ -81.162930471768306, 40.500187773156277 ], [ -81.162518799007799, 40.504461753516139 ], [ -81.16206839694334, 40.509203634948683 ], [ -81.161622623689667, 40.513944694401061 ], [ -81.160451481555086, 40.526460358767501 ], [ -81.160100932116805, 40.530177197428706 ], [ -81.159783339234153, 40.533516515084152 ], [ -81.159418956424076, 40.537305319294092 ], [ -81.159073521430358, 40.540846868397296 ], [ -81.158740395457329, 40.5442091889119 ], [ -81.158416138598525, 40.547426922723233 ], [ -81.158218053924443, 40.549364155040543 ], [ -81.158021875813432, 40.55126060490187 ], [ -81.157827188778143, 40.553120289578693 ], [ -81.157633660969083, 40.554946371986503 ], [ -81.157440929060073, 40.556742265951918 ], [ -81.15724880599204, 40.558509711662779 ], [ -81.157057061538765, 40.560250827922346 ], [ -81.156865499647523, 40.561967382797398 ], [ -81.156673660765378, 40.563663452915016 ], [ -81.156481666300365, 40.565337916820333 ], [ -81.156289366965041, 40.566992068638179 ], [ -81.156096634156668, 40.568627024426725 ], [ -81.155903325782404, 40.570243967693827 ], [ -81.155709351909621, 40.571843670957712 ], [ -81.155514605519059, 40.573426995768131 ], [ -81.155318995779425, 40.574994701153386 ], [ -81.155072449338689, 40.576938776412426 ], [ -81.154824245447074, 40.578860692376026 ], [ -81.154574232119529, 40.580761616364541 ], [ -81.154322275357245, 40.582642572705446 ], [ -81.154068229469729, 40.584504639686429 ], [ -81.15381199283361, 40.58634855565036 ], [ -81.153553454832561, 40.588175129987292 ], [ -81.153292512044302, 40.589985086651474 ], [ -81.153028967517187, 40.591779766531921 ], [ -81.152762826647688, 40.593559123763605 ], [ -81.152494000402328, 40.595323750100015 ], [ -81.152222406942954, 40.597074181537138 ], [ -81.151947959035525, 40.598810976554311 ], [ -81.151670591029486, 40.600534556933162 ], [ -81.151390230079528, 40.602245369637096 ], [ -81.151106808736714, 40.603943825655961 ], [ -81.15081982697798, 40.605632857679197 ], [ -81.150529647229916, 40.607310256971729 ], [ -81.150236209238088, 40.608976376067893 ], [ -81.149939455446031, 40.610631537824169 ], [ -81.149639326498303, 40.612276081285231 ], [ -81.149335771133295, 40.613910272649882 ], [ -81.149028738989387, 40.615534394305847 ], [ -81.148718180604092, 40.617148707955437 ], [ -81.148404015037798, 40.618753622790386 ], [ -81.148086226102933, 40.620349217951095 ], [ -81.147764769732774, 40.621935723663675 ], [ -81.147439600961235, 40.623513354866418 ], [ -81.147110673922896, 40.625082331893076 ], [ -81.146777950846172, 40.626642839104761 ], [ -81.146441391261604, 40.628195066258165 ], [ -81.14610095559911, 40.629739193218114 ], [ -81.145619398321131, 40.631895347501136 ], [ -81.14513797144464, 40.634040796254723 ], [ -81.144656620111348, 40.636175784094078 ], [ -81.144175293059746, 40.638300542145124 ], [ -81.143693935431216, 40.640415306030604 ], [ -81.143212503158921, 40.642520274499965 ], [ -81.142730949478121, 40.644615651699937 ], [ -81.14224922942276, 40.646701631883715 ], [ -81.141767276443218, 40.648778501035892 ], [ -81.141285072552549, 40.650846340095541 ], [ -81.140802575482951, 40.65290532353081 ], [ -81.140319747462868, 40.654955618615851 ], [ -81.139836548921963, 40.656997394423108 ], [ -81.139352944787007, 40.65903079484432 ], [ -81.138868899084926, 40.661055971864691 ], [ -81.138384377641529, 40.663073065778285 ], [ -81.137899224873763, 40.665082728593987 ], [ -81.137413530714483, 40.667084578099704 ], [ -81.136927263686744, 40.669078742898691 ], [ -81.136440394113379, 40.671065348895731 ], [ -81.135952890518041, 40.673044521096791 ], [ -81.135464725920656, 40.675016371916996 ], [ -81.134975871543773, 40.676981012872353 ], [ -81.134486301306197, 40.67893855368019 ], [ -81.133995977436783, 40.680889142728745 ], [ -81.133504885546472, 40.682832838473686 ], [ -81.133012999554822, 40.684769742538585 ], [ -81.13252029517993, 40.686699950251494 ], [ -81.132026748140504, 40.688623557839939 ], [ -81.131532335953082, 40.690540653437409 ], [ -81.131037035235522, 40.692451324278167 ], [ -81.130540825303285, 40.694355655797814 ], [ -81.130043138684357, 40.696255805469924 ], [ -81.129544496985503, 40.698149766007859 ], [ -81.129044880421219, 40.700037615652228 ], [ -81.128544267408543, 40.701919431745289 ], [ -81.128042638161688, 40.703795291628325 ], [ -81.127539973795336, 40.705665263650005 ], [ -81.127036255423207, 40.707529418856588 ], [ -81.126531465059486, 40.709387825596671 ], [ -81.126025577522938, 40.711240572903073 ], [ -81.125518582920805, 40.713087703943344 ], [ -81.125010461468051, 40.714929280770527 ], [ -81.124501197876327, 40.71676536633754 ], [ -81.123990774159495, 40.718596022697319 ], [ -81.123479174129173, 40.720421306507134 ], [ -81.122966382497054, 40.722241273524936 ], [ -81.122452383974746, 40.724055981307387 ], [ -81.121937123703702, 40.725865619611668 ], [ -81.121420624166959, 40.727670104800474 ], [ -81.120902872773826, 40.729469488135464 ], [ -81.120383852437215, 40.731263821776949 ], [ -81.119863550566848, 40.733053156087323 ], [ -81.119341951874063, 40.734837537831005 ], [ -81.118819043768454, 40.73661701467249 ], [ -81.118294811860622, 40.738391631577478 ], [ -81.117769239962797, 40.740161447901507 ], [ -81.117242317283541, 40.74192649422131 ], [ -81.116714032131256, 40.743686814603713 ], [ -81.116184371016317, 40.745442449518322 ], [ -81.115653322247525, 40.747193443931259 ], [ -81.115120872334856, 40.748939834714569 ], [ -81.114587011385893, 40.750681662337833 ], [ -81.114051725011635, 40.752418965471875 ], [ -81.113513147118567, 40.754157759681796 ], [ -81.112973111424495, 40.755892073469397 ], [ -81.112431607137353, 40.757621944605987 ], [ -81.111888622566198, 40.759347408165397 ], [ -81.111344146919251, 40.761068500120217 ], [ -81.110798168505212, 40.76278525464474 ], [ -81.110250677431409, 40.76449770591335 ], [ -81.109701662905891, 40.7662058863014 ], [ -81.10915111143909, 40.767909837178173 ], [ -81.108599016735695, 40.769609581026273 ], [ -81.108045366205218, 40.771305151120856 ], [ -81.107490151753538, 40.77299657623994 ], [ -81.106933363488395, 40.774683887860164 ], [ -81.106374990617795, 40.776367114759509 ], [ -81.105815024148569, 40.778046285716464 ], [ -81.105253454188016, 40.779721428610046 ], [ -81.10469025465602, 40.781392626177755 ], [ -81.104125432747026, 40.78305984964139 ], [ -81.103558980367097, 40.78472312867833 ], [ -81.102990888523209, 40.786382487570613 ], [ -81.102421147322616, 40.788037954197186 ], [ -81.101849748671555, 40.789689552839512 ], [ -81.101276684475977, 40.791337307779465 ], [ -81.100701944843379, 40.792981245097501 ], [ -81.100125521680084, 40.794621392672056 ], [ -81.099547405992439, 40.796257769389541 ], [ -81.098967591485589, 40.79789039863202 ], [ -81.098386068266919, 40.799519302882608 ], [ -81.097802830041147, 40.801144505523538 ], [ -81.097217868714097, 40.802766028138535 ], [ -81.096631175292956, 40.804383892311655 ], [ -81.096042742582952, 40.805998118727146 ], [ -81.095452457269587, 40.807609017651082 ], [ -81.094860417378712, 40.809216319286648 ], [ -81.094266614816831, 40.810820044318561 ], [ -81.093671042389204, 40.812420213431061 ], [ -81.093073692001724, 40.814016845509997 ], [ -81.092474558258587, 40.815609959441062 ], [ -81.091873632166767, 40.817199575009333 ], [ -81.091270908330401, 40.818785711100574 ], [ -81.090666376856305, 40.820368388399331 ], [ -81.090060033248236, 40.821947622194074 ], [ -81.089451870311976, 40.823523430470843 ], [ -81.088841880852556, 40.82509583031726 ], [ -81.08823005857495, 40.826664840618811 ], [ -81.087616397183481, 40.828230475764812 ], [ -81.087000889483889, 40.829792754640863 ], [ -81.086383530080312, 40.831351691636186 ], [ -81.085764300986227, 40.8329073299182 ], [ -81.085143206697992, 40.834459659594557 ], [ -81.084520240920781, 40.83600869595346 ], [ -81.083895397359029, 40.837554455182897 ], [ -81.083268669717825, 40.839096952571332 ], [ -81.082640051701574, 40.840636203406952 ], [ -81.082009537015054, 40.842172221180029 ], [ -81.08137712116168, 40.843705022078112 ], [ -81.08074279514841, 40.845234622289063 ], [ -81.080106555377782, 40.846761032604519 ], [ -81.079468396453748, 40.848284268313293 ], [ -81.078828311182065, 40.849804342905188 ], [ -81.078186294166414, 40.851321269869693 ], [ -81.077542340910895, 40.852835062696947 ], [ -81.076896444219997, 40.854345733977468 ], [ -81.076248600496967, 40.85585329810025 ], [ -81.075322182776915, 40.857992970508235 ], [ -81.074389260260531, 40.860134514405239 ], [ -81.073449835645818, 40.862277920798327 ], [ -81.073306979526549, 40.862601913635849 ], [ -80.934284854897214, 40.835263497910979 ], [ -80.936418805386609, 40.831790030191705 ], [ -80.938480454412527, 40.828439095094261 ], [ -80.940628069632581, 40.824958706185306 ], [ -80.941615846297111, 40.823362851120677 ], [ -80.942563094114504, 40.821836022620211 ], [ -80.943694514992828, 40.820017484625218 ], [ -80.944785544620061, 40.818269800616847 ], [ -80.945843724711025, 40.816580890901463 ], [ -80.946874031214435, 40.814942818062462 ], [ -80.947881987766422, 40.813346808314527 ], [ -80.948869310273324, 40.811790163691171 ], [ -80.949838686808903, 40.810268642989406 ], [ -80.950792179518359, 40.808779013147131 ], [ -80.951967427058051, 40.806952925343332 ], [ -80.953123475870527, 40.805167966234627 ], [ -80.954262834165434, 40.803420265139152 ], [ -80.955387479551518, 40.801706786844761 ], [ -80.956499564106522, 40.800024258718565 ], [ -80.957600185003471, 40.798371028705887 ], [ -80.958690684930161, 40.796745079627783 ], [ -80.959772188039096, 40.795144735147403 ], [ -80.960847331142418, 40.793566121885064 ], [ -80.9619153911854, 40.79201032712092 ], [ -80.962977205436687, 40.790476134072414 ], [ -80.963505999605161, 40.789716806791205 ], [ -80.964033499649261, 40.788962493230407 ], [ -80.964559840467203, 40.788213001834698 ], [ -80.965085048139301, 40.787468296630706 ], [ -80.965609198208895, 40.786728269699957 ], [ -80.966132359923563, 40.785992822117116 ], [ -80.966654608826161, 40.785261849560648 ], [ -80.967176005171552, 40.784535268393867 ], [ -80.96769661191199, 40.783812989583765 ], [ -80.968216488403002, 40.783094928594068 ], [ -80.96865775515414, 40.78248793837372 ], [ -80.969103200155473, 40.78187891388685 ], [ -80.969552873769047, 40.781267791281529 ], [ -80.970006826356894, 40.780654498612307 ], [ -80.970465108281132, 40.780038968429714 ], [ -80.970927780695362, 40.779421119794897 ], [ -80.971394902056105, 40.778800873567562 ], [ -80.9718665353153, 40.778178146110562 ], [ -80.972342702956254, 40.777552906847149 ], [ -80.972823517394389, 40.776925009187778 ], [ -80.97330905147453, 40.776294356905069 ], [ -80.973799382538445, 40.77566085017402 ], [ -80.97429458612929, 40.775024391868278 ], [ -80.974794754877053, 40.774384860578841 ], [ -80.975299979613339, 40.77374214209221 ], [ -80.975810359263619, 40.773096109603699 ], [ -80.976325302073846, 40.772447506853013 ], [ -80.976845597649174, 40.771795331095717 ], [ -80.977371362901053, 40.77113943754113 ], [ -80.977902722835438, 40.770479669707001 ], [ -80.978439797061924, 40.769815879205481 ], [ -80.978982741163449, 40.769147872682133 ], [ -80.979531706226169, 40.768475463977424 ], [ -80.980086860423114, 40.767798449844676 ], [ -80.980648197459331, 40.76711683388082 ], [ -80.981216086056577, 40.766430167324344 ], [ -80.981790730360785, 40.765738203761273 ], [ -80.982372356102147, 40.76504067069633 ], [ -80.983557482694721, 40.763627783601393 ], [ -80.984773756406696, 40.76218877389865 ], [ -80.985814359248209, 40.760965815525928 ], [ -80.986880397615266, 40.7597202481968 ], [ -80.987974042471123, 40.758449534024862 ], [ -80.98909813477411, 40.757150373397096 ], [ -80.990254524429758, 40.755820612437439 ], [ -80.991449013863814, 40.754453568283431 ], [ -80.992686880298308, 40.753043201088836 ], [ -80.99397605935053, 40.7515804663715 ], [ -80.995095431112304, 40.750314860348496 ], [ -80.996266588535178, 40.748994588135702 ], [ -80.997501213812996, 40.747606473765806 ], [ -80.998821988746855, 40.746125015163223 ], [ -81.001337328657897, 40.743311048172401 ], [ -81.007775797318061, 40.736120793046183 ], [ -81.009632320877941, 40.734042047008842 ], [ -81.011298637824822, 40.732171063250007 ], [ -81.013153956292854, 40.730080123305072 ], [ -81.014884303170902, 40.728120822523913 ], [ -81.016521842711825, 40.726256735665672 ], [ -81.017311114719078, 40.725354356824198 ], [ -81.018083057689864, 40.724469085785636 ], [ -81.018998234783695, 40.723415842073486 ], [ -81.019892077260508, 40.722382986891304 ], [ -81.020766368476018, 40.721368459892574 ], [ -81.021622521265215, 40.720370622512171 ], [ -81.022462048287835, 40.71938770848201 ], [ -81.023285734651893, 40.718418796896046 ], [ -81.024094525544925, 40.717462776192178 ], [ -81.024889208773004, 40.716518713773716 ], [ -81.025671571289024, 40.715584479146429 ], [ -81.026441134653624, 40.714660630789524 ], [ -81.027198474432979, 40.713746479822184 ], [ -81.027944084354942, 40.712841429994036 ], [ -81.028678486026436, 40.711944846383624 ], [ -81.029402021189242, 40.711056310806114 ], [ -81.030115068458542, 40.710175361010137 ], [ -81.030817960583306, 40.709301582408159 ], [ -81.031660066861605, 40.708247391709826 ], [ -81.032488099649015, 40.707202618711953 ], [ -81.033302522995953, 40.70616667885519 ], [ -81.034103742496711, 40.705139054130122 ], [ -81.03489218532907, 40.704119198648129 ], [ -81.035668142873519, 40.703106731996115 ], [ -81.036431934389228, 40.702101239586582 ], [ -81.037183843162779, 40.701102346402244 ], [ -81.037924382707061, 40.700109368058953 ], [ -81.038653542230236, 40.699122314449234 ], [ -81.039371549260579, 40.698140874407841 ], [ -81.040078609742935, 40.697164768245521 ], [ -81.040774938615414, 40.696193700085288 ], [ -81.041460695058106, 40.695227445096556 ], [ -81.042136049042483, 40.694265766757809 ], [ -81.042801154352674, 40.69330844293637 ], [ -81.043457067692486, 40.692353933093599 ], [ -81.044102986866463, 40.691403381167028 ], [ -81.044739041376658, 40.690456596500688 ], [ -81.045365350833166, 40.68951340282733 ], [ -81.045982035745368, 40.688573615785735 ], [ -81.046589194138789, 40.687637088786673 ], [ -81.047186924939766, 40.686703666247233 ], [ -81.047775320777475, 40.685773204275947 ], [ -81.048354524644481, 40.684845476243773 ], [ -81.048924563520643, 40.683920436285185 ], [ -81.049485517445675, 40.6829979557969 ], [ -81.050037458365011, 40.6820779151696 ], [ -81.05058046182188, 40.681160188497842 ], [ -81.051114588970023, 40.680244672359748 ], [ -81.051639901862927, 40.679331258836598 ], [ -81.052156461654477, 40.678419846305054 ], [ -81.05277679961273, 40.67731221339394 ], [ -81.053392748879276, 40.676204584080381 ], [ -81.054004286071859, 40.675096998833553 ], [ -81.054611387808393, 40.673989497223666 ], [ -81.055214034303162, 40.672882119720057 ], [ -81.055812203073742, 40.671774905893223 ], [ -81.05640587253589, 40.670667893514612 ], [ -81.056995023804191, 40.66956112125483 ], [ -81.057579632596855, 40.668454633180652 ], [ -81.058159682726114, 40.667348459869665 ], [ -81.058735156205231, 40.666242637293955 ], [ -81.05930603235052, 40.665137201426639 ], [ -81.05987229407414, 40.664032190039535 ], [ -81.060433922490517, 40.662927636407339 ], [ -81.060990901412055, 40.661823574704144 ], [ -81.061543211952781, 40.660720039104518 ], [ -81.062090812743804, 40.659617116842377 ], [ -81.062633712778691, 40.65851478813299 ], [ -81.063171896768495, 40.657413085351543 ], [ -81.063705348526028, 40.6563120408739 ], [ -81.064234051862982, 40.655211687974983 ], [ -81.064757992390483, 40.654112055432982 ], [ -81.065277155719073, 40.653013176522762 ], [ -81.065791527460107, 40.651915080022874 ], [ -81.066301089626677, 40.6508178028053 ], [ -81.066805833225686, 40.649721368252557 ], [ -81.067305742069337, 40.648625806042219 ], [ -81.067800805365849, 40.647531144952431 ], [ -81.068291009625426, 40.646437413761646 ], [ -81.068776341357989, 40.645344640348938 ], [ -81.069256788872579, 40.644252852593063 ], [ -81.069732340478041, 40.643162076574605 ], [ -81.070202842390145, 40.642072669324307 ], [ -81.070668427708725, 40.640984326871212 ], [ -81.071129085641644, 40.639897077094417 ], [ -81.071584805397379, 40.638810943376292 ], [ -81.072035575284531, 40.637725953595961 ], [ -81.072481386309931, 40.636642131135602 ], [ -81.072922226782282, 40.635559502075395 ], [ -81.073358087708598, 40.634478089797987 ], [ -81.073788958296745, 40.633397922182375 ], [ -81.074214829553796, 40.632319019912991 ], [ -81.074635692486098, 40.631241405472444 ], [ -81.075051538101022, 40.630165101344353 ], [ -81.075462358304051, 40.629090132709486 ], [ -81.075868144102571, 40.628016520252238 ], [ -81.076268886502831, 40.626944285556341 ], [ -81.07666457831067, 40.625873452004207 ], [ -81.077055199740656, 40.624804070857223 ], [ -81.077440755289572, 40.623736133122165 ], [ -81.077821236863556, 40.62266965858381 ], [ -81.078196636368602, 40.621604668826478 ], [ -81.078566948408778, 40.620541184533941 ], [ -81.078932163991226, 40.619479225491858 ], [ -81.07929227861888, 40.618418810585588 ], [ -81.079647283298598, 40.617359959600527 ], [ -81.079997171735045, 40.616302695918783 ], [ -81.080341939431889, 40.615247034828855 ], [ -81.080681578295071, 40.614192994317321 ], [ -81.081016083828118, 40.613140594169096 ], [ -81.081345450634856, 40.612089851471453 ], [ -81.08166967152107, 40.611040785110227 ], [ -81.081988741989818, 40.609993413071528 ], [ -81.082302656645325, 40.608947750644113 ], [ -81.082450905388001, 40.608446494616004 ], [ -81.082597630679032, 40.607943769995146 ], [ -81.082742835216678, 40.607439561492569 ], [ -81.082886524396486, 40.606933855619005 ], [ -81.083028701816048, 40.606426637984811 ], [ -81.083169372871168, 40.605917891503438 ], [ -81.083308540259935, 40.605407601785423 ], [ -81.083446209378053, 40.604895751743626 ], [ -81.083582383822957, 40.604382330586105 ], [ -81.083717068990509, 40.603867315829959 ], [ -81.083850268478216, 40.603350691287318 ], [ -81.083981987681568, 40.602832438072568 ], [ -81.08411223109745, 40.602312539997783 ], [ -81.084241004122021, 40.601790976378467 ], [ -81.084368309452842, 40.601267729228319 ], [ -81.084494153385378, 40.600742779661452 ], [ -81.084618528725031, 40.600216159154449 ], [ -81.084741451659582, 40.599687796660398 ], [ -81.084862927585007, 40.599157668797432 ], [ -81.084982961897097, 40.598625755779935 ], [ -81.08521872456744, 40.597556483450923 ], [ -81.085448779240778, 40.596479795312277 ], [ -81.085673165487222, 40.595395512399044 ], [ -81.085891928272943, 40.594303412578348 ], [ -81.086105111664509, 40.593203280013441 ], [ -81.08631276152785, 40.59209488088004 ], [ -81.086514615260256, 40.590979693664053 ], [ -81.086711045181588, 40.589855761440347 ], [ -81.086902098955605, 40.588722811714476 ], [ -81.087087825145943, 40.587580544112875 ], [ -81.08726827141659, 40.586428680745023 ], [ -81.08744349622323, 40.58526684749301 ], [ -81.087613551727031, 40.584094688225356 ], [ -81.087778497282841, 40.582911806340853 ], [ -81.087938331991325, 40.581718235114444 ], [ -81.088093178160733, 40.580513076123552 ], [ -81.088243100541746, 40.579295844633577 ], [ -81.088388163885568, 40.578065996554528 ], [ -81.088528427547843, 40.576823038158565 ], [ -81.088663975165233, 40.575566243693288 ], [ -81.08879488048224, 40.574294924277332 ], [ -81.088921224437868, 40.573008293903719 ], [ -81.089018290964432, 40.571975856906299 ], [ -81.089112583082198, 40.570932770137361 ], [ -81.08920414575779, 40.569878528177441 ], [ -81.089293028453426, 40.568812559058287 ], [ -81.089379275236411, 40.567734347468217 ], [ -81.089462948159508, 40.566643107399607 ], [ -81.089544106578217, 40.565538094213736 ], [ -81.089622811646308, 40.564418443662298 ], [ -81.089699019297313, 40.56328491657159 ], [ -81.089772921086549, 40.562134780801571 ], [ -81.089844590758176, 40.560966855541899 ], [ -81.089914118244977, 40.559779720763487 ], [ -81.089981570995633, 40.558572216340679 ], [ -81.090047080311379, 40.557342048103017 ], [ -81.090110758607523, 40.556087092751063 ], [ -81.090172742580947, 40.554804648721515 ], [ -81.090221236723622, 40.553756288328195 ], [ -81.090268834242423, 40.552686317225891 ], [ -81.090361771981193, 40.550471770861449 ], [ -81.090452532461399, 40.548138021158799 ], [ -81.090542879253462, 40.545639777359845 ], [ -81.090617500500244, 40.543447695161021 ], [ -81.090696759550809, 40.541006537627638 ], [ -81.090949402496008, 40.532858374120721 ], [ -81.09104659043085, 40.529808429521417 ], [ -81.091148530383251, 40.526782836764482 ], [ -81.091198050652565, 40.525389551292776 ], [ -81.091247373970148, 40.524054093127894 ], [ -81.091303808227181, 40.522590007628693 ], [ -81.091360884600036, 40.521177091755327 ], [ -81.091418928643634, 40.519807265998523 ], [ -81.091478175980015, 40.518475026507367 ], [ -81.091538899103966, 40.517174310052475 ], [ -81.091601200538051, 40.515903042797213 ], [ -81.091665231368282, 40.514658158952855 ], [ -81.091731112103957, 40.513437281611239 ], [ -81.091804342998913, 40.512145539491009 ], [ -81.091879979580369, 40.51087708801316 ], [ -81.091958137860729, 40.509630004427258 ], [ -81.092038914966821, 40.508402722113907 ], [ -81.092122423314123, 40.507193562039319 ], [ -81.092208730351672, 40.50600158171369 ], [ -81.092297914320355, 40.50482567676957 ], [ -81.092390047165878, 40.503664906516192 ], [ -81.092485297961218, 40.502517228593305 ], [ -81.09258363612895, 40.501383080970392 ], [ -81.092685124621681, 40.500261754982077 ], [ -81.092789817399151, 40.499152627397791 ], [ -81.092897779211995, 40.49805504531021 ], [ -81.09300905232881, 40.49696856085648 ], [ -81.093123688010863, 40.495892686604243 ], [ -81.093241733022481, 40.494826984583703 ], [ -81.093462968044491, 40.492876614070454 ], [ -81.093688869648588, 40.490907588020725 ], [ -81.093919545753309, 40.488918975636231 ], [ -81.094155117767343, 40.486909729206708 ], [ -81.094395695407925, 40.484878903544583 ], [ -81.094641449546231, 40.482825059734751 ], [ -81.094892542060109, 40.480746839800837 ], [ -81.095149163605825, 40.478642673526558 ], [ -81.095411146909854, 40.476513875720791 ], [ -81.095679091819662, 40.474355547776327 ], [ -81.095953262735776, 40.472165554702684 ], [ -81.096233978917965, 40.469941341525853 ], [ -81.096521506565253, 40.467680800234824 ], [ -81.096816362787891, 40.465379846109109 ], [ -81.097119033219897, 40.46303469030476 ], [ -81.097430136594525, 40.46064054483125 ], [ -81.097958390270449, 40.456609511825533 ], [ -81.098515396171479, 40.452399955299761 ], [ -81.099106802040183, 40.447969138570791 ], [ -81.099743733389474, 40.443233701680015 ], [ -81.100314015082702, 40.439019103554756 ], [ -81.100951084028225, 40.434331926982914 ], [ -81.102188069844956, 40.425268845310775 ] ] ] } },
{ "type": "Feature", "properties": { "Id": 0, "Area": "North Lean Condensate" }, "geometry": { "type": "Polygon", "coordinates": [ [ [ -81.025889280455559, 40.425921679164212 ], [ -81.102188069846889, 40.425268845310775 ], [ -81.100951084029816, 40.434331926985934 ], [ -81.100314015084237, 40.439019103557754 ], [ -81.099743733391065, 40.443233701683035 ], [ -81.099106802041746, 40.447969138573853 ], [ -81.09851539617307, 40.452399955302589 ], [ -81.09795839027187, 40.456609511828553 ], [ -81.097430136596032, 40.460640544834291 ], [ -81.097119033221333, 40.463034690307779 ], [ -81.096816362789312, 40.465379846112093 ], [ -81.096521506566773, 40.467680800237638 ], [ -81.0962339789195, 40.469941341528674 ], [ -81.095953262737297, 40.472165554705725 ], [ -81.095679091821182, 40.474355547779332 ], [ -81.095411146911275, 40.476513875723803 ], [ -81.095149163607402, 40.478642673529549 ], [ -81.094892542061686, 40.480746839803665 ], [ -81.094641449547638, 40.482825059737742 ], [ -81.09439569540946, 40.484878903547646 ], [ -81.094155117768906, 40.486909729209557 ], [ -81.0939195457549, 40.48891897563923 ], [ -81.093688869650023, 40.490907588023745 ], [ -81.093462968045898, 40.492876614073502 ], [ -81.093241733023916, 40.494826984586545 ], [ -81.093123688012341, 40.495892686607249 ], [ -81.093009052330231, 40.496968560859507 ], [ -81.092897779213402, 40.498055045313023 ], [ -81.092789817400742, 40.499152627400804 ], [ -81.092685124623188, 40.50026175498494 ], [ -81.092583636130385, 40.501383080973412 ], [ -81.09248529796271, 40.502517228596361 ], [ -81.092390047167399, 40.503664906519191 ], [ -81.092297914321776, 40.504825676772619 ], [ -81.092208730353107, 40.506001581716525 ], [ -81.092122423315587, 40.507193562042175 ], [ -81.092038914968342, 40.508402722116777 ], [ -81.091958137862292, 40.509630004430264 ], [ -81.091879979581961, 40.510877088016159 ], [ -81.091804343000433, 40.512145539494092 ], [ -81.091731112105506, 40.513437281614287 ], [ -81.091665231369689, 40.514658158955875 ], [ -81.091601200539515, 40.515903042800048 ], [ -81.091538899105515, 40.517174310055445 ], [ -81.09147817598155, 40.518475026510373 ], [ -81.091418928645069, 40.519807266001521 ], [ -81.091360884601571, 40.521177091758354 ], [ -81.091303808228673, 40.522590007631699 ], [ -81.091247373971569, 40.524054093130985 ], [ -81.091198050654043, 40.525389551295838 ], [ -81.091148530384658, 40.526782836767481 ], [ -81.09104659043237, 40.529808429524252 ], [ -81.090949402497429, 40.532858374123556 ], [ -81.090696759552287, 40.541006537630487 ], [ -81.090617500501779, 40.543447695164069 ], [ -81.090542879254883, 40.545639777362844 ], [ -81.090452532462805, 40.548138021161648 ], [ -81.090361771982671, 40.550471770864519 ], [ -81.09026883424383, 40.552686317228734 ], [ -81.090221236725029, 40.553756288331044 ], [ -81.090172742582368, 40.554804648724534 ], [ -81.090110758608958, 40.556087092754112 ], [ -81.0900470803129, 40.557342048106023 ], [ -81.089981570997068, 40.558572216343684 ], [ -81.089914118246398, 40.559779720766514 ], [ -81.089844590759768, 40.560966855544947 ], [ -81.08977292108797, 40.562134780804399 ], [ -81.089699019298735, 40.563284916574425 ], [ -81.089622811647871, 40.564418443665318 ], [ -81.089544106579766, 40.565538094216784 ], [ -81.089462948161, 40.566643107402456 ], [ -81.089379275237846, 40.567734347471038 ], [ -81.089293028454975, 40.5688125590613 ], [ -81.089204145759197, 40.56987852818046 ], [ -81.089112583083704, 40.570932770140182 ], [ -81.089018290965967, 40.571975856909305 ], [ -81.088921224439403, 40.573008293906753 ], [ -81.088794880483832, 40.574294924280366 ], [ -81.088663975166753, 40.57556624369613 ], [ -81.088528427549363, 40.576823038161592 ], [ -81.088388163887174, 40.57806599655737 ], [ -81.088243100543139, 40.57929584463659 ], [ -81.088093178162254, 40.580513076126557 ], [ -81.087938331992873, 40.5817182351173 ], [ -81.087778497284262, 40.582911806343695 ], [ -81.087613551728467, 40.584094688228198 ], [ -81.087443496224751, 40.585266847496001 ], [ -81.087268271418012, 40.58642868074805 ], [ -81.087087825147421, 40.58758054411588 ], [ -81.086902098957125, 40.588722811717503 ], [ -81.086711045183065, 40.589855761443324 ], [ -81.086514615261663, 40.590979693666881 ], [ -81.086312761529257, 40.592094880883039 ], [ -81.086105111666029, 40.593203280016297 ], [ -81.085891928274364, 40.594303412581375 ], [ -81.085673165488714, 40.595395512402085 ], [ -81.085448779242199, 40.596479795315339 ], [ -81.085218724568975, 40.597556483453978 ], [ -81.084982961898675, 40.598625755782962 ], [ -81.084862927586414, 40.599157668800437 ], [ -81.084741451661174, 40.59968779666346 ], [ -81.084618528726423, 40.600216159157299 ], [ -81.084494153386856, 40.600742779664529 ], [ -81.084368309454277, 40.601267729231324 ], [ -81.084241004123555, 40.60179097638148 ], [ -81.084112231098999, 40.602312540000639 ], [ -81.083981987683003, 40.602832438075581 ], [ -81.083850268479694, 40.603350691290352 ], [ -81.083717068991959, 40.603867315832986 ], [ -81.083582383824393, 40.604382330589132 ], [ -81.083446209379588, 40.604895751746454 ], [ -81.083308540261513, 40.605407601788428 ], [ -81.083169372872717, 40.6059178915065 ], [ -81.083028701817469, 40.606426637987923 ], [ -81.082886524398049, 40.606933855622025 ], [ -81.082742835218269, 40.607439561495418 ], [ -81.082597630680425, 40.607943769997981 ], [ -81.082450905389436, 40.608446494618981 ], [ -81.082302656646803, 40.608947750647133 ], [ -81.081988741991282, 40.609993413074562 ], [ -81.081669671522491, 40.611040785113047 ], [ -81.081345450636448, 40.612089851474479 ], [ -81.081016083829638, 40.61314059417213 ], [ -81.080681578296492, 40.614192994320149 ], [ -81.08034193943331, 40.615247034831874 ], [ -81.079997171736522, 40.616302695921661 ], [ -81.079647283300062, 40.61735995960337 ], [ -81.079292278620315, 40.618418810588587 ], [ -81.078932163992761, 40.619479225494885 ], [ -81.078566948410355, 40.620541184537032 ], [ -81.078196636370151, 40.621604668829477 ], [ -81.077821236864963, 40.62266965858683 ], [ -81.077440755290993, 40.623736133125007 ], [ -81.077055199742077, 40.624804070860229 ], [ -81.076664578312105, 40.625873452007049 ], [ -81.07626888650438, 40.626944285559375 ], [ -81.075868144104135, 40.628016520255052 ], [ -81.075462358305643, 40.62909013271252 ], [ -81.075051538102528, 40.630165101347366 ], [ -81.074635692487675, 40.631241405475471 ], [ -81.074214829555231, 40.632319019915833 ], [ -81.07378895829828, 40.633397922185409 ], [ -81.073358087710076, 40.634478089801 ], [ -81.072922226783703, 40.635559502078422 ], [ -81.072481386311395, 40.636642131138437 ], [ -81.072035575286066, 40.637725953598967 ], [ -81.0715848053988, 40.638810943379326 ], [ -81.07112908564325, 40.639897077097409 ], [ -81.070668427710189, 40.640984326874232 ], [ -81.070202842391552, 40.642072669327291 ], [ -81.069732340479632, 40.643162076577575 ], [ -81.069256788873986, 40.64425285259609 ], [ -81.068776341359595, 40.645344640351929 ], [ -81.068291009626833, 40.646437413764666 ], [ -81.067800805367312, 40.647531144955465 ], [ -81.067305742070744, 40.648625806045061 ], [ -81.066805833227093, 40.64972136825557 ], [ -81.066301089628112, 40.650817802808369 ], [ -81.065791527461499, 40.651915080025887 ], [ -81.065277155720494, 40.653013176525853 ], [ -81.064757992391961, 40.65411205543603 ], [ -81.064234051864418, 40.65521168797801 ], [ -81.063705348527549, 40.656312040876969 ], [ -81.063171896770058, 40.657413085354541 ], [ -81.062633712780112, 40.658514788135989 ], [ -81.062090812745225, 40.659617116845403 ], [ -81.061543211954188, 40.660720039107552 ], [ -81.060990901413518, 40.661823574707171 ], [ -81.060433922491939, 40.66292763641033 ], [ -81.05987229407566, 40.664032190042541 ], [ -81.059306032352026, 40.665137201429658 ], [ -81.058735156206822, 40.666242637296989 ], [ -81.058159682727549, 40.667348459872542 ], [ -81.05757963259839, 40.66845463318387 ], [ -81.056995023805726, 40.669561121257843 ], [ -81.056405872537326, 40.670667893517482 ], [ -81.055812203075178, 40.671774905896044 ], [ -81.055214034304583, 40.67288211972307 ], [ -81.054611387809928, 40.673989497226515 ], [ -81.054004286073408, 40.675096998836395 ], [ -81.053392748880754, 40.676204584083372 ], [ -81.052776799614165, 40.677312213396803 ], [ -81.052156461655912, 40.678419846307868 ], [ -81.051639901864476, 40.679331258839447 ], [ -81.051114588971558, 40.680244672362754 ], [ -81.050580461823287, 40.681160188500868 ], [ -81.05003745836656, 40.682077915172584 ], [ -81.049485517447067, 40.682997955799891 ], [ -81.048924563522164, 40.683920436288183 ], [ -81.048354524646101, 40.68484547624675 ], [ -81.047775320778896, 40.685773204278973 ], [ -81.047186924941215, 40.686703666250224 ], [ -81.046589194140381, 40.687637088789508 ], [ -81.045982035746874, 40.688573615788755 ], [ -81.045365350834572, 40.689513402830165 ], [ -81.044739041378193, 40.690456596503715 ], [ -81.044102986867983, 40.691403381170041 ], [ -81.043457067693907, 40.692353933096456 ], [ -81.042801154354223, 40.693308442939383 ], [ -81.042136049043975, 40.694265766760843 ], [ -81.041460695059584, 40.695227445099398 ], [ -81.040774938616963, 40.696193700088109 ], [ -81.040078609744512, 40.697164768248385 ], [ -81.039371549262015, 40.698140874410669 ], [ -81.038653542231714, 40.69912231445231 ], [ -81.037924382708468, 40.700109368061788 ], [ -81.037183843164371, 40.701102346405243 ], [ -81.03643193439062, 40.702101239589446 ], [ -81.035668142874997, 40.703106731998943 ], [ -81.034892185330591, 40.704119198651142 ], [ -81.034103742498132, 40.705139054132985 ], [ -81.033302522997431, 40.706166678858018 ], [ -81.032488099650436, 40.707202618714966 ], [ -81.031660066863026, 40.708247391712867 ], [ -81.030817960584855, 40.709301582411172 ], [ -81.030115068460077, 40.710175361012972 ], [ -81.02940202119072, 40.711056310809113 ], [ -81.028678486027843, 40.711944846386437 ], [ -81.027944084356378, 40.712841429997056 ], [ -81.027198474434385, 40.713746479825176 ], [ -81.026441134655045, 40.714660630792572 ], [ -81.025671571290431, 40.715584479149285 ], [ -81.024889208774411, 40.716518713776537 ], [ -81.024094525546445, 40.717462776194985 ], [ -81.023285734653442, 40.718418796899059 ], [ -81.022462048289299, 40.719387708485058 ], [ -81.02162252126675, 40.720370622515205 ], [ -81.020766368477453, 40.721368459895388 ], [ -81.019892077261929, 40.722382986894324 ], [ -81.018998234785215, 40.723415842076335 ], [ -81.018083057691342, 40.724469085788705 ], [ -81.017311114720655, 40.725354356827204 ], [ -81.016521842713246, 40.726256735668677 ], [ -81.014884303172508, 40.72812082252694 ], [ -81.013153956294275, 40.73008012330807 ], [ -81.011298637826371, 40.732171063253013 ], [ -81.009632320879348, 40.734042047011698 ], [ -81.00777579731961, 40.736120793049217 ], [ -81.001337328659304, 40.743311048175251 ], [ -80.998821988748261, 40.746125015166264 ], [ -80.997501213814417, 40.747606473768812 ], [ -80.996266588536685, 40.748994588138757 ], [ -80.995095431113739, 40.750314860351509 ], [ -80.993976059352121, 40.751580466374364 ], [ -80.992686880299786, 40.75304320109187 ], [ -80.991449013865306, 40.754453568286472 ], [ -80.990254524431322, 40.755820612440267 ], [ -80.989098134775588, 40.757150373400108 ], [ -80.987974042472544, 40.758449534027712 ], [ -80.986880397616687, 40.759720248199805 ], [ -80.985814359249616, 40.760965815528913 ], [ -80.984773756408288, 40.762188773901684 ], [ -80.983557482696156, 40.763627783604235 ], [ -80.982372356103724, 40.765040670699349 ], [ -80.981790730362206, 40.765738203764101 ], [ -80.981216086058041, 40.766430167327357 ], [ -80.980648197460766, 40.76711683388384 ], [ -80.98008686042472, 40.767798449847696 ], [ -80.979531706227689, 40.76847546398043 ], [ -80.978982741164927, 40.769147872685132 ], [ -80.978439797063444, 40.769815879208529 ], [ -80.97790272283693, 40.770479669709992 ], [ -80.977371362902659, 40.771139437543965 ], [ -80.976845597650623, 40.771795331098545 ], [ -80.976325302075395, 40.772447506856068 ], [ -80.975810359265097, 40.773096109606733 ], [ -80.975299979614817, 40.773742142095202 ], [ -80.974794754878474, 40.77438486058184 ], [ -80.974294586130725, 40.775024391871121 ], [ -80.97379938253988, 40.775660850177083 ], [ -80.973309051475965, 40.776294356908068 ], [ -80.972823517395796, 40.776925009190784 ], [ -80.972342702957732, 40.777552906850168 ], [ -80.971866535316778, 40.778178146113575 ], [ -80.971394902057497, 40.77880087357039 ], [ -80.970927780696812, 40.779421119797739 ], [ -80.970465108282681, 40.78003896843272 ], [ -80.970006826358414, 40.780654498615299 ], [ -80.969552873770553, 40.781267791284542 ], [ -80.969103200157022, 40.781878913889699 ], [ -80.968657755155675, 40.782487938376718 ], [ -80.968216488404551, 40.783094928596917 ], [ -80.967696611913595, 40.783812989586806 ], [ -80.96717600517303, 40.784535268396894 ], [ -80.966654608827582, 40.785261849563689 ], [ -80.966132359924984, 40.785992822119965 ], [ -80.965609198210288, 40.786728269702785 ], [ -80.965085048140907, 40.787468296633541 ], [ -80.96455984046861, 40.788213001837555 ], [ -80.964033499650654, 40.788962493233434 ], [ -80.963505999606753, 40.789716806794203 ], [ -80.962977205438222, 40.790476134075419 ], [ -80.961915391186849, 40.792010327123919 ], [ -80.960847331143952, 40.793566121888098 ], [ -80.959772188040517, 40.795144735150394 ], [ -80.958690684931582, 40.796745079630767 ], [ -80.957600185004935, 40.798371028708907 ], [ -80.956499564107943, 40.800024258721571 ], [ -80.955387479552954, 40.801706786847568 ], [ -80.954262834166954, 40.803420265142165 ], [ -80.953123475872133, 40.805167966237647 ], [ -80.951967427059458, 40.806952925346188 ], [ -80.950792179519908, 40.80877901314998 ], [ -80.94983868681031, 40.810268642992419 ], [ -80.948869310274915, 40.811790163694177 ], [ -80.947881987767971, 40.813346808317519 ], [ -80.946874031215884, 40.814942818065497 ], [ -80.945843724712574, 40.816580890904305 ], [ -80.944785544621539, 40.818269800619696 ], [ -80.943694514994277, 40.820017484628195 ], [ -80.942563094116039, 40.821836022623238 ], [ -80.941615846298646, 40.823362851123697 ], [ -80.940628069633988, 40.824958706188333 ], [ -80.938480454413934, 40.82843909509711 ], [ -80.93641880538803, 40.831790030194696 ], [ -80.934284854898749, 40.835263497913985 ], [ -80.899225708805986, 40.828339028522734 ], [ -80.846714704111434, 40.766909433640002 ], [ -80.846750083252729, 40.766874887472163 ], [ -80.848265319491816, 40.76540149488909 ], [ -80.849829751344927, 40.763886214583074 ], [ -80.85145054371047, 40.762322103788222 ], [ -80.853138547808769, 40.760698689898646 ], [ -80.854576302057765, 40.759319906894284 ], [ -80.85608019514784, 40.757881104935102 ], [ -80.857665497567552, 40.756367670937266 ], [ -80.859362052419826, 40.75475111347906 ], [ -80.862554306638913, 40.751715732501061 ], [ -80.870536871682177, 40.744136030459345 ], [ -80.872785975395217, 40.741996277112598 ], [ -80.874808268289868, 40.74006836716751 ], [ -80.877023377629783, 40.737950962872723 ], [ -80.879094629616489, 40.73596439464707 ], [ -80.881059192330767, 40.734073008868194 ], [ -80.882936349036243, 40.732258231837932 ], [ -80.884006039550016, 40.731220404304118 ], [ -80.885052871995413, 40.730201938274782 ], [ -80.886078786209907, 40.72920094427419 ], [ -80.887085332624892, 40.728215912340474 ], [ -80.88807417318759, 40.727245212002899 ], [ -80.889046189233113, 40.726287978113632 ], [ -80.890002434767482, 40.725343173754418 ], [ -80.890943794723285, 40.724409922086281 ], [ -80.89187225300509, 40.723486252694478 ], [ -80.892787307791082, 40.72257265570957 ], [ -80.893689611988904, 40.721668481820913 ], [ -80.89457972947389, 40.720773165355332 ], [ -80.895458255597134, 40.719886105565486 ], [ -80.896325585160582, 40.719006904950731 ], [ -80.897182154335894, 40.718135121045059 ], [ -80.898028349831534, 40.717270360844552 ], [ -80.898994136273473, 40.716278924838512 ], [ -80.89994704622228, 40.715295865118144 ], [ -80.900887545526572, 40.714320697847818 ], [ -80.901816052371956, 40.713352991353503 ], [ -80.902732999331349, 40.712392293275805 ], [ -80.903638693973477, 40.711438281657486 ], [ -80.904533469047308, 40.710490606662106 ], [ -80.905417621329136, 40.709548951728721 ], [ -80.906291684116795, 40.708612749384976 ], [ -80.907155660108614, 40.707681992436115 ], [ -80.908009795718499, 40.706756415582205 ], [ -80.90885431307909, 40.705835779603518 ], [ -80.90968944421553, 40.704919829092923 ], [ -80.910515366294064, 40.7040083724944 ], [ -80.911332264575307, 40.703101202064772 ], [ -80.912140311728962, 40.702198128047264 ], [ -80.91294064989404, 40.701297863511641 ], [ -80.913732431909295, 40.700401349149097 ], [ -80.914515804363745, 40.69950841948399 ], [ -80.91529090305572, 40.698618919833322 ], [ -80.916057867379592, 40.69773269191613 ], [ -80.916816807952401, 40.696849604431769 ], [ -80.917567842584717, 40.695969522481484 ], [ -80.918311079195931, 40.695092319261214 ], [ -80.919046683260703, 40.694217797819107 ], [ -80.919774690752419, 40.693345915887349 ], [ -80.920495196099353, 40.692476560151093 ], [ -80.921208287435377, 40.691609623591241 ], [ -80.921914054692806, 40.690744997389672 ], [ -80.922612573414412, 40.689882588017142 ], [ -80.92330392004277, 40.689022301044446 ], [ -80.923988169221516, 40.688164045640278 ], [ -80.925420382747447, 40.686353715757498 ], [ -80.92683845803144, 40.684552386289681 ], [ -80.928242624400639, 40.682759765856581 ], [ -80.929633090497703, 40.680975588258761 ], [ -80.931010073958831, 40.679199573807367 ], [ -80.932373741158145, 40.677431508463407 ], [ -80.933724266564582, 40.675671165597805 ], [ -80.935061812055821, 40.673918332970679 ], [ -80.93638664293222, 40.672172663443732 ], [ -80.9376987906697, 40.670434115648057 ], [ -80.93899839106588, 40.668702506121697 ], [ -80.940285571824575, 40.666977665792587 ], [ -80.941560464246948, 40.665259420192037 ], [ -80.942823171754867, 40.663547627227288 ], [ -80.944073804965001, 40.661842139409288 ], [ -80.945312464601543, 40.660142818242484 ], [ -80.946539749612668, 40.658448836350658 ], [ -80.947755240914589, 40.656760765702728 ], [ -80.94895902574153, 40.655078484890147 ], [ -80.950151185931304, 40.653401877900365 ], [ -80.951331806920351, 40.651730827821403 ], [ -80.952500956157152, 40.650065234828816 ], [ -80.953658707386523, 40.64840499909738 ], [ -80.954805127157826, 40.646750021702225 ], [ -80.955940313497578, 40.645100160550029 ], [ -80.957064294284692, 40.64345537607074 ], [ -80.958177127075615, 40.641815583728309 ], [ -80.959278866729164, 40.640180700784811 ], [ -80.960369571701278, 40.638550644502686 ], [ -80.961449286958043, 40.63692534293623 ], [ -80.962518063760754, 40.635304723240381 ], [ -80.963575946175922, 40.633688714368581 ], [ -80.964624527802584, 40.63207485847402 ], [ -80.965662269900818, 40.630465493793551 ], [ -80.966689214738437, 40.628860558274305 ], [ -80.967705399187878, 40.627259990762028 ], [ -80.968710863718385, 40.625663730103028 ], [ -80.969705641605017, 40.624071722338144 ], [ -80.970689767022066, 40.622483913507928 ], [ -80.971663272345097, 40.62090025055214 ], [ -80.972626203439461, 40.619320658827341 ], [ -80.973578575593677, 40.617745113152445 ], [ -80.974520416686858, 40.616173564964008 ], [ -80.975451756396467, 40.614605969296122 ], [ -80.976372620802707, 40.613042279383635 ], [ -80.977283034187579, 40.611482453858152 ], [ -80.97818302173205, 40.609926450451376 ], [ -80.979072606818249, 40.60837422869362 ], [ -80.97995188567387, 40.6068256186133 ], [ -80.980387638681577, 40.606052705274131 ], [ -80.980820803440224, 40.605280714639299 ], [ -80.981251383547431, 40.604509640413532 ], [ -80.981679381700971, 40.603739478100415 ], [ -80.982104799699698, 40.602970225001854 ], [ -80.982527640241358, 40.602201875722002 ], [ -80.982947905124774, 40.601434425764168 ], [ -80.983365597946886, 40.600667870631746 ], [ -80.983780719607523, 40.599902206727535 ], [ -80.984193273703468, 40.59913742955478 ], [ -80.984603260235161, 40.598373536415643 ], [ -80.985010683698988, 40.597610521914056 ], [ -80.985415544994282, 40.596848382452826 ], [ -80.985817845919769, 40.59608711353539 ], [ -80.986217591871323, 40.595326707067883 ], [ -80.986614782848918, 40.59456716394952 ], [ -80.987009418852622, 40.593808481482256 ], [ -80.987401503479575, 40.593050655169634 ], [ -80.987791036729959, 40.592293681414347 ], [ -80.988178022200813, 40.591537556619002 ], [ -80.988562460791854, 40.590782278085619 ], [ -80.988944355200672, 40.590027841317983 ], [ -80.989323705427537, 40.589274242718091 ], [ -80.989700515069671, 40.588521479588564 ], [ -80.990074784127117, 40.587769549231247 ], [ -80.990446516196698, 40.587018447149582 ], [ -80.99081571037965, 40.586268171544937 ], [ -80.991182370273137, 40.585518717920408 ], [ -80.991546495877017, 40.58477008357859 ], [ -80.991908089889421, 40.584022265820963 ], [ -80.992368185746031, 40.583060628850873 ], [ -80.992824444195733, 40.582095510605299 ], [ -80.993276877828521, 40.581126881406583 ], [ -80.993725500134644, 40.580154714274713 ], [ -80.994170324603644, 40.579178981330848 ], [ -80.994611363826323, 40.578199651099048 ], [ -80.995048633091017, 40.577216694800676 ], [ -80.995482144088612, 40.576230080060164 ], [ -80.995911908510777, 40.575239786193279 ], [ -80.996337943444246, 40.574245770032221 ], [ -80.996760263278645, 40.573247998302485 ], [ -80.997178883301729, 40.572246437728943 ], [ -80.997593817003974, 40.571241054137431 ], [ -80.998005080573023, 40.570231810655642 ], [ -80.998412687498615, 40.569218670411352 ], [ -80.998816653069014, 40.568201594733793 ], [ -80.999216953902305, 40.567180650172929 ], [ -80.999613644856765, 40.56615569283683 ], [ -81.000006743019767, 40.565126682256668 ], [ -81.000396264578967, 40.564093577062906 ], [ -81.000782223923522, 40.563056335887268 ], [ -81.001164638140438, 40.562014911964539 ], [ -81.001543525216562, 40.56096926032923 ], [ -81.001918901339195, 40.559919334215856 ], [ -81.00229077730053, 40.558865103048085 ], [ -81.002659177382043, 40.557806499376476 ], [ -81.003024119570526, 40.556743473738322 ], [ -81.003385620952599, 40.555675972174413 ], [ -81.003743698615835, 40.554603944322658 ], [ -81.004098374143553, 40.553527330827762 ], [ -81.004449663724017, 40.552446075931712 ], [ -81.004797588940463, 40.551360118480773 ], [ -81.005141637179818, 40.550271090744332 ], [ -81.005482370518052, 40.549177252534257 ], [ -81.005819806941645, 40.548078539099379 ], [ -81.006153968933404, 40.546974884789044 ], [ -81.006484876278932, 40.545866222154473 ], [ -81.006812549662499, 40.544752477450906 ], [ -81.007137012466103, 40.543633577833447 ], [ -81.007458286273689, 40.542509445060816 ], [ -81.007776383676244, 40.541380037764569 ], [ -81.008091337947988, 40.540245237233925 ], [ -81.00840317247139, 40.539104959832009 ], [ -81.00871191152828, 40.537959117425444 ], [ -81.009017577602123, 40.53680762367884 ], [ -81.009320197671912, 40.535650379667295 ], [ -81.009619796919083, 40.534487286465101 ], [ -81.009916402323043, 40.533318242448829 ], [ -81.01020992934771, 40.532143592059136 ], [ -81.010500519186621, 40.530962778615461 ], [ -81.010788199718561, 40.529775687903665 ], [ -81.011072999722046, 40.528582200314418 ], [ -81.011354947975406, 40.52738220073401 ], [ -81.01163407595493, 40.526175547969288 ], [ -81.01191041513647, 40.524962109819633 ], [ -81.012183998795436, 40.523741742393504 ], [ -81.012454839522164, 40.522514386336013 ], [ -81.012722992175327, 40.521279799729037 ], [ -81.012988492727715, 40.520037818896199 ], [ -81.01325137535359, 40.518788273865709 ], [ -81.013511677824624, 40.51753099916229 ], [ -81.013769439710941, 40.516265791539077 ], [ -81.014024701481787, 40.51499245674249 ], [ -81.01427750630485, 40.513710783431897 ], [ -81.014452966734055, 40.512808865942418 ], [ -81.014627259843095, 40.511902679371133 ], [ -81.014800401819983, 40.510992142779067 ], [ -81.014972408852501, 40.510077169831654 ], [ -81.015143296229226, 40.509157678689974 ], [ -81.015313082835462, 40.50823357042897 ], [ -81.015481785758766, 40.50730475061976 ], [ -81.01564942388471, 40.506371116739714 ], [ -81.0158160053074, 40.505432626520452 ], [ -81.01598155880481, 40.504489109091132 ], [ -81.016146105961056, 40.50354045203634 ], [ -81.016309666560815, 40.50258653574604 ], [ -81.016472261288712, 40.501627243308562 ], [ -81.016633913527301, 40.500662434429906 ], [ -81.016794645759276, 40.499691973311876 ], [ -81.016954483165705, 40.49871571336557 ], [ -81.017113309734512, 40.497734373148994 ], [ -81.01727129363816, 40.496746934629222 ], [ -81.017584838672363, 40.494753079197366 ], [ -81.01789534489717, 40.492732718945831 ], [ -81.018203066821002, 40.490684189230038 ], [ -81.018508223878442, 40.488606051134283 ], [ -81.0188111793952, 40.48649583152347 ], [ -81.019112266121226, 40.484351220038803 ], [ -81.019411877059497, 40.482169418889654 ], [ -81.019708352061926, 40.479963019483748 ], [ -81.020004290168913, 40.477713175628558 ], [ -81.020300241765653, 40.475415720765035 ], [ -81.020596895733277, 40.473065301228715 ], [ -81.020894725114431, 40.470658242390016 ], [ -81.021195033027382, 40.468184083334791 ], [ -81.021498975999918, 40.465633308336614 ], [ -81.021808203388801, 40.462992087620698 ], [ -81.022092821729302, 40.460522301069432 ], [ -81.022385581632321, 40.457945942157437 ], [ -81.022689250311601, 40.455238692317906 ], [ -81.023008993473141, 40.452354526945904 ], [ -81.023305669024353, 40.44965258130766 ], [ -81.023632286603586, 40.446655441301623 ], [ -81.024817957285919, 40.435695450290901 ], [ -81.025307283807081, 40.431198045959079 ], [ -81.025572621582128, 40.428779956935507 ], [ -81.025822537782759, 40.426520008297814 ], [ -81.025889280455559, 40.425921679164212 ] ] ] } },
{ "type": "Feature", "properties": { "Id": 0, "Area": "North Wet Gas" }, "geometry": { "type": "Polygon", "coordinates": [ [ [ -80.912022639877421, 40.557861404011312 ], [ -80.917009746283838, 40.518326444603225 ], [ -80.917066526303614, 40.518183059809331 ], [ -80.917386196620157, 40.517369298363349 ], [ -80.917704783253512, 40.516551761563534 ], [ -80.91802230419043, 40.515730399047555 ], [ -80.918338783712414, 40.514905151460759 ], [ -80.918654242503777, 40.514075962144901 ], [ -80.918968703947044, 40.513242769946821 ], [ -80.919282102391577, 40.512405755630184 ], [ -80.919594550252654, 40.511564614324534 ], [ -80.919906075409457, 40.510719280379568 ], [ -80.920216700344753, 40.509869683647999 ], [ -80.920526452937892, 40.509015755781448 ], [ -80.920835359268821, 40.508157417639758 ], [ -80.921143449015432, 40.507294591880949 ], [ -80.921450750955827, 40.506427197566261 ], [ -80.921757278579946, 40.505555195125133 ], [ -80.92206307955199, 40.504678450559091 ], [ -80.922368185347977, 40.503796873036336 ], [ -80.922672629242825, 40.502910365430189 ], [ -80.922976444511733, 40.502018835110185 ], [ -80.923279668926, 40.501122168762024 ], [ -80.923582338458587, 40.500220257567776 ], [ -80.923884492679775, 40.49931298551472 ], [ -80.924421027312988, 40.497684864573678 ], [ -80.924956298398868, 40.496038652870475 ], [ -80.925490561344688, 40.494373567095465 ], [ -80.926024102135116, 40.492688717819121 ], [ -80.926557173479324, 40.490983305544091 ], [ -80.92709016208579, 40.489256100897286 ], [ -80.927623425884931, 40.487505941954673 ], [ -80.928157376765981, 40.4857314788336 ], [ -80.928691661295701, 40.483933931914308 ], [ -80.929227575396681, 40.482108991645632 ], [ -80.929765664958012, 40.480254802725931 ], [ -80.930306577490995, 40.478369130339971 ], [ -80.93085083999857, 40.476450147965025 ], [ -80.931399484902755, 40.474494230433486 ], [ -80.93195345469239, 40.472498016079648 ], [ -80.932513938272137, 40.47045722053322 ], [ -80.932945655122325, 40.468871307473833 ], [ -80.933382674375423, 40.467253981095197 ], [ -80.933825827004839, 40.465602171112344 ], [ -80.934276176908483, 40.463911910615167 ], [ -80.934734441745576, 40.46218052502028 ], [ -80.935202708842382, 40.460400147957401 ], [ -80.935682857782126, 40.458563633413995 ], [ -80.936177634194806, 40.456660481804683 ], [ -80.936625676438226, 40.454928578200303 ], [ -80.937091114267886, 40.453121741284285 ], [ -80.938096037406609, 40.449198306765339 ], [ -80.939101021699315, 40.445252362215797 ], [ -80.941761846736327, 40.43477699157399 ], [ -80.942558826832965, 40.431653439263741 ], [ -80.943277449898773, 40.428850539329943 ], [ -80.943852111759341, 40.426623612204352 ], [ -81.025889280458827, 40.425921679167168 ], [ -81.025822537785814, 40.426520008303598 ], [ -81.025572621585098, 40.428779956941455 ], [ -81.025307283810136, 40.431198045965054 ], [ -81.024817957288846, 40.43569545029672 ], [ -81.023632286606656, 40.446655441307463 ], [ -81.023305669027323, 40.449652581313408 ], [ -81.023008993476225, 40.45235452695173 ], [ -81.022689250314571, 40.455238692323682 ], [ -81.022385581635277, 40.457945942163519 ], [ -81.022092821732286, 40.460522301075272 ], [ -81.0218082033917, 40.462992087626681 ], [ -81.021498976002945, 40.465633308342412 ], [ -81.021195033030295, 40.468184083340823 ], [ -81.020894725117415, 40.470658242396063 ], [ -81.020596895736219, 40.473065301234683 ], [ -81.020300241768723, 40.475415720770826 ], [ -81.020004290171897, 40.477713175634484 ], [ -81.019708352064853, 40.479963019489709 ], [ -81.019411877062453, 40.482169418895644 ], [ -81.019112266124225, 40.484351220044658 ], [ -81.018811179398298, 40.486495831529261 ], [ -81.018508223881426, 40.488606051140316 ], [ -81.018203066823972, 40.490684189235985 ], [ -81.017895344899998, 40.492732718951835 ], [ -81.017584838675333, 40.49475307920315 ], [ -81.017271293641215, 40.49674693463524 ], [ -81.017113309737297, 40.497734373154792 ], [ -81.016954483168774, 40.498715713371645 ], [ -81.016794645762246, 40.49969197331788 ], [ -81.016633913530285, 40.500662434435711 ], [ -81.016472261291725, 40.50162724331458 ], [ -81.01630966656387, 40.502586535752009 ], [ -81.016146105964012, 40.503540452042209 ], [ -81.015981558807752, 40.504489109097108 ], [ -81.015816005310413, 40.505432626526428 ], [ -81.015649423887652, 40.506371116745505 ], [ -81.015481785761722, 40.507304750625536 ], [ -81.015313082838404, 40.508233570434932 ], [ -81.015143296232139, 40.509157678695964 ], [ -81.014972408855556, 40.510077169837487 ], [ -81.014800401823067, 40.510992142785007 ], [ -81.014627259846009, 40.511902679377087 ], [ -81.014452966736997, 40.512808865948394 ], [ -81.014277506307749, 40.513710783437901 ], [ -81.014024701484857, 40.514992456748487 ], [ -81.013769439713897, 40.516265791545052 ], [ -81.013511677827665, 40.517530999168301 ], [ -81.013251375356575, 40.518788273871671 ], [ -81.012988492730642, 40.520037818902189 ], [ -81.01272299217824, 40.521279799735076 ], [ -81.012454839525105, 40.522514386341825 ], [ -81.012183998798207, 40.523741742399523 ], [ -81.011910415139425, 40.524962109825452 ], [ -81.011634075957872, 40.526175547975079 ], [ -81.01135494797839, 40.52738220073995 ], [ -81.01107299972503, 40.528582200320223 ], [ -81.010788199721517, 40.529775687909662 ], [ -81.010500519189534, 40.530962778621245 ], [ -81.010209929350523, 40.532143592065083 ], [ -81.009916402325999, 40.53331824245479 ], [ -81.009619796922067, 40.534487286470871 ], [ -81.009320197674839, 40.535650379673392 ], [ -81.009017577605078, 40.536807623684865 ], [ -81.008711911531336, 40.537959117431214 ], [ -81.00840317247436, 40.539104959837957 ], [ -81.008091337950901, 40.540245237239894 ], [ -81.007776383679129, 40.541380037770402 ], [ -81.00745828627673, 40.542509445066848 ], [ -81.007137012469073, 40.543633577839238 ], [ -81.00681254966544, 40.544752477456861 ], [ -81.006484876282002, 40.545866222160519 ], [ -81.006153968936388, 40.54697488479502 ], [ -81.005819806944615, 40.548078539105127 ], [ -81.005482370520994, 40.549177252540076 ], [ -81.005141637182703, 40.550271090750108 ], [ -81.004797588943461, 40.551360118486727 ], [ -81.004449663726987, 40.552446075937716 ], [ -81.004098374146565, 40.553527330833596 ], [ -81.003743698618806, 40.55460394432847 ], [ -81.003385620955385, 40.555675972180389 ], [ -81.003024119573482, 40.556743473744341 ], [ -81.002659177384984, 40.557806499382281 ], [ -81.002290777303472, 40.558865103054096 ], [ -81.00191890134198, 40.559919334221817 ], [ -81.001543525219546, 40.560969260335021 ], [ -81.001164638143464, 40.562014911970472 ], [ -81.000782223926493, 40.563056335893116 ], [ -81.000396264581966, 40.564093577068924 ], [ -81.000006743022766, 40.565126682262459 ], [ -80.999613644859792, 40.566155692842813 ], [ -80.99921695390529, 40.567180650178756 ], [ -80.998816653072026, 40.568201594739641 ], [ -80.998412687501499, 40.569218670417179 ], [ -80.998005080576036, 40.570231810661404 ], [ -80.997593817006972, 40.571241054143208 ], [ -80.997178883304741, 40.572246437734847 ], [ -80.996760263281587, 40.573247998308617 ], [ -80.996337943447159, 40.574245770038225 ], [ -80.995911908513733, 40.575239786199106 ], [ -80.995482144091454, 40.576230080066146 ], [ -80.995048633093973, 40.57721669480663 ], [ -80.994611363829236, 40.578199651105017 ], [ -80.994170324606785, 40.579178981336788 ], [ -80.993725500137629, 40.580154714280461 ], [ -80.993276877831619, 40.581126881412381 ], [ -80.992824444198675, 40.58209551061131 ], [ -80.992368185749029, 40.583060628856913 ], [ -80.991908089892462, 40.584022265826803 ], [ -80.991546495879945, 40.58477008358436 ], [ -80.991182370276078, 40.585518717926497 ], [ -80.990815710382691, 40.586268171550905 ], [ -80.990446516199768, 40.587018447155607 ], [ -80.990074784130044, 40.587769549237329 ], [ -80.989700515072627, 40.588521479594526 ], [ -80.989323705430493, 40.589274242724038 ], [ -80.988944355203742, 40.590027841323767 ], [ -80.988562460794952, 40.590782278091602 ], [ -80.988178022203812, 40.59153755662502 ], [ -80.987791036732972, 40.592293681420109 ], [ -80.98740150348263, 40.593050655175574 ], [ -80.987009418855592, 40.593808481488239 ], [ -80.98661478285193, 40.594567163955531 ], [ -80.986217591874137, 40.595326707073845 ], [ -80.98581784592254, 40.596087113541444 ], [ -80.985415544997323, 40.596848382458852 ], [ -80.985010683701958, 40.597610521920025 ], [ -80.984603260238174, 40.598373536421612 ], [ -80.984193273706538, 40.5991374295605 ], [ -80.983780719610508, 40.599902206733368 ], [ -80.983365597949899, 40.600667870637722 ], [ -80.982947905127759, 40.601434425770087 ], [ -80.982527640244371, 40.602201875728063 ], [ -80.982104799702711, 40.602970225007866 ], [ -80.981679381704083, 40.603739478106426 ], [ -80.981251383550472, 40.604509640419536 ], [ -80.980820803443194, 40.605280714645261 ], [ -80.980387638684562, 40.606052705280099 ], [ -80.979951885676954, 40.606825618619276 ], [ -80.979072606821333, 40.608374228699624 ], [ -80.978183021735049, 40.60992645045738 ], [ -80.977283034190506, 40.61148245386395 ], [ -80.976372620805719, 40.613042279389639 ], [ -80.975451756399437, 40.61460596930192 ], [ -80.974520416689813, 40.616173564969948 ], [ -80.973578575596605, 40.617745113158428 ], [ -80.972626203442402, 40.619320658833146 ], [ -80.971663272348152, 40.620900250558066 ], [ -80.970689767024979, 40.62248391351374 ], [ -80.969705641607987, 40.624071722344155 ], [ -80.968710863721356, 40.625663730109061 ], [ -80.967705399190805, 40.627259990768039 ], [ -80.966689214741379, 40.628860558280131 ], [ -80.965662269903845, 40.630465493799385 ], [ -80.96462452780564, 40.632074858479854 ], [ -80.963575946178977, 40.633688714374635 ], [ -80.962518063763667, 40.635304723246371 ], [ -80.961449286961013, 40.636925342942199 ], [ -80.960369571704248, 40.638550644508705 ], [ -80.959278866732163, 40.640180700790765 ], [ -80.958177127078642, 40.641815583734299 ], [ -80.957064294287676, 40.643455376076751 ], [ -80.955940313500577, 40.645100160556119 ], [ -80.954805127160739, 40.64675002170803 ], [ -80.953658707389465, 40.648404999103455 ], [ -80.95250095615998, 40.650065234834592 ], [ -80.951331806923292, 40.651730827827414 ], [ -80.950151185934402, 40.653401877906369 ], [ -80.948959025744443, 40.655078484895995 ], [ -80.947755240917573, 40.656760765708711 ], [ -80.946539749615638, 40.658448836356627 ], [ -80.945312464604555, 40.660142818248502 ], [ -80.944073804968042, 40.6618421394151 ], [ -80.942823171757851, 40.663547627233278 ], [ -80.941560464249832, 40.665259420198034 ], [ -80.940285571827559, 40.66697766579864 ], [ -80.938998391068921, 40.668702506127651 ], [ -80.937698790672599, 40.670434115653819 ], [ -80.936386642935176, 40.672172663449743 ], [ -80.935061812058692, 40.673918332976697 ], [ -80.933724266567637, 40.67567116560388 ], [ -80.932373741161072, 40.677431508469432 ], [ -80.93101007396173, 40.679199573813293 ], [ -80.92963309050063, 40.680975588264751 ], [ -80.928242624403609, 40.682759765862386 ], [ -80.926838458034354, 40.684552386295621 ], [ -80.925420382750403, 40.686353715763282 ], [ -80.923988169224486, 40.68816404564604 ], [ -80.923303920045726, 40.689022301050287 ], [ -80.92261257341741, 40.689882588022947 ], [ -80.921914054695776, 40.690744997395612 ], [ -80.921208287438176, 40.691609623597202 ], [ -80.920495196102323, 40.692476560157061 ], [ -80.919774690755347, 40.693345915893325 ], [ -80.919046683263687, 40.694217797825075 ], [ -80.918311079198673, 40.69509231926704 ], [ -80.917567842587758, 40.695969522487431 ], [ -80.916816807955314, 40.69684960443761 ], [ -80.916057867382548, 40.697732691922141 ], [ -80.915290903058562, 40.698618919839291 ], [ -80.914515804366843, 40.699508419489959 ], [ -80.91373243191228, 40.700401349154838 ], [ -80.912940649896981, 40.701297863517617 ], [ -80.912140311731974, 40.702198128053055 ], [ -80.911332264578306, 40.703101202070691 ], [ -80.910515366297048, 40.704008372500347 ], [ -80.909689444218458, 40.70491982909877 ], [ -80.908854313082074, 40.705835779609345 ], [ -80.908009795721455, 40.706756415588046 ], [ -80.907155660111499, 40.707681992441941 ], [ -80.906291684119765, 40.708612749390788 ], [ -80.905417621332091, 40.709548951734632 ], [ -80.904533469050222, 40.710490606668039 ], [ -80.903638693976291, 40.71143828166349 ], [ -80.902732999334404, 40.712392293281553 ], [ -80.901816052374912, 40.713352991359315 ], [ -80.90088754552967, 40.714320697853807 ], [ -80.899947046225194, 40.715295865123977 ], [ -80.898994136276414, 40.716278924844453 ], [ -80.898028349834476, 40.717270360850378 ], [ -80.897182154338893, 40.71813512105102 ], [ -80.896325585163353, 40.719006904956693 ], [ -80.895458255600076, 40.719886105571298 ], [ -80.894579729476916, 40.720773165361159 ], [ -80.893689611991888, 40.72166848182686 ], [ -80.892787307794052, 40.72257265571556 ], [ -80.891872253008032, 40.723486252700489 ], [ -80.890943794726297, 40.724409922092143 ], [ -80.890002434770452, 40.725343173760336 ], [ -80.889046189236169, 40.726287978119636 ], [ -80.88807417319056, 40.727245212008867 ], [ -80.88708533262789, 40.728215912346464 ], [ -80.886078786212863, 40.729200944280159 ], [ -80.885052871998468, 40.730201938280693 ], [ -80.884006039553128, 40.731220404310072 ], [ -80.88293634903917, 40.73225823184395 ], [ -80.881059192333709, 40.734073008874276 ], [ -80.879094629619459, 40.735964394653074 ], [ -80.877023377632725, 40.737950962878507 ], [ -80.874808268292867, 40.74006836717345 ], [ -80.872785975398301, 40.741996277118496 ], [ -80.870536871685161, 40.744136030465391 ], [ -80.862554306641911, 40.75171573250703 ], [ -80.859362052422767, 40.754751113484993 ], [ -80.857665497570366, 40.756367670943177 ], [ -80.856080195150781, 40.75788110494095 ], [ -80.854576302060693, 40.759319906900323 ], [ -80.853138547811724, 40.760698689904444 ], [ -80.851450543713497, 40.762322103794034 ], [ -80.849829751347698, 40.763886214589029 ], [ -80.848265319494899, 40.765401494895094 ], [ -80.846750083255685, 40.766874887478124 ], [ -80.846714704114348, 40.766909433645971 ], [ -80.833305776744282, 40.736246504706621 ], [ -80.889110039606265, 40.663763609236149 ], [ -80.904261632660749, 40.619292450731535 ], [ -80.912022639877421, 40.557861404011312 ] ] ] } },
{ "type": "Feature", "properties": { "Id": 0, "Area": "North Dry Gas" }, "geometry": { "type": "Polygon", "coordinates": [ [ [ -80.656341528741478, 40.424311123813624 ], [ -80.625960044260268, 40.396425470404928 ], [ -80.628096967802946, 40.395868034075932 ], [ -80.628879005872989, 40.395448350939859 ], [ -80.629695474496657, 40.395010282958431 ], [ -80.632197026671719, 40.393667998574678 ], [ -80.632762453901449, 40.392375521437863 ], [ -80.633596972713349, 40.390467977140986 ], [ -80.630501078641288, 40.385700036182847 ], [ -80.629297017297034, 40.384967971763295 ], [ -80.628055684446721, 40.384347389126155 ], [ -80.626496957354306, 40.383568025769428 ], [ -80.623777122413529, 40.382897468760703 ], [ -80.619196040965505, 40.38176795083421 ], [ -80.614396009465381, 40.378767993791847 ], [ -80.611794174497959, 40.376649187165377 ], [ -80.611690047355793, 40.376562943968047 ], [ -80.610072988380026, 40.375264784109945 ], [ -80.6096770392205, 40.374947055386549 ], [ -80.609498869969741, 40.374829891695946 ], [ -80.609379032566224, 40.374751002257035 ], [ -80.608145053252642, 40.371164223821943 ], [ -80.607596006062934, 40.369568057312669 ], [ -80.607708322369817, 40.368791869389383 ], [ -80.608051957748131, 40.366415002123766 ], [ -80.608695939647788, 40.36196896799256 ], [ -80.609024031257334, 40.361172556101579 ], [ -80.609396080834586, 40.360269008852526 ], [ -80.609519126295368, 40.360020977801632 ], [ -80.807397487537401, 40.383717617740338 ], [ -80.937280276313857, 40.426679842672563 ], [ -80.943850932420318, 40.426628215293142 ], [ -80.943277449900251, 40.428850539332906 ], [ -80.942558826834457, 40.431653439266711 ], [ -80.941761846737805, 40.434776991576875 ], [ -80.939101021700807, 40.445252362218639 ], [ -80.938096037408016, 40.449198306768295 ], [ -80.937091114269379, 40.453121741287248 ], [ -80.936625676439704, 40.454928578203202 ], [ -80.936177634196284, 40.45666048180766 ], [ -80.935682857783647, 40.458563633416844 ], [ -80.93520270884386, 40.460400147960293 ], [ -80.934734441747054, 40.462180525023143 ], [ -80.934276176909961, 40.463911910618137 ], [ -80.933825827006331, 40.465602171115236 ], [ -80.933382674376901, 40.467253981098231 ], [ -80.932945655123802, 40.468871307476753 ], [ -80.932513938273544, 40.470457220536154 ], [ -80.931953454694053, 40.472498016082461 ], [ -80.931399484904233, 40.47449423043642 ], [ -80.930850840000062, 40.476450147967888 ], [ -80.930306577492487, 40.478369130343005 ], [ -80.929765664959447, 40.480254802728865 ], [ -80.929227575398144, 40.482108991648609 ], [ -80.928691661297179, 40.48393393191737 ], [ -80.928157376767487, 40.485731478836541 ], [ -80.927623425886424, 40.487505941957572 ], [ -80.927090162087225, 40.489256100900235 ], [ -80.926557173480816, 40.490983305547083 ], [ -80.926024102136594, 40.492688717821999 ], [ -80.925490561346166, 40.494373567098364 ], [ -80.924956298400346, 40.49603865287343 ], [ -80.924421027314509, 40.497684864576755 ], [ -80.923884492681196, 40.499312985517783 ], [ -80.923582338460065, 40.500220257570803 ], [ -80.923279668927478, 40.501122168764901 ], [ -80.922976444513225, 40.502018835113049 ], [ -80.922672629244303, 40.502910365432953 ], [ -80.922368185349455, 40.503796873039171 ], [ -80.922063079553496, 40.504678450561975 ], [ -80.921757278581396, 40.505555195128004 ], [ -80.921450750957263, 40.506427197569074 ], [ -80.921143449016952, 40.507294591883898 ], [ -80.920835359270356, 40.508157417642678 ], [ -80.92052645293937, 40.509015755784432 ], [ -80.920216700346259, 40.50986968365094 ], [ -80.919906075410921, 40.510719280382524 ], [ -80.919594550254132, 40.511564614327455 ], [ -80.919282102393055, 40.512405755633033 ], [ -80.918968703948522, 40.513242769949748 ], [ -80.918654242505227, 40.514075962147857 ], [ -80.918338783713835, 40.514905151463651 ], [ -80.918022304191922, 40.515730399050526 ], [ -80.91770478325499, 40.516551761566468 ], [ -80.917386196621663, 40.517369298366297 ], [ -80.917066526305106, 40.518183059812323 ], [ -80.917009746285302, 40.518326444606203 ], [ -80.912022639878856, 40.557861404014261 ], [ -80.897830017294098, 40.557444569351276 ], [ -80.730121641420652, 40.552385201022652 ], [ -80.656341528741478, 40.424311123813624 ] ] ] } },
{ "type": "Feature", "properties": { "Id": 0, "Area": "Core Oil" }, "geometry": { "type": "Polygon", "coordinates": [ [ [ -81.531716673656703, 39.997811907461909 ], [ -81.564435038976214, 40.065397332673953 ], [ -81.603046774719402, 40.091562560048864 ], [ -81.60267419504963, 40.092104133299308 ], [ -81.602266779179558, 40.092692275463001 ], [ -81.601858238202013, 40.093277984250904 ], [ -81.601448555702049, 40.093861283142012 ], [ -81.601037722902774, 40.094442184578135 ], [ -81.600625727500855, 40.09502070595488 ], [ -81.600212557485676, 40.095596864137903 ], [ -81.599798200593327, 40.096170676222343 ], [ -81.599382645578743, 40.096742157776205 ], [ -81.598965880921497, 40.097311324641716 ], [ -81.598547895369805, 40.097878192184957 ], [ -81.597592627771476, 40.099161781994511 ], [ -81.596628865771478, 40.100444847872943 ], [ -81.595656661845652, 40.101727319957533 ], [ -81.594676069391127, 40.103009127809798 ], [ -81.593687141938133, 40.104290201446332 ], [ -81.592689934995605, 40.105570468949679 ], [ -81.591684504205361, 40.106849858883791 ], [ -81.590670906138513, 40.108128299262184 ], [ -81.589649193249599, 40.109405723845867 ], [ -81.588619428371473, 40.110682053997564 ], [ -81.587581670313696, 40.111957216825687 ], [ -81.586535978800768, 40.113231138942808 ], [ -81.585482413673063, 40.11450374743923 ], [ -81.584421036722588, 40.115774967667249 ], [ -81.58335190988042, 40.117044725450931 ], [ -81.582275095976655, 40.118312946169361 ], [ -81.581190621559543, 40.11957959801574 ], [ -81.580098587402318, 40.120844562752048 ], [ -81.578999058517084, 40.122107765071327 ], [ -81.577892100782279, 40.123369129287966 ], [ -81.576777780236455, 40.124628580144616 ], [ -81.575656164736614, 40.1258860409391 ], [ -81.574527322288461, 40.12714143542955 ], [ -81.573391321749824, 40.128394687038003 ], [ -81.57224822844509, 40.129645723642462 ], [ -81.571098116767331, 40.130894463770417 ], [ -81.569941057614983, 40.13214083044447 ], [ -81.568777122699359, 40.13338474641693 ], [ -81.567606383904376, 40.134626134858493 ], [ -81.56642891476028, 40.135864917796226 ], [ -81.565244788939552, 40.13710101772142 ], [ -81.564054080885356, 40.138334356922655 ], [ -81.562856641710496, 40.139565086937459 ], [ -81.561652768691602, 40.140792899558583 ], [ -81.560442538186393, 40.14201771690928 ], [ -81.559226027264941, 40.143239460990863 ], [ -81.558003313196082, 40.144458054197059 ], [ -81.556774474611387, 40.145673418158395 ], [ -81.555539590333638, 40.14688547491491 ], [ -81.554298739845265, 40.148094146454106 ], [ -81.553052000500188, 40.149299357398263 ], [ -81.55179945551501, 40.150501027274032 ], [ -81.550541185982283, 40.151699078282697 ], [ -81.54927727359653, 40.152893432638948 ], [ -81.548007800276295, 40.15408401292963 ], [ -81.546732848987062, 40.155270741343038 ], [ -81.545452502886192, 40.156453540475916 ], [ -81.544166845669992, 40.157632333008202 ], [ -81.542875948687495, 40.158807053390333 ], [ -81.541579909201161, 40.159977612981905 ], [ -81.540278812229374, 40.161143934995373 ], [ -81.538972743244912, 40.162305942812253 ], [ -81.537661787968958, 40.163463560165049 ], [ -81.536346032764897, 40.164616710791037 ], [ -81.535025564249381, 40.165765318777339 ], [ -81.533700469408089, 40.166909308460149 ], [ -81.532370835162226, 40.168048604793562 ], [ -81.531036749560684, 40.169183132329572 ], [ -81.529698300557499, 40.170312816270659 ], [ -81.528355576393707, 40.171437582138978 ], [ -81.527008665637254, 40.172557355743905 ], [ -81.525657657041762, 40.173672063298845 ], [ -81.524302639641988, 40.174781631342171 ], [ -81.522943702694789, 40.175885986785204 ], [ -81.522214530343675, 40.176471573126513 ], [ -81.521476597058538, 40.177056124662144 ], [ -81.520729818408199, 40.177639708279024 ], [ -81.519974104161264, 40.178222394496238 ], [ -81.519209367169267, 40.178804250610888 ], [ -81.5184355010595, 40.179385357659342 ], [ -81.51765240194301, 40.179965793659726 ], [ -81.516859958281486, 40.180545641291367 ], [ -81.516058132370347, 40.18112492922949 ], [ -81.515246723287504, 40.181703803705851 ], [ -81.514425601456963, 40.182282357171069 ], [ -81.513594626998241, 40.182860688190964 ], [ -81.512753666208582, 40.18343888997736 ], [ -81.511902549780658, 40.184017079093834 ], [ -81.511041113327835, 40.184595367224176 ], [ -81.510169178203952, 40.185173874305271 ], [ -81.509287879598105, 40.185751862235243 ], [ -81.50839572493561, 40.18633032477738 ], [ -81.507492502252944, 40.18690939938071 ], [ -81.50657797930846, 40.187489234952977 ], [ -81.505651937541842, 40.188069970341331 ], [ -81.504714084631715, 40.188651789133608 ], [ -81.503764138924794, 40.18923486607941 ], [ -81.502801788544488, 40.189819392626418 ], [ -81.501827058260062, 40.190405357038472 ], [ -81.500839238106252, 40.19099318937856 ], [ -81.499837941519885, 40.191583119710785 ], [ -81.498822734574063, 40.192175403714792 ], [ -81.49779322000272, 40.192770273720903 ], [ -81.496748815572204, 40.193368066700089 ], [ -81.495688966388727, 40.19396910030396 ], [ -81.494613037897778, 40.194573734421738 ], [ -81.493739132779879, 40.195060917792134 ], [ -81.492854074357609, 40.195550879583791 ], [ -81.491957440403226, 40.196043853560738 ], [ -81.491048752017008, 40.196540103044029 ], [ -81.490127577551021, 40.197039864211106 ], [ -81.489193255803258, 40.197543496219915 ], [ -81.488245160407502, 40.198051336739617 ], [ -81.487282564136322, 40.198563775334556 ], [ -81.486306099623178, 40.199080481995026 ], [ -81.485313473829223, 40.199602676764727 ], [ -81.484303686983111, 40.200130885661068 ], [ -81.483275537697509, 40.200665737170276 ], [ -81.482228038211602, 40.201207746586725 ], [ -81.48115924939124, 40.201757918689204 ], [ -81.480067370530577, 40.202317180550793 ], [ -81.478950112206292, 40.202886704923301 ], [ -81.477084081099548, 40.203832261552364 ], [ -81.47512939800913, 40.204815973300725 ], [ -81.473066019685533, 40.205847935058209 ], [ -81.47085453876781, 40.206947859537735 ], [ -81.468897856981087, 40.207916840497276 ], [ -81.466717835493029, 40.208992932042676 ], [ -81.459342046576594, 40.212622730689233 ], [ -81.456537312968592, 40.214005585225138 ], [ -81.45372752713682, 40.215396466365263 ], [ -81.451201385483529, 40.216653914612692 ], [ -81.449815822120456, 40.217347177187534 ], [ -81.448482047921772, 40.218017318355521 ], [ -81.447192014465045, 40.218668382419864 ], [ -81.445940296440028, 40.219303108163182 ], [ -81.444720927074357, 40.219924526661636 ], [ -81.443531926078819, 40.220533652786258 ], [ -81.442370320156613, 40.221132009920211 ], [ -81.441233818508337, 40.221720778294454 ], [ -81.439966430699343, 40.22238151961939 ], [ -81.438726598524894, 40.223032432838899 ], [ -81.43751218671143, 40.223674639111586 ], [ -81.436321480336616, 40.224309045497314 ], [ -81.435152642523136, 40.224936632540768 ], [ -81.434004681368449, 40.225557934740308 ], [ -81.432876419888302, 40.226173589179048 ], [ -81.431766866918394, 40.226784136788751 ], [ -81.430673835758668, 40.227390790020422 ], [ -81.429597851556736, 40.227993266757679 ], [ -81.428538181871005, 40.228591977160889 ], [ -81.427494191158033, 40.229187280360293 ], [ -81.426465211123627, 40.229779558062397 ], [ -81.425450795470439, 40.230369067800879 ], [ -81.424450453404717, 40.230956094819682 ], [ -81.423463750119922, 40.231540894307194 ], [ -81.422411889675161, 40.232170898816456 ], [ -81.421375028545981, 40.232798860828737 ], [ -81.420352731843167, 40.233425043758047 ], [ -81.41934461155941, 40.234049685300675 ], [ -81.41835026366951, 40.234673036223924 ], [ -81.417369396038424, 40.23529528010274 ], [ -81.416401695450631, 40.235916615655526 ], [ -81.415446878758786, 40.236537224706446 ], [ -81.414504457469832, 40.237157427467046 ], [ -81.41357441146161, 40.23777723992054 ], [ -81.412656506995134, 40.238396817852603 ], [ -81.411750530629249, 40.239016305351342 ], [ -81.410856262111807, 40.239635853255223 ], [ -81.40997353108844, 40.240255579824783 ], [ -81.409102158483947, 40.240875610792543 ], [ -81.40824197946344, 40.241496063460581 ], [ -81.407391952607654, 40.242117702370052 ], [ -81.406552837990191, 40.242739985204402 ], [ -81.405724495037148, 40.243363016221544 ], [ -81.404906793526976, 40.243986893376842 ], [ -81.404099599988697, 40.244611718651576 ], [ -81.403699910366399, 40.244924512649618 ], [ -81.403302806668137, 40.245237575605238 ], [ -81.402908274703819, 40.245550918709384 ], [ -81.402516301672875, 40.245864552133092 ], [ -81.402126874560736, 40.246178486289821 ], [ -81.401739980813275, 40.246492731300606 ], [ -81.401355579721397, 40.246807320493048 ], [ -81.400973688116935, 40.247122240357783 ], [ -81.400594294305264, 40.247437500538375 ], [ -81.400217386978042, 40.247753110432363 ], [ -81.399842954700716, 40.248069079617935 ], [ -81.399470987077564, 40.248385416870903 ], [ -81.399101473561018, 40.248702131161423 ], [ -81.398734403945213, 40.249019231237902 ], [ -81.398369765596655, 40.249336728040568 ], [ -81.39800755146527, 40.249654627735673 ], [ -81.397647752017107, 40.249972938690803 ], [ -81.397290358019532, 40.250291669074258 ], [ -81.396935360151417, 40.250610827201605 ], [ -81.39658274988102, 40.25093042074608 ], [ -81.396232518572603, 40.251250457534994 ], [ -81.395884657854282, 40.251570945218994 ], [ -81.394754706554281, 40.252618582668632 ], [ -81.393638119193938, 40.253660552085677 ], [ -81.392534613549529, 40.254697116854729 ], [ -81.391443943789099, 40.255728507917517 ], [ -81.390365850029482, 40.256754971334537 ], [ -81.389300159734674, 40.257776671686159 ], [ -81.388246682383723, 40.258793791642752 ], [ -81.387205249648588, 40.259806493738054 ], [ -81.386175535813251, 40.260815096498419 ], [ -81.385157570456116, 40.261819572768779 ], [ -81.384151220044231, 40.262820054322766 ], [ -81.383156365322876, 40.263816659730239 ], [ -81.382172881500622, 40.264809514148318 ], [ -81.381200679286039, 40.26579870786891 ], [ -81.380239662455963, 40.266784338803724 ], [ -81.379289744348867, 40.2677664958414 ], [ -81.378350217357209, 40.268745918652471 ], [ -81.377421646859162, 40.269722025994845 ], [ -81.37650396183038, 40.270694892533953 ], [ -81.375597097878682, 40.271664586540062 ], [ -81.374700988115066, 40.272631179618855 ], [ -81.373815582395778, 40.2735947259428 ], [ -81.372940827485323, 40.274555283449359 ], [ -81.372076674854881, 40.27551290543191 ], [ -81.371223042568374, 40.276467683247837 ], [ -81.370379924771058, 40.277419624010903 ], [ -81.369547280990076, 40.278368773421143 ], [ -81.368725074174648, 40.279315173717436 ], [ -81.367913266065244, 40.280258868989591 ], [ -81.367111827058395, 40.281199893703359 ], [ -81.366320726053331, 40.282138284378753 ], [ -81.365539934470021, 40.283074074919597 ], [ -81.36476796696347, 40.284009073432195 ], [ -81.364006295406867, 40.284941525486474 ], [ -81.36325489554514, 40.285871460778765 ], [ -81.362513745037717, 40.286798906959731 ], [ -81.361782820919004, 40.287723892803427 ], [ -81.36106210504056, 40.288646441311776 ], [ -81.360351578473527, 40.289566576716915 ], [ -81.359651223744024, 40.290484321649856 ], [ -81.358961013525004, 40.29139971217387 ], [ -81.358280943212321, 40.292312754654844 ], [ -81.357610997956201, 40.29322346903033 ], [ -81.356951164018071, 40.294131873978671 ], [ -81.356301427345059, 40.295037988871378 ], [ -81.355661776656063, 40.295941829467345 ], [ -81.355032200258037, 40.296843412290144 ], [ -81.354412687319851, 40.29774275285186 ], [ -81.353803176995726, 40.298639941031745 ], [ -81.353203711804753, 40.299534915818356 ], [ -81.35261428251259, 40.300427690998653 ], [ -81.352323328638946, 40.300873257804049 ], [ -81.35203488056608, 40.301318279529589 ], [ -81.351748936993715, 40.301762758186918 ], [ -81.351465497247247, 40.302206694830026 ], [ -81.35118456038235, 40.302650090937888 ], [ -81.350906125482325, 40.303092947957261 ], [ -81.350630191628255, 40.303535267350462 ], [ -81.350356757985622, 40.303977050455501 ], [ -81.35008582371222, 40.304418298633465 ], [ -81.349817387996197, 40.304859013206318 ], [ -81.349551448208842, 40.305299198526704 ], [ -81.349288005452365, 40.305738852808965 ], [ -81.349027058976503, 40.306177977304245 ], [ -81.34876860806817, 40.306616573212558 ], [ -81.348512651990987, 40.307054641784021 ], [ -81.348259190091355, 40.307492184138027 ], [ -81.348008221703353, 40.307929201423953 ], [ -81.347759746185204, 40.308365694759843 ], [ -81.347513762738089, 40.30880166555248 ], [ -81.347270270936519, 40.309237114560922 ], [ -81.347029270189395, 40.309672042841143 ], [ -81.34679075992733, 40.310106451421696 ], [ -81.346554739578409, 40.310540341344485 ], [ -81.346321208625525, 40.310973713560223 ], [ -81.346090166544627, 40.311406569042134 ], [ -81.345861612830319, 40.311838908736668 ], [ -81.34562751402477, 40.312286784692041 ], [ -81.345395853928679, 40.312736560860159 ], [ -81.345166625991396, 40.313188249957747 ], [ -81.344939823555805, 40.31364186510244 ], [ -81.344715440164975, 40.314097419198553 ], [ -81.344493468829512, 40.31455492642533 ], [ -81.344273902764755, 40.315014400766394 ], [ -81.344056735065948, 40.315475856671064 ], [ -81.343841960860644, 40.31593930438973 ], [ -81.343629571032963, 40.316404763490397 ], [ -81.343419558545534, 40.316872249396305 ], [ -81.343211916235148, 40.317341778050938 ], [ -81.343006637162475, 40.317813365129958 ], [ -81.342803713766273, 40.318287027992135 ], [ -81.342603138729118, 40.318762783714661 ], [ -81.342404904590481, 40.319240649994434 ], [ -81.342209023478887, 40.319720596422762 ], [ -81.342015467712557, 40.320202689639174 ], [ -81.341824229665704, 40.3206869486363 ], [ -81.341635301561837, 40.321173393105497 ], [ -81.341448675898476, 40.321662042343974 ], [ -81.34126434442959, 40.32215291792086 ], [ -81.341082299189665, 40.322646041047939 ], [ -81.340902532045675, 40.323141433754451 ], [ -81.340725037717547, 40.323639110380782 ], [ -81.340549804941162, 40.324139102298389 ], [ -81.340376825373838, 40.324641433309317 ], [ -81.340206090490639, 40.325146128168356 ], [ -81.340037592095527, 40.325653211072925 ], [ -81.339871321086619, 40.32616270938415 ], [ -81.339707268703137, 40.326674649945701 ], [ -81.339545425975999, 40.327189060744821 ], [ -81.339386027870617, 40.32770517304845 ], [ -81.33922881449746, 40.328223806158093 ], [ -81.339073776661365, 40.32874499040269 ], [ -81.338920904937936, 40.329268757461755 ], [ -81.338770190309504, 40.329795138185602 ], [ -81.338621622634406, 40.330324167949364 ], [ -81.338475192186678, 40.330855881381346 ], [ -81.338330888979328, 40.331390314743921 ], [ -81.338188707374343, 40.331927488419659 ], [ -81.338048632557829, 40.332467457873285 ], [ -81.337910654192186, 40.33301026294977 ], [ -81.337774761643246, 40.333555945480377 ], [ -81.337640944784255, 40.334104546054625 ], [ -81.337509192052266, 40.33465611200257 ], [ -81.337379492403443, 40.33521068954996 ], [ -81.337251834449589, 40.335768327389026 ], [ -81.337126254039603, 40.336328862099961 ], [ -81.337002690549483, 40.336892557347667 ], [ -81.336881132121391, 40.337459467220647 ], [ -81.336761566496648, 40.338029648884408 ], [ -81.336643982084837, 40.338603157482112 ], [ -81.336528365363478, 40.339180058839453 ], [ -81.336414703503394, 40.339760416963458 ], [ -81.33630298319224, 40.340344299816792 ], [ -81.336193198805873, 40.340931735320062 ], [ -81.33608532838052, 40.34152283949529 ], [ -81.335979357902943, 40.342117689118218 ], [ -81.335875272783909, 40.342716366073482 ], [ -81.33577305935124, 40.343318948763866 ], [ -81.335672701208892, 40.343925533608022 ], [ -81.335574182894419, 40.344536214048766 ], [ -81.335477488236862, 40.345151090307027 ], [ -81.335342590532235, 40.346036258393276 ], [ -81.33521132540433, 40.346930515479109 ], [ -81.335083641818287, 40.347834209084688 ], [ -81.334959484823059, 40.348747727986122 ], [ -81.334838805668085, 40.349671427445806 ], [ -81.334721536177696, 40.350605825783113 ], [ -81.334607614513033, 40.351551415440802 ], [ -81.334496973017963, 40.352508757726625 ], [ -81.334389641800101, 40.353477535218346 ], [ -81.33428543906146, 40.354459330292926 ], [ -81.334184286220292, 40.355454882775227 ], [ -81.334086095268106, 40.356465058349535 ], [ -81.333990792600517, 40.357490600813783 ], [ -81.333898256026572, 40.358532811352298 ], [ -81.333808377436071, 40.359592906287006 ], [ -81.333721031152933, 40.360672366835466 ], [ -81.333639298850144, 40.361730229718106 ], [ -81.333559645318701, 40.362809331331484 ], [ -81.333481920935313, 40.363911695791707 ], [ -81.333405941723882, 40.365039930104729 ], [ -81.333331582367492, 40.366195811320736 ], [ -81.33325850771989, 40.367384464987936 ], [ -81.333186430614774, 40.368610551210587 ], [ -81.333114950546559, 40.369880875197211 ], [ -81.333051440531591, 40.371055681187798 ], [ -81.332987524662357, 40.372281503156714 ], [ -81.332922593145597, 40.373569990510987 ], [ -81.332855530263359, 40.374943259697417 ], [ -81.332728465710701, 40.377643318809 ], [ -81.332492720988625, 40.382806543571803 ], [ -81.33239490002714, 40.384915637654629 ], [ -81.332289899020537, 40.387105794418936 ], [ -81.332191272329638, 40.389071167828973 ], [ -81.332131380622229, 40.390215803134055 ], [ -81.332071817046057, 40.391316015784426 ], [ -81.332012169176849, 40.392379416597052 ], [ -81.331952155662151, 40.393411010672445 ], [ -81.331891450196494, 40.394416328930888 ], [ -81.331829945053201, 40.395397076713969 ], [ -81.331767472308229, 40.396355929636137 ], [ -81.331703898726246, 40.397294929977164 ], [ -81.331622464090387, 40.398446727529603 ], [ -81.331538907397317, 40.399572989385035 ], [ -81.331453046745395, 40.40067616519574 ], [ -81.331364732355865, 40.40175817665255 ], [ -81.331273792854844, 40.402821096947243 ], [ -81.331180136405663, 40.403865973483214 ], [ -81.331083648221366, 40.40489408598355 ], [ -81.330984228342473, 40.405906498511712 ], [ -81.330881625217799, 40.406905669965745 ], [ -81.330775899295986, 40.407890911877644 ], [ -81.330666967406771, 40.4088629988684 ], [ -81.330554754726151, 40.40982259817315 ], [ -81.330439178078805, 40.410770415460377 ], [ -81.330320180715759, 40.411706910617525 ], [ -81.330197697642049, 40.412632594922407 ], [ -81.330071669139997, 40.413547919451801 ], [ -81.329648130421248, 40.416566266508028 ], [ -81.329227237150079, 40.419584753212888 ], [ -81.328808989329616, 40.422603379544924 ], [ -81.32839338696094, 40.425622145494962 ], [ -81.327980430044605, 40.428641051062286 ], [ -81.3275701185744, 40.431660096288589 ], [ -81.327162452556806, 40.434679281127977 ], [ -81.326757431990629, 40.437698605587919 ], [ -81.326355056876011, 40.440718069669828 ], [ -81.325955327215823, 40.443737673353574 ], [ -81.325558243006611, 40.446757416659459 ], [ -81.325163804250749, 40.449777299574343 ], [ -81.324772010948408, 40.452797322093794 ], [ -81.324382863097867, 40.455817484231893 ], [ -81.324045476950104, 40.458453969746586 ], [ -81.244383302051716, 40.446471239880914 ], [ -81.244623299130538, 40.445250809086552 ], [ -81.244884981161448, 40.443930307546644 ], [ -81.245147677627742, 40.442614852102651 ], [ -81.245411403817812, 40.441304360916519 ], [ -81.245676184912341, 40.439998720673444 ], [ -81.245942027207292, 40.438697886407212 ], [ -81.24620894868869, 40.437401782575144 ], [ -81.246476962846188, 40.436110336331858 ], [ -81.246746085867684, 40.434823473033845 ], [ -81.247016330343811, 40.433541126131011 ], [ -81.247287712462537, 40.432263229973081 ], [ -81.24756024391472, 40.430989719808757 ], [ -81.247834278134036, 40.429718966965744 ], [ -81.248109491364417, 40.428452486801959 ], [ -81.248385898894554, 40.427190217263593 ], [ -81.24866351151644, 40.42593210079481 ], [ -81.248942341820211, 40.424678079838444 ], [ -81.24922240329569, 40.423428099536274 ], [ -81.249503707634432, 40.422182106827755 ], [ -81.249786265628174, 40.420940050451968 ], [ -81.250070093464629, 40.419701862060336 ], [ -81.250355198338198, 40.418467509277086 ], [ -81.250641591041045, 40.417236943539052 ], [ -81.250929284163604, 40.416010118081545 ], [ -81.251218286699142, 40.414786984340743 ], [ -81.251508610338547, 40.413567500049055 ], [ -81.251800264974662, 40.412351622038642 ], [ -81.252093260500004, 40.411139306242795 ], [ -81.252387632887363, 40.409930410568911 ], [ -81.252683365949153, 40.408724996170633 ], [ -81.252980470476913, 40.407523023477694 ], [ -81.253278956363218, 40.406324453819401 ], [ -81.2535788317022, 40.405129247625695 ], [ -81.253880107285411, 40.403937369822884 ], [ -81.25418279120737, 40.402748783538492 ], [ -81.254486893359925, 40.401563453699367 ], [ -81.254792423635891, 40.400381336238624 ], [ -81.255099389230026, 40.399202405975309 ], [ -81.255407799135284, 40.398026631432934 ], [ -81.255717661445374, 40.396853979336541 ], [ -81.256028985153989, 40.395684417311081 ], [ -81.256341777455646, 40.394517913879547 ], [ -81.256656047343157, 40.39335444116351 ], [ -81.256971802011563, 40.392193967686609 ], [ -81.257407276229173, 40.390590354170456 ], [ -81.257848875729621, 40.38895209607135 ], [ -81.258297556491485, 40.387275647362287 ], [ -81.258754563176979, 40.385556361246181 ], [ -81.259220688088874, 40.383791281651476 ], [ -81.259698478106799, 40.381970781335433 ], [ -81.260190223804159, 40.380086144069232 ], [ -81.260699389369833, 40.37812408866472 ], [ -81.26156377635165, 40.374771702960771 ], [ -81.262521576813924, 40.371031892017236 ], [ -81.263436975140777, 40.36744076868554 ], [ -81.265658940911905, 40.358704933294923 ], [ -81.266814937563808, 40.354178640940503 ], [ -81.267399130869705, 40.351902903804906 ], [ -81.267950334344945, 40.34976515774477 ], [ -81.26847775434949, 40.347729696976963 ], [ -81.268986299382519, 40.345777595268807 ], [ -81.269522821425497, 40.343730490079025 ], [ -81.270044939926578, 40.341751666814801 ], [ -81.270555354650412, 40.33983089658782 ], [ -81.271055946079485, 40.337961101732411 ], [ -81.271548805137726, 40.33613449951649 ], [ -81.272034684557639, 40.33434831373264 ], [ -81.2725146779146, 40.332598533404592 ], [ -81.272989643162106, 40.330882027992239 ], [ -81.27330964083184, 40.32973417649999 ], [ -81.273627880326899, 40.328599645765905 ], [ -81.273944554102442, 40.327477746909601 ], [ -81.27425983392861, 40.326367878283939 ], [ -81.274573898770981, 40.325269404068756 ], [ -81.274886873634784, 40.324181891689904 ], [ -81.275198895217187, 40.32310486540613 ], [ -81.275510085826355, 40.322037902536103 ], [ -81.275820676587472, 40.320980212575776 ], [ -81.276130660306251, 40.319931827001369 ], [ -81.276440139505397, 40.318892400472855 ], [ -81.276749206814998, 40.317861618228015 ], [ -81.277057960261175, 40.316839156510738 ], [ -81.277366473588415, 40.315824768007673 ], [ -81.277674825937069, 40.31481819371372 ], [ -81.277983091950631, 40.313819193510028 ], [ -81.278291805826811, 40.312826046094209 ], [ -81.278600570064754, 40.311840054583797 ], [ -81.278909447617366, 40.310861013034398 ], [ -81.279218497839864, 40.309888734386504 ], [ -81.279527783684756, 40.308923022588402 ], [ -81.279837352816259, 40.307963722956472 ], [ -81.280147260092463, 40.307010673612673 ], [ -81.280457553178024, 40.306063721672373 ], [ -81.28076831031369, 40.305122631513242 ], [ -81.281079547687582, 40.304187356370477 ], [ -81.281391308466652, 40.303257766741574 ], [ -81.281703634020033, 40.302333736721529 ], [ -81.282016568414349, 40.301415139506034 ], [ -81.282330145824133, 40.300501869874331 ], [ -81.28264440581917, 40.299593819008571 ], [ -81.282959382573935, 40.298690883486515 ], [ -81.283317373902165, 40.297673311383285 ], [ -81.283676379665664, 40.296662048024054 ], [ -81.284036448427855, 40.295656961208813 ], [ -81.284397622456851, 40.294657926830894 ], [ -81.284759950316058, 40.293664815387878 ], [ -81.285123468877529, 40.292677521659321 ], [ -81.285488219510171, 40.291695935927713 ], [ -81.285854240884973, 40.290719953871822 ], [ -81.286221591457888, 40.28974942260686 ], [ -81.286590285617663, 40.288784298965226 ], [ -81.286960360236989, 40.287824490316829 ], [ -81.287331849489874, 40.286869909427914 ], [ -81.28770478755041, 40.285920465466219 ], [ -81.288079204995597, 40.284976081989456 ], [ -81.288455132402888, 40.284036680757154 ], [ -81.288832601248117, 40.283102186225975 ], [ -81.289211751825377, 40.28217225125745 ], [ -81.289592502296827, 40.281247082695771 ], [ -81.289974879641392, 40.280326613091852 ], [ -81.290358911738792, 40.279410776794869 ], [ -81.290744626467813, 40.278499509054157 ], [ -81.291132047210809, 40.277592750514096 ], [ -81.291521200047967, 40.276690443617987 ], [ -81.291912108361686, 40.275792532608342 ], [ -81.292304806326328, 40.274898938344251 ], [ -81.292699308330882, 40.274009632048035 ], [ -81.293095635959332, 40.273124560658964 ], [ -81.293493811694617, 40.272243676513419 ], [ -81.29389385891875, 40.27136692835014 ], [ -81.294295796518384, 40.270494273001233 ], [ -81.294699646975687, 40.269625663702506 ], [ -81.295105429176715, 40.268761057285914 ], [ -81.295513673721558, 40.267899339491905 ], [ -81.295923894976198, 40.267041550835799 ], [ -81.296336111826591, 40.266187650848345 ], [ -81.296750344057671, 40.265337601757807 ], [ -81.297166609655847, 40.264491363994289 ], [ -81.297584925708293, 40.263648901584567 ], [ -81.298005311100724, 40.262810178555888 ], [ -81.298427782920328, 40.261975161633259 ], [ -81.298852363650255, 40.261143804951629 ], [ -81.299279064082043, 40.260316087826162 ], [ -81.299707900403774, 40.259491976982197 ], [ -81.300138890601772, 40.258671442741949 ], [ -81.300572049065309, 40.257854453629164 ], [ -81.301007391982083, 40.25704098086571 ], [ -81.301444933741251, 40.256230995672972 ], [ -81.301884690530628, 40.255424470172159 ], [ -81.302326713611421, 40.254621309934478 ], [ -81.302770981400158, 40.253821556328738 ], [ -81.30321750738662, 40.253025183274659 ], [ -81.303666306859213, 40.252232166490337 ], [ -81.304117393307465, 40.251442479895466 ], [ -81.304570779322589, 40.250656101007309 ], [ -81.305026480192382, 40.249873005543726 ], [ -81.305484507608526, 40.249093171021968 ], [ -81.305944879557075, 40.248316568663732 ], [ -81.306407604132062, 40.247543183180433 ], [ -81.306872694823582, 40.246772993887483 ], [ -81.307340164221628, 40.246005980100989 ], [ -81.307810024017996, 40.245242119337284 ], [ -81.308282287701971, 40.244481393610513 ], [ -81.30875696606553, 40.24372378403433 ], [ -81.309234070800258, 40.242969270824155 ], [ -81.309589577301566, 40.242410713592641 ], [ -81.309947789863003, 40.24185148636596 ], [ -81.310308714779865, 40.241291575654742 ], [ -81.310672361944398, 40.240730969767469 ], [ -81.311038739450879, 40.240169654315018 ], [ -81.311407857191384, 40.239607615807785 ], [ -81.311779722360953, 40.239044840755824 ], [ -81.312154346650388, 40.238481313870516 ], [ -81.312531735455764, 40.237917025259613 ], [ -81.312911901367741, 40.23735195603706 ], [ -81.313294856077391, 40.236786090914308 ], [ -81.313680608577755, 40.236219414603227 ], [ -81.314069169661053, 40.235651911815154 ], [ -81.314460551018058, 40.235083566362484 ], [ -81.31485476344119, 40.234514361157778 ], [ -81.315251818621121, 40.23394427911439 ], [ -81.315651699470962, 40.23337334631195 ], [ -81.316054446460114, 40.232801501597059 ], [ -81.316460073977851, 40.232228728781784 ], [ -81.316868593715071, 40.231655008081169 ], [ -81.317280018262778, 40.231080322407841 ], [ -81.317694363808386, 40.230504650178531 ], [ -81.318531869154896, 40.229350271407 ], [ -81.319381219472149, 40.228191721579677 ], [ -81.320242550557822, 40.227028816335704 ], [ -81.321115992813418, 40.225861375810815 ], [ -81.322001691029797, 40.224689210247824 ], [ -81.322898836716448, 40.223513368256249 ], [ -81.323808523449117, 40.222332401028382 ], [ -81.324730918501743, 40.221146090928372 ], [ -81.325666207134176, 40.219954198736218 ], [ -81.326614562916276, 40.218756504118311 ], [ -81.327576214275325, 40.217552716593524 ], [ -81.32855138154558, 40.21634256096948 ], [ -81.329540308443043, 40.215125735972954 ], [ -81.330543007558205, 40.213902221819119 ], [ -81.331559994203005, 40.212671385385079 ], [ -81.332591565153194, 40.211432868740843 ], [ -81.333638047762335, 40.210186277083857 ], [ -81.334699748699066, 40.208931246189138 ], [ -81.335777093342756, 40.207667270637117 ], [ -81.336870492683758, 40.20639387018997 ], [ -81.337980407174626, 40.205110507952583 ], [ -81.339023410306666, 40.203912659550561 ], [ -81.340081435714197, 40.20270527743574 ], [ -81.341154951044771, 40.201487828309645 ], [ -81.342244483300732, 40.200259714123547 ], [ -81.343350512720434, 40.19902039438481 ], [ -81.34447376505679, 40.197769052508974 ], [ -81.345614930988759, 40.196504920474716 ], [ -81.346774810913402, 40.195227110651629 ], [ -81.34795276181498, 40.193936319114783 ], [ -81.34915124873568, 40.192629831710406 ], [ -81.350371367049533, 40.191306453239363 ], [ -81.351614426169448, 40.189964764571066 ], [ -81.352881516073737, 40.188603584896462 ], [ -81.354174719592237, 40.187220675802671 ], [ -81.355495975663246, 40.185813962553269 ], [ -81.356847725946309, 40.184380846108148 ], [ -81.358056561365757, 40.183104100183058 ], [ -81.359293167849927, 40.1818024502318 ], [ -81.360560199298348, 40.180473101161702 ], [ -81.361861153174175, 40.179112383738499 ], [ -81.363198216628888, 40.177718001093837 ], [ -81.364578730828242, 40.176282289205282 ], [ -81.366009338164929, 40.174798338581304 ], [ -81.36750024954145, 40.173255557007188 ], [ -81.369758288918405, 40.170925142889999 ], [ -81.372240926781799, 40.168369801134482 ], [ -81.375034897347135, 40.165500034807643 ], [ -81.3808370533919, 40.159548163226077 ], [ -81.38332817905679, 40.156990670292224 ], [ -81.385950825175016, 40.154293377746313 ], [ -81.3882946598752, 40.151876613423987 ], [ -81.388910086635732, 40.151242416013602 ], [ -81.389531134159185, 40.150606573743374 ], [ -81.390157873491702, 40.149969014667334 ], [ -81.390790378377829, 40.149329664141689 ], [ -81.391428719864166, 40.148688451120194 ], [ -81.392072984285434, 40.148045286569726 ], [ -81.392723256177774, 40.147400086853473 ], [ -81.393379625473841, 40.146752763837902 ], [ -81.394042123649527, 40.14610328424812 ], [ -81.394710912583136, 40.14545149070274 ], [ -81.395386094797018, 40.144797281578242 ], [ -81.396067784505263, 40.144140548056804 ], [ -81.396756086029185, 40.143481187615727 ], [ -81.397451135166278, 40.142819070752431 ], [ -81.398153061419208, 40.142154074260155 ], [ -81.398862007780025, 40.141486063240315 ], [ -81.399577097409775, 40.140815855176655 ], [ -81.40029949223225, 40.140142354695001 ], [ -81.401029358622594, 40.139465406212459 ], [ -81.40176687734413, 40.138784840656925 ], [ -81.402512219267834, 40.138100502445162 ], [ -81.403265611923061, 40.137412181136241 ], [ -81.404027272944759, 40.136719677979791 ], [ -81.40479744425123, 40.136022773541079 ], [ -81.405576111452945, 40.13532147771307 ], [ -81.40636381684125, 40.134615303062823 ], [ -81.407160856293103, 40.133903982491802 ], [ -81.407967560758777, 40.133187221022482 ], [ -81.408784234209577, 40.132464747958799 ], [ -81.409611316413759, 40.131736174793673 ], [ -81.410449226455157, 40.131001130107002 ], [ -81.411298443672848, 40.130259196613558 ], [ -81.412708445742737, 40.12903373003163 ], [ -81.414152485353569, 40.127786481869585 ], [ -81.415633557247332, 40.126514862979498 ], [ -81.41715558696535, 40.12521550270236 ], [ -81.418721106998106, 40.123886226477239 ], [ -81.420338203150081, 40.122520152691919 ], [ -81.422014222882538, 40.12111107422583 ], [ -81.423760288111367, 40.119649638129282 ], [ -81.425252813770854, 40.118405083436784 ], [ -81.426814375887417, 40.117106989405031 ], [ -81.428460768354327, 40.115742225032655 ], [ -81.430222832522176, 40.114285220795338 ], [ -81.433545333754637, 40.111545462262249 ], [ -81.439554620753754, 40.106600483334525 ], [ -81.441881183074713, 40.104684252885043 ], [ -81.444237576807154, 40.102739692891483 ], [ -81.446354911854186, 40.100987641775212 ], [ -81.448680990339938, 40.099055942986404 ], [ -81.450853845033592, 40.097243334221417 ], [ -81.452912786200699, 40.0955170181049 ], [ -81.453906084702567, 40.094680729541011 ], [ -81.45487815560675, 40.093859926403567 ], [ -81.456005114948709, 40.092905178240272 ], [ -81.45710713788867, 40.091968053191984 ], [ -81.458186306357518, 40.091046780493571 ], [ -81.459244276906432, 40.090139945511133 ], [ -81.460282829293718, 40.089246021195933 ], [ -81.461302899713587, 40.088364199956828 ], [ -81.462305612318815, 40.087493510526052 ], [ -81.463291906900494, 40.086633135419895 ], [ -81.46426389776515, 40.085781224732671 ], [ -81.465221043520884, 40.08493824251498 ], [ -81.466164035746189, 40.084103581724023 ], [ -81.467093470691466, 40.083276713558405 ], [ -81.468009978781978, 40.08245707594233 ], [ -81.468913977302762, 40.081644296555965 ], [ -81.469805924008782, 40.080837962610985 ], [ -81.470686228091452, 40.080037706284024 ], [ -81.47170423906401, 40.079106519459216 ], [ -81.4727073140958, 40.078182709773266 ], [ -81.473695963102713, 40.077265805081787 ], [ -81.474670641141685, 40.076355383603193 ], [ -81.475631820356867, 40.075451004669155 ], [ -81.476579833497226, 40.074552353517262 ], [ -81.477515039392074, 40.07365909110321 ], [ -81.478437761797849, 40.072770907160617 ], [ -81.479348574481762, 40.071887246808025 ], [ -81.480247479242351, 40.071008105548543 ], [ -81.481134737782483, 40.070133227075729 ], [ -81.482010590221122, 40.0692623739683 ], [ -81.482875282972458, 40.068395302510055 ], [ -81.483729003994867, 40.067531821145664 ], [ -81.484571952038564, 40.066671731124508 ], [ -81.485404309665697, 40.065814846287104 ], [ -81.486227292759864, 40.064959899488834 ], [ -81.487039993905256, 40.064107817930505 ], [ -81.487842567784909, 40.06325844063344 ], [ -81.488635154693156, 40.062411617411271 ], [ -81.489417903018335, 40.061567191781563 ], [ -81.490190928772918, 40.060725036939836 ], [ -81.490954354264588, 40.059885019786897 ], [ -81.491708291009331, 40.059047017115013 ], [ -81.492452913475688, 40.058210835570584 ], [ -81.493188255837836, 40.057376433784427 ], [ -81.493914417021259, 40.056543701139915 ], [ -81.494631487857546, 40.055712532416365 ], [ -81.495339560976518, 40.054882819695237 ], [ -81.496038714619473, 40.054054473044481 ], [ -81.496729026128179, 40.053227398934233 ], [ -81.497410571045521, 40.05240150743257 ], [ -81.498083861985123, 40.051575719353124 ], [ -81.498754124907592, 40.050745923894247 ], [ -81.499421377798967, 40.049912097674209 ], [ -81.50008564134383, 40.049074215511673 ], [ -81.500746934427852, 40.048232254024335 ], [ -81.501405276836593, 40.047386187131892 ], [ -81.502060689253938, 40.046535987854469 ], [ -81.502713193263588, 40.045681630112128 ], [ -81.50336280235598, 40.044823094119543 ], [ -81.504009545308904, 40.043960343903755 ], [ -81.50465344280677, 40.043093350686576 ], [ -81.505294518231949, 40.04222208479036 ], [ -81.505932791369744, 40.04134651563804 ], [ -81.506568287401194, 40.040466612652949 ], [ -81.50720102880905, 40.039582341660676 ], [ -81.507831038975851, 40.03869367208425 ], [ -81.508458279230766, 40.037800658782388 ], [ -81.509082836808091, 40.036903178547796 ], [ -81.509704737787899, 40.036001194508529 ], [ -81.5103240073515, 40.035094670691464 ], [ -81.510940669780709, 40.03418357022457 ], [ -81.511554752954083, 40.033267852638332 ], [ -81.512166283851528, 40.032347479261723 ], [ -81.512775288553243, 40.031422406927412 ], [ -81.513381786844562, 40.030492609555232 ], [ -81.513985815597565, 40.029558027789804 ], [ -81.514587405389122, 40.028618617564021 ], [ -81.515186584997522, 40.027674332113833 ], [ -81.515783383201139, 40.026725124673703 ], [ -81.516377833274859, 40.025770944882247 ], [ -81.516969966695129, 40.024811742376947 ], [ -81.517559815837387, 40.023847463198813 ], [ -81.518146504761916, 40.022879559752866 ], [ -81.518730983152992, 40.021906486104605 ], [ -81.519313286083829, 40.020928184697055 ], [ -81.519893448628352, 40.019944595275696 ], [ -81.52047150496054, 40.018955661183796 ], [ -81.521047494650745, 40.017961314072316 ], [ -81.521621455470353, 40.016961489190429 ], [ -81.522193426090212, 40.01595611639064 ], [ -81.522763430792224, 40.014945158801112 ], [ -81.523331527132754, 40.013928510301341 ], [ -81.523897758279432, 40.012906096248429 ], [ -81.524462167399761, 40.011877836601933 ], [ -81.525024797660819, 40.010843654919768 ], [ -81.525585697626397, 40.009803460370428 ], [ -81.526144914960426, 40.008757165719686 ], [ -81.526702498226356, 40.007704678337227 ], [ -81.527258286445345, 40.006646310287863 ], [ -81.527812544018232, 40.005581558850771 ], [ -81.528365326703053, 40.004510321503112 ], [ -81.528916689358269, 40.003432490326304 ], [ -81.529466685943277, 40.002347959199859 ], [ -81.530015380310232, 40.001256603118826 ], [ -81.530562833612535, 40.000158300674059 ], [ -81.531109110601633, 39.999052922363369 ], [ -81.531654237357785, 39.99794041422777 ], [ -81.531716673656703, 39.997811907461909 ] ] ] } },
{ "type": "Feature", "properties": { "Id": 0, "Area": "Core Rich Condensate" }, "geometry": { "type": "Polygon", "coordinates": [ [ [ -81.467585579907237, 39.946626998882302 ], [ -81.5305583394736, 39.995416508495595 ], [ -81.531716673658224, 39.99781190746485 ], [ -81.531654237359305, 39.997940414230627 ], [ -81.531109110602927, 39.99905292236641 ], [ -81.530562833614027, 40.000158300677121 ], [ -81.530015380311738, 40.001256603121867 ], [ -81.529466685944783, 40.002347959202808 ], [ -81.528916689359761, 40.003432490329054 ], [ -81.528365326704559, 40.004510321506203 ], [ -81.527812544019739, 40.005581558853876 ], [ -81.527258286446795, 40.006646310290904 ], [ -81.526702498227834, 40.007704678340019 ], [ -81.526144914961947, 40.008757165722642 ], [ -81.525585697627847, 40.009803460373398 ], [ -81.525024797662311, 40.010843654922809 ], [ -81.524462167401254, 40.011877836604768 ], [ -81.523897758280953, 40.012906096251236 ], [ -81.523331527134246, 40.013928510304403 ], [ -81.522763430793745, 40.014945158803968 ], [ -81.522193426091718, 40.015956116393596 ], [ -81.521621455472058, 40.016961489193285 ], [ -81.521047494652194, 40.017961314075343 ], [ -81.52047150496206, 40.018955661186858 ], [ -81.519893448629844, 40.019944595278801 ], [ -81.519313286085278, 40.020928184700026 ], [ -81.518730983154498, 40.02190648610739 ], [ -81.518146504763408, 40.022879559755921 ], [ -81.517559815838879, 40.023847463201832 ], [ -81.516969966696564, 40.024811742379974 ], [ -81.516377833276351, 40.025770944885053 ], [ -81.515783383202574, 40.026725124676638 ], [ -81.515186584999014, 40.027674332116931 ], [ -81.514587405390628, 40.028618617567176 ], [ -81.513985815599014, 40.029558027792632 ], [ -81.513381786846026, 40.030492609558273 ], [ -81.512775288554735, 40.031422406930432 ], [ -81.512166283853034, 40.032347479264565 ], [ -81.511554752955576, 40.03326785264138 ], [ -81.510940669782215, 40.03418357022759 ], [ -81.510324007352992, 40.035094670694491 ], [ -81.509704737789392, 40.036001194511599 ], [ -81.509082836809611, 40.036903178550766 ], [ -81.508458279232258, 40.037800658785322 ], [ -81.507831038977358, 40.038693672087312 ], [ -81.507201028810542, 40.039582341663724 ], [ -81.506568287402644, 40.040466612656047 ], [ -81.505932791371208, 40.041346515641088 ], [ -81.505294518233413, 40.04222208479338 ], [ -81.504653442808262, 40.043093350689418 ], [ -81.504009545310382, 40.043960343906818 ], [ -81.503362802357429, 40.044823094122556 ], [ -81.502713193265237, 40.045681630115055 ], [ -81.502060689255373, 40.046535987857581 ], [ -81.501405276838099, 40.047386187134769 ], [ -81.500746934429486, 40.04823225402729 ], [ -81.500085641345322, 40.049074215514722 ], [ -81.499421377800459, 40.04991209767735 ], [ -81.498754124909098, 40.050745923897296 ], [ -81.498083861986629, 40.051575719355952 ], [ -81.497410571047027, 40.052401507435611 ], [ -81.496729026129685, 40.053227398937295 ], [ -81.49603871462098, 40.054054473047444 ], [ -81.495339560978024, 40.054882819698307 ], [ -81.494631487859039, 40.055712532419193 ], [ -81.493914417022694, 40.056543701142935 ], [ -81.493188255839314, 40.057376433787383 ], [ -81.492452913477209, 40.058210835573675 ], [ -81.491708291010809, 40.059047017118104 ], [ -81.49095435426608, 40.059885019789768 ], [ -81.49019092877441, 40.060725036942912 ], [ -81.489417903019827, 40.061567191784583 ], [ -81.488635154694592, 40.062411617414256 ], [ -81.487842567786416, 40.063258440636474 ], [ -81.487039993906748, 40.064107817933461 ], [ -81.486227292761342, 40.06495989949164 ], [ -81.485404309667189, 40.065814846289996 ], [ -81.484571952040056, 40.0666717311274 ], [ -81.483729003996373, 40.067531821148712 ], [ -81.48287528297395, 40.068395302513167 ], [ -81.482010590222615, 40.069262373971341 ], [ -81.481134737783975, 40.070133227078792 ], [ -81.480247479243843, 40.071008105551613 ], [ -81.479348574483254, 40.071887246810896 ], [ -81.478437761799356, 40.072770907163587 ], [ -81.47751503939358, 40.073659091106038 ], [ -81.476579833498675, 40.074552353520303 ], [ -81.475631820358359, 40.075451004672011 ], [ -81.474670641143177, 40.076355383605986 ], [ -81.473695963104191, 40.077265805084906 ], [ -81.472707314097306, 40.0781827097762 ], [ -81.471704239065517, 40.079106519462279 ], [ -81.470686228092944, 40.080037706286873 ], [ -81.469805924010274, 40.080837962613757 ], [ -81.468913977304254, 40.081644296558999 ], [ -81.468009978783471, 40.082457075945214 ], [ -81.467093470693101, 40.083276713561467 ], [ -81.466164035747468, 40.0841035817269 ], [ -81.465221043522376, 40.084938242517808 ], [ -81.464263897766656, 40.085781224735626 ], [ -81.463291906901986, 40.086633135422716 ], [ -81.462305612320307, 40.087493510529079 ], [ -81.461302899715093, 40.088364199959827 ], [ -81.460282829295238, 40.089246021198896 ], [ -81.45924427690791, 40.090139945513997 ], [ -81.458186306359011, 40.091046780496534 ], [ -81.457107137890162, 40.091968053195082 ], [ -81.456005114950159, 40.092905178243335 ], [ -81.454878155608412, 40.093859926406523 ], [ -81.453906084704002, 40.094680729544052 ], [ -81.452912786202035, 40.095517018107955 ], [ -81.450853845035041, 40.097243334224451 ], [ -81.44868099034143, 40.099055942989203 ], [ -81.446354911855622, 40.100987641778282 ], [ -81.444237576808646, 40.102739692894538 ], [ -81.441881183076191, 40.104684252887971 ], [ -81.439554620755246, 40.106600483337601 ], [ -81.433545333756143, 40.111545462265319 ], [ -81.430222832523683, 40.114285220798394 ], [ -81.428460768355819, 40.115742225035603 ], [ -81.426814375888839, 40.11710698940805 ], [ -81.42525281377236, 40.118405083439811 ], [ -81.423760288112817, 40.119649638132174 ], [ -81.422014222884044, 40.121111074228565 ], [ -81.420338203151502, 40.12252015269501 ], [ -81.418721106999612, 40.123886226480082 ], [ -81.417155586966828, 40.125215502705316 ], [ -81.415633557248839, 40.12651486298271 ], [ -81.414152485355032, 40.127786481872626 ], [ -81.412708445744173, 40.129033730034486 ], [ -81.411298443674283, 40.130259196616748 ], [ -81.410449226456663, 40.131001130110057 ], [ -81.409611316415237, 40.131736174796515 ], [ -81.408784234211069, 40.13246474796172 ], [ -81.40796756076027, 40.133187221025402 ], [ -81.407160856294624, 40.133903982494822 ], [ -81.406363816842685, 40.134615303065786 ], [ -81.405576111454451, 40.135321477715941 ], [ -81.404797444252722, 40.136022773544099 ], [ -81.404027272946195, 40.136719677982846 ], [ -81.403265611924581, 40.137412181139055 ], [ -81.402512219269553, 40.138100502448289 ], [ -81.401766877345565, 40.138784840659916 ], [ -81.401029358624072, 40.139465406215514 ], [ -81.400299492233742, 40.140142354697872 ], [ -81.399577097411267, 40.14081585517954 ], [ -81.398862007781503, 40.141486063243264 ], [ -81.398153061420643, 40.142154074262955 ], [ -81.397451135167771, 40.142819070755358 ], [ -81.396756086030706, 40.143481187618725 ], [ -81.396067784506741, 40.144140548059838 ], [ -81.395386094798496, 40.144797281581234 ], [ -81.394710912584642, 40.145451490705646 ], [ -81.394042123651019, 40.146103284251161 ], [ -81.393379625475333, 40.146752763840887 ], [ -81.392723256179252, 40.1474000868565 ], [ -81.392072984286912, 40.148045286572625 ], [ -81.391428719865615, 40.148688451123242 ], [ -81.390790378379307, 40.149329664144737 ], [ -81.39015787349318, 40.149969014670425 ], [ -81.389531134160634, 40.150606573746217 ], [ -81.388910086637225, 40.151242416016636 ], [ -81.388294659876649, 40.151876613427 ], [ -81.385950825176522, 40.154293377749099 ], [ -81.383328179058296, 40.156990670295016 ], [ -81.38083705339335, 40.159548163229069 ], [ -81.375034897348627, 40.165500034810691 ], [ -81.372240926783306, 40.16836980113743 ], [ -81.369758288919925, 40.170925142893097 ], [ -81.367500249542942, 40.173255557010229 ], [ -81.366009338166364, 40.174798338584345 ], [ -81.364578730829734, 40.176282289208324 ], [ -81.363198216630394, 40.1777180010968 ], [ -81.361861153175681, 40.17911238374154 ], [ -81.360560199299826, 40.180473101164552 ], [ -81.359293167851391, 40.181802450234812 ], [ -81.358056561367235, 40.1831041001861 ], [ -81.356847725947802, 40.184380846111047 ], [ -81.355495975664681, 40.185813962556296 ], [ -81.354174719593715, 40.187220675805456 ], [ -81.352881516075229, 40.188603584899326 ], [ -81.35161442617094, 40.1899647645741 ], [ -81.350371367051039, 40.191306453242248 ], [ -81.349151248737215, 40.192629831713347 ], [ -81.347952761816472, 40.193936319117832 ], [ -81.346774810914894, 40.195227110654635 ], [ -81.345614930990266, 40.196504920477764 ], [ -81.344473765058282, 40.197769052511731 ], [ -81.343350512721955, 40.19902039438761 ], [ -81.34224448330221, 40.200259714126503 ], [ -81.341154951046221, 40.20148782831253 ], [ -81.340081435715675, 40.202705277438561 ], [ -81.339023410308144, 40.203912659553644 ], [ -81.337980407176119, 40.20511050795546 ], [ -81.336870492685222, 40.206393870192848 ], [ -81.335777093344234, 40.207667270639909 ], [ -81.334699748700515, 40.208931246191923 ], [ -81.333638047763841, 40.210186277086869 ], [ -81.332591565154715, 40.211432868743884 ], [ -81.331559994204511, 40.212671385388134 ], [ -81.330543007559683, 40.213902221822167 ], [ -81.329540308444535, 40.215125735976002 ], [ -81.328551381547086, 40.21634256097245 ], [ -81.327576214276817, 40.217552716596515 ], [ -81.326614562917783, 40.218756504121423 ], [ -81.325666207135683, 40.219954198739288 ], [ -81.324730918503164, 40.221146090931292 ], [ -81.323808523450651, 40.222332401031437 ], [ -81.322898836717954, 40.223513368259212 ], [ -81.322001691031119, 40.224689210250844 ], [ -81.321115992814867, 40.225861375813814 ], [ -81.320242550559328, 40.227028816338759 ], [ -81.319381219473641, 40.228191721582732 ], [ -81.318531869156402, 40.229350271409785 ], [ -81.31769436380992, 40.230504650181302 ], [ -81.317280018264213, 40.231080322410889 ], [ -81.316868593716521, 40.231655008084211 ], [ -81.316460073979329, 40.232228728784783 ], [ -81.316054446461592, 40.232801501600093 ], [ -81.315651699472468, 40.233373346314821 ], [ -81.315251818622613, 40.233944279117118 ], [ -81.314854763442611, 40.234514361160755 ], [ -81.314460551019579, 40.235083566365532 ], [ -81.314069169662574, 40.235651911818167 ], [ -81.31368060857919, 40.236219414606246 ], [ -81.313294856078898, 40.236786090917214 ], [ -81.312911901369219, 40.237351956039817 ], [ -81.312531735457256, 40.237917025262405 ], [ -81.31215434665188, 40.238481313873365 ], [ -81.311779722362402, 40.239044840758808 ], [ -81.311407857192876, 40.239607615810648 ], [ -81.311038739452314, 40.240169654318059 ], [ -81.310672361945905, 40.240730969770574 ], [ -81.310308714781385, 40.241291575657627 ], [ -81.30994778986468, 40.241851486368923 ], [ -81.309589577302901, 40.242410713595433 ], [ -81.30923407080175, 40.242969270827189 ], [ -81.308756966067023, 40.243723784037371 ], [ -81.308282287703463, 40.244481393613263 ], [ -81.307810024019489, 40.245242119340311 ], [ -81.307340164223106, 40.246005980103824 ], [ -81.306872694824918, 40.246772993890438 ], [ -81.306407604133568, 40.247543183183261 ], [ -81.305944879558595, 40.248316568666581 ], [ -81.305484507610018, 40.249093171024974 ], [ -81.305026480193874, 40.249873005546789 ], [ -81.304570779324081, 40.250656101010229 ], [ -81.304117393308985, 40.251442479898401 ], [ -81.303666306860649, 40.25223216649313 ], [ -81.303217507388126, 40.253025183277522 ], [ -81.302770981401665, 40.253821556331779 ], [ -81.302326713612914, 40.254621309937434 ], [ -81.301884690532077, 40.255424470175235 ], [ -81.301444933742758, 40.256230995675821 ], [ -81.301007391983575, 40.25704098086851 ], [ -81.300572049066801, 40.257854453632135 ], [ -81.300138890603293, 40.258671442744813 ], [ -81.299707900405267, 40.259491976985139 ], [ -81.299279064083549, 40.26031608782904 ], [ -81.298852363651761, 40.261143804954692 ], [ -81.298427782921834, 40.261975161636236 ], [ -81.298005311102244, 40.262810178558667 ], [ -81.297584925709785, 40.263648901587516 ], [ -81.297166609657353, 40.264491363997273 ], [ -81.296750344059163, 40.265337601760869 ], [ -81.296336111828012, 40.266187650851371 ], [ -81.29592389497769, 40.26704155083889 ], [ -81.295513673723065, 40.267899339494925 ], [ -81.295105429178221, 40.268761057288771 ], [ -81.294699646977193, 40.269625663705341 ], [ -81.29429579651989, 40.270494273004289 ], [ -81.29389385892047, 40.271366928352947 ], [ -81.293493811696038, 40.272243676516432 ], [ -81.293095635960825, 40.273124560661842 ], [ -81.292699308332374, 40.274009632050763 ], [ -81.292304806327763, 40.274898938347285 ], [ -81.291912108363178, 40.275792532611284 ], [ -81.291521200049402, 40.27669044362105 ], [ -81.291132047212244, 40.277592750516988 ], [ -81.290744626469319, 40.27849950905712 ], [ -81.290358911740299, 40.279410776797903 ], [ -81.28997487964287, 40.280326613094651 ], [ -81.289592502298262, 40.281247082698684 ], [ -81.289211751826841, 40.282172251260278 ], [ -81.288832601249567, 40.283102186228824 ], [ -81.288455132404351, 40.284036680760181 ], [ -81.288079204997317, 40.284976081992305 ], [ -81.287704787551903, 40.285920465468976 ], [ -81.287331849491324, 40.286869909430678 ], [ -81.286960360238467, 40.287824490319849 ], [ -81.286590285619155, 40.288784298968118 ], [ -81.286221591459395, 40.289749422609702 ], [ -81.285854240886465, 40.290719953874863 ], [ -81.285488219511663, 40.291695935930676 ], [ -81.285123468879007, 40.292677521662171 ], [ -81.28475995031755, 40.293664815390933 ], [ -81.284397622458343, 40.2946579268338 ], [ -81.284036448429347, 40.295656961211854 ], [ -81.283676379667142, 40.296662048027045 ], [ -81.283317373903671, 40.297673311386241 ], [ -81.282959382575427, 40.298690883489485 ], [ -81.282644405820676, 40.299593819011456 ], [ -81.282330145825597, 40.300501869877422 ], [ -81.282016568415855, 40.301415139509054 ], [ -81.28170363402154, 40.302333736724599 ], [ -81.281391308468088, 40.303257766744544 ], [ -81.281079547689075, 40.304187356373262 ], [ -81.28076831031521, 40.305122631516085 ], [ -81.280457553179488, 40.306063721675308 ], [ -81.280147260093983, 40.307010673615686 ], [ -81.279837352817694, 40.307963722959506 ], [ -81.279527783686248, 40.308923022591351 ], [ -81.279218497841342, 40.309888734389553 ], [ -81.278909447618886, 40.310861013037361 ], [ -81.278600570066246, 40.311840054586874 ], [ -81.278291805828317, 40.312826046097008 ], [ -81.277983091952123, 40.313819193513062 ], [ -81.277674825938561, 40.314818193716683 ], [ -81.277366473589879, 40.315824768010629 ], [ -81.277057960262653, 40.316839156513751 ], [ -81.276749206816476, 40.317861618231099 ], [ -81.276440139506889, 40.318892400475839 ], [ -81.276130660307757, 40.319931827004197 ], [ -81.275820676588935, 40.320980212578796 ], [ -81.275510085827847, 40.32203790253913 ], [ -81.275198895218679, 40.323104865409157 ], [ -81.274886873636291, 40.324181891692952 ], [ -81.274573898772431, 40.325269404071818 ], [ -81.274259833930131, 40.326367878286824 ], [ -81.273944554103892, 40.327477746912429 ], [ -81.273627880328405, 40.328599645768961 ], [ -81.273309640833332, 40.329734176503024 ], [ -81.272989643163598, 40.330882027995052 ], [ -81.272514677916035, 40.332598533407619 ], [ -81.272034684559145, 40.334348313735426 ], [ -81.271548805139233, 40.336134499519467 ], [ -81.271055946080963, 40.337961101735445 ], [ -81.270555354651904, 40.339830896590549 ], [ -81.270044939928084, 40.341751666817949 ], [ -81.269522821426989, 40.343730490082052 ], [ -81.26898629938421, 40.345777595271777 ], [ -81.268477754350968, 40.347729696979783 ], [ -81.267950334346438, 40.34976515774779 ], [ -81.267399130871141, 40.351902903807975 ], [ -81.266814937565144, 40.354178640943552 ], [ -81.265658940913397, 40.358704933297993 ], [ -81.263436975142284, 40.367440768688454 ], [ -81.262521576815374, 40.371031892020262 ], [ -81.261563776353142, 40.374771702963542 ], [ -81.260699389371339, 40.378124088667548 ], [ -81.260190223805495, 40.380086144072123 ], [ -81.259698478108277, 40.381970781338453 ], [ -81.259220688090352, 40.383791281654268 ], [ -81.258754563178471, 40.385556361249151 ], [ -81.258297556493005, 40.387275647365016 ], [ -81.257848875731113, 40.388952096074433 ], [ -81.257407276230879, 40.39059035417354 ], [ -81.256971802013098, 40.39219396768938 ], [ -81.256656047344592, 40.393354441166601 ], [ -81.256341777457152, 40.394517913882638 ], [ -81.25602898515551, 40.395684417314037 ], [ -81.25571766144688, 40.396853979339575 ], [ -81.255407799136719, 40.39802663143584 ], [ -81.255099389231319, 40.399202405978095 ], [ -81.25479242363734, 40.400381336241665 ], [ -81.254486893361431, 40.401563453702394 ], [ -81.254182791208891, 40.402748783541561 ], [ -81.253880107287088, 40.403937369825805 ], [ -81.253578831703678, 40.405129247628636 ], [ -81.25327895636471, 40.406324453822435 ], [ -81.25298047047842, 40.407523023480763 ], [ -81.252683365950588, 40.408724996173589 ], [ -81.252387632888869, 40.409930410571796 ], [ -81.252093260501525, 40.4111393062459 ], [ -81.251800264976183, 40.412351622041797 ], [ -81.251508610340053, 40.413567500052096 ], [ -81.251218286700649, 40.414786984343806 ], [ -81.250929284165124, 40.416010118084372 ], [ -81.250641591042353, 40.417236943542107 ], [ -81.250355198339676, 40.418467509280212 ], [ -81.250070093466135, 40.419701862063377 ], [ -81.24978626562968, 40.420940050454767 ], [ -81.249503707635697, 40.422182106830768 ], [ -81.249222403297196, 40.423428099539059 ], [ -81.248942341821646, 40.424678079841478 ], [ -81.248663511517918, 40.425932100797596 ], [ -81.248385898896004, 40.42719021726662 ], [ -81.248109491365909, 40.428452486804751 ], [ -81.247834278135528, 40.429718966968693 ], [ -81.247560243916169, 40.43098971981162 ], [ -81.247287712464043, 40.432263229975909 ], [ -81.247016330345332, 40.433541126134095 ], [ -81.246746085869205, 40.434823473036808 ], [ -81.246476962847666, 40.43611033633492 ], [ -81.246208948690182, 40.437401782578171 ], [ -81.245942027208784, 40.438697886410289 ], [ -81.245676184914004, 40.439998720676343 ], [ -81.245411403819304, 40.441304360919418 ], [ -81.245147677629262, 40.442614852105699 ], [ -81.244884981162869, 40.4439303075496 ], [ -81.244623299131973, 40.445250809089394 ], [ -81.244383302053848, 40.446471239881227 ], [ -81.170974580793001, 40.435429150234818 ], [ -81.171030124944821, 40.435093114964282 ], [ -81.171311410397706, 40.433421458742316 ], [ -81.171595770632791, 40.431761290460081 ], [ -81.171883269501748, 40.4301122359999 ], [ -81.172173959165391, 40.428474001283156 ], [ -81.17246789448221, 40.426846275144378 ], [ -81.17276512671377, 40.425228769800867 ], [ -81.173065994904377, 40.423619686608276 ], [ -81.173370266129368, 40.422020305301764 ], [ -81.173677989851811, 40.420430374071387 ], [ -81.173989209239224, 40.418849659093603 ], [ -81.17430397465327, 40.417277917550877 ], [ -81.174622322966201, 40.415714951592747 ], [ -81.174944299144542, 40.414160552576512 ], [ -81.175269941858716, 40.412614528946406 ], [ -81.175599313162294, 40.411076585724906 ], [ -81.175932429242735, 40.409546651865412 ], [ -81.176269329670305, 40.40802455379918 ], [ -81.176610047719961, 40.406510126949819 ], [ -81.176954622961986, 40.405003204942879 ], [ -81.177303087771747, 40.403503646585101 ], [ -81.177655475424459, 40.402011305286486 ], [ -81.178011818295275, 40.400526042551874 ], [ -81.180192389171864, 40.391485667938127 ], [ -81.18125305319036, 40.387098695857105 ], [ -81.182303080926971, 40.382776150308231 ], [ -81.183254421558914, 40.378885382763279 ], [ -81.183744504409788, 40.376892794475772 ], [ -81.184220127961069, 40.374967694912137 ], [ -81.184683864273424, 40.373099680714773 ], [ -81.185137488608774, 40.371281601373823 ], [ -81.185582966884951, 40.369505586922479 ], [ -81.186020995177131, 40.367768885434764 ], [ -81.186452586122201, 40.366067475142714 ], [ -81.186878533821684, 40.364398228204585 ], [ -81.187325124559436, 40.362659073366487 ], [ -81.187766859857106, 40.360950278741221 ], [ -81.188204367442054, 40.359269414360924 ], [ -81.188638166222944, 40.357614490924931 ], [ -81.189068815577897, 40.355983373442982 ], [ -81.189496636564968, 40.354374852326508 ], [ -81.189922004201605, 40.352787516539749 ], [ -81.190345243143014, 40.351220158292655 ], [ -81.19076705845751, 40.349670176746478 ], [ -81.191187310750308, 40.348138110594405 ], [ -81.19160624823428, 40.346623046125693 ], [ -81.192024094840662, 40.345124182044295 ], [ -81.192441084393067, 40.343640672987696 ], [ -81.192857380568256, 40.342171943389459 ], [ -81.193273162331039, 40.340717360127087 ], [ -81.193688590660386, 40.339276357526792 ], [ -81.194124577491522, 40.337777345956681 ], [ -81.194560508565161, 40.33629215696655 ], [ -81.194996538563984, 40.334820260855501 ], [ -81.195432809580936, 40.333361180982699 ], [ -81.19586947180305, 40.331914414627462 ], [ -81.196306636746399, 40.330479594866311 ], [ -81.196744424919871, 40.329056325098307 ], [ -81.197182946939904, 40.327644242896504 ], [ -81.197622396161265, 40.326242732225289 ], [ -81.198062787871876, 40.324851749017952 ], [ -81.198504218299519, 40.323470989303701 ], [ -81.198946777376349, 40.322100169796059 ], [ -81.199390560430444, 40.320739000013802 ], [ -81.199835640306986, 40.319387249730759 ], [ -81.200282097944822, 40.318044677928619 ], [ -81.200730007988014, 40.316711058877289 ], [ -81.201179844378871, 40.315385000426517 ], [ -81.201631277965575, 40.314067490930888 ], [ -81.202084374398865, 40.312758336137207 ], [ -81.202539197530342, 40.311457352583645 ], [ -81.202995813910192, 40.310164350513489 ], [ -81.203454278396677, 40.308879176142085 ], [ -81.203914647647451, 40.307601668491152 ], [ -81.204376976520848, 40.306331676474642 ], [ -81.204841347754481, 40.305068972563994 ], [ -81.205307782932323, 40.303813501001208 ], [ -81.205776333315725, 40.302565125988551 ], [ -81.206247043870462, 40.301323720722181 ], [ -81.206719966757632, 40.300089155698942 ], [ -81.207195141547146, 40.298861321201962 ], [ -81.207672614104396, 40.297640103017443 ], [ -81.208152425798247, 40.296425395024926 ], [ -81.20858244652716, 40.295345433354193 ], [ -81.209016757921589, 40.294263992298475 ], [ -81.209455365377423, 40.293181051173597 ], [ -81.209898278786994, 40.292096591993172 ], [ -81.210345504445954, 40.291010594971958 ], [ -81.210797050448079, 40.289923041224498 ], [ -81.211252926685731, 40.288833909166549 ], [ -81.211713140353666, 40.287743179912766 ], [ -81.212177697747094, 40.286650835476706 ], [ -81.212646611456393, 40.285556852475843 ], [ -81.213119890474886, 40.284461206628407 ], [ -81.213597543796141, 40.283363877250039 ], [ -81.214079580412871, 40.282264841857881 ], [ -81.21456601201632, 40.281164077968832 ], [ -81.215056847599868, 40.280061560401677 ], [ -81.215552098854801, 40.278957267572885 ], [ -81.216051751391845, 40.277851226461969 ], [ -81.216555842082869, 40.276743359727448 ], [ -81.217064379921808, 40.275633642187856 ], [ -81.217577378397721, 40.274522048662682 ], [ -81.218094849202444, 40.273408553071299 ], [ -81.2186168049261, 40.272293127534844 ], [ -81.219143258159335, 40.27117574507367 ], [ -81.21967422239203, 40.270056376909203 ], [ -81.220209706617226, 40.268935004155978 ], [ -81.220749729720723, 40.267811588143367 ], [ -81.221294305192515, 40.266686099193088 ], [ -81.221843448320925, 40.265558506728773 ], [ -81.222397173495352, 40.264428780173084 ], [ -81.222955497802573, 40.263296888049979 ], [ -81.223518435631874, 40.262162796185123 ], [ -81.22408600496955, 40.261026471303595 ], [ -81.224657861375761, 40.259888596890228 ], [ -81.225234377169258, 40.258748423809706 ], [ -81.225815570336806, 40.257605916089211 ], [ -81.226401461562787, 40.256461036856386 ], [ -81.226992066135409, 40.255313750138505 ], [ -81.227587407437341, 40.254164016365252 ], [ -81.228187504354452, 40.253011795966749 ], [ -81.228792377570642, 40.25185704937234 ], [ -81.229402042374929, 40.250699747804198 ], [ -81.230016527545203, 40.249539836403294 ], [ -81.230635856464033, 40.248377270203918 ], [ -81.231260053413294, 40.247212006038417 ], [ -81.231889141774971, 40.246043998940344 ], [ -81.232523146730131, 40.244873200346881 ], [ -81.233162095259033, 40.243699561694406 ], [ -81.233806015239935, 40.242523034419605 ], [ -81.234454847317878, 40.241343721044778 ], [ -81.235108706605885, 40.240161415625948 ], [ -81.235767620983424, 40.238976064202987 ], [ -81.236431621926286, 40.237787611018419 ], [ -81.237100740910904, 40.236596001213442 ], [ -81.237775011212392, 40.235401173634166 ], [ -81.238454467903907, 40.234203068925439 ], [ -81.239139145159868, 40.23300162323531 ], [ -81.239829065463496, 40.231796798792246 ], [ -81.240524280975308, 40.230588503865413 ], [ -81.241224832164789, 40.229376669206815 ], [ -81.241930759501471, 40.228161224669783 ], [ -81.242642102555536, 40.226942100106811 ], [ -81.24335890719226, 40.22571921727701 ], [ -81.244081221075973, 40.224492498838728 ], [ -81.244809089172747, 40.223261862953599 ], [ -81.245524538531043, 40.22205750076207 ], [ -81.246245368533508, 40.220849251700628 ], [ -81.24697162954152, 40.219637033931129 ], [ -81.247703371917552, 40.218420760218962 ], [ -81.248440646922816, 40.217200346927456 ], [ -81.249183513013392, 40.21597569782918 ], [ -81.24993202684621, 40.214746717595901 ], [ -81.250686250474644, 40.213513306403023 ], [ -81.2514462135765, 40.21227541478747 ], [ -81.252212013278282, 40.211032882670459 ], [ -81.252983718828148, 40.209785600334236 ], [ -81.253761401272186, 40.208533450867051 ], [ -81.254545130757478, 40.207276321853747 ], [ -81.255334990921483, 40.206014080194599 ], [ -81.256131061803487, 40.204746595488125 ], [ -81.256933430637829, 40.203473731936086 ], [ -81.257741736796163, 40.202196055212838 ], [ -81.258556518073362, 40.200912712760321 ], [ -81.259377871596158, 40.199623551694664 ], [ -81.260205901685609, 40.198328407439227 ], [ -81.261040709066066, 40.197027121713212 ], [ -81.261882417843694, 40.195719503861007 ], [ -81.262731147628813, 40.194405365923842 ], [ -81.263587027024272, 40.193084509151809 ], [ -81.264450093801329, 40.191756874189302 ], [ -81.265320585381318, 40.190422095012686 ], [ -81.266198651950688, 40.189079942294491 ], [ -81.267084455387888, 40.187730167822082 ], [ -81.2679781485772, 40.186372539570051 ], [ -81.26887992847044, 40.185006757165056 ], [ -81.269789983925179, 40.183632534622681 ], [ -81.270708521785266, 40.182249558978782 ], [ -81.271618211215952, 40.180883812546988 ], [ -81.272536497266074, 40.179508992854757 ], [ -81.273463614658567, 40.178124749166969 ], [ -81.27439981790188, 40.176730699271289 ], [ -81.275345347114552, 40.175326487936019 ], [ -81.276300526952056, 40.173911631325801 ], [ -81.277265669479448, 40.172485668088207 ], [ -81.278241120036256, 40.171048087408309 ], [ -81.27922682016596, 40.169598973822723 ], [ -81.280223592749167, 40.16813711414548 ], [ -81.281231868560496, 40.166661877052988 ], [ -81.282252135931927, 40.165172548483433 ], [ -81.283284834631857, 40.163668484522027 ], [ -81.284330631957658, 40.162148715699601 ], [ -81.28539015743435, 40.160612325607225 ], [ -81.286464138613695, 40.159058258440908 ], [ -81.288631573992447, 40.155931475766074 ], [ -81.290865995373906, 40.152720452695853 ], [ -81.293176362703477, 40.14941230734118 ], [ -81.295575940981436, 40.145988045121278 ], [ -81.298066644864178, 40.142444834970185 ], [ -81.300688427633347, 40.13872574620526 ], [ -81.303475706343406, 40.134781938444739 ], [ -81.306505796609741, 40.130504004665049 ], [ -81.306993023214062, 40.129817019748657 ], [ -81.307483178910218, 40.129129148100624 ], [ -81.3079762789867, 40.128440369036852 ], [ -81.308472335134766, 40.127750664570485 ], [ -81.308971363542184, 40.127060013118054 ], [ -81.309473379497348, 40.12636839489452 ], [ -81.309978396490393, 40.125675787416661 ], [ -81.310486431608027, 40.124982170899642 ], [ -81.310997496541773, 40.124287528255941 ], [ -81.311511611076497, 40.123591831606802 ], [ -81.312028794098069, 40.122895057569863 ], [ -81.312549060894952, 40.122197181863484 ], [ -81.313072431252181, 40.121498182903814 ], [ -81.313598922256958, 40.120798033711424 ], [ -81.31466134445003, 40.11939418570212 ], [ -81.31573637873548, 40.11798556948753 ], [ -81.316824296708475, 40.116571826237809 ], [ -81.317925273736975, 40.115152730223379 ], [ -81.319039498678464, 40.113728036828498 ], [ -81.320167152296833, 40.112297514927363 ], [ -81.321308463918967, 40.110860873139821 ], [ -81.322463653879026, 40.109417832675767 ], [ -81.323632965893168, 40.107968092262546 ], [ -81.324814858523524, 40.10651353597985 ], [ -81.32601135524429, 40.105051650222542 ], [ -81.327222742939824, 40.103582085154088 ], [ -81.32844933547301, 40.102104458562877 ], [ -81.329691429620325, 40.100618414317438 ], [ -81.330949419284849, 40.09912347757534 ], [ -81.332223687577752, 40.097619196877424 ], [ -81.333514656280883, 40.096105072200523 ], [ -81.334822289421652, 40.094581141315643 ], [ -81.336147551073211, 40.093046273775428 ], [ -81.337490965540141, 40.091499864336264 ], [ -81.338853120079904, 40.089941234909034 ], [ -81.340234553386409, 40.088369769458296 ], [ -81.341636056863024, 40.086784567762713 ], [ -81.343058382342946, 40.085184777264772 ], [ -81.344502391376679, 40.083569428495373 ], [ -81.345670995624403, 40.082268405371615 ], [ -81.346854536712101, 40.080956217164626 ], [ -81.348053582111675, 40.079632233449786 ], [ -81.349268776637146, 40.078295743762503 ], [ -81.350500699452354, 40.076946108685078 ], [ -81.351750239986089, 40.075582353351976 ], [ -81.353018241802914, 40.074203558656357 ], [ -81.354305683365055, 40.072808659800764 ], [ -81.355611706719344, 40.071398574093877 ], [ -81.356939404634403, 40.069969954259015 ], [ -81.358290123394951, 40.068521349689618 ], [ -81.359665480881731, 40.067051025593301 ], [ -81.361066806292541, 40.06555755834377 ], [ -81.362496717554023, 40.064038156444774 ], [ -81.363957641936068, 40.062490239741713 ], [ -81.365452671308276, 40.060910532903847 ], [ -81.366683834196195, 40.059612723957194 ], [ -81.367941762706792, 40.058289392250721 ], [ -81.370549321798336, 40.055554169898087 ], [ -81.373302194245412, 40.0526766945828 ], [ -81.37625323140611, 40.049601714656326 ], [ -81.378858279590517, 40.046893874861411 ], [ -81.381761208417672, 40.043881874457817 ], [ -81.391544003057888, 40.033748673371655 ], [ -81.395245669256497, 40.029910473898333 ], [ -81.397154238382015, 40.027928467933471 ], [ -81.398942070824461, 40.026069309360118 ], [ -81.400640775955452, 40.024300126158963 ], [ -81.402266851838363, 40.022603730486836 ], [ -81.404078293283192, 40.020710220509152 ], [ -81.405822710054565, 40.018882597562879 ], [ -81.407510465040545, 40.017110002333794 ], [ -81.409148565758244, 40.015385075669805 ], [ -81.410744713102588, 40.013699699390685 ], [ -81.412301486329255, 40.012051143154842 ], [ -81.413822737234028, 40.010435327637396 ], [ -81.41531143627823, 40.00884909531856 ], [ -81.416947725761446, 40.007099523633187 ], [ -81.418549301413734, 40.005380496521745 ], [ -81.420118826127521, 40.003689155938758 ], [ -81.421658448383155, 40.002023187029508 ], [ -81.423170465948786, 40.000380100470387 ], [ -81.424656132479086, 39.998758530190941 ], [ -81.42611693005685, 39.99715685921074 ], [ -81.427554109638962, 39.995573715163751 ], [ -81.428970416855663, 39.994006062838622 ], [ -81.43036520869191, 39.992454598310239 ], [ -81.431739414147131, 39.990918289156738 ], [ -81.433093839913397, 39.989396235157088 ], [ -81.434429334051089, 39.98788748033202 ], [ -81.435746464032576, 39.98639138256533 ], [ -81.437045856685472, 39.984907231392683 ], [ -81.438328065092705, 39.983434394590631 ], [ -81.439643769648754, 39.981914144631084 ], [ -81.440941984189905, 39.980404870897061 ], [ -81.442223204242026, 39.978905996023983 ], [ -81.443487877668034, 39.977416998404792 ], [ -81.444736465819744, 39.97593733215124 ], [ -81.445969310439864, 39.974466592568234 ], [ -81.447186773955096, 39.973004347081954 ], [ -81.448389185517016, 39.971550199091453 ], [ -81.449577108101622, 39.97010346691048 ], [ -81.450750574983473, 39.968664105573005 ], [ -81.451909861355475, 39.967231778732597 ], [ -81.453055217229092, 39.965806174324484 ], [ -81.454186903407503, 39.964386971290679 ], [ -81.455305122238002, 39.962973913324404 ], [ -81.456410085061961, 39.961566733326983 ], [ -81.457501989729536, 39.960165180387655 ], [ -81.458582046728694, 39.958767683391002 ], [ -81.459649384615915, 39.957375355697103 ], [ -81.460704170665437, 39.955987976972693 ], [ -81.461746562258554, 39.954605342171732 ], [ -81.462776719474633, 39.953227237256215 ], [ -81.463794773614552, 39.951853487757333 ], [ -81.464800857778002, 39.950483912011869 ], [ -81.465299451812868, 39.949800635000408 ], [ -81.465795100567945, 39.94911833735037 ], [ -81.466287852606925, 39.948436951613026 ], [ -81.466777688144447, 39.947756504767831 ], [ -81.467264622468846, 39.947076977029809 ], [ -81.467585579907237, 39.946626998882302 ] ] ] } },
{ "type": "Feature", "properties": { "Id": 0, "Area": "Core Condensate" }, "geometry": { "type": "Polygon", "coordinates": [ [ [ -81.403706611851746, 39.897027410796532 ], [ -81.467585579909496, 39.946626998884163 ], [ -81.467264622470339, 39.947076977032857 ], [ -81.466777688145967, 39.947756504770858 ], [ -81.46628785260836, 39.94843695161611 ], [ -81.465795100569423, 39.94911833735334 ], [ -81.465299451814374, 39.949800635003236 ], [ -81.464800857779508, 39.950483912014917 ], [ -81.463794773616058, 39.951853487760381 ], [ -81.462776719476111, 39.953227237259185 ], [ -81.461746562259989, 39.954605342174773 ], [ -81.460704170666943, 39.955987976975521 ], [ -81.459649384617393, 39.957375355699952 ], [ -81.458582046730129, 39.958767683393802 ], [ -81.457501989731028, 39.960165180390767 ], [ -81.456410085063439, 39.961566733330017 ], [ -81.455305122239508, 39.962973913327367 ], [ -81.454186903408996, 39.964386971293699 ], [ -81.453055217230585, 39.965806174327398 ], [ -81.451909861356981, 39.967231778735616 ], [ -81.450750574984951, 39.968664105576053 ], [ -81.449577108103114, 39.9701034669135 ], [ -81.448389185518494, 39.971550199094416 ], [ -81.44718677395656, 39.97300434708481 ], [ -81.445969310441384, 39.974466592571083 ], [ -81.444736465821236, 39.97593733215416 ], [ -81.443487877669511, 39.977416998407591 ], [ -81.442223204243518, 39.978905996026803 ], [ -81.44094198419134, 39.980404870900081 ], [ -81.439643769650246, 39.981914144633961 ], [ -81.438328065094211, 39.983434394593687 ], [ -81.437045856686922, 39.984907231395724 ], [ -81.435746464034082, 39.986391382568357 ], [ -81.434429334052595, 39.987887480335004 ], [ -81.433093839914903, 39.9893962351601 ], [ -81.431739414148623, 39.990918289159559 ], [ -81.430365208693175, 39.992454598313032 ], [ -81.428970416857155, 39.9940060628415 ], [ -81.427554109640425, 39.995573715166735 ], [ -81.426116930058342, 39.997156859213703 ], [ -81.424656132480578, 39.998758530193918 ], [ -81.423170465950292, 40.000380100473272 ], [ -81.421658448384647, 40.002023187032471 ], [ -81.420118826129013, 40.003689155941842 ], [ -81.418549301415226, 40.005380496524594 ], [ -81.416947725762952, 40.007099523636228 ], [ -81.415311436279737, 40.00884909532143 ], [ -81.41382273723552, 40.010435327640401 ], [ -81.412301486330747, 40.012051143157741 ], [ -81.410744713104023, 40.013699699393499 ], [ -81.409148565759708, 40.015385075672832 ], [ -81.407510465042023, 40.017110002336764 ], [ -81.405822710056057, 40.018882597565749 ], [ -81.404078293284684, 40.02071022051215 ], [ -81.402266851839855, 40.022603730489699 ], [ -81.40064077595693, 40.024300126161862 ], [ -81.398942070825967, 40.026069309363145 ], [ -81.397154238383507, 40.027928467936299 ], [ -81.395245669258202, 40.029910473901204 ], [ -81.39154400305938, 40.033748673374724 ], [ -81.381761208419164, 40.043881874460844 ], [ -81.378858279591967, 40.046893874864523 ], [ -81.376253231407617, 40.049601714659268 ], [ -81.373302194246918, 40.052676694585656 ], [ -81.370549321799828, 40.055554169901107 ], [ -81.367941762708284, 40.058289392253606 ], [ -81.366683834197687, 40.059612723959972 ], [ -81.365452671309754, 40.060910532906689 ], [ -81.363957641937546, 40.062490239744776 ], [ -81.362496717555516, 40.064038156447651 ], [ -81.361066806294019, 40.065557558346569 ], [ -81.359665480883208, 40.067051025596342 ], [ -81.358290123396429, 40.068521349692574 ], [ -81.356939404635895, 40.069969954261964 ], [ -81.355611706720794, 40.071398574096939 ], [ -81.354305683366547, 40.072808659803798 ], [ -81.353018241804406, 40.07420355865932 ], [ -81.351750239987595, 40.075582353354861 ], [ -81.350500699453789, 40.076946108687864 ], [ -81.349268776638652, 40.078295743765551 ], [ -81.348053582113167, 40.07963223345282 ], [ -81.346854536713593, 40.080956217167667 ], [ -81.345670995625881, 40.082268405374649 ], [ -81.344502391378171, 40.083569428498315 ], [ -81.343058382344424, 40.085184777267571 ], [ -81.341636056864516, 40.086784567765513 ], [ -81.340234553387916, 40.088369769461274 ], [ -81.338853120081396, 40.089941234912025 ], [ -81.337490965541647, 40.091499864339177 ], [ -81.336147551074689, 40.093046273778469 ], [ -81.334822289423116, 40.094581141318521 ], [ -81.333514656282375, 40.096105072203315 ], [ -81.332223687579216, 40.097619196880487 ], [ -81.330949419286341, 40.099123477578395 ], [ -81.329691429621803, 40.100618414320373 ], [ -81.328449335474517, 40.102104458565918 ], [ -81.327222742941331, 40.103582085156972 ], [ -81.32601135524574, 40.105051650225533 ], [ -81.324814858525002, 40.106513535982913 ], [ -81.32363296589466, 40.107968092265573 ], [ -81.322463653880305, 40.109417832678794 ], [ -81.321308463920445, 40.110860873142634 ], [ -81.32016715229831, 40.112297514930425 ], [ -81.31903949867997, 40.113728036831304 ], [ -81.317925273738467, 40.115152730226434 ], [ -81.316824296709967, 40.116571826240836 ], [ -81.315736378736958, 40.117985569490621 ], [ -81.314661344451522, 40.119394185705133 ], [ -81.31359892225845, 40.120798033714216 ], [ -81.313072431253673, 40.121498182906699 ], [ -81.312549060896458, 40.122197181866611 ], [ -81.312028794099575, 40.122895057572755 ], [ -81.311511611078018, 40.123591831609588 ], [ -81.310997496543266, 40.124287528258876 ], [ -81.310486431609533, 40.124982170902385 ], [ -81.309978396491857, 40.12567578741961 ], [ -81.30947337949884, 40.126368394897383 ], [ -81.308971363543648, 40.127060013121003 ], [ -81.308472335136258, 40.127750664573519 ], [ -81.30797627898815, 40.128440369039815 ], [ -81.30748317891171, 40.12912914810363 ], [ -81.306993023215526, 40.129817019751677 ], [ -81.306505796611233, 40.130504004668083 ], [ -81.303475706344898, 40.134781938447595 ], [ -81.300688427634839, 40.138725746208124 ], [ -81.298066644865713, 40.142444834973048 ], [ -81.295575940982914, 40.145988045124106 ], [ -81.293176362704955, 40.149412307344036 ], [ -81.290865995375356, 40.152720452698809 ], [ -81.288631573993968, 40.155931475768881 ], [ -81.286464138615173, 40.159058258443785 ], [ -81.285390157435799, 40.160612325610309 ], [ -81.284330631959136, 40.162148715702607 ], [ -81.283284834633349, 40.163668484524827 ], [ -81.282252135933433, 40.165172548486204 ], [ -81.281231868561903, 40.166661877055859 ], [ -81.280223592750673, 40.168137114148507 ], [ -81.279226820167594, 40.169598973825536 ], [ -81.278241120037777, 40.171048087411279 ], [ -81.27726566948094, 40.172485668091262 ], [ -81.276300526953705, 40.173911631328664 ], [ -81.275345347116044, 40.17532648793901 ], [ -81.274399817903316, 40.176730699274287 ], [ -81.273463614659832, 40.178124749169747 ], [ -81.272536497267552, 40.179508992857869 ], [ -81.271618211217287, 40.18088381254983 ], [ -81.270708521786773, 40.18224955898183 ], [ -81.269789983926657, 40.183632534625723 ], [ -81.268879928471918, 40.185006757168082 ], [ -81.267978148578678, 40.186372539573078 ], [ -81.26708445538938, 40.187730167825109 ], [ -81.266198651952195, 40.189079942297511 ], [ -81.265320585382838, 40.190422095015556 ], [ -81.264450093802807, 40.191756874192336 ], [ -81.263587027025707, 40.19308450915468 ], [ -81.262731147630291, 40.194405365926919 ], [ -81.2618824178452, 40.195719503863813 ], [ -81.261040709067515, 40.197027121716253 ], [ -81.260205901687087, 40.198328407442013 ], [ -81.25937787159765, 40.199623551697627 ], [ -81.258556518074855, 40.200912712763362 ], [ -81.257741736797612, 40.202196055215808 ], [ -81.256933430639322, 40.203473731939198 ], [ -81.256131061804965, 40.204746595490931 ], [ -81.255334990922989, 40.206014080197619 ], [ -81.254545130759112, 40.20727632185681 ], [ -81.253761401273678, 40.20853345087005 ], [ -81.252983718829626, 40.209785600337192 ], [ -81.252212013279816, 40.211032882673315 ], [ -81.251446213577978, 40.212275414790525 ], [ -81.250686250476136, 40.213513306405815 ], [ -81.249932026847659, 40.214746717598935 ], [ -81.249183513014813, 40.215975697832064 ], [ -81.248440646924266, 40.217200346930468 ], [ -81.247703371919044, 40.218420760221917 ], [ -81.246971629543012, 40.2196370339339 ], [ -81.246245368534986, 40.220849251703662 ], [ -81.245524538532536, 40.222057500765111 ], [ -81.24480908917424, 40.223261862956633 ], [ -81.244081221077465, 40.224492498841776 ], [ -81.243358907193752, 40.225719217280044 ], [ -81.242642102557042, 40.226942100109852 ], [ -81.241930759502949, 40.228161224672846 ], [ -81.241224832166125, 40.229376669209756 ], [ -81.240524280976814, 40.23058850386839 ], [ -81.239829065464988, 40.231796798795273 ], [ -81.239139145161388, 40.233001623238337 ], [ -81.238454467905399, 40.23420306892843 ], [ -81.237775011213884, 40.235401173637271 ], [ -81.237100740912396, 40.236596001216476 ], [ -81.236431621927792, 40.237787611021254 ], [ -81.235767620984916, 40.238976064206071 ], [ -81.235108706607377, 40.240161415628712 ], [ -81.234454847319341, 40.241343721047812 ], [ -81.233806015241427, 40.24252303442254 ], [ -81.233162095260539, 40.243699561697561 ], [ -81.232523146731836, 40.244873200349844 ], [ -81.231889141776421, 40.246043998943399 ], [ -81.231260053414786, 40.247212006041224 ], [ -81.230635856465526, 40.248377270206895 ], [ -81.230016527546638, 40.249539836406278 ], [ -81.229402042376435, 40.250699747807005 ], [ -81.228792377572134, 40.251857049375211 ], [ -81.228187504355972, 40.253011795969506 ], [ -81.227587407438833, 40.254164016368065 ], [ -81.226992066136916, 40.255313750141546 ], [ -81.226401461564279, 40.256461036859221 ], [ -81.225815570338256, 40.257605916092054 ], [ -81.22523437717075, 40.258748423812726 ], [ -81.224657861377182, 40.259888596893255 ], [ -81.224086004971198, 40.261026471306558 ], [ -81.223518435633366, 40.262162796188079 ], [ -81.222955497804065, 40.263296888052942 ], [ -81.222397173496844, 40.264428780176111 ], [ -81.221843448322375, 40.265558506731615 ], [ -81.221294305194007, 40.266686099196107 ], [ -81.220749729722058, 40.267811588146159 ], [ -81.220209706618718, 40.268935004159012 ], [ -81.219674222393465, 40.270056376912244 ], [ -81.21914325816077, 40.27117574507642 ], [ -81.218616804927564, 40.2722931275379 ], [ -81.218094849203951, 40.273408553074198 ], [ -81.217577378399213, 40.274522048665496 ], [ -81.217064379923286, 40.275633642190634 ], [ -81.216555842084375, 40.276743359730219 ], [ -81.216051751393309, 40.277851226464875 ], [ -81.215552098856307, 40.278957267575933 ], [ -81.215056847601318, 40.280061560404683 ], [ -81.214566012017826, 40.281164077971802 ], [ -81.214079580414349, 40.282264841860972 ], [ -81.213597543797604, 40.28336387725313 ], [ -81.213119890476534, 40.284461206631327 ], [ -81.212646611457885, 40.285556852478777 ], [ -81.212177697748515, 40.286650835479733 ], [ -81.211713140355144, 40.287743179915722 ], [ -81.211252926687195, 40.288833909169504 ], [ -81.210797050449585, 40.289923041227333 ], [ -81.210345504447432, 40.291010594974807 ], [ -81.209898278788486, 40.292096591996064 ], [ -81.209455365378901, 40.293181051176383 ], [ -81.209016757923067, 40.294263992301438 ], [ -81.208582446528652, 40.295345433356928 ], [ -81.208152425799739, 40.296425395027704 ], [ -81.20767261410586, 40.297640103020306 ], [ -81.207195141548667, 40.29886132120501 ], [ -81.206719966759138, 40.300089155702004 ], [ -81.206247043871983, 40.301323720725222 ], [ -81.205776333317161, 40.302565125991578 ], [ -81.205307782933829, 40.303813501004178 ], [ -81.204841347755973, 40.305068972567042 ], [ -81.204376976522283, 40.306331676477633 ], [ -81.203914647648944, 40.30760166849408 ], [ -81.203454278398169, 40.30887917614514 ], [ -81.202995813911656, 40.310164350516288 ], [ -81.202539197531834, 40.311457352586672 ], [ -81.202084374400357, 40.31275833614027 ], [ -81.201631277967081, 40.314067490933844 ], [ -81.20117984438032, 40.31538500042933 ], [ -81.20073000798952, 40.316711058880152 ], [ -81.20028209794647, 40.318044677931624 ], [ -81.199835640308436, 40.319387249733786 ], [ -81.199390560431951, 40.320739000016701 ], [ -81.198946777377856, 40.322100169799015 ], [ -81.198504218300798, 40.323470989306585 ], [ -81.198062787873369, 40.32485174902083 ], [ -81.197622396162757, 40.326242732228131 ], [ -81.197182946941396, 40.327644242899375 ], [ -81.196744424921363, 40.329056325101149 ], [ -81.196306636747877, 40.330479594869573 ], [ -81.195869471804542, 40.331914414630518 ], [ -81.195432809582414, 40.333361180985733 ], [ -81.194996538565491, 40.334820260858258 ], [ -81.19456050856661, 40.336292156969435 ], [ -81.194124577493227, 40.337777345959722 ], [ -81.193688590661878, 40.339276357529869 ], [ -81.193273162332517, 40.340717360129936 ], [ -81.19285738056972, 40.342171943392501 ], [ -81.192441084394559, 40.343640672990567 ], [ -81.192024094842139, 40.345124182047314 ], [ -81.191606248235772, 40.346623046128663 ], [ -81.191187310751801, 40.348138110597333 ], [ -81.190767058459002, 40.349670176749243 ], [ -81.190345243144492, 40.35122015829554 ], [ -81.189922004203083, 40.352787516542577 ], [ -81.18949663656646, 40.354374852329464 ], [ -81.18906881557939, 40.355983373445845 ], [ -81.188638166224379, 40.357614490927993 ], [ -81.18820436744339, 40.359269414363958 ], [ -81.187766859858584, 40.360950278744291 ], [ -81.187325124560928, 40.362659073369542 ], [ -81.186878533823176, 40.364398228207662 ], [ -81.186452586123892, 40.366067475145918 ], [ -81.186020995178623, 40.367768885437698 ], [ -81.185582966886415, 40.369505586925278 ], [ -81.185137488610252, 40.371281601376651 ], [ -81.18468386427493, 40.373099680717566 ], [ -81.184220127962561, 40.374967694915206 ], [ -81.183744504411294, 40.376892794478806 ], [ -81.183254421560363, 40.378885382766235 ], [ -81.182303080928463, 40.382776150311024 ], [ -81.181253053191739, 40.387098695860089 ], [ -81.180192389173357, 40.391485667941183 ], [ -81.178011818296781, 40.400526042554738 ], [ -81.177655475425794, 40.402011305289555 ], [ -81.177303087773254, 40.40350364658795 ], [ -81.176954622963478, 40.405003204945942 ], [ -81.176610047721439, 40.406510126952789 ], [ -81.176269329671797, 40.408024553802193 ], [ -81.175932429244213, 40.409546651868403 ], [ -81.175599313163787, 40.411076585727855 ], [ -81.175269941860208, 40.412614528949426 ], [ -81.174944299146048, 40.414160552579567 ], [ -81.174622322967707, 40.415714951595753 ], [ -81.174303974654748, 40.417277917553854 ], [ -81.173989209240716, 40.418849659096445 ], [ -81.173677989853303, 40.420430374074407 ], [ -81.173370266130846, 40.422020305304827 ], [ -81.173065994905869, 40.423619686611133 ], [ -81.172765126715262, 40.425228769803923 ], [ -81.172467894483702, 40.426846275147426 ], [ -81.172173959166898, 40.428474001286006 ], [ -81.171883269503255, 40.43011223600292 ], [ -81.171595770634227, 40.431761290463065 ], [ -81.171311410399198, 40.433421458745357 ], [ -81.171030124946327, 40.435093114967152 ], [ -81.170974580794905, 40.435429150235215 ], [ -81.103361300297195, 40.425258806824651 ], [ -81.102188069846392, 40.425268845313745 ], [ -81.103142716567646, 40.418274390659434 ], [ -81.103988257356448, 40.412062595221677 ], [ -81.104839793925976, 40.405770305963898 ], [ -81.105600275936396, 40.400104474550901 ], [ -81.106022381731947, 40.396935187218034 ], [ -81.106426550549443, 40.39388109224754 ], [ -81.106815313980107, 40.390923037677005 ], [ -81.107190360950867, 40.388048182986374 ], [ -81.107553535072043, 40.385242354859734 ], [ -81.107905427198119, 40.382500933480166 ], [ -81.108246940248605, 40.379816896941193 ], [ -81.108578761305395, 40.377184839417829 ], [ -81.108677209190347, 40.376390120216826 ], [ -81.108774245139756, 40.375588183956445 ], [ -81.1088699033279, 40.374778731162614 ], [ -81.108964224224181, 40.373961428186362 ], [ -81.109057242901955, 40.373135967459937 ], [ -81.109149009723623, 40.372301907416194 ], [ -81.109239570554124, 40.371458827172169 ], [ -81.109328977554867, 40.370606249188072 ], [ -81.109417208242036, 40.369744418079399 ], [ -81.109504398413591, 40.368872017238736 ], [ -81.109590611022313, 40.36798842343601 ], [ -81.109675918013679, 40.367092911817402 ], [ -81.1097603778435, 40.366184856455028 ], [ -81.109844092135702, 40.365263181759431 ], [ -81.1099271526206, 40.364326882288758 ], [ -81.110009665418133, 40.363374743958296 ], [ -81.110091379617884, 40.362409839751429 ], [ -81.110172804236001, 40.361426281806281 ], [ -81.110335430440216, 40.359395408480239 ], [ -81.110499008127277, 40.357263912708348 ], [ -81.110666133639768, 40.354998031243177 ], [ -81.110823167859436, 40.352794921557376 ], [ -81.110992289866729, 40.350354676835892 ], [ -81.111161119594442, 40.347867100795021 ], [ -81.111614662990704, 40.341116972079533 ], [ -81.111754469797546, 40.339072866128909 ], [ -81.111882356090277, 40.337237966767674 ], [ -81.112032505999778, 40.335136741276692 ], [ -81.112177175440905, 40.333174531188618 ], [ -81.112319203572895, 40.33131287070151 ], [ -81.112460080572703, 40.329532301183704 ], [ -81.112548487527121, 40.32844889061289 ], [ -81.112637127406032, 40.327388846227215 ], [ -81.11272619266407, 40.326349853172317 ], [ -81.11281583978375, 40.325330096615794 ], [ -81.112906242333722, 40.324327613337687 ], [ -81.112997490246414, 40.323341414983268 ], [ -81.113089696836553, 40.322370290165672 ], [ -81.113182957432144, 40.321413231644129 ], [ -81.113277504057976, 40.320467905678271 ], [ -81.113373277359472, 40.319534966974217 ], [ -81.113470352878878, 40.318613681685108 ], [ -81.113568797166735, 40.317703416688431 ], [ -81.113668682168466, 40.316803500190396 ], [ -81.113770059145338, 40.31591349781867 ], [ -81.11387298115757, 40.315032921241311 ], [ -81.1139774994665, 40.314161343280318 ], [ -81.114111791630322, 40.31307333267722 ], [ -81.11424879345158, 40.311998293895066 ], [ -81.114388591264941, 40.310935556939256 ], [ -81.114531260613731, 40.309884534552701 ], [ -81.114676887832672, 40.308844608001245 ], [ -81.114825530478399, 40.307815357301948 ], [ -81.114977256899309, 40.306796320203063 ], [ -81.115132127350208, 40.305787083016511 ], [ -81.115290263239586, 40.304786879519767 ], [ -81.115451661869329, 40.303795739390907 ], [ -81.11561637719862, 40.302813327182243 ], [ -81.115784461388301, 40.301839338923301 ], [ -81.115955969296962, 40.300873457153337 ], [ -81.11613094319307, 40.299915443551932 ], [ -81.11630942894152, 40.298965046308844 ], [ -81.11649147060939, 40.298022031600496 ], [ -81.116677400945889, 40.297084732083675 ], [ -81.116866983429119, 40.296154410406771 ], [ -81.117060255830623, 40.295230866920065 ], [ -81.117257258620015, 40.294313918161663 ], [ -81.117458031367633, 40.29340337527465 ], [ -81.117662607347853, 40.2924990889708 ], [ -81.117871023433523, 40.291600900070506 ], [ -81.118083312899017, 40.290708661084899 ], [ -81.118299531502572, 40.289822143586029 ], [ -81.118519690036237, 40.288941302607988 ], [ -81.118743820875096, 40.288066010446954 ], [ -81.118971955495908, 40.287196147493262 ], [ -81.119204126273829, 40.286331588740772 ], [ -81.11944036018906, 40.285472232566555 ], [ -81.119680686019294, 40.284617973749633 ], [ -81.119925133442734, 40.283768710666479 ], [ -81.120102416797508, 40.2831625145473 ], [ -81.120281914283339, 40.282555396623231 ], [ -81.120463627698754, 40.281947349699344 ], [ -81.120647559741343, 40.281338366581373 ], [ -81.120833712210626, 40.280728440074313 ], [ -81.121022087803667, 40.280117560286179 ], [ -81.121212689218694, 40.279505721820613 ], [ -81.121405518254491, 40.278892915684608 ], [ -81.121600576709753, 40.278279134683316 ], [ -81.12179786908078, 40.277664369823839 ], [ -81.121997397166524, 40.2770486121129 ], [ -81.12219916456425, 40.276431853456351 ], [ -81.122403173072541, 40.275814084861118 ], [ -81.122609425389058, 40.275195297334157 ], [ -81.122817926011095, 40.274575480982826 ], [ -81.123028676736567, 40.273954627712818 ], [ -81.123456930297337, 40.272709808619716 ], [ -81.123894225642573, 40.271460724941647 ], [ -81.124340590650263, 40.270207297537759 ], [ -81.124796054998399, 40.268949441872358 ], [ -81.125260647465353, 40.267687077005959 ], [ -81.125734403124696, 40.266420108510175 ], [ -81.126217357949159, 40.265148442855427 ], [ -81.126709547911901, 40.26387198201548 ], [ -81.127210828221706, 40.262591092913645 ], [ -81.127721417413937, 40.261305205379927 ], [ -81.128241358656311, 40.260014209696998 ], [ -81.128770699612588, 40.258717990751862 ], [ -81.129309485248996, 40.257416437927233 ], [ -81.129857770424309, 40.256109416325501 ], [ -81.130415609996817, 40.254796795544713 ], [ -81.130983062422786, 40.253478437988655 ], [ -81.131560149286003, 40.252154294194369 ], [ -81.132146974907528, 40.250824119546564 ], [ -81.132743610333733, 40.249487756663761 ], [ -81.133350128410186, 40.248145039171312 ], [ -81.133966601981584, 40.24679580699005 ], [ -81.134593121879547, 40.245439860470135 ], [ -81.135229777136757, 40.244077007157252 ], [ -81.135876664880655, 40.242707040206732 ], [ -81.136527209267854, 40.241343665286927 ], [ -81.137187986141086, 40.239972886248772 ], [ -81.137859107916086, 40.238594468368944 ], [ -81.138540698698932, 40.237208159837742 ], [ -81.139232873602708, 40.235813723233676 ], [ -81.139935786411897, 40.234410850089816 ], [ -81.140649586413829, 40.232999241830683 ], [ -81.141374437285037, 40.231578575599833 ], [ -81.142110341723381, 40.230148840605374 ], [ -81.142857655860709, 40.228709340772475 ], [ -81.143616582044089, 40.227259686694104 ], [ -81.144387344204972, 40.225799450293508 ], [ -81.145170151885551, 40.224328234969036 ], [ -81.145965299163706, 40.222845484040931 ], [ -81.146773070225521, 40.221350671405375 ], [ -81.147593785229418, 40.219843204409315 ], [ -81.148423665224328, 40.218329939484178 ], [ -81.149267080016074, 40.216802829496118 ], [ -81.150124438796368, 40.2152611343028 ], [ -81.150996211010934, 40.213704011240146 ], [ -81.151882812146638, 40.212130712071776 ], [ -81.152784913097719, 40.210540047893936 ], [ -81.153703145188501, 40.20893090534603 ], [ -81.154638253956733, 40.207301976813874 ], [ -81.155589398536378, 40.205654703011191 ], [ -81.156559139297343, 40.203984625099238 ], [ -81.157548539238206, 40.202289911159426 ], [ -81.158558901476511, 40.200568329074166 ], [ -81.159591259333766, 40.198818113474189 ], [ -81.160647833235316, 40.197035494401533 ], [ -81.161730674535519, 40.195217009466433 ], [ -81.162842478502171, 40.193358133280341 ], [ -81.163493478845552, 40.192276051907413 ], [ -81.164152656724227, 40.191190617861643 ], [ -81.164820084084127, 40.19010171063448 ], [ -81.165495840964724, 40.189009201622291 ], [ -81.166180002009924, 40.18791297031629 ], [ -81.166872659849972, 40.186812866529742 ], [ -81.167573904416727, 40.185708749068581 ], [ -81.168283831937813, 40.184600464149092 ], [ -81.169002476587565, 40.183487958711304 ], [ -81.169730012834265, 40.182370962958466 ], [ -81.17046655039556, 40.181249303321707 ], [ -81.17121221337743, 40.180122797238241 ], [ -81.171967115994192, 40.178991267541811 ], [ -81.172731404835062, 40.17785449479824 ], [ -81.173505222892246, 40.176712267666012 ], [ -81.17428872484939, 40.175564357717981 ], [ -81.175080950230253, 40.174412153507063 ], [ -81.175883167978299, 40.173253791638281 ], [ -81.176695562454753, 40.172089007710611 ], [ -81.177518332409605, 40.170917513941177 ], [ -81.178351668499246, 40.169739040533315 ], [ -81.179195820734932, 40.168553232254872 ], [ -81.180051032833447, 40.167359748262697 ], [ -81.180917572792325, 40.16615821264044 ], [ -81.181795427121727, 40.164948643374203 ], [ -81.182685197468402, 40.163730204094477 ], [ -81.18358721568211, 40.162502442442822 ], [ -81.184501852283205, 40.161264852100146 ], [ -81.18542944901435, 40.160016971714825 ], [ -81.186370501402024, 40.158758134889005 ], [ -81.187325480690888, 40.157487710298568 ], [ -81.188294925574965, 40.156204979385443 ], [ -81.18911196055312, 40.15512911142838 ], [ -81.189939760416053, 40.154043723248222 ], [ -81.190778724462973, 40.152948290540273 ], [ -81.191629305052999, 40.151842222449552 ], [ -81.192491911377132, 40.150724987477133 ], [ -81.193367169363924, 40.149595770837095 ], [ -81.194255675263719, 40.148453808105671 ], [ -81.195158118856668, 40.147298208954183 ], [ -81.196073884106994, 40.146129754893188 ], [ -81.197005167159347, 40.144945633743063 ], [ -81.197952921294828, 40.143744633217246 ], [ -81.198918294947887, 40.142525298212838 ], [ -81.199902228809393, 40.141286438027748 ], [ -81.200906586274471, 40.14002570633042 ], [ -81.201933095840133, 40.138740930358658 ], [ -81.202983964442836, 40.137429350992775 ], [ -81.204723337816304, 40.135265943677403 ], [ -81.206546230328868, 40.133007582342991 ], [ -81.20847153134055, 40.130630853140453 ], [ -81.210536584300485, 40.128089651425206 ], [ -81.212350261459974, 40.125863270882206 ], [ -81.214372226101801, 40.123385724980309 ], [ -81.22111175270976, 40.115141630790731 ], [ -81.223623653613103, 40.112065927809326 ], [ -81.226107341884799, 40.109018379903205 ], [ -81.228342886519542, 40.106267325885405 ], [ -81.229536499114687, 40.104794544841447 ], [ -81.230686786870308, 40.103372207670418 ], [ -81.231800291454874, 40.101992223171585 ], [ -81.232881472606508, 40.100649062313522 ], [ -81.233935230730893, 40.099336635786052 ], [ -81.23496324126512, 40.098052846370891 ], [ -81.235967981841483, 40.096794603996727 ], [ -81.236951368015767, 40.095559506575043 ], [ -81.237819081589578, 40.094468324962193 ], [ -81.238693136283672, 40.093372952508737 ], [ -81.239573632821532, 40.092273260611535 ], [ -81.240460680020846, 40.091169117070137 ], [ -81.241354379505509, 40.090060393281583 ], [ -81.242254857180512, 40.088946932763726 ], [ -81.243162234454118, 40.087828586229229 ], [ -81.24407664262759, 40.086705190900815 ], [ -81.24499812576741, 40.085576693718508 ], [ -81.245926916798155, 40.084442807798283 ], [ -81.246863166806278, 40.083303348779602 ], [ -81.247807034971132, 40.082158123307764 ], [ -81.248758675077156, 40.081006943424796 ], [ -81.24971828047876, 40.079849577105428 ], [ -81.250686038234505, 40.078685796820963 ], [ -81.251662151591532, 40.077515359754962 ], [ -81.252645341713702, 40.076339791157544 ], [ -81.253637299326527, 40.075157061258388 ], [ -81.254638263649383, 40.073966885872238 ], [ -81.25564849278831, 40.072768956531071 ], [ -81.256668232257724, 40.071562984553026 ], [ -81.257697805813663, 40.070348585028221 ], [ -81.258737526420262, 40.069125389234379 ], [ -81.259787738517829, 40.067892991577303 ], [ -81.260848415126731, 40.066651422634095 ], [ -81.261920340455845, 40.065399763297478 ], [ -81.263003937186554, 40.064137518041115 ], [ -81.264099680160626, 40.062864134681163 ], [ -81.265208003750914, 40.061579108697863 ], [ -81.266329541079941, 40.060281705345467 ], [ -81.267464896492385, 40.058971226749797 ], [ -81.268614756170564, 40.057646877910166 ], [ -81.270482471793272, 40.055501621611739 ], [ -81.272392603040657, 40.053314755480642 ], [ -81.274349211251618, 40.05108162912304 ], [ -81.276357622211094, 40.048796164020899 ], [ -81.27842123085972, 40.046454483196825 ], [ -81.280551075476325, 40.044044048303228 ], [ -81.282757160119331, 40.041553535076424 ], [ -81.285054719304441, 40.038965743982956 ], [ -81.286986133008142, 40.036794534149472 ], [ -81.289006097557916, 40.034527355861826 ], [ -81.291135407977222, 40.032140866317022 ], [ -81.293414928560637, 40.029589262143844 ], [ -81.297664853854158, 40.024838626710327 ], [ -81.308071020765539, 40.013217163650118 ], [ -81.310931187728684, 40.010019136682843 ], [ -81.31350712935523, 40.007135315751228 ], [ -81.316269786425991, 40.004037474159112 ], [ -81.318859104568574, 40.001128209608268 ], [ -81.321319593029273, 39.998357509000954 ], [ -81.323674665657848, 39.995698998818852 ], [ -81.326221094232665, 39.992816339811377 ], [ -81.328674663309585, 39.990029831820259 ], [ -81.331049044382326, 39.987323944453415 ], [ -81.333353582306486, 39.984688028838413 ], [ -81.335598527554495, 39.98211034432606 ], [ -81.337787419858188, 39.979586807993726 ], [ -81.339925455499966, 39.977111431256553 ], [ -81.34201665714761, 39.974679554726798 ], [ -81.343092193254719, 39.973424441993529 ], [ -81.344156342145951, 39.972179576135446 ], [ -81.34520951571109, 39.970944475116504 ], [ -81.346252083571216, 39.969718703664277 ], [ -81.347284433334394, 39.968501807621429 ], [ -81.348306848286924, 39.96729345154062 ], [ -81.349319632399641, 39.966093277491694 ], [ -81.350323063563039, 39.964900956322992 ], [ -81.351317615719935, 39.963715923260203 ], [ -81.352303317648477, 39.962538141431132 ], [ -81.353280401373979, 39.96136733564304 ], [ -81.354249081834212, 39.960203247790602 ], [ -81.355209579363105, 39.95904561257413 ], [ -81.356162068429313, 39.957894220450953 ], [ -81.357106729796342, 39.956748852886257 ], [ -81.358043732536743, 39.955609303035864 ], [ -81.358974134253387, 39.954474281272212 ], [ -81.359897177717116, 39.9533447058026 ], [ -81.360813011315912, 39.952220396762918 ], [ -81.361721769049041, 39.951101185980043 ], [ -81.362623593908395, 39.949986900783834 ], [ -81.363518600107838, 39.948877398182411 ], [ -81.364406907257447, 39.947772530686819 ], [ -81.365288627772529, 39.946672158002784 ], [ -81.36616392892671, 39.945576070588181 ], [ -81.36703285298843, 39.944484215383099 ], [ -81.367895499781937, 39.943396467382129 ], [ -81.368751961938017, 39.942312709672962 ], [ -81.369602334784489, 39.941232821746404 ], [ -81.370446700159562, 39.940156700180651 ], [ -81.371285139002481, 39.9390842388555 ], [ -81.372117732252207, 39.938015338845801 ], [ -81.379166706582737, 39.928932582781535 ], [ -81.383852122282164, 39.922887089076966 ], [ -81.386049690345374, 39.920047082216072 ], [ -81.388121900110079, 39.917365570074111 ], [ -81.39009879972447, 39.914803668663446 ], [ -81.391996969089377, 39.912339888683917 ], [ -81.393921177424872, 39.90983792618843 ], [ -81.395783397290472, 39.907411903345761 ], [ -81.397592076018, 39.905050818749281 ], [ -81.399353186904563, 39.902746871679852 ], [ -81.40107326802142, 39.900491504188743 ], [ -81.402754803296119, 39.898281449937947 ], [ -81.403706611851746, 39.897027410796532 ] ] ] } },
{ "type": "Feature", "properties": { "Id": 0, "Area": "Core Lean Condensate" }, "geometry": { "type": "Polygon", "coordinates": [ [ [ -81.315515526414714, 39.867697580748953 ], [ -81.386037159355467, 39.883288519108739 ], [ -81.403706611854062, 39.897027410798387 ], [ -81.402754803297611, 39.898281449941003 ], [ -81.401073268022898, 39.900491504191699 ], [ -81.39935318690604, 39.90274687168268 ], [ -81.397592076019478, 39.9050508187525 ], [ -81.395783397291964, 39.907411903348709 ], [ -81.393921177426364, 39.909837926191393 ], [ -81.391996969090897, 39.912339888686972 ], [ -81.390098799725905, 39.914803668666273 ], [ -81.388121900111514, 39.917365570076882 ], [ -81.38604969034688, 39.920047082219106 ], [ -81.383852122283656, 39.92288708908 ], [ -81.379166706583987, 39.928932582784377 ], [ -81.372117732253642, 39.938015338848835 ], [ -81.371285139003987, 39.93908423885852 ], [ -81.37044670016104, 39.940156700183607 ], [ -81.369602334785981, 39.941232821749317 ], [ -81.368751961939495, 39.942312709675825 ], [ -81.36789549978343, 39.943396467385178 ], [ -81.367032852990064, 39.944484215386133 ], [ -81.366163928928216, 39.945576070591137 ], [ -81.365288627774035, 39.946672158005818 ], [ -81.364406907258939, 39.94777253068979 ], [ -81.363518600109344, 39.948877398185473 ], [ -81.362623593909859, 39.949986900786868 ], [ -81.361721769050533, 39.951101185983099 ], [ -81.360813011317404, 39.952220396765945 ], [ -81.359897177718622, 39.953344705805371 ], [ -81.358974134254836, 39.954474281275012 ], [ -81.358043732538235, 39.955609303038898 ], [ -81.357106729797763, 39.956748852889291 ], [ -81.356162068430791, 39.957894220454072 ], [ -81.355209579364569, 39.959045612576944 ], [ -81.354249081835675, 39.960203247793636 ], [ -81.353280401375457, 39.961367335646088 ], [ -81.352303317649955, 39.962538141433988 ], [ -81.351317615721442, 39.963715923263244 ], [ -81.350323063564531, 39.964900956326026 ], [ -81.349319632401148, 39.966093277494785 ], [ -81.348306848288431, 39.967293451543412 ], [ -81.347284433335901, 39.968501807624229 ], [ -81.346252083572551, 39.969718703667191 ], [ -81.345209515712568, 39.970944475119339 ], [ -81.344156342147443, 39.972179576138487 ], [ -81.343092193256197, 39.973424441996386 ], [ -81.342016657149088, 39.974679554729732 ], [ -81.339925455501458, 39.977111431259559 ], [ -81.337787419859666, 39.979586807996689 ], [ -81.335598527555945, 39.982110344328824 ], [ -81.333353582307979, 39.98468802884139 ], [ -81.331049044383803, 39.987323944456456 ], [ -81.328674663311077, 39.990029831823236 ], [ -81.3262210942341, 39.992816339814162 ], [ -81.323674665659269, 39.995698998821624 ], [ -81.321319593030751, 39.998357509003746 ], [ -81.318859104569867, 40.001128209611068 ], [ -81.316269786427497, 40.004037474162153 ], [ -81.313507129356665, 40.007135315754233 ], [ -81.310931187730105, 40.010019136685791 ], [ -81.308071020767017, 40.013217163653096 ], [ -81.297664853855792, 40.024838626713297 ], [ -81.293414928562115, 40.029589262146786 ], [ -81.291135407978473, 40.032140866319914 ], [ -81.289006097559422, 40.034527355864718 ], [ -81.286986133009634, 40.036794534152442 ], [ -81.285054719305947, 40.038965743985905 ], [ -81.282757160120823, 40.041553535079444 ], [ -81.280551075477817, 40.04404404830629 ], [ -81.278421230861198, 40.046454483199717 ], [ -81.276357622212515, 40.04879616402367 ], [ -81.27434921125311, 40.051081629125946 ], [ -81.272392603042135, 40.053314755483655 ], [ -81.27048247179475, 40.055501621614702 ], [ -81.268614756171999, 40.057646877913207 ], [ -81.267464896493863, 40.058971226752703 ], [ -81.266329541081447, 40.060281705348316 ], [ -81.265208003752335, 40.061579108700911 ], [ -81.264099680162118, 40.062864134684112 ], [ -81.263003937188046, 40.064137518044177 ], [ -81.261920340457323, 40.065399763300334 ], [ -81.260848415128208, 40.06665142263703 ], [ -81.259787738519336, 40.067892991580337 ], [ -81.25873752642174, 40.069125389237328 ], [ -81.257697805815098, 40.070348585031127 ], [ -81.25666823225923, 40.071562984555989 ], [ -81.255648492789788, 40.072768956534134 ], [ -81.254638263650861, 40.073966885875073 ], [ -81.253637299327963, 40.075157061261443 ], [ -81.252645341715194, 40.076339791160514 ], [ -81.251662151592981, 40.077515359758024 ], [ -81.250686038235983, 40.078685796824047 ], [ -81.249718280480224, 40.079849577108234 ], [ -81.248758675078648, 40.081006943427589 ], [ -81.247807034972624, 40.082158123310798 ], [ -81.246863166807756, 40.083303348782557 ], [ -81.245926916799633, 40.084442807801331 ], [ -81.24499812576893, 40.085576693721393 ], [ -81.244076642629025, 40.086705190903849 ], [ -81.243162234455596, 40.087828586232277 ], [ -81.242254857182004, 40.088946932766753 ], [ -81.241354379507001, 40.090060393284475 ], [ -81.240460680022352, 40.0911691170732 ], [ -81.239573632822953, 40.092273260614398 ], [ -81.23869313628515, 40.093372952511736 ], [ -81.237819081591226, 40.094468324965263 ], [ -81.236951368017031, 40.095559506577906 ], [ -81.235967981842961, 40.096794603999776 ], [ -81.234963241266655, 40.098052846373648 ], [ -81.233935230732357, 40.099336635789108 ], [ -81.232881472607929, 40.100649062316315 ], [ -81.231800291456381, 40.101992223174456 ], [ -81.2306867868718, 40.103372207673189 ], [ -81.229536499116165, 40.104794544844466 ], [ -81.228342886521048, 40.106267325888169 ], [ -81.226107341886248, 40.109018379906288 ], [ -81.223623653614624, 40.112065927812225 ], [ -81.221111752711252, 40.115141630793822 ], [ -81.214372226103293, 40.123385724983358 ], [ -81.212350261461438, 40.125863270885233 ], [ -81.210536584301977, 40.128089651428262 ], [ -81.208471531342042, 40.130630853143479 ], [ -81.206546230330346, 40.133007582346117 ], [ -81.204723337817782, 40.135265943680274 ], [ -81.202983964444314, 40.137429350995802 ], [ -81.201933095841568, 40.1387409303616 ], [ -81.200906586275977, 40.140025706333248 ], [ -81.199902228810814, 40.141286438030804 ], [ -81.198918294949351, 40.142525298215958 ], [ -81.19795292129632, 40.14374463322028 ], [ -81.197005167160782, 40.144945633745891 ], [ -81.196073884108472, 40.146129754896222 ], [ -81.195158118858146, 40.147298208957203 ], [ -81.194255675265211, 40.148453808108691 ], [ -81.193367169365416, 40.149595770840158 ], [ -81.192491911378625, 40.150724987480167 ], [ -81.191629305054491, 40.151842222452579 ], [ -81.190778724464465, 40.152948290543215 ], [ -81.189939760417516, 40.154043723251171 ], [ -81.189111960554612, 40.155129111431414 ], [ -81.188294925576457, 40.156204979388249 ], [ -81.187325480692365, 40.157487710301602 ], [ -81.186370501403516, 40.158758134892004 ], [ -81.185429449015686, 40.160016971717887 ], [ -81.18450185228464, 40.161264852103201 ], [ -81.183587215683602, 40.162502442445778 ], [ -81.182685197469908, 40.163730204097604 ], [ -81.18179542712322, 40.164948643377208 ], [ -81.180917572793845, 40.166158212643509 ], [ -81.180051032834939, 40.167359748265739 ], [ -81.17919582073641, 40.168553232257906 ], [ -81.178351668500738, 40.169739040536378 ], [ -81.177518332411083, 40.170917513944062 ], [ -81.176695562456246, 40.17208900771341 ], [ -81.175883167979791, 40.173253791641258 ], [ -81.175080950231745, 40.174412153509905 ], [ -81.17428872485084, 40.175564357720837 ], [ -81.173505222893652, 40.176712267668954 ], [ -81.172731404836568, 40.177854494801039 ], [ -81.17196711599567, 40.178991267544852 ], [ -81.171212213378922, 40.180122797241282 ], [ -81.170466550397038, 40.18124930332479 ], [ -81.169730012835544, 40.182370962961521 ], [ -81.169002476589057, 40.183487958714338 ], [ -81.168283831939306, 40.184600464151899 ], [ -81.167573904418219, 40.185708749071608 ], [ -81.166872659851435, 40.186812866532755 ], [ -81.166180002011401, 40.187912970319346 ], [ -81.165495840966216, 40.189009201625446 ], [ -81.164820084085619, 40.190101710637258 ], [ -81.164152656725719, 40.191190617864599 ], [ -81.163493478846988, 40.192276051910177 ], [ -81.162842478503649, 40.193358133283304 ], [ -81.161730674536997, 40.195217009469346 ], [ -81.160647833236808, 40.19703549440451 ], [ -81.159591259335201, 40.198818113477252 ], [ -81.158558901478003, 40.200568329077221 ], [ -81.157548539239656, 40.202289911162403 ], [ -81.156559139298793, 40.203984625102294 ], [ -81.155589398537899, 40.205654703014218 ], [ -81.154638253958225, 40.207301976816879 ], [ -81.153703145189994, 40.208930905349 ], [ -81.152784913099197, 40.210540047896913 ], [ -81.15188281214806, 40.212130712074746 ], [ -81.150996211012426, 40.21370401124301 ], [ -81.150124438797874, 40.215261134305877 ], [ -81.14926708001758, 40.216802829498917 ], [ -81.14842366522582, 40.218329939486999 ], [ -81.147593785230924, 40.219843204412307 ], [ -81.146773070226942, 40.221350671408338 ], [ -81.145965299165155, 40.222845484043773 ], [ -81.145170151887001, 40.224328234972006 ], [ -81.14438734420645, 40.225799450296357 ], [ -81.14361658204561, 40.22725968669706 ], [ -81.142857655862173, 40.228709340775517 ], [ -81.142110341724859, 40.230148840608422 ], [ -81.14137443728653, 40.231578575602867 ], [ -81.140649586415321, 40.232999241833511 ], [ -81.139935786413417, 40.23441085009263 ], [ -81.1392328736042, 40.235813723236689 ], [ -81.138540698700353, 40.237208159840499 ], [ -81.137859107917592, 40.238594468371907 ], [ -81.13718798614255, 40.23997288625155 ], [ -81.13652720926936, 40.241343665289875 ], [ -81.135876664882133, 40.242707040209766 ], [ -81.135229777138463, 40.244077007160143 ], [ -81.134593121881025, 40.245439860473169 ], [ -81.133966601983076, 40.246795806992836 ], [ -81.133350128411664, 40.248145039174133 ], [ -81.13274361033524, 40.249487756666504 ], [ -81.13214697490902, 40.250824119549442 ], [ -81.131560149287509, 40.252154294197346 ], [ -81.130983062424278, 40.253478437991497 ], [ -81.130415609998323, 40.254796795547563 ], [ -81.129857770425801, 40.256109416328549 ], [ -81.129309485250488, 40.25741643793021 ], [ -81.128770699614108, 40.258717990754654 ], [ -81.128241358657789, 40.260014209700032 ], [ -81.127721417415373, 40.26130520538279 ], [ -81.127210828223198, 40.262591092916459 ], [ -81.126709547913379, 40.26387198201833 ], [ -81.12621735795048, 40.265148442858262 ], [ -81.125734403126188, 40.266420108513202 ], [ -81.125260647466845, 40.267687077009022 ], [ -81.124796054999877, 40.268949441875158 ], [ -81.124340590651755, 40.270207297540615 ], [ -81.123894225644051, 40.271460724944454 ], [ -81.123456930299, 40.272709808622707 ], [ -81.123028676738045, 40.273954627715867 ], [ -81.122817926012544, 40.274575480985618 ], [ -81.122609425390522, 40.275195297337127 ], [ -81.122403173074034, 40.275814084864123 ], [ -81.122199164565743, 40.276431853459307 ], [ -81.121997397167988, 40.277048612115841 ], [ -81.121797869082286, 40.27766436982688 ], [ -81.121600576711231, 40.278279134686215 ], [ -81.121405518255997, 40.278892915687436 ], [ -81.121212689220187, 40.279505721823639 ], [ -81.121022087805159, 40.280117560289185 ], [ -81.120833712212118, 40.280728440077432 ], [ -81.120647559742991, 40.2813383665844 ], [ -81.120463627700246, 40.2819473497023 ], [ -81.120281914284831, 40.2825553966263 ], [ -81.120102416799142, 40.283162514550391 ], [ -81.119925133444013, 40.283768710669449 ], [ -81.119680686020743, 40.284617973752425 ], [ -81.119440360190552, 40.285472232569397 ], [ -81.119204126275307, 40.286331588743934 ], [ -81.118971955497386, 40.287196147496232 ], [ -81.118743820876546, 40.288066010450017 ], [ -81.118519690037729, 40.288941302610866 ], [ -81.118299531504064, 40.289822143589021 ], [ -81.118083312900481, 40.290708661087955 ], [ -81.117871023435015, 40.291600900073476 ], [ -81.117662607349359, 40.292499088973614 ], [ -81.117458031369125, 40.293403375277407 ], [ -81.117257258621507, 40.294313918164711 ], [ -81.117060255832115, 40.295230866922935 ], [ -81.116866983430612, 40.296154410409805 ], [ -81.116677400947367, 40.297084732086688 ], [ -81.116491470610868, 40.29802203160348 ], [ -81.116309428942969, 40.298965046311693 ], [ -81.116130943194548, 40.299915443554987 ], [ -81.115955969298454, 40.30087345715615 ], [ -81.115784461389779, 40.301839338926264 ], [ -81.115616377200041, 40.302813327185234 ], [ -81.115451661870807, 40.303795739393848 ], [ -81.115290263241064, 40.304786879522801 ], [ -81.115132127351671, 40.305787083019389 ], [ -81.114977256900801, 40.306796320205997 ], [ -81.114825530479905, 40.307815357304946 ], [ -81.114676887834094, 40.308844608004193 ], [ -81.114531260615223, 40.309884534555628 ], [ -81.114388591266362, 40.310935556942304 ], [ -81.114248793453072, 40.311998293898135 ], [ -81.114111791631743, 40.313073332680091 ], [ -81.113977499468007, 40.314161343283359 ], [ -81.113872981159062, 40.315032921244345 ], [ -81.113770059146816, 40.315913497821739 ], [ -81.113668682169944, 40.316803500193231 ], [ -81.113568797168185, 40.317703416691138 ], [ -81.11347035288037, 40.318613681688099 ], [ -81.113373277360893, 40.319534966977017 ], [ -81.11327750405944, 40.32046790568122 ], [ -81.113182957433594, 40.32141323164722 ], [ -81.113089696838031, 40.322370290168742 ], [ -81.112997490247906, 40.323341414986309 ], [ -81.112906242335214, 40.324327613340522 ], [ -81.112815839785256, 40.325330096618593 ], [ -81.112726192665718, 40.326349853175152 ], [ -81.112637127407524, 40.327388846230292 ], [ -81.112548487528613, 40.328448890615675 ], [ -81.112460080574166, 40.32953230118671 ], [ -81.112319203574387, 40.331312870704537 ], [ -81.112177175442355, 40.333174531191673 ], [ -81.112032506001242, 40.335136741279555 ], [ -81.111882356091712, 40.337237966770701 ], [ -81.111754469798981, 40.339072866131779 ], [ -81.111614662992181, 40.34111697208256 ], [ -81.111161119595948, 40.347867100797892 ], [ -81.110992289868207, 40.350354676838855 ], [ -81.1108231678609, 40.352794921560317 ], [ -81.110666133641232, 40.354998031246161 ], [ -81.110499008128755, 40.357263912711417 ], [ -81.110335430441708, 40.359395408483287 ], [ -81.110172804237465, 40.361426281809372 ], [ -81.110091379619405, 40.362409839754257 ], [ -81.110009665419625, 40.363374743961373 ], [ -81.109927152622078, 40.364326882291763 ], [ -81.109844092137195, 40.365263181762437 ], [ -81.109760377844992, 40.366184856457977 ], [ -81.109675918015157, 40.367092911820464 ], [ -81.109590611023748, 40.367988423438838 ], [ -81.109504398415297, 40.368872017241792 ], [ -81.109417208243514, 40.369744418082448 ], [ -81.109328977556331, 40.370606249191162 ], [ -81.109239570555573, 40.371458827175161 ], [ -81.109149009725115, 40.372301907419164 ], [ -81.109057242903461, 40.373135967462801 ], [ -81.108964224225673, 40.373961428189411 ], [ -81.108869903329378, 40.374778731165492 ], [ -81.108774245141248, 40.375588183959493 ], [ -81.108677209191853, 40.376390120219874 ], [ -81.108578761306873, 40.377184839420863 ], [ -81.108246940250069, 40.37981689694427 ], [ -81.107905427199583, 40.382500933483207 ], [ -81.107553535073535, 40.385242354862697 ], [ -81.107190360952359, 40.388048182989138 ], [ -81.106815313981571, 40.390923037680054 ], [ -81.106426550550921, 40.393881092250609 ], [ -81.106022381733439, 40.396935187221025 ], [ -81.105600275937874, 40.400104474553977 ], [ -81.104839793927425, 40.40577030596684 ], [ -81.103988257358097, 40.412062595224647 ], [ -81.103142716569138, 40.418274390662589 ], [ -81.102188069848481, 40.425268845313759 ], [ -81.02588928045715, 40.425921679167161 ], [ -81.026061848280179, 40.424374657573452 ], [ -81.026293028904561, 40.422321751756485 ], [ -81.026572128105641, 40.419871577620192 ], [ -81.026844094783684, 40.417516311637563 ], [ -81.027110818413917, 40.415239592442177 ], [ -81.027373560745616, 40.413030668639578 ], [ -81.027633743606813, 40.410877657486907 ], [ -81.027891816658467, 40.408776903240593 ], [ -81.0281484858684, 40.406722663729013 ], [ -81.028404299823038, 40.404710556555926 ], [ -81.028564705601212, 40.40346697133274 ], [ -81.028725070010324, 40.402237672739361 ], [ -81.028885492875688, 40.401021909842413 ], [ -81.029046058733115, 40.399819024337617 ], [ -81.029206862910826, 40.39862832284777 ], [ -81.029367967462278, 40.39744932963184 ], [ -81.029529444332837, 40.396281525780779 ], [ -81.029691358274135, 40.395124446345179 ], [ -81.029853829794817, 40.393977227975704 ], [ -81.03001685709674, 40.392839902148836 ], [ -81.030180493239712, 40.391712089350484 ], [ -81.030344789484928, 40.390593444241055 ], [ -81.030509798892524, 40.38948360799116 ], [ -81.030675559234055, 40.388382312602602 ], [ -81.030842116374956, 40.387289269393172 ], [ -81.031009508986031, 40.386204214861642 ], [ -81.031178032944297, 40.385125265827384 ], [ -81.031347470613724, 40.38405384142056 ], [ -81.03151785886655, 40.382989716810989 ], [ -81.0316892300783, 40.381932683355544 ], [ -81.031861619322783, 40.380882525217338 ], [ -81.032035055378017, 40.379839071525033 ], [ -81.032209567921598, 40.378802140615377 ], [ -81.032385185732252, 40.377771566113907 ], [ -81.032561951976959, 40.376747084519408 ], [ -81.032739878347243, 40.375728645469692 ], [ -81.032918988225148, 40.374716102375331 ], [ -81.033099306792053, 40.373709317640049 ], [ -81.03328086012813, 40.37270814827135 ], [ -81.033463668917562, 40.37171247915677 ], [ -81.033647756543076, 40.370722187088269 ], [ -81.033833141890568, 40.369737156953327 ], [ -81.033994426306322, 40.368877894308312 ], [ -81.034154296987708, 40.368014515466598 ], [ -81.034312768324071, 40.367146943085935 ], [ -81.034469854704355, 40.366275095328426 ], [ -81.034625571417635, 40.365398894852056 ], [ -81.034779933751423, 40.364518249026986 ], [ -81.0349329578941, 40.363633067920652 ], [ -81.035084660932853, 40.362743255305979 ], [ -81.035235049162651, 40.361848768914726 ], [ -81.035384150462519, 40.360949450465675 ], [ -81.035531981919803, 40.360045192940269 ], [ -81.035678563319507, 40.35913588122493 ], [ -81.035823910849231, 40.358221407400968 ], [ -81.035968046093018, 40.35730163836886 ], [ -81.036110989734652, 40.356376444626257 ], [ -81.036252762459455, 40.355445689475964 ], [ -81.036393264442069, 40.354510046510349 ], [ -81.036532642271865, 40.353568558850895 ], [ -81.036670918432634, 40.352621067317394 ], [ -81.036808119003837, 40.351667404635933 ], [ -81.036944265569986, 40.350707409828068 ], [ -81.037079388707284, 40.3497408805462 ], [ -81.0372135144965, 40.348767620738165 ], [ -81.037346671716065, 40.347787418163733 ], [ -81.037478866660848, 40.346800238649102 ], [ -81.037610156887808, 40.345805659512727 ], [ -81.037740573872853, 40.344803430742679 ], [ -81.037870153589182, 40.343793280744379 ], [ -81.037998929311598, 40.342774952310961 ], [ -81.038126944207718, 40.34174810549974 ], [ -81.038380858793971, 40.339667505959653 ], [ -81.038632213010771, 40.337548913660541 ], [ -81.038881469108958, 40.335388439933659 ], [ -81.039129087541994, 40.333182095386384 ], [ -81.039375645673957, 40.330924754782686 ], [ -81.039621536509173, 40.328612893679114 ], [ -81.039867835636642, 40.326236507118146 ], [ -81.040115488243771, 40.323786492161915 ], [ -81.040365829823713, 40.321249626977661 ], [ -81.040595408755607, 40.318872024533363 ], [ -81.040830291888895, 40.316391750987698 ], [ -81.041072698750483, 40.313785423967204 ], [ -81.041326744638013, 40.311008819310629 ], [ -81.041561785152695, 40.30840499780146 ], [ -81.041819743990473, 40.305516744111486 ], [ -81.042754309568181, 40.294943866275354 ], [ -81.0431412114023, 40.290602158871607 ], [ -81.043351802048534, 40.288267222963007 ], [ -81.043550775252513, 40.286085107950363 ], [ -81.04374196932082, 40.284013744447755 ], [ -81.043927362761991, 40.282031734885621 ], [ -81.044152269715994, 40.279665468395685 ], [ -81.044372578436253, 40.277391033478459 ], [ -81.044589820468346, 40.275192617354563 ], [ -81.044805025535965, 40.273059832854067 ], [ -81.045019359160634, 40.270981195634697 ], [ -81.045233196359334, 40.2689531785553 ], [ -81.045447122591, 40.266970233698373 ], [ -81.045661594711376, 40.265028128854013 ], [ -81.045796767311387, 40.263827503345624 ], [ -81.045932404861162, 40.26264074358447 ], [ -81.046068590097988, 40.261467124716944 ], [ -81.046205397665403, 40.260306010023477 ], [ -81.04634290490543, 40.259156729508504 ], [ -81.046481167576346, 40.258018824518125 ], [ -81.046620247730715, 40.256891792331317 ], [ -81.046760200227354, 40.25577518418654 ], [ -81.04690112938809, 40.254668168210515 ], [ -81.047043035212354, 40.253570772282373 ], [ -81.047185962666617, 40.252482630378168 ], [ -81.047329956716624, 40.251403410647875 ], [ -81.047475064127326, 40.250332766852793 ], [ -81.047621319072817, 40.249270437289972 ], [ -81.047768760224642, 40.248216145867488 ], [ -81.04791742265536, 40.247169638077352 ], [ -81.048067571665655, 40.246129095490353 ], [ -81.048219013001543, 40.245095887774006 ], [ -81.048371779038803, 40.244069799990129 ], [ -81.048525900354448, 40.243050628892384 ], [ -81.048681407525407, 40.242038167636387 ], [ -81.048838326631909, 40.24103224894818 ], [ -81.048996684653773, 40.240032701057267 ], [ -81.049156506771936, 40.239039361186535 ], [ -81.049317835254243, 40.23805197572711 ], [ -81.049480678195323, 40.237070497014891 ], [ -81.049645058077417, 40.236094782057485 ], [ -81.049810997384057, 40.235124699554262 ], [ -81.049978520396962, 40.234160111908629 ], [ -81.050147646001477, 40.233200906705505 ], [ -81.050318395781773, 40.232246966133559 ], [ -81.05049078862352, 40.231298179576321 ], [ -81.050710797869485, 40.230107605790479 ], [ -81.050933495189128, 40.228924873193364 ], [ -81.051158917454529, 40.227749783035144 ], [ -81.051387098839996, 40.226582155451084 ], [ -81.051618077117126, 40.225421800684543 ], [ -81.051851882862607, 40.224268564951302 ], [ -81.052088548452133, 40.223122289071419 ], [ -81.052328104462731, 40.221982823757315 ], [ -81.05257059855866, 40.220849939682054 ], [ -81.052816044229544, 40.219723583785246 ], [ -81.053064470253659, 40.21860362386726 ], [ -81.053315903610567, 40.217489932223607 ], [ -81.053570373978005, 40.216382382050291 ], [ -81.053827905637803, 40.215280864529198 ], [ -81.054088526468831, 40.214185267245384 ], [ -81.054352259853374, 40.213095484977778 ], [ -81.054619233495316, 40.212011000616222 ], [ -81.054889372750864, 40.210932134319414 ], [ -81.05516270010294, 40.209858789860306 ], [ -81.055439239833575, 40.208790877306193 ], [ -81.05571901442535, 40.207728304026972 ], [ -81.056002046361854, 40.206670989083847 ], [ -81.056288357226379, 40.2056188515377 ], [ -81.056577967703561, 40.204571812248368 ], [ -81.056870909269506, 40.203529762397721 ], [ -81.057167192716165, 40.202492662415409 ], [ -81.05746683782877, 40.201460441255485 ], [ -81.057769866190952, 40.20043302877027 ], [ -81.058076296687915, 40.199410357511134 ], [ -81.058386148206566, 40.19839236542439 ], [ -81.058699439631852, 40.197378991356366 ], [ -81.059016189849629, 40.196370174153273 ], [ -81.059336915970434, 40.195364299531796 ], [ -81.059661148547562, 40.194362881950617 ], [ -81.059988904668671, 40.193365865651231 ], [ -81.060320201420637, 40.192373196674659 ], [ -81.060655056789841, 40.191384823759634 ], [ -81.060993486964364, 40.190400695644527 ], [ -81.061335509930245, 40.189420766464281 ], [ -81.061681140976376, 40.188444987655046 ], [ -81.062030402585521, 40.187473297163955 ], [ -81.062383304650396, 40.186505666212462 ], [ -81.062739864257878, 40.185542052532675 ], [ -81.063100095797395, 40.184582412956892 ], [ -81.063464015456489, 40.183626705217293 ], [ -81.06383163762446, 40.182674891542035 ], [ -81.064202978489234, 40.181726931461746 ], [ -81.064578051540479, 40.180782788104302 ], [ -81.064956910737237, 40.17984233016842 ], [ -81.065339533597154, 40.178905616110299 ], [ -81.065725932710137, 40.177972611755628 ], [ -81.066116122465516, 40.177043283829562 ], [ -81.066510118151882, 40.176117596359042 ], [ -81.066907932359669, 40.175195518767183 ], [ -81.067309579477936, 40.174277019577779 ], [ -81.067715072996748, 40.173362067314677 ], [ -81.068124429103548, 40.17245062420595 ], [ -81.0685376585906, 40.171542668668273 ], [ -81.06895477314869, 40.170638171923166 ], [ -81.069375786267969, 40.169737106990951 ], [ -81.069800711438077, 40.16883944509339 ], [ -81.070229560350498, 40.16794516104941 ], [ -81.070662346494572, 40.167054226979971 ], [ -81.071099080662648, 40.166166618603619 ], [ -81.071653337336102, 40.165052809148889 ], [ -81.072216524277721, 40.163935258514449 ], [ -81.072788696345683, 40.162813859680874 ], [ -81.073369911097117, 40.161688500233204 ], [ -81.073960223390088, 40.160559070453658 ], [ -81.074559702472811, 40.159425441739835 ], [ -81.075168413995669, 40.158287488186048 ], [ -81.075786429004978, 40.157145076692977 ], [ -81.076413776279281, 40.155998153301169 ], [ -81.07705058082415, 40.154846488683582 ], [ -81.077696925377396, 40.153689931753995 ], [ -81.078352898971644, 40.152528322433227 ], [ -81.079018589740656, 40.151361506937114 ], [ -81.07969410470352, 40.150189297307278 ], [ -81.080379549081385, 40.149011509182792 ], [ -81.081075036188437, 40.147827947410832 ], [ -81.081779920311504, 40.146639695674409 ], [ -81.08249507379314, 40.145445262897439 ], [ -81.083220631531347, 40.144244422451081 ], [ -81.083956742813854, 40.143036931518196 ], [ -81.084703545237019, 40.141822560771629 ], [ -81.085461223161346, 40.14060101163642 ], [ -81.086229951955261, 40.139371999027567 ], [ -81.087009928569856, 40.138135211779677 ], [ -81.08780116019993, 40.136890631006814 ], [ -81.088604063231358, 40.135637600204163 ], [ -81.089418875085627, 40.13437574795141 ], [ -81.090245861961577, 40.133104664157948 ], [ -81.091085267575494, 40.131823969309657 ], [ -81.091937438166752, 40.130533139102127 ], [ -81.092802703786305, 40.129231671713342 ], [ -81.093681436753357, 40.127919005966419 ], [ -81.094504352398488, 40.126697631299571 ], [ -81.095339417884418, 40.12546570129021 ], [ -81.096187008228327, 40.124222663753962 ], [ -81.097047545212561, 40.122967899058331 ], [ -81.097921412847555, 40.121700846026272 ], [ -81.098809194793077, 40.12042065749646 ], [ -81.09971144683027, 40.119126533971361 ], [ -81.100628811075183, 40.117817551847651 ], [ -81.101560761424494, 40.116494450367661 ], [ -81.102509289876352, 40.11515438677457 ], [ -81.103475280464394, 40.113796113708659 ], [ -81.104459790791282, 40.112418144590762 ], [ -81.105463699494678, 40.111019244651395 ], [ -81.106488694602007, 40.109597061264452 ], [ -81.107536347229157, 40.108149410875619 ], [ -81.108608643978201, 40.1066735532509 ], [ -81.109556498837847, 40.105373565246907 ], [ -81.110526273773075, 40.104047675868614 ], [ -81.11152005880831, 40.102693028869176 ], [ -81.112540604070048, 40.10130587317645 ], [ -81.11358963176049, 40.099883859761412 ], [ -81.114672920023651, 40.098419149233393 ], [ -81.115795700215841, 40.096904666626145 ], [ -81.116966014974153, 40.095329562518252 ], [ -81.11895059569791, 40.092665463049677 ], [ -81.121168421889593, 40.089696245194474 ], [ -81.123269534965559, 40.086888481727115 ], [ -81.128070430810283, 40.080478457723757 ], [ -81.130300375366446, 40.077497300469219 ], [ -81.132183769769696, 40.074974422440789 ], [ -81.133900514401716, 40.072669091314573 ], [ -81.134375133410259, 40.072031436910251 ], [ -81.134852692302417, 40.071393074739696 ], [ -81.135333205467632, 40.070753986816158 ], [ -81.135816686395415, 40.070114154253915 ], [ -81.136303148575962, 40.069473560865056 ], [ -81.136792606398188, 40.068832185965569 ], [ -81.137285075150643, 40.06819000977012 ], [ -81.137780569222443, 40.067547013392996 ], [ -81.138279100304743, 40.06690318334433 ], [ -81.138780688182692, 40.066258491745003 ], [ -81.139285349943449, 40.065612918810189 ], [ -81.139793100875465, 40.064966442056622 ], [ -81.140303959864355, 40.064319039900887 ], [ -81.140817943997348, 40.063670690758698 ], [ -81.14133507036172, 40.063021371248375 ], [ -81.141855359641696, 40.062371057087553 ], [ -81.142378779461723, 40.061719787846975 ], [ -81.142905399968811, 40.061067476291946 ], [ -81.143435240948008, 40.060414096342484 ], [ -81.143968323084067, 40.059759622817282 ], [ -81.144504668859938, 40.059104029636174 ], [ -81.145044298959661, 40.058447288920185 ], [ -81.145587238564588, 40.057789373689772 ], [ -81.146133509258533, 40.057130255166101 ], [ -81.147236128449137, 40.0558083084156 ], [ -81.148352375066494, 40.054481186066958 ], [ -81.149482463149738, 40.053148633611698 ], [ -81.150626625622692, 40.051810377655876 ], [ -81.151783393893055, 40.050468110723813 ], [ -81.152954700603473, 40.049119568322524 ], [ -81.154140821845857, 40.047764432091881 ], [ -81.155342057994147, 40.046402357591745 ], [ -81.156558695032231, 40.045033021965295 ], [ -81.157791112474484, 40.043655997135552 ], [ -81.159039676344591, 40.042270873910695 ], [ -81.160304792236872, 40.040877201730545 ], [ -81.161586430473932, 40.039475008473907 ], [ -81.162885510162724, 40.038063282403634 ], [ -81.164202535822838, 40.036641478530491 ], [ -81.165538069530726, 40.035208987114068 ], [ -81.16689262839661, 40.033765253272868 ], [ -81.16826696695145, 40.032309471214006 ], [ -81.169661806451757, 40.030840879212271 ], [ -81.171077968877597, 40.029358608522074 ], [ -81.172234230829645, 40.028154651025339 ], [ -81.173405411635045, 40.026940681376473 ], [ -81.174592067973933, 40.025716124008945 ], [ -81.175794829372421, 40.024480328713175 ], [ -81.177014264201389, 40.023232710929854 ], [ -81.178251242105645, 40.021972380330162 ], [ -81.179506586864093, 40.020698496947027 ], [ -81.180781254455823, 40.019410091311606 ], [ -81.182074420202852, 40.018107985404086 ], [ -81.183389092337279, 40.016789140415504 ], [ -81.18472658296993, 40.015452238838918 ], [ -81.186088471310512, 40.014095703263102 ], [ -81.187476055979545, 40.012718237765554 ], [ -81.188891878461988, 40.011317317049624 ], [ -81.190338301276014, 40.009890602878052 ], [ -81.191818322761932, 40.008435138279957 ], [ -81.193046281365355, 40.007230705042012 ], [ -81.194300948034765, 40.00600283906887 ], [ -81.195584939797683, 40.00474897729255 ], [ -81.196901682171287, 40.003465774235103 ], [ -81.199647069561109, 40.00079803431084 ], [ -81.20258920793006, 39.997948988364101 ], [ -81.2052005198926, 39.995427152649974 ], [ -81.208109498459137, 39.992623533258609 ], [ -81.210936618035063, 39.989902683870866 ], [ -81.218004721845062, 39.983104755289197 ], [ -81.221791702229723, 39.97945750257081 ], [ -81.223758723690622, 39.977559683941365 ], [ -81.225600014533498, 39.975780339300329 ], [ -81.227348647326664, 39.974087509440004 ], [ -81.229021799121242, 39.972464559600937 ], [ -81.230912793694912, 39.97062602877719 ], [ -81.232732168958918, 39.968852311194304 ], [ -81.234491097190883, 39.967132516061795 ], [ -81.236197084132712, 39.965459303113505 ], [ -81.237858384661251, 39.963824565859987 ], [ -81.239477712930594, 39.962225623422725 ], [ -81.241059164453446, 39.96065843334901 ], [ -81.242605889554682, 39.959119871394002 ], [ -81.244356956812638, 39.957370657638819 ], [ -81.246068692220973, 39.955652624278102 ], [ -81.24774415437372, 39.953962701027002 ], [ -81.249385789427123, 39.95229842194351 ], [ -81.250996216206829, 39.950657126833924 ], [ -81.252576834957495, 39.949037385775966 ], [ -81.254129313021863, 39.947437490056956 ], [ -81.255655049745101, 39.945855997165559 ], [ -81.257157151385968, 39.944289670441101 ], [ -81.258634849922856, 39.942739293192787 ], [ -81.26008917418045, 39.941203786234752 ], [ -81.261521017185643, 39.939682206177977 ], [ -81.262931315132647, 39.938173556573503 ], [ -81.264320690351923, 39.936677171023682 ], [ -81.265689829026783, 39.935192311185247 ], [ -81.267039338199424, 39.933718317855153 ], [ -81.267786793530149, 39.932897294383764 ], [ -81.26852836099971, 39.932079385264302 ], [ -81.269264129640462, 39.931264491572087 ], [ -81.269994183988985, 39.930452519776978 ], [ -81.270718608581447, 39.929643375450318 ], [ -81.271437476263102, 39.928836978552646 ], [ -81.272150860778254, 39.92803324454762 ], [ -81.272858832273812, 39.927232096093448 ], [ -81.273561491474027, 39.926433418076876 ], [ -81.274258868956238, 39.925637174525043 ], [ -81.274951027672273, 39.924843295290849 ], [ -81.275638027877179, 39.924051711126616 ], [ -81.276319928926057, 39.923262351885079 ], [ -81.276996782979808, 39.922475159110228 ], [ -81.27766864309794, 39.921690069849987 ], [ -81.278335560542274, 39.920907024748523 ], [ -81.278997757445097, 39.920125762103325 ], [ -81.279655105203574, 39.919346430302575 ], [ -81.280307649682811, 39.9185689771856 ], [ -81.280955434050554, 39.917793348793055 ], [ -81.281598503273045, 39.917019493863577 ], [ -81.282236896020578, 39.916247364733124 ], [ -81.282870650964256, 39.915476913737514 ], [ -81.283499807674517, 39.914708095011662 ], [ -81.284124415613888, 39.913940844703234 ], [ -81.284744497265208, 39.913175138530832 ], [ -81.285360085903648, 39.912410933326996 ], [ -81.285971214804306, 39.911648188622074 ], [ -81.28657791814102, 39.910886861248649 ], [ -81.287180225591442, 39.910126914334768 ], [ -81.28777816593427, 39.909368311007704 ], [ -81.288371769745851, 39.908611013496383 ], [ -81.288961734900667, 39.907854122478838 ], [ -81.289547409389925, 39.907098468928112 ], [ -81.290128818394692, 39.90634401867068 ], [ -81.290705988894786, 39.905590739330272 ], [ -81.29127894607106, 39.904838594934219 ], [ -81.29184771330587, 39.904087556704333 ], [ -81.292412313981643, 39.903337592265032 ], [ -81.292972771480734, 39.902588672837943 ], [ -81.293529114581418, 39.901840758852956 ], [ -81.294081357673107, 39.90109382962553 ], [ -81.294629521439759, 39.900347859075502 ], [ -81.295173626566154, 39.899602817525007 ], [ -81.295713692837239, 39.89885867889371 ], [ -81.296249739138659, 39.898115416202685 ], [ -81.296781784356327, 39.897373005168973 ], [ -81.297309845577431, 39.896631419713152 ], [ -81.297833982157158, 39.89589057709744 ], [ -81.298354169813578, 39.895150510596615 ], [ -81.298870423835368, 39.894411197727678 ], [ -81.299382761309886, 39.893672616007514 ], [ -81.29989119842449, 39.892934740255257 ], [ -81.300395750468027, 39.892197550685495 ], [ -81.300896430930038, 39.891461023916229 ], [ -81.301393255998491, 39.890725140162225 ], [ -81.301886241861084, 39.889989871544273 ], [ -81.302375399309739, 39.889255204573182 ], [ -81.302860741834408, 39.888521118563773 ], [ -81.303342282025227, 39.887787592832261 ], [ -81.303820033372403, 39.887054609391718 ], [ -81.304294007566966, 39.88632214755814 ], [ -81.304764217199363, 39.885590191143315 ], [ -81.305230673961006, 39.884858719463367 ], [ -81.306097609621418, 39.883485197492845 ], [ -81.306962136897596, 39.882102432290417 ], [ -81.307824350218127, 39.880710270971171 ], [ -81.308684351206438, 39.879308549858685 ], [ -81.309542236089854, 39.877897112470833 ], [ -81.31039812088116, 39.87647576905055 ], [ -81.311252115297563, 39.875044336136106 ], [ -81.312104337149947, 39.873602614977813 ], [ -81.312954829606369, 39.872150537226609 ], [ -81.313803798610863, 39.870687753046241 ], [ -81.31465137456577, 39.869214035808113 ], [ -81.315497696865748, 39.867729144493524 ], [ -81.315515526414714, 39.867697580748953 ] ] ] } },
{ "type": "Feature", "properties": { "Id": 0, "Area": "Core Wet Gas" }, "geometry": { "type": "Polygon", "coordinates": [ [ [ -81.215004634153033, 39.845388190110477 ], [ -81.315515526417414, 39.867697580749521 ], [ -81.31549769686724, 39.867729144496508 ], [ -81.314651374567262, 39.86921403581109 ], [ -81.313803798612341, 39.870687753049538 ], [ -81.31295482960769, 39.872150537229558 ], [ -81.312104337151439, 39.873602614980854 ], [ -81.311252115299013, 39.875044336139176 ], [ -81.310398120882596, 39.876475769053414 ], [ -81.309542236091332, 39.877897112473782 ], [ -81.308684351207916, 39.879308549861541 ], [ -81.307824350219533, 39.880710270974262 ], [ -81.306962136899088, 39.882102432293443 ], [ -81.306097609622924, 39.883485197495887 ], [ -81.305230673962512, 39.884858719466322 ], [ -81.304764217200642, 39.885590191146392 ], [ -81.304294007568458, 39.886322147560946 ], [ -81.303820033373881, 39.887054609394774 ], [ -81.303342282026705, 39.887787592835039 ], [ -81.302860741835886, 39.888521118566814 ], [ -81.302375399311231, 39.889255204576166 ], [ -81.301886241862519, 39.889989871547336 ], [ -81.301393255999969, 39.890725140165124 ], [ -81.300896430931516, 39.891461023919199 ], [ -81.300395750469505, 39.892197550688344 ], [ -81.299891198425982, 39.892934740258191 ], [ -81.299382761311321, 39.893672616010477 ], [ -81.298870423837087, 39.894411197730527 ], [ -81.298354169815056, 39.895150510599592 ], [ -81.297833982158636, 39.895890577100566 ], [ -81.297309845578908, 39.896631419716378 ], [ -81.296781784357819, 39.897373005171993 ], [ -81.296249739140151, 39.898115416205506 ], [ -81.295713692838717, 39.898858678896865 ], [ -81.295173626567632, 39.899602817528049 ], [ -81.294629521441237, 39.9003478590786 ], [ -81.294081357674585, 39.901093829628515 ], [ -81.293529114582924, 39.901840758855997 ], [ -81.292972771482184, 39.902588672840956 ], [ -81.292412313983107, 39.903337592268102 ], [ -81.291847713307362, 39.904087556707438 ], [ -81.291278946072552, 39.904838594937253 ], [ -81.290705988896264, 39.905590739333221 ], [ -81.290128818396155, 39.906344018673657 ], [ -81.289547409391417, 39.907098468931167 ], [ -81.288961734902159, 39.907854122481709 ], [ -81.288371769747329, 39.908611013499431 ], [ -81.287778165935777, 39.909368311010766 ], [ -81.287180225592934, 39.910126914337532 ], [ -81.286577918142513, 39.910886861251704 ], [ -81.285971214805798, 39.911648188624987 ], [ -81.28536008590514, 39.912410933329802 ], [ -81.284744497266715, 39.913175138533866 ], [ -81.284124415615324, 39.913940844706019 ], [ -81.283499807675994, 39.914708095014696 ], [ -81.282870650965748, 39.915476913740548 ], [ -81.282236896021999, 39.916247364736172 ], [ -81.281598503274324, 39.917019493866611 ], [ -81.280955434052046, 39.917793348796124 ], [ -81.280307649684289, 39.918568977188485 ], [ -81.279655105205023, 39.919346430305431 ], [ -81.278997757446575, 39.92012576210638 ], [ -81.278335560543724, 39.920907024751578 ], [ -81.277668643099346, 39.921690069852872 ], [ -81.276996782981243, 39.922475159113276 ], [ -81.276319928927549, 39.923262351888042 ], [ -81.275638027878685, 39.924051711129493 ], [ -81.274951027673765, 39.924843295293748 ], [ -81.274258868957716, 39.92563717452812 ], [ -81.273561491475519, 39.926433418079931 ], [ -81.272858832275304, 39.927232096096404 ], [ -81.27215086077976, 39.928033244550562 ], [ -81.271437476264595, 39.928836978555658 ], [ -81.270718608582925, 39.929643375453374 ], [ -81.269994183990462, 39.930452519780005 ], [ -81.269264129641954, 39.931264491575128 ], [ -81.268528361001202, 39.932079385267315 ], [ -81.267786793531613, 39.932897294386684 ], [ -81.26703933820086, 39.933718317857995 ], [ -81.265689829028247, 39.93519231118831 ], [ -81.264320690353429, 39.936677171026524 ], [ -81.262931315134139, 39.938173556576274 ], [ -81.261521017187164, 39.939682206180784 ], [ -81.260089174181942, 39.941203786237821 ], [ -81.258634849924135, 39.942739293195835 ], [ -81.25715715138746, 39.944289670443965 ], [ -81.255655049746807, 39.945855997168593 ], [ -81.254129313023299, 39.947437490060068 ], [ -81.252576834958958, 39.949037385778773 ], [ -81.250996216208321, 39.950657126836788 ], [ -81.249385789428615, 39.952298421946544 ], [ -81.247744154375212, 39.953962701029887 ], [ -81.246068692222394, 39.955652624281043 ], [ -81.244356956814102, 39.957370657641917 ], [ -81.242605889556174, 39.959119871396851 ], [ -81.241059164454867, 39.960658433352044 ], [ -81.239477712932057, 39.962225623425773 ], [ -81.237858384662729, 39.963824565863057 ], [ -81.23619708413419, 39.965459303116312 ], [ -81.234491097192361, 39.967132516064602 ], [ -81.232732168960382, 39.968852311197288 ], [ -81.23091279369639, 39.970626028780238 ], [ -81.229021799122705, 39.972464559603807 ], [ -81.227348647328142, 39.97408750944296 ], [ -81.225600014534933, 39.975780339303405 ], [ -81.223758723692114, 39.977559683944321 ], [ -81.221791702231215, 39.979457502573744 ], [ -81.21800472184654, 39.983104755292224 ], [ -81.210936618036556, 39.989902683873687 ], [ -81.20810949846063, 39.992623533261394 ], [ -81.205200519894078, 39.995427152652951 ], [ -81.202589207931553, 39.997948988367156 ], [ -81.199647069562573, 40.000798034313874 ], [ -81.196901682172808, 40.003465774238137 ], [ -81.195584939799147, 40.004748977295577 ], [ -81.194300948036243, 40.006002839071812 ], [ -81.19304628136679, 40.007230705045032 ], [ -81.191818322763396, 40.008435138283033 ], [ -81.190338301277478, 40.009890602880844 ], [ -81.188891878463437, 40.011317317052587 ], [ -81.187476055981023, 40.01271823776856 ], [ -81.186088471312004, 40.014095703266172 ], [ -81.184726582971408, 40.015452238841803 ], [ -81.183389092338757, 40.016789140418489 ], [ -81.18207442020433, 40.018107985407163 ], [ -81.180781254457301, 40.01941009131464 ], [ -81.1795065868656, 40.020698496950033 ], [ -81.178251242107123, 40.021972380333196 ], [ -81.177014264202882, 40.023232710932831 ], [ -81.175794829373913, 40.024480328716145 ], [ -81.174592067975169, 40.025716124011957 ], [ -81.173405411636537, 40.026940681379429 ], [ -81.172234230831066, 40.028154651028352 ], [ -81.171077968879104, 40.029358608524916 ], [ -81.169661806453263, 40.030840879215319 ], [ -81.168266966952942, 40.032309471217033 ], [ -81.166892628398102, 40.033765253275853 ], [ -81.16553806953219, 40.035208987117208 ], [ -81.164202535824316, 40.036641478533284 ], [ -81.162885510164202, 40.038063282406519 ], [ -81.16158643047541, 40.039475008476757 ], [ -81.16030479223835, 40.040877201733423 ], [ -81.159039676346083, 40.042270873913807 ], [ -81.15779111247592, 40.043655997138501 ], [ -81.156558695033723, 40.045033021968365 ], [ -81.155342057995639, 40.0464023575948 ], [ -81.154140821847292, 40.047764432094901 ], [ -81.152954700604965, 40.049119568325501 ], [ -81.151783393894533, 40.050468110726804 ], [ -81.15062662562417, 40.051810377658732 ], [ -81.149482463151188, 40.053148633614697 ], [ -81.148352375067986, 40.054481186069893 ], [ -81.147236128450629, 40.05580830841874 ], [ -81.146133509260011, 40.05713025516917 ], [ -81.145587238566065, 40.057789373692593 ], [ -81.145044298961125, 40.05844728892319 ], [ -81.144504668861416, 40.059104029639265 ], [ -81.143968323085559, 40.059759622820387 ], [ -81.143435240949501, 40.060414096345518 ], [ -81.142905399970303, 40.061067476294902 ], [ -81.142378779463215, 40.061719787849967 ], [ -81.141855359643188, 40.062371057090637 ], [ -81.141335070363198, 40.063021371251423 ], [ -81.140817943998826, 40.063670690761739 ], [ -81.140303959865847, 40.064319039903886 ], [ -81.139793100876958, 40.064966442059564 ], [ -81.139285349944899, 40.06561291881318 ], [ -81.138780688184156, 40.066258491748044 ], [ -81.138279100306235, 40.066903183347144 ], [ -81.137780569223935, 40.067547013395952 ], [ -81.137285075152121, 40.068190009773225 ], [ -81.136792606399666, 40.068832185968645 ], [ -81.136303148577454, 40.069473560868111 ], [ -81.135816686396836, 40.070114154256942 ], [ -81.135333205469124, 40.070753986819128 ], [ -81.13485269230388, 40.071393074742701 ], [ -81.13437513341178, 40.072031436913299 ], [ -81.13390051440318, 40.072669091317628 ], [ -81.132183769771189, 40.074974422443596 ], [ -81.130300375367938, 40.077497300472068 ], [ -81.128070430811761, 40.080478457726556 ], [ -81.123269534967037, 40.086888481730185 ], [ -81.121168421891085, 40.089696245197544 ], [ -81.118950595699403, 40.092665463052704 ], [ -81.116966014975631, 40.095329562521265 ], [ -81.115795700217291, 40.096904666629186 ], [ -81.114672920025129, 40.098419149236442 ], [ -81.113589631761982, 40.099883859764212 ], [ -81.112540604071299, 40.101305873179498 ], [ -81.111520058809731, 40.10269302887221 ], [ -81.110526273774539, 40.104047675871527 ], [ -81.109556498839339, 40.10537356524997 ], [ -81.108608643979679, 40.106673553253763 ], [ -81.107536347230649, 40.108149410878497 ], [ -81.106488694603456, 40.109597061267429 ], [ -81.105463699496127, 40.111019244654457 ], [ -81.104459790792745, 40.112418144593633 ], [ -81.103475280465886, 40.113796113711615 ], [ -81.102509289877858, 40.115154386777384 ], [ -81.101560761425986, 40.116494450370745 ], [ -81.10062881107666, 40.117817551850592 ], [ -81.099711446831748, 40.119126533974381 ], [ -81.098809194794569, 40.120420657499352 ], [ -81.097921412848962, 40.121700846029228 ], [ -81.097047545214039, 40.1229678990614 ], [ -81.096187008229791, 40.124222663756811 ], [ -81.095339417885853, 40.125465701293024 ], [ -81.094504352399923, 40.126697631302605 ], [ -81.093681436754849, 40.127919005969467 ], [ -81.092802703787783, 40.129231671716404 ], [ -81.091937438168173, 40.130533139105033 ], [ -81.091085267576972, 40.131823969312748 ], [ -81.090245861963055, 40.13310466416084 ], [ -81.089418875087077, 40.134375747954465 ], [ -81.088604063232864, 40.135637600206998 ], [ -81.087801160201408, 40.136890631009834 ], [ -81.087009928571348, 40.138135211782675 ], [ -81.086229951956739, 40.139371999030644 ], [ -81.085461223162824, 40.140601011639468 ], [ -81.084703545238483, 40.141822560774656 ], [ -81.083956742815346, 40.143036931521188 ], [ -81.083220631532825, 40.144244422454179 ], [ -81.082495073794647, 40.145445262900594 ], [ -81.081779920312954, 40.146639695677436 ], [ -81.081075036189915, 40.147827947413873 ], [ -81.080379549082878, 40.149011509185847 ], [ -81.079694104704856, 40.150189297310376 ], [ -81.079018589742148, 40.151361506940155 ], [ -81.078352898973151, 40.152528322436254 ], [ -81.077696925378845, 40.153689931756951 ], [ -81.077050580825642, 40.154846488686474 ], [ -81.076413776280575, 40.155998153304118 ], [ -81.075786429006442, 40.157145076696011 ], [ -81.075168413997176, 40.158287488189067 ], [ -81.074559702474289, 40.159425441742883 ], [ -81.073960223391552, 40.160559070456749 ], [ -81.073369911098538, 40.161688500236139 ], [ -81.072788696347146, 40.162813859683936 ], [ -81.072216524279199, 40.163935258517533 ], [ -81.07165333733758, 40.165052809151938 ], [ -81.071099080664069, 40.166166618606454 ], [ -81.07066234649605, 40.167054226982927 ], [ -81.07022956035199, 40.167945161052437 ], [ -81.069800711439584, 40.168839445096218 ], [ -81.069375786269433, 40.169737106993971 ], [ -81.068954773150196, 40.170638171926107 ], [ -81.068537658592092, 40.171542668671165 ], [ -81.068124429104969, 40.17245062420897 ], [ -81.067715072998226, 40.173362067317427 ], [ -81.067309579479399, 40.174277019580799 ], [ -81.06690793236109, 40.175195518770231 ], [ -81.066510118153374, 40.176117596361912 ], [ -81.066116122467008, 40.17704328383244 ], [ -81.065725932711601, 40.177972611758605 ], [ -81.065339533598632, 40.178905616113319 ], [ -81.064956910738758, 40.179842330171468 ], [ -81.064578051541957, 40.180782788107159 ], [ -81.06420297849067, 40.181726931464617 ], [ -81.063831637625952, 40.18267489154502 ], [ -81.063464015457981, 40.183626705220149 ], [ -81.063100095798873, 40.184582412959955 ], [ -81.062739864259299, 40.185542052535723 ], [ -81.062383304651831, 40.18650566621546 ], [ -81.062030402586942, 40.187473297166974 ], [ -81.061681140977853, 40.188444987658009 ], [ -81.061335509931766, 40.189420766467308 ], [ -81.060993486965856, 40.190400695647611 ], [ -81.060655056791319, 40.191384823762576 ], [ -81.06032020142213, 40.192373196677671 ], [ -81.059988904670163, 40.193365865654208 ], [ -81.059661148549054, 40.19436288195341 ], [ -81.05933691597194, 40.195364299534823 ], [ -81.059016189851107, 40.196370174156328 ], [ -81.058699439633315, 40.197378991359344 ], [ -81.058386148208072, 40.198392365427196 ], [ -81.058076296689592, 40.199410357514076 ], [ -81.057769866192459, 40.200433028773311 ], [ -81.057466837830262, 40.20146044125832 ], [ -81.057167192717642, 40.202492662418436 ], [ -81.056870909270984, 40.2035297624005 ], [ -81.056577967705053, 40.204571812251295 ], [ -81.056288357227857, 40.20561885154072 ], [ -81.056002046363346, 40.206670989086895 ], [ -81.055719014426842, 40.207728304030105 ], [ -81.055439239835067, 40.208790877309056 ], [ -81.055162700104376, 40.209858789863354 ], [ -81.054889372752342, 40.210932134322441 ], [ -81.054619233496794, 40.212011000619235 ], [ -81.054352259854852, 40.213095484980734 ], [ -81.054088526470295, 40.214185267248425 ], [ -81.053827905639139, 40.215280864532239 ], [ -81.053570373979497, 40.216382382053283 ], [ -81.053315903612045, 40.217489932226648 ], [ -81.053064470255137, 40.218603623870109 ], [ -81.052816044230951, 40.21972358378838 ], [ -81.052570598560138, 40.220849939685039 ], [ -81.052328104464422, 40.221982823760364 ], [ -81.052088548453625, 40.223122289074368 ], [ -81.051851882864099, 40.224268564954308 ], [ -81.05161807711859, 40.225421800687506 ], [ -81.051387098841488, 40.226582155454125 ], [ -81.051158917455922, 40.227749783038064 ], [ -81.050933495190606, 40.228924873196448 ], [ -81.050710797870977, 40.230107605793272 ], [ -81.050490788624998, 40.231298179579277 ], [ -81.050318395783236, 40.232246966136557 ], [ -81.050147646002898, 40.233200906708412 ], [ -81.049978520398454, 40.234160111911713 ], [ -81.049810997385535, 40.23512469955714 ], [ -81.049645058078895, 40.23609478206059 ], [ -81.049480678196744, 40.237070497017747 ], [ -81.049317835255536, 40.238051975730045 ], [ -81.049156506773429, 40.239039361189512 ], [ -81.048996684655279, 40.240032701060301 ], [ -81.048838326633415, 40.241032248951051 ], [ -81.048681407526928, 40.242038167639272 ], [ -81.048525900355941, 40.243050628895432 ], [ -81.048371779040266, 40.24406979999317 ], [ -81.048219013002878, 40.245095887776962 ], [ -81.048067571667147, 40.246129095493281 ], [ -81.047917422656852, 40.247169638080287 ], [ -81.04776876022612, 40.248216145870465 ], [ -81.047621319074551, 40.249270437292786 ], [ -81.047475064128662, 40.250332766855585 ], [ -81.047329956718102, 40.25140341065093 ], [ -81.047185962668095, 40.252482630381024 ], [ -81.047043035213818, 40.253570772285222 ], [ -81.046901129389511, 40.254668168213335 ], [ -81.046760200229002, 40.255775184189474 ], [ -81.046620247732179, 40.256891792334287 ], [ -81.046481167577767, 40.258018824521173 ], [ -81.046342904907064, 40.259156729511517 ], [ -81.046205397666881, 40.260306010026319 ], [ -81.046068590099409, 40.261467124719893 ], [ -81.04593240486264, 40.26264074358749 ], [ -81.045796767312865, 40.263827503348672 ], [ -81.045661594712868, 40.265028128856983 ], [ -81.045447122592478, 40.266970233701215 ], [ -81.045233196360599, 40.268953178558291 ], [ -81.045019359162097, 40.270981195637539 ], [ -81.044805025537457, 40.273059832857037 ], [ -81.044589820469795, 40.275192617357355 ], [ -81.044372578437731, 40.2773910334815 ], [ -81.044152269717472, 40.279665468398683 ], [ -81.043927362763483, 40.282031734888669 ], [ -81.043741969322255, 40.28401374445086 ], [ -81.043550775254005, 40.286085107953241 ], [ -81.043351802050026, 40.288267222965814 ], [ -81.043141211403778, 40.29060215887457 ], [ -81.042754309569659, 40.294943866278302 ], [ -81.041819743991979, 40.305516744114513 ], [ -81.041561785154187, 40.308404997804423 ], [ -81.041326744639449, 40.31100881931355 ], [ -81.041072698751918, 40.313785423970153 ], [ -81.040830291890387, 40.316391750990491 ], [ -81.040595408757113, 40.318872024536184 ], [ -81.040365829825191, 40.321249626980688 ], [ -81.04011548824522, 40.323786492164999 ], [ -81.03986783563812, 40.326236507121209 ], [ -81.039621536510637, 40.328612893682141 ], [ -81.039375645675449, 40.33092475478572 ], [ -81.039129087543401, 40.333182095389297 ], [ -81.038881469110478, 40.33538843993658 ], [ -81.038632213012207, 40.337548913663305 ], [ -81.038380858795449, 40.339667505962716 ], [ -81.038126944209168, 40.341748105502596 ], [ -81.03799892931309, 40.342774952314066 ], [ -81.037870153590646, 40.343793280747413 ], [ -81.037740573874302, 40.344803430745742 ], [ -81.037610156889258, 40.345805659515548 ], [ -81.03747886666234, 40.346800238652065 ], [ -81.037346671717472, 40.347787418166703 ], [ -81.037213514497978, 40.348767620740979 ], [ -81.037079388708776, 40.349740880549156 ], [ -81.036944265571478, 40.350707409831038 ], [ -81.036808119005315, 40.351667404639002 ], [ -81.036670918434083, 40.35262106732047 ], [ -81.036532642273514, 40.353568558853837 ], [ -81.036393264443518, 40.354510046513376 ], [ -81.036252762460947, 40.355445689479012 ], [ -81.036110989736301, 40.356376444629305 ], [ -81.035968046094496, 40.357301638371901 ], [ -81.035823910850695, 40.358221407403995 ], [ -81.035678563320985, 40.359135881227949 ], [ -81.035531981921281, 40.360045192943318 ], [ -81.035384150463997, 40.360949450468709 ], [ -81.035235049164129, 40.361848768917525 ], [ -81.035084660934317, 40.362743255309056 ], [ -81.034932957895592, 40.363633067923701 ], [ -81.034779933752915, 40.364518249030013 ], [ -81.034625571419056, 40.365398894855069 ], [ -81.034469854705833, 40.36627509533146 ], [ -81.034312768325549, 40.367146943088855 ], [ -81.034154296989215, 40.36801451546944 ], [ -81.033994426307828, 40.368877894311225 ], [ -81.033833141892032, 40.36973715695617 ], [ -81.033647756544568, 40.370722187091303 ], [ -81.033463668919055, 40.371712479159562 ], [ -81.033280860129622, 40.37270814827427 ], [ -81.033099306793531, 40.373709317642898 ], [ -81.032918988226456, 40.374716102378166 ], [ -81.032739878348721, 40.37572864547252 ], [ -81.032561951978465, 40.376747084522179 ], [ -81.03238518573373, 40.377771566116877 ], [ -81.03220956792309, 40.378802140618191 ], [ -81.032035055379509, 40.379839071528018 ], [ -81.03186161932426, 40.380882525220386 ], [ -81.031689230079792, 40.381932683358578 ], [ -81.031517858868042, 40.382989716813981 ], [ -81.031347470615216, 40.384053841423579 ], [ -81.031178032945775, 40.385125265830403 ], [ -81.031009508987509, 40.386204214864584 ], [ -81.030842116376448, 40.387289269396277 ], [ -81.030675559235505, 40.388382312605621 ], [ -81.030509798894045, 40.389483607994009 ], [ -81.030344789486406, 40.390593444244097 ], [ -81.03018049324119, 40.391712089353462 ], [ -81.030016857098204, 40.392839902151614 ], [ -81.029853829796309, 40.39397722797856 ], [ -81.029691358275599, 40.395124446348156 ], [ -81.029529444334301, 40.396281525783778 ], [ -81.029367967463756, 40.397449329634881 ], [ -81.029206862912247, 40.398628322850819 ], [ -81.029046058734608, 40.399819024340431 ], [ -81.028885492877166, 40.401021909845234 ], [ -81.028725070012001, 40.402237672742423 ], [ -81.028564705602733, 40.40346697133576 ], [ -81.028404299824544, 40.404710556558967 ], [ -81.028148485869906, 40.406722663731962 ], [ -81.02789181665996, 40.408776903243449 ], [ -81.027633743608277, 40.410877657489884 ], [ -81.027373560747122, 40.413030668642413 ], [ -81.027110818415395, 40.415239592445232 ], [ -81.026844094785147, 40.417516311640419 ], [ -81.026572128107077, 40.419871577623148 ], [ -81.026293028905997, 40.422321751759469 ], [ -81.026061848281628, 40.424374657576323 ], [ -81.025889280458827, 40.425921679167168 ], [ -80.943852111759341, 40.426623612204352 ], [ -80.944100934814827, 40.425659374189813 ], [ -80.944875848246355, 40.422681165812058 ], [ -80.945617297904406, 40.419857866556242 ], [ -80.945977967413711, 40.418494819888998 ], [ -80.946333036844706, 40.417159996645466 ], [ -80.946596632632833, 40.416166008363561 ], [ -80.946858844364542, 40.415169400356568 ], [ -80.947119679234262, 40.414170144745377 ], [ -80.947379146235036, 40.413168211852387 ], [ -80.947637250762952, 40.412163575597518 ], [ -80.947894001811193, 40.411156203604968 ], [ -80.948149406574416, 40.410146066197107 ], [ -80.9484034731462, 40.4091331309981 ], [ -80.948656207822069, 40.408117377323933 ], [ -80.948907619595388, 40.407098761107996 ], [ -80.949157718358478, 40.406077250873281 ], [ -80.949406512205272, 40.405052810647732 ], [ -80.94965400833037, 40.404025408055226 ], [ -80.949900216626219, 40.402995005324243 ], [ -80.950145145186795, 40.401961565582745 ], [ -80.950388803005438, 40.400925051059218 ], [ -80.950631176591997, 40.39988552560547 ], [ -80.950872297423075, 40.398842848028039 ], [ -80.951112176290238, 40.397796977857269 ], [ -80.951350822187194, 40.396747873724465 ], [ -80.951588244106617, 40.395695493361373 ], [ -80.951824452840725, 40.39463979360054 ], [ -80.952059457382262, 40.393580726778154 ], [ -80.952293270322656, 40.392518248827194 ], [ -80.95252589615761, 40.391452328271257 ], [ -80.952757350176, 40.390382899460405 ], [ -80.952987643169578, 40.389309912031898 ], [ -80.953216785930465, 40.388233314724715 ], [ -80.953444790149376, 40.387153057176782 ], [ -80.953671666618618, 40.386069081831785 ], [ -80.953897427928382, 40.384981332931211 ], [ -80.954122085770152, 40.383889752019265 ], [ -80.954345322682912, 40.382795901218813 ], [ -80.954567484006688, 40.381698109589124 ], [ -80.954788583230979, 40.380596314177588 ], [ -80.955008632946516, 40.379490449333801 ], [ -80.955227645743776, 40.378380451205935 ], [ -80.955445636011788, 40.377266247848048 ], [ -80.955662617240478, 40.376147767314627 ], [ -80.955878604718293, 40.375024935861006 ], [ -80.956307643387433, 40.372765978276341 ], [ -80.956732886917649, 40.370488665528597 ], [ -80.957154462113166, 40.368192316830985 ], [ -80.957572507469735, 40.365876182149165 ], [ -80.957987017591222, 40.363540308247664 ], [ -80.958398296448834, 40.36118300619971 ], [ -80.958806505020632, 40.358803355999072 ], [ -80.959211816876234, 40.356400336015781 ], [ -80.959614392095034, 40.353973009156064 ], [ -80.960014457305888, 40.351520014745731 ], [ -80.96041222295014, 40.349040058660854 ], [ -80.960807924650481, 40.346531669609874 ], [ -80.961124858329924, 40.344492480252811 ], [ -80.961440761386513, 40.342432951828364 ], [ -80.961755785805295, 40.340352103176073 ], [ -80.962070098860465, 40.338248825432117 ], [ -80.962383849839341, 40.336122121247776 ], [ -80.962697263572352, 40.333970468071641 ], [ -80.963010550500968, 40.331792428786677 ], [ -80.963323948945472, 40.329586339646859 ], [ -80.963637266451144, 40.32735361618542 ], [ -80.963951244059075, 40.32508904503247 ], [ -80.964266194733639, 40.322790355399611 ], [ -80.96458249169315, 40.320454828636443 ], [ -80.964900440707154, 40.318080229028467 ], [ -80.965220626335309, 40.315662193064796 ], [ -80.965543584573282, 40.313196677393734 ], [ -80.965869986315283, 40.310678558577692 ], [ -80.966137802622043, 40.30859329515355 ], [ -80.966408892460962, 40.306465611607777 ], [ -80.966683822405017, 40.30429106259151 ], [ -80.966963327200176, 40.302063839383713 ], [ -80.967247879890323, 40.299780200804591 ], [ -80.96753896885275, 40.297428240729786 ], [ -80.967837926883192, 40.29499718528087 ], [ -80.96814675677183, 40.292470759426934 ], [ -80.968679918048167, 40.288077647674356 ], [ -80.969268632245942, 40.283189549966785 ], [ -80.969837326635883, 40.278442078348291 ], [ -80.971256301241439, 40.266566576595267 ], [ -80.972021969642725, 40.260192289851396 ], [ -80.972422956658633, 40.25687647777616 ], [ -80.972800975888717, 40.253769295825471 ], [ -80.973162817214714, 40.250814943763672 ], [ -80.973512035656384, 40.247984409462106 ], [ -80.973910773467779, 40.244780082743674 ], [ -80.974298928057493, 40.241691573416503 ], [ -80.974678880830211, 40.238699930966042 ], [ -80.975052253263314, 40.235792403005959 ], [ -80.975420858390407, 40.232954924139534 ], [ -80.975785306850753, 40.230182859260502 ], [ -80.976146518651461, 40.22746920714723 ], [ -80.976505213249467, 40.224808571867108 ], [ -80.976917959800531, 40.221789860722438 ], [ -80.977329018323985, 40.21882973861058 ], [ -80.97773912086825, 40.215922932806158 ], [ -80.97814886458282, 40.213065216495444 ], [ -80.978558904174506, 40.210252039109427 ], [ -80.978969597573354, 40.207480959887519 ], [ -80.979381377353064, 40.204749066825009 ], [ -80.979794614034674, 40.202053906571699 ], [ -80.980210161074538, 40.19938998966537 ], [ -80.980418709360364, 40.198070366763091 ], [ -80.980627822420502, 40.196758657894797 ], [ -80.980837538925655, 40.195454626538819 ], [ -80.98104788945291, 40.194158083837515 ], [ -80.981258904579292, 40.192868830141315 ], [ -80.981470616680156, 40.191586679290779 ], [ -80.981683072519999, 40.190311346200716 ], [ -80.981896281992221, 40.189042768817757 ], [ -80.982110273874525, 40.18778078166671 ], [ -80.982325074247115, 40.186525230963682 ], [ -80.982540709190857, 40.185275957528368 ], [ -80.982757202986974, 40.184032829160962 ], [ -80.982974578118714, 40.182795707365067 ], [ -80.983192858867895, 40.181564464437415 ], [ -80.983370467777419, 40.180545689041466 ], [ -80.983543248226724, 40.179514683764765 ], [ -80.983711282953763, 40.178470944987218 ], [ -80.983874664588612, 40.177413902538675 ], [ -80.984033473170641, 40.176343042006799 ], [ -80.984187826511473, 40.175257575585682 ], [ -80.984337831630128, 40.174156755039228 ], [ -80.984483605438427, 40.173039713421034 ], [ -80.984625062501109, 40.171907228644656 ], [ -80.984762560748152, 40.170756538892114 ], [ -80.984896243171249, 40.169586450763163 ], [ -80.985026274347547, 40.168395527140852 ], [ -80.985152785577142, 40.167182590812914 ], [ -80.985276023274452, 40.165945308038587 ], [ -80.985396203276579, 40.164681516847587 ], [ -80.985513588186066, 40.163388453623334 ], [ -80.985605264176172, 40.162335638887612 ], [ -80.985695528230593, 40.16126020980002 ], [ -80.985784572804192, 40.160159873088816 ], [ -80.985872641613526, 40.159031617823928 ], [ -80.985959891140567, 40.157873530248239 ], [ -80.986046797126335, 40.156679380757822 ], [ -80.986133769662217, 40.155443529704186 ], [ -80.986221414890821, 40.154157392158922 ], [ -80.986365893675469, 40.151952278783625 ], [ -80.98652021553994, 40.14949399815854 ], [ -80.986664143040272, 40.147129382823778 ], [ -80.987010114030085, 40.14136166361908 ], [ -80.98719521249339, 40.138360482958994 ], [ -80.987292162108076, 40.136841112536196 ], [ -80.987385800418764, 40.13541539481372 ], [ -80.987477722823016, 40.134059068779997 ], [ -80.987568799864704, 40.132759323593 ], [ -80.987669954709119, 40.131368064293753 ], [ -80.987771606878695, 40.130025131863441 ], [ -80.987874309456188, 40.128723227404009 ], [ -80.987978459043177, 40.127457334497414 ], [ -80.98808451609203, 40.126221942098056 ], [ -80.988192653272804, 40.125015119361329 ], [ -80.988303123294941, 40.123834049610871 ], [ -80.988416131203977, 40.122676545695036 ], [ -80.988533108720389, 40.121528738269781 ], [ -80.988653039610654, 40.120401360743323 ], [ -80.988776082154885, 40.119292933730925 ], [ -80.988902372151188, 40.1182022341549 ], [ -80.989032061584837, 40.117127956199241 ], [ -80.989165244884575, 40.116069342635193 ], [ -80.98930203176775, 40.115025517522611 ], [ -80.989442519361262, 40.113995728129424 ], [ -80.989586934294124, 40.112978387151955 ], [ -80.989735239694127, 40.111973794963674 ], [ -80.989887520097454, 40.110981376898138 ], [ -80.990043853745206, 40.110000632032637 ], [ -80.990204325173963, 40.109031028868017 ], [ -80.990368995537224, 40.108072204077956 ], [ -80.990537933183603, 40.107123758363763 ], [ -80.990711201065594, 40.106185334694544 ], [ -80.990837379545965, 40.105522385059231 ], [ -80.990965810828058, 40.104864243199309 ], [ -80.99109651649556, 40.10421080119653 ], [ -80.991229517232824, 40.103561957427431 ], [ -80.991364833724532, 40.10291760936915 ], [ -80.991502483956893, 40.102277669787611 ], [ -80.991642486815834, 40.101642052347863 ], [ -80.991784861186787, 40.101010673412809 ], [ -80.991929634049797, 40.100383407977013 ], [ -80.992076815297338, 40.099760226362434 ], [ -80.9922264193183, 40.099141054824877 ], [ -80.992378464998637, 40.098525825015727 ], [ -80.99253296942544, 40.09791446498955 ], [ -80.992689946088646, 40.097306917189528 ], [ -80.992849412974365, 40.096703118662923 ], [ -80.993011384472183, 40.096103011853586 ], [ -80.993175938822915, 40.095506313474679 ], [ -80.99334303016127, 40.094913198894041 ], [ -80.993512671976646, 40.09432361685041 ], [ -80.993684880457309, 40.093737517881081 ], [ -80.993859668193679, 40.093154849825432 ], [ -80.994037050474034, 40.09257557131459 ], [ -80.994217039889065, 40.091999635583861 ], [ -80.994399649928468, 40.091427000364845 ], [ -80.994584899478014, 40.090857607201912 ], [ -80.994772795732374, 40.090291434511158 ], [ -80.994963352181458, 40.089728441823191 ], [ -80.995156580516095, 40.089168594064404 ], [ -80.995352495125971, 40.088611852563858 ], [ -80.995551105903346, 40.088058184946355 ], [ -80.995752425438468, 40.087507557037164 ], [ -80.995956466322198, 40.086959936460957 ], [ -80.996163561303803, 40.086414452673878 ], [ -80.996373409109935, 40.085871923159814 ], [ -80.996586021432222, 40.085332319140342 ], [ -80.996801408163009, 40.084795610937839 ], [ -80.997019582791893, 40.084261770673294 ], [ -80.997240554312711, 40.083730772266456 ], [ -80.997464335315328, 40.083202589636855 ], [ -80.997690933893963, 40.082677197603687 ], [ -80.997920367135663, 40.082154561992539 ], [ -80.99815264043643, 40.081634669313658 ], [ -80.998387764588273, 40.081117494385914 ], [ -80.99862574948331, 40.080603016525146 ], [ -80.998866605014271, 40.080091211449414 ], [ -80.999110342872569, 40.079582060272877 ], [ -80.999356971151855, 40.079075541412088 ], [ -80.999606499744615, 40.078571635081907 ], [ -80.999858964623925, 40.078070271135097 ], [ -81.000114350501448, 40.077571481048047 ], [ -81.000372665470692, 40.077075246834148 ], [ -81.00063392122307, 40.076581550507328 ], [ -81.000898124953096, 40.07609037408043 ], [ -81.001165287452608, 40.075601700467196 ], [ -81.001435415916177, 40.075115513479396 ], [ -81.001708521135839, 40.074631796029635 ], [ -81.001984613903119, 40.074150529232483 ], [ -81.002263700513907, 40.073671701397053 ], [ -81.002545789960692, 40.0731952972343 ], [ -81.002830891237195, 40.072721303254561 ], [ -81.003119011537535, 40.07224970327028 ], [ -81.003410161654145, 40.071780484690798 ], [ -81.003704347881737, 40.071313633126749 ], [ -81.004001579213963, 40.070849135987885 ], [ -81.004397302498035, 40.070240977548117 ], [ -81.00480139667151, 40.069631992631514 ], [ -81.00521391029811, 40.069022111090639 ], [ -81.005634893739852, 40.06841125738277 ], [ -81.00606439555979, 40.067799360461194 ], [ -81.006502477811566, 40.067186332192442 ], [ -81.006949199850126, 40.066572089839148 ], [ -81.007404627326139, 40.065956543468857 ], [ -81.007868779125303, 40.065339662504613 ], [ -81.008341776656039, 40.064721289564886 ], [ -81.008823695461615, 40.064101322127321 ], [ -81.009314620078243, 40.063479652273223 ], [ -81.009814629645845, 40.062856179278384 ], [ -81.01032382938574, 40.062230773640358 ], [ -81.010842317323565, 40.061603311252853 ], [ -81.011370205874698, 40.060973659915597 ], [ -81.011906771984243, 40.060342658695802 ], [ -81.012452950947363, 40.059709188837061 ], [ -81.013008874964044, 40.059073095655812 ], [ -81.013574690624026, 40.058434211878314 ], [ -81.014150536422491, 40.057792380123288 ], [ -81.014736599418953, 40.057147393546416 ], [ -81.015333059477555, 40.056499050699635 ], [ -81.015940119845027, 40.055847134846417 ], [ -81.016557758038672, 40.055191663073721 ], [ -81.017186439007432, 40.054532137157352 ], [ -81.017826417259826, 40.053868291797144 ], [ -81.018477979679446, 40.053199828418457 ], [ -81.019141387969213, 40.052526478123575 ], [ -81.019817031535254, 40.051847844311617 ], [ -81.020505281797796, 40.051163554663361 ], [ -81.021206566834181, 40.050473183799419 ], [ -81.02170531555231, 40.049986210804036 ], [ -81.022210853252744, 40.049495861753442 ], [ -81.022723370591649, 40.049001951388043 ], [ -81.023243078909474, 40.048504275560809 ], [ -81.02377017335921, 40.048002647213515 ], [ -81.024304937227654, 40.047496797448133 ], [ -81.02484764031081, 40.046986469958746 ], [ -81.025398590177346, 40.046471375162938 ], [ -81.025957626747513, 40.045951660549662 ], [ -81.026525602578914, 40.04542652842067 ], [ -81.027102925064511, 40.044895602858801 ], [ -81.027690069045889, 40.044358445894545 ], [ -81.028287446413074, 40.043814680712032 ], [ -81.028895766730813, 40.043263660698422 ], [ -81.029515696396743, 40.042704782408798 ], [ -81.030148042102965, 40.042137318291452 ], [ -81.030789287500141, 40.041564397987578 ], [ -81.031444747581574, 40.040981247895324 ], [ -81.03280351347577, 40.039779633132589 ], [ -81.034236527398292, 40.03852168843413 ], [ -81.035766513418309, 40.037187461441249 ], [ -81.03725812266876, 40.035893796570541 ], [ -81.038914968855238, 40.034463054335511 ], [ -81.040606645784663, 40.033006842400773 ], [ -81.04519790786172, 40.029060530028453 ], [ -81.046585154385724, 40.027864998279931 ], [ -81.047828076808756, 40.026790779679715 ], [ -81.049247624282927, 40.025559146446433 ], [ -81.050568900139154, 40.024407035765073 ], [ -81.051817803952915, 40.023311857565268 ], [ -81.053007388484716, 40.022262158980496 ], [ -81.053728575517738, 40.021622272458941 ], [ -81.054432121449693, 40.020995239048133 ], [ -81.055119561423098, 40.020379690879068 ], [ -81.05579209963021, 40.019774549664696 ], [ -81.05645102659814, 40.019178650783033 ], [ -81.057096994335311, 40.018591406077583 ], [ -81.057730795144508, 40.018012092493123 ], [ -81.058353086430373, 40.017440110182044 ], [ -81.058965382650669, 40.016874059799122 ], [ -81.059567253030721, 40.016314332549435 ], [ -81.060159171513121, 40.015760486865972 ], [ -81.060741545490316, 40.015212140536917 ], [ -81.061314804838986, 40.014668891565165 ], [ -81.06187922565033, 40.014130474650685 ], [ -81.062435117291301, 40.013596595715242 ], [ -81.062982752256715, 40.013066993056299 ], [ -81.06383270691839, 40.01224273202557 ], [ -81.064692140434417, 40.011411998573941 ], [ -81.065561404439762, 40.01057445455649 ], [ -81.06644089553545, 40.00972971776141 ], [ -81.067330972550849, 40.008877441949338 ], [ -81.068232167884688, 40.008017119003867 ], [ -81.069144986956061, 40.007148265089306 ], [ -81.070070006230367, 40.006270330720206 ], [ -81.07195722365141, 40.004486665735996 ], [ -81.073901691014626, 40.002658669570877 ], [ -81.07591060019854, 40.000779579323222 ], [ -81.077994351862429, 39.998839665227358 ], [ -81.079989954677146, 39.996989640168742 ], [ -81.082075313429499, 39.995063616102073 ], [ -81.084269855274087, 39.993043641659796 ], [ -81.086610229383126, 39.990895982372869 ], [ -81.088825882812714, 39.988867815106623 ], [ -81.091285116719249, 39.986621045134044 ], [ -81.100369942123621, 39.97833667570594 ], [ -81.104119314659215, 39.974912522304038 ], [ -81.106137541718738, 39.973065212298806 ], [ -81.108021261676456, 39.971337441978406 ], [ -81.10980696542353, 39.96969574037535 ], [ -81.111513161008062, 39.968123085121363 ], [ -81.113552146219064, 39.966237740988078 ], [ -81.115507736397433, 39.964422611423267 ], [ -81.117393622821893, 39.962664986309093 ], [ -81.119218767236703, 39.9609565136412 ], [ -81.120993046896004, 39.959287929503311 ], [ -81.122719469132846, 39.95765638933991 ], [ -81.124402778769735, 39.956057410030418 ], [ -81.126046582088577, 39.954487562460258 ], [ -81.127062683800219, 39.953512767509366 ], [ -81.128065042971912, 39.952547687035114 ], [ -81.129054277437362, 39.95159172658613 ], [ -81.130030926790283, 39.950644364554869 ], [ -81.130995560301287, 39.949705047858664 ], [ -81.131948563779616, 39.948773400580883 ], [ -81.132890361705279, 39.947849008134177 ], [ -81.133821330894136, 39.94693149999776 ], [ -81.134742171018885, 39.946020184592967 ], [ -81.13565285420043, 39.945115087999859 ], [ -81.136553688006899, 39.944215904449585 ], [ -81.137444947630627, 39.943322358748816 ], [ -81.138326922653903, 39.942434161316584 ], [ -81.13919982621546, 39.941551096315017 ], [ -81.140063888542073, 39.940672930820178 ], [ -81.140919320075142, 39.93979945169238 ], [ -81.141767611890288, 39.938929126487068 ], [ -81.142607631741328, 39.938063106336394 ], [ -81.143439558593286, 39.937201208677877 ], [ -81.144263555223432, 39.936343263539804 ], [ -81.145079790704301, 39.935489094655111 ], [ -81.145888399933966, 39.934638561729457 ], [ -81.146689523207357, 39.933791516374441 ], [ -81.147483290026273, 39.932947822792812 ], [ -81.148269903637583, 39.9321072624493 ], [ -81.14904940361167, 39.931269793974892 ], [ -81.149821900564746, 39.930435296860409 ], [ -81.150587502415902, 39.929603656892333 ], [ -81.151346316184004, 39.928774755359704 ], [ -81.152098431801619, 39.927948496035214 ], [ -81.152843940999603, 39.927124776396447 ], [ -81.153582931911373, 39.92630350111466 ], [ -81.154485607529367, 39.925293361008862 ], [ -81.155387105934693, 39.924279551668924 ], [ -81.156287442415987, 39.923262056907525 ], [ -81.157186629563853, 39.922240860536313 ], [ -81.158084683565875, 39.92121594546844 ], [ -81.158981617911905, 39.920187296415577 ], [ -81.159877447890466, 39.919154894491818 ], [ -81.160772189689297, 39.918118722610075 ], [ -81.161665854100377, 39.917078767280302 ], [ -81.162558460009464, 39.916035006019818 ], [ -81.163450024503561, 39.914987420841875 ], [ -81.164340563770565, 39.913935991961537 ], [ -81.16523009309887, 39.912880700492956 ], [ -81.16611862957555, 39.911821526651146 ], [ -81.167006190287964, 39.910758449751704 ], [ -81.167892792322903, 39.909691449110127 ], [ -81.168778416794979, 39.908620548108857 ], [ -81.169663119461958, 39.907545681996808 ], [ -81.170546915612277, 39.906466827391114 ], [ -81.171429825930304, 39.905383963608195 ], [ -81.172311868402488, 39.904297066365551 ], [ -81.173193061914773, 39.903206112281346 ], [ -81.174073425352688, 39.90211107797294 ], [ -81.174952979401056, 39.901011938259522 ], [ -81.175831739347828, 39.899908676053627 ], [ -81.176709729475178, 39.898801257181326 ], [ -81.177586970466891, 39.897689655562154 ], [ -81.178463485705777, 39.896573846015201 ], [ -81.179339294077636, 39.895453799762109 ], [ -81.180214418964837, 39.894329488923695 ], [ -81.181088882850176, 39.893200885621297 ], [ -81.181962709116192, 39.892067958378647 ], [ -81.182835456195804, 39.890931282761578 ], [ -81.1837076142196, 39.889790228345433 ], [ -81.18457920477104, 39.888644761855254 ], [ -81.185450253930512, 39.887494851815084 ], [ -81.186320785980087, 39.886340466748166 ], [ -81.187190826999483, 39.885181570682015 ], [ -81.188060403968933, 39.884018128542735 ], [ -81.188929542968609, 39.882850104357942 ], [ -81.189798262884025, 39.88167747294608 ], [ -81.190666600587633, 39.880500186643417 ], [ -81.191534584857621, 39.879318204081024 ], [ -81.19240224447266, 39.878131487487195 ], [ -81.193269608210358, 39.876939997292183 ], [ -81.194136707547472, 39.875743688529568 ], [ -81.195003574859641, 39.874542518931058 ], [ -81.195870240723508, 39.873336445329677 ], [ -81.196736644884723, 39.872125551362188 ], [ -81.1976029150469, 39.870909661660583 ], [ -81.198469084485239, 39.869688726762412 ], [ -81.199335189172203, 39.868462698104004 ], [ -81.200201263282167, 39.86723152622298 ], [ -81.20106734548618, 39.865995156260496 ], [ -81.201933473555428, 39.864753535156609 ], [ -81.202799687060462, 39.863506606253885 ], [ -81.203666009383383, 39.862254334479104 ], [ -81.204532497181475, 39.860996637993487 ], [ -81.205399193622327, 39.859733456542777 ], [ -81.206266140074817, 39.858464726275095 ], [ -81.207133381504917, 39.857190386935883 ], [ -81.208000962878643, 39.855910365679954 ], [ -81.208868933659005, 39.854624595058119 ], [ -81.209737340610147, 39.853333002225305 ], [ -81.210590475274699, 39.852059092762033 ], [ -81.211444127049248, 39.850779426738058 ], [ -81.212298347195443, 39.849493929510324 ], [ -81.213153186974452, 39.848202521937985 ], [ -81.214008696748564, 39.846905129377312 ], [ -81.214864934073887, 39.845601663694815 ], [ -81.215004634153033, 39.845388190110477 ] ] ] } },
{ "type": "Feature", "properties": { "Id": 0, "Area": "Core Dry Gas West" }, "geometry": { "type": "Polygon", "coordinates": [ [ [ -80.802245127852586, 40.383105170326395 ], [ -80.802922387740537, 40.38043799581277 ], [ -80.803785523827884, 40.377054568341222 ], [ -80.804652508149289, 40.373671710639108 ], [ -80.80552334071298, 40.370289422674858 ], [ -80.806398021512791, 40.366907704472816 ], [ -80.807276550549048, 40.363526556030266 ], [ -80.808158927825133, 40.360145977335009 ], [ -80.809045153338161, 40.35676596839793 ], [ -80.809935227087749, 40.353386529220792 ], [ -80.810829149078842, 40.350007659784659 ], [ -80.811726919303595, 40.346629360119074 ], [ -80.812628537769882, 40.343251630193762 ], [ -80.813534004473638, 40.339874470025563 ], [ -80.814443319416526, 40.336497879607187 ], [ -80.815356482592634, 40.333121858960382 ], [ -80.816273494012037, 40.329746408048081 ], [ -80.817194353669706, 40.326371526890306 ], [ -80.818119061560438, 40.322997215504223 ], [ -80.818924167655112, 40.320050323176389 ], [ -80.819756730027123, 40.316979335925993 ], [ -80.820624175349678, 40.313756880914902 ], [ -80.821540127102296, 40.310332359539416 ], [ -80.822430485109479, 40.306985614564233 ], [ -80.823412263844432, 40.303279302808299 ], [ -80.824412289470587, 40.299492189938015 ], [ -80.827131377830682, 40.289179559622028 ], [ -80.827958905565339, 40.286049390137848 ], [ -80.828703920137784, 40.283239438597732 ], [ -80.829561093320081, 40.280019006453657 ], [ -80.830365633558074, 40.27701135330922 ], [ -80.83113332804551, 40.274157471440361 ], [ -80.831872207764263, 40.271427527400959 ], [ -80.832324465870556, 40.26976549534109 ], [ -80.832768931529927, 40.268139168038765 ], [ -80.833206575911163, 40.266544992223331 ], [ -80.833638164160803, 40.264980181131733 ], [ -80.834064527604539, 40.263441724476166 ], [ -80.834486087970774, 40.261928104469462 ], [ -80.834903362658494, 40.260437463524738 ], [ -80.835316784188748, 40.25896825670592 ], [ -80.835727365963137, 40.257516900151053 ], [ -80.836134828000183, 40.256084401275196 ], [ -80.836539490795801, 40.254669633402131 ], [ -80.836941632087374, 40.253271625606033 ], [ -80.837341548008567, 40.251889349517057 ], [ -80.837739432689332, 40.25052213526633 ], [ -80.838135503166569, 40.249169237118451 ], [ -80.838529952192886, 40.247829996722061 ], [ -80.838997568741959, 40.246252963039886 ], [ -80.839463423188462, 40.244693467543769 ], [ -80.839927775049546, 40.243150641545128 ], [ -80.840390854850455, 40.241623719197023 ], [ -80.840852907312808, 40.240111894597867 ], [ -80.841314103626289, 40.23861460865087 ], [ -80.841774631761879, 40.237131251150032 ], [ -80.842234661726835, 40.235661274554879 ], [ -80.84269450843496, 40.234203678472866 ], [ -80.843154168483096, 40.232758479583886 ], [ -80.843613784913117, 40.231325228187295 ], [ -80.844073488867494, 40.229903515365578 ], [ -80.844533418310903, 40.228492914905011 ], [ -80.844993678532944, 40.227093104351489 ], [ -80.845454382407709, 40.225703740436771 ], [ -80.845915634529078, 40.224324507757792 ], [ -80.846378178807484, 40.222953206449915 ], [ -80.84684146932058, 40.221591479554711 ], [ -80.847305598147628, 40.220239056443894 ], [ -80.847770651328489, 40.218895686423636 ], [ -80.848236718785145, 40.217561109989653 ], [ -80.848703872897502, 40.216235120129781 ], [ -80.849172190243848, 40.214917499493843 ], [ -80.849641742874752, 40.213608045378635 ], [ -80.850112644346297, 40.212306442713931 ], [ -80.850584918115644, 40.211012628265252 ], [ -80.85105862911891, 40.2097264241471 ], [ -80.851533838826612, 40.208447663466181 ], [ -80.852010611164928, 40.20717617434557 ], [ -80.852488999503052, 40.205911814599261 ], [ -80.852969059804877, 40.204654436325249 ], [ -80.853450845296805, 40.20340390011873 ], [ -80.854022890454033, 40.201930944179729 ], [ -80.854602452170013, 40.200452577874039 ], [ -80.855189585302014, 40.198968661263002 ], [ -80.855784348272564, 40.197479046682631 ], [ -80.856386797808611, 40.195983591925497 ], [ -80.856997002082579, 40.194482127636725 ], [ -80.85761502793595, 40.192974489338283 ], [ -80.85824094680234, 40.19146050276408 ], [ -80.858874787718577, 40.189940096319638 ], [ -80.859516673881004, 40.188412973151678 ], [ -80.860166687584069, 40.18687893745971 ], [ -80.860824917146232, 40.185337780802961 ], [ -80.861491447607563, 40.183789303877852 ], [ -80.862166384212586, 40.18223326199162 ], [ -80.862849829593188, 40.180669418516615 ], [ -80.863541894491547, 40.179097520043534 ], [ -80.864241984037122, 40.177518900297642 ], [ -80.864950915167086, 40.175931699989711 ], [ -80.865668817544147, 40.174335628806858 ], [ -80.866395831932707, 40.17273037378024 ], [ -80.867132092235806, 40.171115638943213 ], [ -80.867877771316799, 40.169491044876992 ], [ -80.868633036645221, 40.167856226697332 ], [ -80.869398071478372, 40.16621078771383 ], [ -80.870172892945632, 40.16455468756476 ], [ -80.870957882410977, 40.162887107652779 ], [ -80.87175326141346, 40.161207577325456 ], [ -80.872559274752462, 40.159515579635695 ], [ -80.873376150891616, 40.157810634428756 ], [ -80.874204204814347, 40.156092083735757 ], [ -80.875043739006117, 40.154359299734324 ], [ -80.875895092045297, 40.152611583568728 ], [ -80.876704245127712, 40.150958971501041 ], [ -80.877524432516935, 40.149291910478219 ], [ -80.878356006016858, 40.147609685401662 ], [ -80.879199362765192, 40.145911492845634 ], [ -80.880054863762624, 40.144196605013022 ], [ -80.880923049840746, 40.142463936918766 ], [ -80.881804435188755, 40.140712462309089 ], [ -80.882699612375106, 40.138941003583128 ], [ -80.883608155764122, 40.137150390241821 ], [ -80.88453183543902, 40.135337121129723 ], [ -80.88547145306481, 40.133499622385855 ], [ -80.886427960490437, 40.131636032492537 ], [ -80.887402159810321, 40.129744786089489 ], [ -80.888395536066326, 40.127822997670982 ], [ -80.889409475330268, 40.125867985502161 ], [ -80.890445702815285, 40.123876422950055 ], [ -80.891406483881639, 40.122035299764818 ], [ -80.892389027285091, 40.120157532190191 ], [ -80.893395392026903, 40.118239184857707 ], [ -80.894428276673935, 40.116275113457327 ], [ -80.895489410117477, 40.114262020885619 ], [ -80.896584362993821, 40.112189329887443 ], [ -80.897718186095616, 40.110047478352065 ], [ -80.898898543128084, 40.107821988360975 ], [ -80.900957142629039, 40.103949474425669 ], [ -80.903254757812675, 40.099637697737869 ], [ -80.905461761933566, 40.095502871403383 ], [ -80.910806376279993, 40.085497453952804 ], [ -80.913558054700701, 40.080338713241993 ], [ -80.913947353826003, 40.079604164844625 ], [ -80.914337945698975, 40.078861027988246 ], [ -80.91473001887023, 40.078108943978073 ], [ -80.915123785231344, 40.077347506394261 ], [ -80.915519434494115, 40.076576349218385 ], [ -80.915917254502304, 40.075794912239843 ], [ -80.916317515152826, 40.075002665368011 ], [ -80.916720527169431, 40.074198993637189 ], [ -80.917126028705454, 40.073384432276171 ], [ -80.917534991770751, 40.072557041680447 ], [ -80.917947833421522, 40.071715978212012 ], [ -80.918365051102441, 40.070860228552917 ], [ -80.918787051928334, 40.069988960574243 ], [ -80.919214629344708, 40.069100538948533 ], [ -80.91964851365374, 40.068193446530515 ], [ -80.920089627760774, 40.067265754081717 ], [ -80.920817364973473, 40.065723943160329 ], [ -80.921572636619217, 40.064110153166979 ], [ -80.922363248352752, 40.06240772206543 ], [ -80.923204420034679, 40.060583884710425 ], [ -80.92394237032488, 40.058975177236718 ], [ -80.924761148243604, 40.057183051697606 ], [ -80.927511176891997, 40.051141111342005 ], [ -80.928555753453793, 40.048851387214675 ], [ -80.929604767135501, 40.046563133080006 ], [ -80.93055575333382, 40.044502704749561 ], [ -80.93107720898297, 40.04337992476745 ], [ -80.931582281513556, 40.042297846354231 ], [ -80.932073961466301, 40.041250063369176 ], [ -80.932554283043402, 40.040232242176067 ], [ -80.93302550253398, 40.039239611731823 ], [ -80.933488383210999, 40.03827057470356 ], [ -80.933944066209861, 40.037322742431023 ], [ -80.93439343832209, 40.036394270754343 ], [ -80.934889940624501, 40.035375919635193 ], [ -80.935380433173407, 40.034377920340127 ], [ -80.935865723432514, 40.033398630158473 ], [ -80.936346468784222, 40.032436722810154 ], [ -80.936823381590727, 40.031490775972458 ], [ -80.937296855256832, 40.03056001241238 ], [ -80.93776735758027, 40.029643512639673 ], [ -80.938235287690347, 40.028740499319809 ], [ -80.938701539291969, 40.027849262185825 ], [ -80.939165912026311, 40.026970198717528 ], [ -80.939628711956303, 40.026102729600062 ], [ -80.94009020818207, 40.025246350511068 ], [ -80.940550687532152, 40.024400530147759 ], [ -80.94101034481605, 40.023564911641039 ], [ -80.941469396021617, 40.022739102384328 ], [ -80.941928035095884, 40.021922753524379 ], [ -80.942234052889674, 40.021382917886058 ], [ -80.942540020000848, 40.020847061847327 ], [ -80.942845985819659, 40.020315098911702 ], [ -80.943151996721198, 40.019786948454367 ], [ -80.943458100901054, 40.019262527354989 ], [ -80.943764337884616, 40.018741767959241 ], [ -80.9440707491692, 40.018224599703913 ], [ -80.944377373947361, 40.017710956442144 ], [ -80.944684271992529, 40.017200738454413 ], [ -80.944991458100262, 40.01669392155371 ], [ -80.945298967721683, 40.01619044725247 ], [ -80.945606834503877, 40.015690260463934 ], [ -80.945915093272049, 40.015193304646111 ], [ -80.946223773452942, 40.014699532397245 ], [ -80.946532905748668, 40.01420889460703 ], [ -80.946842519405635, 40.013721344859036 ], [ -80.947152758820451, 40.013236657924239 ], [ -80.947463536100813, 40.012754973266233 ], [ -80.947774878159947, 40.012276249173063 ], [ -80.948086810744371, 40.011800446057599 ], [ -80.948399360436426, 40.011327523397924 ], [ -80.948712550189782, 40.010857446487222 ], [ -80.94902640384224, 40.010390179547542 ], [ -80.949340944263639, 40.009925688532078 ], [ -80.949656203590479, 40.009463926158681 ], [ -80.949972193835393, 40.009004875006646 ], [ -80.950288936288118, 40.008548504149161 ], [ -80.950606451431895, 40.008094784074146 ], [ -80.950924760344549, 40.007643684679209 ], [ -80.951243881567322, 40.007195179704972 ], [ -80.951563834263865, 40.006749242219023 ], [ -80.951884636913761, 40.006305846466333 ], [ -80.952206796576377, 40.005864300082287 ], [ -80.952529844752448, 40.005425253630193 ], [ -80.952853798894083, 40.004988683392597 ], [ -80.953178675872024, 40.004554566634354 ], [ -80.953504493019395, 40.004122880206488 ], [ -80.953831265780721, 40.003693603657759 ], [ -80.954159010082009, 40.00326671606755 ], [ -80.954487741347748, 40.002842197345529 ], [ -80.954817480109057, 40.002420021066762 ], [ -80.955148235885233, 40.002000175131286 ], [ -80.955480023282746, 40.001582640998848 ], [ -80.955812856472292, 40.001167400837019 ], [ -80.956146749994204, 40.000754436514093 ], [ -80.956481716958194, 40.000343731824955 ], [ -80.956817770830881, 39.99993527025827 ], [ -80.957154924701314, 39.99952903590561 ], [ -80.957493225198505, 39.999124973113481 ], [ -80.957832651492197, 39.998723107289372 ], [ -80.958173216068417, 39.998323423651208 ], [ -80.958514931073196, 39.997925907944889 ], [ -80.9588578089555, 39.997530545694694 ], [ -80.959201861040683, 39.997137323848563 ], [ -80.959547098940106, 39.99674622913642 ], [ -80.959893533979724, 39.996357248727847 ], [ -80.960241180656837, 39.995970366394609 ], [ -80.960590046651063, 39.995585573639104 ], [ -80.960940142825081, 39.99520285848002 ], [ -80.961291479767567, 39.994822209343099 ], [ -80.961644068297218, 39.994443614511269 ], [ -80.961997918351472, 39.994067063319783 ], [ -80.962353040094371, 39.993692544952573 ], [ -80.962709443461947, 39.993320048931267 ], [ -80.963003163773166, 39.993015910581718 ], [ -80.963300260286687, 39.992711653981026 ], [ -80.963600759909809, 39.992407251572075 ], [ -80.963904691188702, 39.992102674436069 ], [ -80.964212081870642, 39.991797894737417 ], [ -80.964522965004875, 39.991492879678397 ], [ -80.964837372981705, 39.991187597478543 ], [ -80.965155340291446, 39.990882014646608 ], [ -80.965476881934222, 39.990576116465284 ], [ -80.96580205617019, 39.990269847211259 ], [ -80.966130902387036, 39.989963169784168 ], [ -80.966463462692289, 39.989656044913616 ], [ -80.966799777688806, 39.98934843505878 ], [ -80.967139897089922, 39.98904029470787 ], [ -80.967483869390534, 39.988731579922685 ], [ -80.967831746689328, 39.988422243941891 ], [ -80.968183268727898, 39.988112514388227 ], [ -80.968538800956836, 39.987802065501995 ], [ -80.968898403807032, 39.987490844511449 ], [ -80.969262142581982, 39.987178794895911 ], [ -80.969630079577257, 39.986865863145475 ], [ -80.970002294072458, 39.986551981767164 ], [ -80.970378862947157, 39.986237085924522 ], [ -80.970759869873163, 39.985921105645353 ], [ -80.971145327651399, 39.985604029559234 ], [ -80.971535404619772, 39.985285718446747 ], [ -80.971930200720905, 39.984966090746688 ], [ -80.972329825703767, 39.984645057600154 ], [ -80.972734382525459, 39.984322536180038 ], [ -80.973144010183148, 39.983998415558332 ], [ -80.973558842378267, 39.983672589934315 ], [ -80.973979027607172, 39.983344942665539 ], [ -80.974828479815571, 39.982689521929686 ], [ -80.975701012627653, 39.982025361888965 ], [ -80.976598246888173, 39.981351228271713 ], [ -80.97752227927235, 39.980665545363387 ], [ -80.97847455134287, 39.979967230312148 ], [ -80.97945920012684, 39.979253236855037 ], [ -80.980480018270555, 39.978520813302509 ], [ -80.981542546846697, 39.977765982976685 ], [ -80.982541184882592, 39.977062725188318 ], [ -80.983587105515412, 39.97633178717598 ], [ -80.98469018791242, 39.975566259345008 ], [ -80.98586918431846, 39.974753125040159 ], [ -80.986977471776669, 39.97399260939644 ], [ -80.988209405526661, 39.973150558707808 ], [ -80.992732368774057, 39.970070705007629 ], [ -80.994589103399193, 39.968802630712908 ], [ -80.995585508740518, 39.968119101878791 ], [ -80.996514963836589, 39.967478892914578 ], [ -80.997395358980782, 39.966869679214078 ], [ -80.998235769472331, 39.966285177194791 ], [ -80.999235598698917, 39.965585476807341 ], [ -81.00019321840702, 39.96491030334419 ], [ -81.001115263419337, 39.964254977916355 ], [ -81.002006073914799, 39.96361641427994 ], [ -81.002870421328353, 39.962991180538715 ], [ -81.003709757554731, 39.962378214296152 ], [ -81.004526369069481, 39.961775845409008 ], [ -81.005321991185824, 39.961182793386484 ], [ -81.00581107663146, 39.960815002258926 ], [ -81.006292813911031, 39.960450196077993 ], [ -81.006767495471308, 39.960088153363962 ], [ -81.007235376783399, 39.959728679247256 ], [ -81.007696725998827, 39.959371567445139 ], [ -81.00815172553726, 39.959016676486662 ], [ -81.008600574848998, 39.958663850793073 ], [ -81.009043451475037, 39.958312950791679 ], [ -81.009480682394354, 39.957963715858185 ], [ -81.009912255071654, 39.9576161544312 ], [ -81.010338312555533, 39.957270151299568 ], [ -81.01075898395635, 39.956925601603601 ], [ -81.011174403309298, 39.956582395434395 ], [ -81.011584670643842, 39.956240450021077 ], [ -81.011989892315867, 39.955899676713393 ], [ -81.012390165339795, 39.955559993919351 ], [ -81.012786176199526, 39.955220812015185 ], [ -81.013177401782244, 39.954882571898999 ], [ -81.013563923784218, 39.95454520293422 ], [ -81.013945817352251, 39.954208639525675 ], [ -81.014323159895952, 39.95387281337738 ], [ -81.014696012474175, 39.953537670073601 ], [ -81.015064438982364, 39.953203152177153 ], [ -81.015428498586715, 39.952869205963225 ], [ -81.015788283180896, 39.952535746631874 ], [ -81.016143809798876, 39.952202757881849 ], [ -81.016495129336235, 39.951870192040886 ], [ -81.016842289180445, 39.951538004247674 ], [ -81.017185337870629, 39.95120614800895 ], [ -81.017524315128142, 39.95087458485056 ], [ -81.017859262090596, 39.9505432745324 ], [ -81.01819021724296, 39.950212178984138 ], [ -81.018774863540742, 39.949618919556372 ], [ -81.019359174224377, 39.949016630342506 ], [ -81.019943412818847, 39.948405039764744 ], [ -81.020527873201985, 39.947783840236035 ], [ -81.021112819130053, 39.947152752567803 ], [ -81.021698642919787, 39.946511354633628 ], [ -81.02228571147748, 39.945859244813889 ], [ -81.022874443279861, 39.945195958348641 ], [ -81.023464534341173, 39.944521855480758 ], [ -81.024057240436676, 39.943835519322015 ], [ -81.024653110193924, 39.943136314748322 ], [ -81.025252789998532, 39.942423483421273 ], [ -81.025856816605611, 39.941696391187612 ], [ -81.026466190275045, 39.940953837801999 ], [ -81.027081830488967, 39.940194703192397 ], [ -81.027704878063517, 39.939417580930254 ], [ -81.028241543381327, 39.938741319177183 ], [ -81.028785475546272, 39.938049653799261 ], [ -81.029337769904529, 39.937341192357216 ], [ -81.029899840267461, 39.936614121578458 ], [ -81.030472618525238, 39.935867247075947 ], [ -81.031058928810225, 39.935096896979559 ], [ -81.03166131259654, 39.934299733451901 ], [ -81.032283538802133, 39.933470769813837 ], [ -81.032826503088131, 39.932743242507783 ], [ -81.033391355171247, 39.931982716637307 ], [ -81.033983684248824, 39.931181670840481 ], [ -81.0346142296507, 39.930325583596016 ], [ -81.035817493186684, 39.928684738980436 ], [ -81.03892888639875, 39.924429366189905 ], [ -81.039841788492581, 39.923186506811405 ], [ -81.04066543832613, 39.922070598622533 ], [ -81.041595839039445, 39.920818193399192 ], [ -81.042471357317226, 39.919649298243669 ], [ -81.043308481475947, 39.918541906091868 ], [ -81.044115718072305, 39.917484776946296 ], [ -81.044598477577907, 39.916858062836425 ], [ -81.045073615713974, 39.916245515674426 ], [ -81.045542103851162, 39.915645883334037 ], [ -81.046004713681029, 39.91505817831225 ], [ -81.046462283344653, 39.914481337958456 ], [ -81.046915247202463, 39.913914816874772 ], [ -81.047364133952641, 39.913357953898817 ], [ -81.047809387851103, 39.912810198006312 ], [ -81.048252039173533, 39.91227029156186 ], [ -81.04869181600651, 39.911738576125252 ], [ -81.049129050506934, 39.911214650144537 ], [ -81.049564031595196, 39.91069816746532 ], [ -81.049997067387793, 39.910188762868039 ], [ -81.050428361667215, 39.909686197267284 ], [ -81.050858141822175, 39.909190205725132 ], [ -81.051286610398037, 39.90870055452362 ], [ -81.05185752484347, 39.908055158323656 ], [ -81.052439122694352, 39.907405966877633 ], [ -81.053031677717712, 39.90675267454904 ], [ -81.053635502042596, 39.906094937170955 ], [ -81.054250878345059, 39.905432445787667 ], [ -81.054878241268071, 39.904764731465853 ], [ -81.055518005128235, 39.904091353159053 ], [ -81.056170652995235, 39.903411802346163 ], [ -81.056835763508914, 39.90272650240842 ], [ -81.057514859844503, 39.902033868917151 ], [ -81.058208614208922, 39.901333216121991 ], [ -81.058917836836457, 39.900623725614359 ], [ -81.059643197008825, 39.899904724638176 ], [ -81.060386007130219, 39.899174909182612 ], [ -81.061147492192205, 39.898433075384737 ], [ -81.061929211762362, 39.897677703691357 ], [ -81.062582470390367, 39.89705091067588 ], [ -81.063251587110003, 39.896412796507413 ], [ -81.063937951255284, 39.895762035960239 ], [ -81.064643383720323, 39.895096902396617 ], [ -81.065369058635994, 39.894416281590637 ], [ -81.066118726633945, 39.893716648935026 ], [ -81.066895796128989, 39.892994822601047 ], [ -81.067705426259508, 39.892246009642562 ], [ -81.069121729266129, 39.890942872696229 ], [ -81.070702597426205, 39.889496253808723 ], [ -81.07224388390911, 39.888091266850502 ], [ -81.076112871986894, 39.88457070506675 ], [ -81.077207033289639, 39.883572571398005 ], [ -81.078190184091923, 39.882673323072929 ], [ -81.0792703414686, 39.881681890938978 ], [ -81.080279314933492, 39.880751720305383 ], [ -81.081235354507697, 39.879865983942594 ], [ -81.082147901543394, 39.879015929537125 ], [ -81.083182727804555, 39.878045714193668 ], [ -81.084174839434198, 39.877108456137677 ], [ -81.085130418275469, 39.876198314107839 ], [ -81.086053592296693, 39.875311354551854 ], [ -81.086948880148796, 39.874443221610598 ], [ -81.08781774660541, 39.87359247974058 ], [ -81.088662411728606, 39.872756954760206 ], [ -81.089484573863132, 39.871934966131093 ], [ -81.089956531071977, 39.871458944373693 ], [ -81.090421524881734, 39.870986804829222 ], [ -81.090879792422299, 39.870518306706309 ], [ -81.0913315430777, 39.870053235927045 ], [ -81.091776995704123, 39.869591366928695 ], [ -81.092216303923408, 39.869132540169232 ], [ -81.092649633948525, 39.868676582038752 ], [ -81.093077134893633, 39.868223335623235 ], [ -81.093499072480057, 39.867772517645697 ], [ -81.093915446894258, 39.867324126332235 ], [ -81.094326379728045, 39.866878030732423 ], [ -81.094731981353831, 39.866434111020276 ], [ -81.095132365988235, 39.865992242057331 ], [ -81.095527620432179, 39.865552327915772 ], [ -81.095917836409967, 39.865114266500377 ], [ -81.096303097964736, 39.864677963456963 ], [ -81.09668396699098, 39.864242775078068 ], [ -81.097060023895068, 39.863809173332172 ], [ -81.097431339872017, 39.863377076124351 ], [ -81.09779798063866, 39.862946406975503 ], [ -81.098160013699129, 39.86251708651271 ], [ -81.098517492930853, 39.862089050765007 ], [ -81.098870474475447, 39.861662232505438 ], [ -81.099219010461837, 39.861236568696199 ], [ -81.099563180337256, 39.860811961756802 ], [ -81.099903000774987, 39.860388390556899 ], [ -81.100238516774183, 39.859965799004101 ], [ -81.100569770314578, 39.859544134219632 ], [ -81.10089680427906, 39.859123341563951 ], [ -81.101219654054361, 39.858703375450915 ], [ -81.101538356157661, 39.858284188376281 ], [ -81.101852944810503, 39.857865735324992 ], [ -81.102355500812635, 39.857188168448275 ], [ -81.102855076776294, 39.856504981714679 ], [ -81.103351730086274, 39.855816096655815 ], [ -81.103845521006463, 39.855121429688836 ], [ -81.104336506812615, 39.854420900368737 ], [ -81.104824756235331, 39.853714410762926 ], [ -81.105310335134789, 39.853001865582016 ], [ -81.105793313018339, 39.852283162838297 ], [ -81.106273713948454, 39.851558268207832 ], [ -81.106751660394437, 39.850826998381429 ], [ -81.107227229105348, 39.850089235943337 ], [ -81.107700501580155, 39.84934485447301 ], [ -81.108171554561494, 39.848593733499193 ], [ -81.108640483694344, 39.847835720743497 ], [ -81.109107380152139, 39.847070668842505 ], [ -81.109572341444832, 39.846298418033001 ], [ -81.110034770173371, 39.845519984111448 ], [ -81.110495476593243, 39.844734026786711 ], [ -81.110954571014815, 39.843940357894006 ], [ -81.111412172458557, 39.84313877169609 ], [ -81.111868391431926, 39.842329075071603 ], [ -81.112323373603914, 39.841511009942842 ], [ -81.112777256887242, 39.840684328373747 ], [ -81.113230191763861, 39.839848756315341 ], [ -81.113682168930495, 39.839004316817721 ], [ -81.11413352593199, 39.838150385132863 ], [ -81.114584441368379, 39.837286623415274 ], [ -81.115035112972492, 39.83641265293867 ], [ -81.115485719618988, 39.83552812787751 ], [ -81.115936520268932, 39.834632540951795 ], [ -81.116387757678652, 39.833725409971407 ], [ -81.11669026010297, 39.833110147627131 ], [ -81.157397454931967, 39.832554799699487 ], [ -81.215004634157367, 39.845388190114065 ], [ -81.2148649340768, 39.845601663700762 ], [ -81.214008696751463, 39.84690512938316 ], [ -81.213153186977436, 39.848202521943755 ], [ -81.212298347198427, 39.84949392951625 ], [ -81.211444127052218, 39.850779426743991 ], [ -81.210590475277698, 39.852059092767909 ], [ -81.209737340613145, 39.853333002231153 ], [ -81.208868933661904, 39.854624595064195 ], [ -81.208000962881613, 39.855910365685823 ], [ -81.207133381507873, 39.857190386941774 ], [ -81.206266140077787, 39.858464726280936 ], [ -81.205399193625226, 39.859733456548746 ], [ -81.204532497184388, 39.860996637999392 ], [ -81.203666009386339, 39.862254334484902 ], [ -81.202799687063433, 39.863506606259811 ], [ -81.201933473558384, 39.864753535162485 ], [ -81.201067345489164, 39.865995156266308 ], [ -81.200201263285081, 39.867231526228977 ], [ -81.199335189175116, 39.868462698109965 ], [ -81.198469084488224, 39.869688726768224 ], [ -81.19760291504987, 39.870909661666424 ], [ -81.196736644887679, 39.872125551368057 ], [ -81.195870240726421, 39.873336445335575 ], [ -81.195003574862554, 39.874542518937076 ], [ -81.194136707550413, 39.875743688535294 ], [ -81.193269608213328, 39.87693999729796 ], [ -81.192402244475574, 39.878131487493114 ], [ -81.191534584860605, 39.879318204086744 ], [ -81.190666600590617, 39.880500186649229 ], [ -81.189798262886995, 39.881677472951992 ], [ -81.18892954297155, 39.882850104363847 ], [ -81.188060403971889, 39.884018128548661 ], [ -81.187190827002439, 39.885181570687855 ], [ -81.186320785983, 39.886340466754092 ], [ -81.185450253933467, 39.887494851820932 ], [ -81.184579204773996, 39.888644761861258 ], [ -81.183707614222556, 39.889790228351366 ], [ -81.182835456198717, 39.890931282767475 ], [ -81.181962709119148, 39.892067958384565 ], [ -81.181088882853146, 39.893200885627316 ], [ -81.180214418967751, 39.894329488929642 ], [ -81.179339294080606, 39.895453799767992 ], [ -81.178463485708704, 39.896573846021077 ], [ -81.177586970469861, 39.897689655568087 ], [ -81.176709729477921, 39.898801257187301 ], [ -81.175831739350741, 39.899908676059461 ], [ -81.174952979404011, 39.901011938265349 ], [ -81.174073425355658, 39.902111077978766 ], [ -81.173193061917772, 39.903206112287123 ], [ -81.172311868405458, 39.904297066371555 ], [ -81.171429825933217, 39.905383963614035 ], [ -81.170546915615247, 39.906466827397075 ], [ -81.169663119464914, 39.907545682002727 ], [ -81.168778416797949, 39.908620548114669 ], [ -81.167892792325873, 39.909691449115968 ], [ -81.167006190290877, 39.910758449757559 ], [ -81.166118629578534, 39.911821526657128 ], [ -81.16523009310184, 39.912880700498967 ], [ -81.164340563773536, 39.913935991967442 ], [ -81.163450024506517, 39.914987420847801 ], [ -81.162558460012434, 39.916035006025595 ], [ -81.161665854103347, 39.917078767286121 ], [ -81.160772189692253, 39.918118722616128 ], [ -81.159877447893365, 39.919154894497844 ], [ -81.158981617914833, 39.92018729642141 ], [ -81.158084683568774, 39.921215945474344 ], [ -81.157186629566752, 39.922240860542288 ], [ -81.1562874424189, 39.923262056913281 ], [ -81.155387105937606, 39.924279551674836 ], [ -81.15448560753228, 39.925293361014702 ], [ -81.153582931914301, 39.926303501120586 ], [ -81.152843941002573, 39.927124776402223 ], [ -81.152098431804589, 39.927948496041239 ], [ -81.151346316186959, 39.928774755365694 ], [ -81.150587502418873, 39.929603656898188 ], [ -81.14982190056763, 39.930435296866442 ], [ -81.149049403614626, 39.931269793980839 ], [ -81.148269903640553, 39.932107262455133 ], [ -81.147483290029186, 39.932947822798674 ], [ -81.146689523210341, 39.933791516380317 ], [ -81.145888399937149, 39.934638561735149 ], [ -81.145079790707271, 39.935489094660909 ], [ -81.144263555226374, 39.936343263545652 ], [ -81.143439558596171, 39.937201208683923 ], [ -81.142607631744312, 39.938063106342234 ], [ -81.141767611893286, 39.938929126492894 ], [ -81.140919320078041, 39.939799451698356 ], [ -81.140063888545058, 39.940672930826238 ], [ -81.139199826218416, 39.941551096320943 ], [ -81.138326922656816, 39.942434161322453 ], [ -81.137444947633611, 39.943322358754848 ], [ -81.136553688009798, 39.944215904455383 ], [ -81.135652854203386, 39.945115088005807 ], [ -81.134742171021841, 39.946020184598822 ], [ -81.13382133089705, 39.946931500003686 ], [ -81.132890361708235, 39.947849008140274 ], [ -81.131948563782572, 39.948773400586916 ], [ -81.130995560304186, 39.949705047864484 ], [ -81.130030926793253, 39.950644364560688 ], [ -81.129054277440346, 39.95159172659185 ], [ -81.128065042974811, 39.952547687041061 ], [ -81.127062683803175, 39.953512767515171 ], [ -81.12604658209149, 39.954487562466092 ], [ -81.124402778772705, 39.956057410036451 ], [ -81.122719469135745, 39.957656389345942 ], [ -81.12099304689896, 39.959287929509202 ], [ -81.119218767239644, 39.960956513647133 ], [ -81.117393622824849, 39.962664986315083 ], [ -81.115507736400417, 39.964422611429306 ], [ -81.113552146222005, 39.966237740993883 ], [ -81.111513161011032, 39.968123085127338 ], [ -81.109806965426486, 39.969695740381049 ], [ -81.108021261679397, 39.97133744198436 ], [ -81.106137541721708, 39.973065212304647 ], [ -81.104119314662171, 39.974912522309957 ], [ -81.100369942126562, 39.97833667571188 ], [ -81.091285116722219, 39.986621045140112 ], [ -81.088825882815669, 39.988867815112471 ], [ -81.086610229386039, 39.990895982378682 ], [ -81.084269855277043, 39.993043641665736 ], [ -81.082075313432455, 39.995063616107878 ], [ -81.079989954680116, 39.99698964017464 ], [ -81.077994351865343, 39.998839665233369 ], [ -81.075910600201482, 40.000779579329006 ], [ -81.073901691017582, 40.002658669576896 ], [ -81.071957223654309, 40.004486665741993 ], [ -81.070070006233308, 40.006270330726053 ], [ -81.069144986958975, 40.007148265095253 ], [ -81.068232167887643, 40.00801711900975 ], [ -81.067330972553805, 40.008877441955256 ], [ -81.066440895538364, 40.009729717767321 ], [ -81.065561404442747, 40.010574454562338 ], [ -81.06469214043733, 40.011411998579788 ], [ -81.063832706921303, 40.012242732031595 ], [ -81.062982752259629, 40.013066993062132 ], [ -81.062435117294257, 40.013596595721324 ], [ -81.061879225653314, 40.014130474656568 ], [ -81.061314804841899, 40.014668891571198 ], [ -81.060741545493286, 40.015212140542758 ], [ -81.060159171516005, 40.015760486871983 ], [ -81.059567253033691, 40.016314332555268 ], [ -81.058965382653625, 40.016874059804934 ], [ -81.058353086433314, 40.017440110188048 ], [ -81.057730795147634, 40.018012092499056 ], [ -81.057096994338266, 40.018591406083374 ], [ -81.056451026601053, 40.019178650788966 ], [ -81.05579209963318, 40.019774549670608 ], [ -81.055119561425997, 40.02037969088493 ], [ -81.054432121452592, 40.020995239053974 ], [ -81.05372857552068, 40.021622272464775 ], [ -81.053007388487629, 40.022262158986358 ], [ -81.051817803955885, 40.023311857571144 ], [ -81.050568900142096, 40.024407035771112 ], [ -81.049247624285883, 40.025559146452423 ], [ -81.047828076811669, 40.026790779685619 ], [ -81.04658515438868, 40.027864998285928 ], [ -81.04519790786469, 40.029060530034357 ], [ -81.040606645787577, 40.033006842406714 ], [ -81.03891496885818, 40.034463054341423 ], [ -81.037258122671645, 40.035893796576453 ], [ -81.035766513421279, 40.037187461447076 ], [ -81.034236527401205, 40.038521688440078 ], [ -81.032803513478726, 40.039779633138437 ], [ -81.031444747584516, 40.040981247901264 ], [ -81.030789287503111, 40.041564397993447 ], [ -81.030148042105935, 40.042137318297492 ], [ -81.029515696399642, 40.042704782414617 ], [ -81.028895766733754, 40.04326366070427 ], [ -81.028287446415987, 40.04381468071788 ], [ -81.027690069048802, 40.044358445900542 ], [ -81.027102925067453, 40.04489560286472 ], [ -81.02652560258187, 40.045426528426539 ], [ -81.025957626750483, 40.04595166055563 ], [ -81.025398590180316, 40.046471375168757 ], [ -81.024847640313709, 40.046986469964544 ], [ -81.02430493723061, 40.04749679745413 ], [ -81.023770173362166, 40.048002647219299 ], [ -81.023243078912444, 40.048504275566806 ], [ -81.022723370594548, 40.049001951394054 ], [ -81.0222108532557, 40.049495861759475 ], [ -81.021705315555238, 40.04998621081004 ], [ -81.021206566837108, 40.050473183805337 ], [ -81.020505281800709, 40.051163554669202 ], [ -81.019817031538182, 40.05184784431755 ], [ -81.019141387972098, 40.052526478129373 ], [ -81.018477979682416, 40.053199828424361 ], [ -81.017826417262739, 40.053868291803099 ], [ -81.017186439010345, 40.054532137163271 ], [ -81.016557758041628, 40.055191663079732 ], [ -81.015940119847997, 40.055847134852264 ], [ -81.015333059480469, 40.056499050705519 ], [ -81.014736599421909, 40.057147393552327 ], [ -81.014150536425447, 40.0577923801292 ], [ -81.013574690626996, 40.058434211884396 ], [ -81.013008874966957, 40.059073095661724 ], [ -81.012452950950234, 40.059709188842902 ], [ -81.011906771987384, 40.0603426587017 ], [ -81.011370205877839, 40.060973659921537 ], [ -81.010842317326507, 40.061603311258786 ], [ -81.01032382938871, 40.062230773646299 ], [ -81.009814629648801, 40.062856179284282 ], [ -81.009314620081142, 40.063479652279128 ], [ -81.008823695464571, 40.064101322133318 ], [ -81.008341776658995, 40.064721289570841 ], [ -81.007868779128287, 40.065339662510475 ], [ -81.007404627329095, 40.065956543474627 ], [ -81.006949199853068, 40.066572089844968 ], [ -81.006502477814536, 40.067186332198361 ], [ -81.006064395562746, 40.06779936046717 ], [ -81.005634893742823, 40.068411257388533 ], [ -81.005213910301038, 40.069022111096579 ], [ -81.004801396674438, 40.069631992637412 ], [ -81.00439730250099, 40.070240977553944 ], [ -81.004001579216933, 40.070849135993683 ], [ -81.003704347884678, 40.071313633132569 ], [ -81.003410161657087, 40.071780484696546 ], [ -81.003119011540477, 40.072249703276199 ], [ -81.00283089124018, 40.072721303260501 ], [ -81.002545789963634, 40.073195297240133 ], [ -81.002263700516863, 40.073671701402873 ], [ -81.001984613906274, 40.074150529238487 ], [ -81.001708521138781, 40.07463179603549 ], [ -81.001435415919119, 40.075115513485244 ], [ -81.001165287455564, 40.075601700473122 ], [ -81.000898124956052, 40.076090374086363 ], [ -81.000633921225955, 40.076581550513112 ], [ -81.000372665473677, 40.077075246840103 ], [ -81.000114350504347, 40.077571481053887 ], [ -80.999858964626839, 40.078070271140987 ], [ -80.999606499747543, 40.078571635087769 ], [ -80.99935697115481, 40.07907554141795 ], [ -80.999110342875483, 40.079582060278824 ], [ -80.998866605017241, 40.080091211455219 ], [ -80.998625749486209, 40.080603016530944 ], [ -80.998387764591186, 40.081117494391847 ], [ -80.998152640439386, 40.08163466931947 ], [ -80.997920367138633, 40.082154561998344 ], [ -80.997690933896862, 40.082677197609705 ], [ -80.997464335318298, 40.083202589642617 ], [ -80.997240554315653, 40.083730772272283 ], [ -80.997019582794792, 40.084261770679198 ], [ -80.996801408165894, 40.084795610943701 ], [ -80.996586021435135, 40.085332319146119 ], [ -80.996373409112906, 40.08587192316562 ], [ -80.996163561306759, 40.086414452679783 ], [ -80.995956466325183, 40.086959936466833 ], [ -80.995752425441438, 40.087507557043004 ], [ -80.995551105906259, 40.088058184952189 ], [ -80.995352495128941, 40.08861185256989 ], [ -80.995156580519051, 40.089168594070358 ], [ -80.994963352184413, 40.089728441829045 ], [ -80.994772795735329, 40.090291434516971 ], [ -80.994584899480941, 40.090857607207703 ], [ -80.994399649931381, 40.09142700037075 ], [ -80.994217039891964, 40.091999635589659 ], [ -80.994037050476919, 40.092575571320445 ], [ -80.993859668196635, 40.0931548498315 ], [ -80.993684880460279, 40.093737517887092 ], [ -80.993512671979616, 40.094323616856336 ], [ -80.99334303016424, 40.094913198899903 ], [ -80.993175938825814, 40.095506313480534 ], [ -80.993011384475096, 40.096103011859519 ], [ -80.992849412977321, 40.096703118668863 ], [ -80.992689946091602, 40.097306917195382 ], [ -80.992532969428353, 40.097914464995469 ], [ -80.992378465001579, 40.098525825021639 ], [ -80.992226419321241, 40.099141054830724 ], [ -80.99207681530028, 40.099760226368268 ], [ -80.991929634052752, 40.100383407982847 ], [ -80.991784861189686, 40.101010673418749 ], [ -80.991642486818762, 40.101642052353739 ], [ -80.991502483959806, 40.102277669793573 ], [ -80.991364833727445, 40.102917609375069 ], [ -80.991229517235766, 40.103561957433335 ], [ -80.991096516498459, 40.104210801202534 ], [ -80.990965810831, 40.104864243205142 ], [ -80.990837379548879, 40.105522385065065 ], [ -80.990711201068535, 40.106185334700449 ], [ -80.990537933186559, 40.107123758369696 ], [ -80.990368995540138, 40.108072204083875 ], [ -80.990204325176848, 40.109031028873851 ], [ -80.990043853748162, 40.110000632038584 ], [ -80.98988752010041, 40.110981376904007 ], [ -80.989735239697083, 40.111973794969614 ], [ -80.989586934297037, 40.112978387157824 ], [ -80.989442519364204, 40.113995728135286 ], [ -80.989302031770734, 40.115025517528586 ], [ -80.989165244887488, 40.11606934264104 ], [ -80.989032061587793, 40.117127956205209 ], [ -80.988902372154143, 40.118202234160677 ], [ -80.988776082157841, 40.119292933736773 ], [ -80.988653039613567, 40.120401360749234 ], [ -80.988533108723374, 40.12152873827575 ], [ -80.988416131206861, 40.122676545701069 ], [ -80.988303123297896, 40.12383404961669 ], [ -80.98819265327576, 40.125015119367148 ], [ -80.988084516095, 40.126221942103953 ], [ -80.987978459046118, 40.127457334503298 ], [ -80.987874309459173, 40.1287232274099 ], [ -80.987771606881637, 40.130025131869303 ], [ -80.987669954712061, 40.1313680642996 ], [ -80.987568799867617, 40.132759323598876 ], [ -80.987477722825943, 40.134059068785994 ], [ -80.987385800421663, 40.135415394819503 ], [ -80.987292162111004, 40.136841112542164 ], [ -80.987195212496516, 40.138360482964934 ], [ -80.987010114033026, 40.141361663624949 ], [ -80.986664143043186, 40.147129382829569 ], [ -80.98652021554291, 40.149493998164402 ], [ -80.986365893678411, 40.151952278789551 ], [ -80.986221414893734, 40.154157392164862 ], [ -80.986133769665173, 40.155443529710112 ], [ -80.986046797129305, 40.156679380763755 ], [ -80.985959891143551, 40.157873530254221 ], [ -80.985872641616496, 40.159031617829861 ], [ -80.985784572807177, 40.160159873094699 ], [ -80.985695528233506, 40.161260209805747 ], [ -80.985605264179071, 40.162335638893509 ], [ -80.985513588188979, 40.163388453629281 ], [ -80.985396203279535, 40.164681516853427 ], [ -80.985276023277365, 40.165945308044563 ], [ -80.985152785580013, 40.167182590818832 ], [ -80.985026274350503, 40.168395527146863 ], [ -80.98489624317439, 40.169586450769025 ], [ -80.984762560751065, 40.170756538898047 ], [ -80.98462506250408, 40.171907228650554 ], [ -80.984483605441412, 40.173039713426924 ], [ -80.984337831633084, 40.174156755045182 ], [ -80.984187826514429, 40.175257575591658 ], [ -80.984033473173611, 40.176343042012597 ], [ -80.983874664591525, 40.17741390254443 ], [ -80.983711282956676, 40.178470944993045 ], [ -80.983543248229694, 40.179514683770641 ], [ -80.983370467780375, 40.180545689047257 ], [ -80.98319285887078, 40.181564464443319 ], [ -80.982974578121642, 40.182795707370914 ], [ -80.982757202989944, 40.184032829166732 ], [ -80.982540709193799, 40.185275957534309 ], [ -80.982325074250085, 40.186525230969629 ], [ -80.982110273877495, 40.187780781672672 ], [ -80.981896281995134, 40.189042768823661 ], [ -80.981683072523182, 40.190311346206556 ], [ -80.981470616683069, 40.191586679296712 ], [ -80.981258904582248, 40.192868830147304 ], [ -80.98104788945588, 40.194158083843448 ], [ -80.980837538928569, 40.195454626544652 ], [ -80.980627822423457, 40.196758657900688 ], [ -80.980418709363335, 40.198070366769066 ], [ -80.980210161077494, 40.199389989671211 ], [ -80.979794614037658, 40.20205390657744 ], [ -80.979381377356034, 40.204749066830885 ], [ -80.978969597576267, 40.207480959893331 ], [ -80.978558904177405, 40.21025203911524 ], [ -80.978148864585791, 40.213065216501377 ], [ -80.97773912087122, 40.215922932812006 ], [ -80.977329018326955, 40.218829738616449 ], [ -80.976917959803444, 40.221789860728585 ], [ -80.976505213252423, 40.224808571873034 ], [ -80.976146518654375, 40.227469207153099 ], [ -80.975785306853865, 40.230182859266421 ], [ -80.975420858393377, 40.232954924145396 ], [ -80.97505225326627, 40.235792403011871 ], [ -80.974678880833181, 40.238699930971997 ], [ -80.974298928060406, 40.241691573422244 ], [ -80.973910773470749, 40.244780082749486 ], [ -80.973512035659297, 40.247984409467996 ], [ -80.973162817217627, 40.250814943769598 ], [ -80.972800975891687, 40.253769295831354 ], [ -80.972422956661546, 40.256876477782107 ], [ -80.972021969645695, 40.260192289857237 ], [ -80.97125630124458, 40.266566576601143 ], [ -80.969837326638782, 40.278442078354111 ], [ -80.969268632248898, 40.283189549972704 ], [ -80.968679918051066, 40.288077647680261 ], [ -80.968146756774814, 40.292470759432852 ], [ -80.967837926886105, 40.294997185286761 ], [ -80.967538968855706, 40.297428240735563 ], [ -80.967247879893208, 40.299780200810481 ], [ -80.96696332720316, 40.302063839389554 ], [ -80.966683822407973, 40.304291062597343 ], [ -80.966408892463932, 40.306465611613582 ], [ -80.966137802625028, 40.308593295159376 ], [ -80.965869986318197, 40.310678558583511 ], [ -80.965543584576253, 40.313196677399603 ], [ -80.965220626338294, 40.315662193070651 ], [ -80.964900440710096, 40.31808022903423 ], [ -80.964582491696106, 40.320454828642404 ], [ -80.964266194736609, 40.322790355405495 ], [ -80.963951244061988, 40.325089045038347 ], [ -80.963637266454114, 40.327353616191338 ], [ -80.963323948948386, 40.329586339652707 ], [ -80.963010550503924, 40.33179242879244 ], [ -80.962697263575322, 40.333970468077588 ], [ -80.962383849842254, 40.336122121253709 ], [ -80.962070098863421, 40.338248825437887 ], [ -80.961755785808279, 40.340352103182063 ], [ -80.961440761389426, 40.342432951834191 ], [ -80.961124858332838, 40.344492480258658 ], [ -80.960807924653452, 40.346531669615707 ], [ -80.960412222953053, 40.349040058666731 ], [ -80.960014457308858, 40.351520014751735 ], [ -80.95961439209799, 40.353973009162019 ], [ -80.959211816879176, 40.356400336021494 ], [ -80.958806505023531, 40.358803356004934 ], [ -80.958398296451747, 40.36118300620565 ], [ -80.957987017594192, 40.363540308253519 ], [ -80.957572507472648, 40.365876182155141 ], [ -80.957154462116151, 40.368192316836833 ], [ -80.956732886920634, 40.370488665534374 ], [ -80.956307643390375, 40.372765978282295 ], [ -80.955878604721207, 40.375024935866939 ], [ -80.955662617243448, 40.376147767320496 ], [ -80.955445636014701, 40.377266247853981 ], [ -80.95522764574676, 40.378380451211839 ], [ -80.955008632949415, 40.379490449339634 ], [ -80.954788583233949, 40.380596314183371 ], [ -80.954567484009644, 40.381698109594936 ], [ -80.954345322685867, 40.382795901224767 ], [ -80.954122085773093, 40.383889752025262 ], [ -80.953897427931352, 40.384981332937016 ], [ -80.953671666621531, 40.386069081837562 ], [ -80.953444790152346, 40.387153057182687 ], [ -80.953216785933421, 40.388233314730591 ], [ -80.952987643172548, 40.389309912037774 ], [ -80.952757350178985, 40.390382899466204 ], [ -80.952525896160523, 40.391452328277161 ], [ -80.95229327032564, 40.392518248833007 ], [ -80.952059457385445, 40.39358072678403 ], [ -80.951824452843638, 40.394639793606444 ], [ -80.951588244109573, 40.39569549336732 ], [ -80.95135082219015, 40.396747873730291 ], [ -80.95111217629325, 40.397796977863152 ], [ -80.950872297426017, 40.398842848033873 ], [ -80.950631176594939, 40.399885525611417 ], [ -80.950388803008352, 40.400925051065123 ], [ -80.950145145189765, 40.401961565588728 ], [ -80.949900216629132, 40.402995005330119 ], [ -80.94965400833334, 40.404025408061052 ], [ -80.949406512208242, 40.405052810653736 ], [ -80.949157718361462, 40.406077250879292 ], [ -80.948907619598302, 40.407098761113808 ], [ -80.948656207825024, 40.408117377330001 ], [ -80.948403473149142, 40.409133131004047 ], [ -80.948149406577329, 40.410146066202884 ], [ -80.947894001814106, 40.411156203610823 ], [ -80.947637250765908, 40.412163575603401 ], [ -80.947379146238006, 40.41316821185832 ], [ -80.947119679237233, 40.414170144751211 ], [ -80.946858844367512, 40.415169400362473 ], [ -80.946596632635831, 40.41616600836948 ], [ -80.946333036847705, 40.417159996651336 ], [ -80.945977967416638, 40.418494819894967 ], [ -80.945617297907361, 40.419857866562175 ], [ -80.944875848249268, 40.422681165818091 ], [ -80.944100934817797, 40.425659374195646 ], [ -80.943850932421782, 40.426628215296113 ], [ -80.93728027631532, 40.42667984267554 ], [ -80.807397487538879, 40.383717617743287 ], [ -80.802245127852586, 40.383105170326395 ] ] ] } },
{ "type": "Feature", "properties": { "Id": 0, "Area": "Core Dry Gas East" }, "geometry": { "type": "Polygon", "coordinates": [ [ [ -81.11669026010297, 39.833110147627131 ], [ -81.116387757678652, 39.833725409971407 ], [ -81.115936520268932, 39.834632540951795 ], [ -81.115485719618988, 39.83552812787751 ], [ -81.115035112972492, 39.83641265293867 ], [ -81.114584441368379, 39.837286623415274 ], [ -81.11413352593199, 39.838150385132863 ], [ -81.113682168930495, 39.839004316817721 ], [ -81.113230191763861, 39.839848756315341 ], [ -81.112777256887242, 39.840684328373747 ], [ -81.112323373603914, 39.841511009942842 ], [ -81.111868391431926, 39.842329075071603 ], [ -81.111412172458557, 39.84313877169609 ], [ -81.110954571014815, 39.843940357894006 ], [ -81.110495476593243, 39.844734026786711 ], [ -81.110034770173371, 39.845519984111448 ], [ -81.109572341444832, 39.846298418033001 ], [ -81.109107380152139, 39.847070668842505 ], [ -81.108640483694344, 39.847835720743497 ], [ -81.108171554561494, 39.848593733499193 ], [ -81.107700501580155, 39.84934485447301 ], [ -81.107227229105348, 39.850089235943337 ], [ -81.106751660394437, 39.850826998381429 ], [ -81.106273713948454, 39.851558268207832 ], [ -81.105793313018339, 39.852283162838297 ], [ -81.105310335134789, 39.853001865582016 ], [ -81.104824756235331, 39.853714410762926 ], [ -81.104336506812615, 39.854420900368737 ], [ -81.103845521006463, 39.855121429688836 ], [ -81.103351730086274, 39.855816096655815 ], [ -81.102855076776294, 39.856504981714679 ], [ -81.102355500812635, 39.857188168448275 ], [ -81.101852944810503, 39.857865735324992 ], [ -81.101538356157661, 39.858284188376281 ], [ -81.101219654054361, 39.858703375450915 ], [ -81.10089680427906, 39.859123341563951 ], [ -81.100569770314578, 39.859544134219632 ], [ -81.100238516774183, 39.859965799004101 ], [ -81.099903000774987, 39.860388390556899 ], [ -81.099563180337256, 39.860811961756802 ], [ -81.099219010461837, 39.861236568696199 ], [ -81.098870474475447, 39.861662232505438 ], [ -81.098517492930853, 39.862089050765007 ], [ -81.098160013699129, 39.86251708651271 ], [ -81.09779798063866, 39.862946406975503 ], [ -81.097431339872017, 39.863377076124351 ], [ -81.097060023895068, 39.863809173332172 ], [ -81.09668396699098, 39.864242775078068 ], [ -81.096303097964736, 39.864677963456963 ], [ -81.095917836409967, 39.865114266500377 ], [ -81.095527620432179, 39.865552327915772 ], [ -81.095132365988235, 39.865992242057331 ], [ -81.094731981353831, 39.866434111020276 ], [ -81.094326379728045, 39.866878030732423 ], [ -81.093915446894258, 39.867324126332235 ], [ -81.093499072480057, 39.867772517645697 ], [ -81.093077134893633, 39.868223335623235 ], [ -81.092649633948525, 39.868676582038752 ], [ -81.092216303923408, 39.869132540169232 ], [ -81.091776995704123, 39.869591366928695 ], [ -81.0913315430777, 39.870053235927045 ], [ -81.090879792422299, 39.870518306706309 ], [ -81.090421524881734, 39.870986804829222 ], [ -81.089956531071977, 39.871458944373693 ], [ -81.089484573863132, 39.871934966131093 ], [ -81.088662411728606, 39.872756954760206 ], [ -81.08781774660541, 39.87359247974058 ], [ -81.086948880148796, 39.874443221610598 ], [ -81.086053592296693, 39.875311354551854 ], [ -81.085130418275469, 39.876198314107839 ], [ -81.084174839434198, 39.877108456137677 ], [ -81.083182727804555, 39.878045714193668 ], [ -81.082147901543394, 39.879015929537125 ], [ -81.081235354507697, 39.879865983942594 ], [ -81.080279314933492, 39.880751720305383 ], [ -81.0792703414686, 39.881681890938978 ], [ -81.078190184091923, 39.882673323072929 ], [ -81.077207033289639, 39.883572571398005 ], [ -81.076112871986894, 39.88457070506675 ], [ -81.07224388390911, 39.888091266850502 ], [ -81.070702597426205, 39.889496253808723 ], [ -81.069121729266129, 39.890942872696229 ], [ -81.067705426259508, 39.892246009642562 ], [ -81.066895796128989, 39.892994822601047 ], [ -81.066118726633945, 39.893716648935026 ], [ -81.065369058635994, 39.894416281590637 ], [ -81.064643383720323, 39.895096902396617 ], [ -81.063937951255284, 39.895762035960239 ], [ -81.063251587110003, 39.896412796507413 ], [ -81.062582470390367, 39.89705091067588 ], [ -81.061929211762362, 39.897677703691357 ], [ -81.061147492192205, 39.898433075384737 ], [ -81.060386007130219, 39.899174909182612 ], [ -81.059643197008825, 39.899904724638176 ], [ -81.058917836836457, 39.900623725614359 ], [ -81.058208614208922, 39.901333216121991 ], [ -81.057514859844503, 39.902033868917151 ], [ -81.056835763508914, 39.90272650240842 ], [ -81.056170652995235, 39.903411802346163 ], [ -81.055518005128235, 39.904091353159053 ], [ -81.054878241268071, 39.904764731465853 ], [ -81.054250878345059, 39.905432445787667 ], [ -81.053635502042596, 39.906094937170955 ], [ -81.053031677717712, 39.90675267454904 ], [ -81.052439122694352, 39.907405966877633 ], [ -81.05185752484347, 39.908055158323656 ], [ -81.051286610398037, 39.90870055452362 ], [ -81.050858141822175, 39.909190205725132 ], [ -81.050428361667215, 39.909686197267284 ], [ -81.049997067387793, 39.910188762868039 ], [ -81.049564031595196, 39.91069816746532 ], [ -81.049129050506934, 39.911214650144537 ], [ -81.04869181600651, 39.911738576125252 ], [ -81.048252039173533, 39.91227029156186 ], [ -81.047809387851103, 39.912810198006312 ], [ -81.047364133952641, 39.913357953898817 ], [ -81.046915247202463, 39.913914816874772 ], [ -81.046462283344653, 39.914481337958456 ], [ -81.046004713681029, 39.91505817831225 ], [ -81.045542103851162, 39.915645883334037 ], [ -81.045073615713974, 39.916245515674426 ], [ -81.044598477577907, 39.916858062836425 ], [ -81.044115718072305, 39.917484776946296 ], [ -81.043308481475947, 39.918541906091868 ], [ -81.042471357317226, 39.919649298243669 ], [ -81.041595839039445, 39.920818193399192 ], [ -81.04066543832613, 39.922070598622533 ], [ -81.039841788492581, 39.923186506811405 ], [ -81.03892888639875, 39.924429366189905 ], [ -81.035817493186684, 39.928684738980436 ], [ -81.0346142296507, 39.930325583596016 ], [ -81.033983684248824, 39.931181670840481 ], [ -81.033391355171247, 39.931982716637307 ], [ -81.032826503088131, 39.932743242507783 ], [ -81.032283538802133, 39.933470769813837 ], [ -81.03166131259654, 39.934299733451901 ], [ -81.031058928810225, 39.935096896979559 ], [ -81.030472618525238, 39.935867247075947 ], [ -81.029899840267461, 39.936614121578458 ], [ -81.029337769904529, 39.937341192357216 ], [ -81.028785475546272, 39.938049653799261 ], [ -81.028241543381327, 39.938741319177183 ], [ -81.027704878063517, 39.939417580930254 ], [ -81.027081830488967, 39.940194703192397 ], [ -81.026466190275045, 39.940953837801999 ], [ -81.025856816605611, 39.941696391187612 ], [ -81.025252789998532, 39.942423483421273 ], [ -81.024653110193924, 39.943136314748322 ], [ -81.024057240436676, 39.943835519322015 ], [ -81.023464534341173, 39.944521855480758 ], [ -81.022874443279861, 39.945195958348641 ], [ -81.02228571147748, 39.945859244813889 ], [ -81.021698642919787, 39.946511354633628 ], [ -81.021112819130053, 39.947152752567803 ], [ -81.020527873201985, 39.947783840236035 ], [ -81.019943412818847, 39.948405039764744 ], [ -81.019359174224377, 39.949016630342506 ], [ -81.018774863540742, 39.949618919556372 ], [ -81.01819021724296, 39.950212178984138 ], [ -81.017859262090596, 39.9505432745324 ], [ -81.017524315128142, 39.95087458485056 ], [ -81.017185337870629, 39.95120614800895 ], [ -81.016842289180445, 39.951538004247674 ], [ -81.016495129336235, 39.951870192040886 ], [ -81.016143809798876, 39.952202757881849 ], [ -81.015788283180896, 39.952535746631874 ], [ -81.015428498586715, 39.952869205963225 ], [ -81.015064438982364, 39.953203152177153 ], [ -81.014696012474175, 39.953537670073601 ], [ -81.014323159895952, 39.95387281337738 ], [ -81.013945817352251, 39.954208639525675 ], [ -81.013563923784218, 39.95454520293422 ], [ -81.013177401782244, 39.954882571898999 ], [ -81.012786176199526, 39.955220812015185 ], [ -81.012390165339795, 39.955559993919351 ], [ -81.011989892315867, 39.955899676713393 ], [ -81.011584670643842, 39.956240450021077 ], [ -81.011174403309298, 39.956582395434395 ], [ -81.01075898395635, 39.956925601603601 ], [ -81.010338312555533, 39.957270151299568 ], [ -81.009912255071654, 39.9576161544312 ], [ -81.009480682394354, 39.957963715858185 ], [ -81.009043451475037, 39.958312950791679 ], [ -81.008600574848998, 39.958663850793073 ], [ -81.00815172553726, 39.959016676486662 ], [ -81.007696725998827, 39.959371567445139 ], [ -81.007235376783399, 39.959728679247256 ], [ -81.006767495471308, 39.960088153363962 ], [ -81.006292813911031, 39.960450196077993 ], [ -81.00581107663146, 39.960815002258926 ], [ -81.005321991185824, 39.961182793386484 ], [ -81.004526369069481, 39.961775845409008 ], [ -81.003709757554731, 39.962378214296152 ], [ -81.002870421328353, 39.962991180538715 ], [ -81.002006073914799, 39.96361641427994 ], [ -81.001115263419337, 39.964254977916355 ], [ -81.00019321840702, 39.96491030334419 ], [ -80.999235598698917, 39.965585476807341 ], [ -80.998235769472331, 39.966285177194791 ], [ -80.997395358980782, 39.966869679214078 ], [ -80.996514963836589, 39.967478892914578 ], [ -80.995585508740518, 39.968119101878791 ], [ -80.994589103399193, 39.968802630712908 ], [ -80.992732368774057, 39.970070705007629 ], [ -80.988209405526661, 39.973150558707808 ], [ -80.986977471776669, 39.97399260939644 ], [ -80.98586918431846, 39.974753125040159 ], [ -80.98469018791242, 39.975566259345008 ], [ -80.983587105515412, 39.97633178717598 ], [ -80.982541184882592, 39.977062725188318 ], [ -80.981542546846697, 39.977765982976685 ], [ -80.980480018270555, 39.978520813302509 ], [ -80.97945920012684, 39.979253236855037 ], [ -80.97847455134287, 39.979967230312148 ], [ -80.97752227927235, 39.980665545363387 ], [ -80.976598246888173, 39.981351228271713 ], [ -80.975701012627653, 39.982025361888965 ], [ -80.974828479815571, 39.982689521929686 ], [ -80.973979027607172, 39.983344942665539 ], [ -80.973558842378267, 39.983672589934315 ], [ -80.973144010183148, 39.983998415558332 ], [ -80.972734382525459, 39.984322536180038 ], [ -80.972329825703767, 39.984645057600154 ], [ -80.971930200720905, 39.984966090746688 ], [ -80.971535404619772, 39.985285718446747 ], [ -80.971145327651399, 39.985604029559234 ], [ -80.970759869873163, 39.985921105645353 ], [ -80.970378862947157, 39.986237085924522 ], [ -80.970002294072458, 39.986551981767164 ], [ -80.969630079577257, 39.986865863145475 ], [ -80.969262142581982, 39.987178794895911 ], [ -80.968898403807032, 39.987490844511449 ], [ -80.968538800956836, 39.987802065501995 ], [ -80.968183268727898, 39.988112514388227 ], [ -80.967831746689328, 39.988422243941891 ], [ -80.967483869390534, 39.988731579922685 ], [ -80.967139897089922, 39.98904029470787 ], [ -80.966799777688806, 39.98934843505878 ], [ -80.966463462692289, 39.989656044913616 ], [ -80.966130902387036, 39.989963169784168 ], [ -80.96580205617019, 39.990269847211259 ], [ -80.965476881934222, 39.990576116465284 ], [ -80.965155340291446, 39.990882014646608 ], [ -80.964837372981705, 39.991187597478543 ], [ -80.964522965004875, 39.991492879678397 ], [ -80.964212081870642, 39.991797894737417 ], [ -80.963904691188702, 39.992102674436069 ], [ -80.963600759909809, 39.992407251572075 ], [ -80.963300260286687, 39.992711653981026 ], [ -80.963003163773166, 39.993015910581718 ], [ -80.962709443461947, 39.993320048931267 ], [ -80.962353040094371, 39.993692544952573 ], [ -80.961997918351472, 39.994067063319783 ], [ -80.961644068297218, 39.994443614511269 ], [ -80.961291479767567, 39.994822209343099 ], [ -80.960940142825081, 39.99520285848002 ], [ -80.960590046651063, 39.995585573639104 ], [ -80.960241180656837, 39.995970366394609 ], [ -80.959893533979724, 39.996357248727847 ], [ -80.959547098940106, 39.99674622913642 ], [ -80.959201861040683, 39.997137323848563 ], [ -80.9588578089555, 39.997530545694694 ], [ -80.958514931073196, 39.997925907944889 ], [ -80.958173216068417, 39.998323423651208 ], [ -80.957832651492197, 39.998723107289372 ], [ -80.957493225198505, 39.999124973113481 ], [ -80.957154924701314, 39.99952903590561 ], [ -80.956817770830881, 39.99993527025827 ], [ -80.956481716958194, 40.000343731824955 ], [ -80.956146749994204, 40.000754436514093 ], [ -80.955812856472292, 40.001167400837019 ], [ -80.955480023282746, 40.001582640998848 ], [ -80.955148235885233, 40.002000175131286 ], [ -80.954817480109057, 40.002420021066762 ], [ -80.954487741347748, 40.002842197345529 ], [ -80.954159010082009, 40.00326671606755 ], [ -80.953831265780721, 40.003693603657759 ], [ -80.953504493019395, 40.004122880206488 ], [ -80.953178675872024, 40.004554566634354 ], [ -80.952853798894083, 40.004988683392597 ], [ -80.952529844752448, 40.005425253630193 ], [ -80.952206796576377, 40.005864300082287 ], [ -80.951884636913761, 40.006305846466333 ], [ -80.951563834263865, 40.006749242219023 ], [ -80.951243881567322, 40.007195179704972 ], [ -80.950924760344549, 40.007643684679209 ], [ -80.950606451431895, 40.008094784074146 ], [ -80.950288936288118, 40.008548504149161 ], [ -80.949972193835393, 40.009004875006646 ], [ -80.949656203590479, 40.009463926158681 ], [ -80.949340944263639, 40.009925688532078 ], [ -80.94902640384224, 40.010390179547542 ], [ -80.948712550189782, 40.010857446487222 ], [ -80.948399360436426, 40.011327523397924 ], [ -80.948086810744371, 40.011800446057599 ], [ -80.947774878159947, 40.012276249173063 ], [ -80.947463536100813, 40.012754973266233 ], [ -80.947152758820451, 40.013236657924239 ], [ -80.946842519405635, 40.013721344859036 ], [ -80.946532905748668, 40.01420889460703 ], [ -80.946223773452942, 40.014699532397245 ], [ -80.945915093272049, 40.015193304646111 ], [ -80.945606834503877, 40.015690260463934 ], [ -80.945298967721683, 40.01619044725247 ], [ -80.944991458100262, 40.01669392155371 ], [ -80.944684271992529, 40.017200738454413 ], [ -80.944377373947361, 40.017710956442144 ], [ -80.9440707491692, 40.018224599703913 ], [ -80.943764337884616, 40.018741767959241 ], [ -80.943458100901054, 40.019262527354989 ], [ -80.943151996721198, 40.019786948454367 ], [ -80.942845985819659, 40.020315098911702 ], [ -80.942540020000848, 40.020847061847327 ], [ -80.942234052889674, 40.021382917886058 ], [ -80.941928035095884, 40.021922753524379 ], [ -80.941469396021617, 40.022739102384328 ], [ -80.94101034481605, 40.023564911641039 ], [ -80.940550687532152, 40.024400530147759 ], [ -80.94009020818207, 40.025246350511068 ], [ -80.939628711956303, 40.026102729600062 ], [ -80.939165912026311, 40.026970198717528 ], [ -80.938701539291969, 40.027849262185825 ], [ -80.938235287690347, 40.028740499319809 ], [ -80.93776735758027, 40.029643512639673 ], [ -80.937296855256832, 40.03056001241238 ], [ -80.936823381590727, 40.031490775972458 ], [ -80.936346468784222, 40.032436722810154 ], [ -80.935865723432514, 40.033398630158473 ], [ -80.935380433173407, 40.034377920340127 ], [ -80.934889940624501, 40.035375919635193 ], [ -80.93439343832209, 40.036394270754343 ], [ -80.933944066209861, 40.037322742431023 ], [ -80.933488383210999, 40.03827057470356 ], [ -80.93302550253398, 40.039239611731823 ], [ -80.932554283043402, 40.040232242176067 ], [ -80.932073961466301, 40.041250063369176 ], [ -80.931582281513556, 40.042297846354231 ], [ -80.93107720898297, 40.04337992476745 ], [ -80.93055575333382, 40.044502704749561 ], [ -80.929604767135501, 40.046563133080006 ], [ -80.928555753453793, 40.048851387214675 ], [ -80.927511176891997, 40.051141111342005 ], [ -80.924761148243604, 40.057183051697606 ], [ -80.92394237032488, 40.058975177236718 ], [ -80.923204420034679, 40.060583884710425 ], [ -80.922363248352752, 40.06240772206543 ], [ -80.921572636619217, 40.064110153166979 ], [ -80.920817364973473, 40.065723943160329 ], [ -80.920089627760774, 40.067265754081717 ], [ -80.91964851365374, 40.068193446530515 ], [ -80.919214629344708, 40.069100538948533 ], [ -80.918787051928334, 40.069988960574243 ], [ -80.918365051102441, 40.070860228552917 ], [ -80.917947833421522, 40.071715978212012 ], [ -80.917534991770751, 40.072557041680447 ], [ -80.917126028705454, 40.073384432276171 ], [ -80.916720527169431, 40.074198993637189 ], [ -80.916317515152826, 40.075002665368011 ], [ -80.915917254502304, 40.075794912239843 ], [ -80.915519434494115, 40.076576349218385 ], [ -80.915123785231344, 40.077347506394261 ], [ -80.91473001887023, 40.078108943978073 ], [ -80.914337945698975, 40.078861027988246 ], [ -80.913947353826003, 40.079604164844625 ], [ -80.913558054700701, 40.080338713241993 ], [ -80.910806376279993, 40.085497453952804 ], [ -80.905461761933566, 40.095502871403383 ], [ -80.903254757812675, 40.099637697737869 ], [ -80.900957142629039, 40.103949474425669 ], [ -80.898898543128084, 40.107821988360975 ], [ -80.897718186095616, 40.110047478352065 ], [ -80.896584362993821, 40.112189329887443 ], [ -80.895489410117477, 40.114262020885619 ], [ -80.894428276673935, 40.116275113457327 ], [ -80.893395392026903, 40.118239184857707 ], [ -80.892389027285091, 40.120157532190191 ], [ -80.891406483881639, 40.122035299764818 ], [ -80.890445702815285, 40.123876422950055 ], [ -80.889409475330268, 40.125867985502161 ], [ -80.888395536066326, 40.127822997670982 ], [ -80.887402159810321, 40.129744786089489 ], [ -80.886427960490437, 40.131636032492537 ], [ -80.88547145306481, 40.133499622385855 ], [ -80.88453183543902, 40.135337121129723 ], [ -80.883608155764122, 40.137150390241821 ], [ -80.882699612375106, 40.138941003583128 ], [ -80.881804435188755, 40.140712462309089 ], [ -80.880923049840746, 40.142463936918766 ], [ -80.880054863762624, 40.144196605013022 ], [ -80.879199362765192, 40.145911492845634 ], [ -80.878356006016858, 40.147609685401662 ], [ -80.877524432516935, 40.149291910478219 ], [ -80.876704245127712, 40.150958971501041 ], [ -80.875895092045297, 40.152611583568728 ], [ -80.875043739006117, 40.154359299734324 ], [ -80.874204204814347, 40.156092083735757 ], [ -80.873376150891616, 40.157810634428756 ], [ -80.872559274752462, 40.159515579635695 ], [ -80.87175326141346, 40.161207577325456 ], [ -80.870957882410977, 40.162887107652779 ], [ -80.870172892945632, 40.16455468756476 ], [ -80.869398071478372, 40.16621078771383 ], [ -80.868633036645221, 40.167856226697332 ], [ -80.867877771316799, 40.169491044876992 ], [ -80.867132092235806, 40.171115638943213 ], [ -80.866395831932707, 40.17273037378024 ], [ -80.865668817544147, 40.174335628806858 ], [ -80.864950915167086, 40.175931699989711 ], [ -80.864241984037122, 40.177518900297642 ], [ -80.863541894491547, 40.179097520043534 ], [ -80.862849829593188, 40.180669418516615 ], [ -80.862166384212586, 40.18223326199162 ], [ -80.861491447607563, 40.183789303877852 ], [ -80.860824917146232, 40.185337780802961 ], [ -80.860166687584069, 40.18687893745971 ], [ -80.859516673881004, 40.188412973151678 ], [ -80.858874787718577, 40.189940096319638 ], [ -80.85824094680234, 40.19146050276408 ], [ -80.85761502793595, 40.192974489338283 ], [ -80.856997002082579, 40.194482127636725 ], [ -80.856386797808611, 40.195983591925497 ], [ -80.855784348272564, 40.197479046682631 ], [ -80.855189585302014, 40.198968661263002 ], [ -80.854602452170013, 40.200452577874039 ], [ -80.854022890454033, 40.201930944179729 ], [ -80.853450845296805, 40.20340390011873 ], [ -80.852969059804877, 40.204654436325249 ], [ -80.852488999503052, 40.205911814599261 ], [ -80.852010611164928, 40.20717617434557 ], [ -80.851533838826612, 40.208447663466181 ], [ -80.85105862911891, 40.2097264241471 ], [ -80.850584918115644, 40.211012628265252 ], [ -80.850112644346297, 40.212306442713931 ], [ -80.849641742874752, 40.213608045378635 ], [ -80.849172190243848, 40.214917499493843 ], [ -80.848703872897502, 40.216235120129781 ], [ -80.848236718785145, 40.217561109989653 ], [ -80.847770651328489, 40.218895686423636 ], [ -80.847305598147628, 40.220239056443894 ], [ -80.84684146932058, 40.221591479554711 ], [ -80.846378178807484, 40.222953206449915 ], [ -80.845915634529078, 40.224324507757792 ], [ -80.845454382407709, 40.225703740436771 ], [ -80.844993678532944, 40.227093104351489 ], [ -80.844533418310903, 40.228492914905011 ], [ -80.844073488867494, 40.229903515365578 ], [ -80.843613784913117, 40.231325228187295 ], [ -80.843154168483096, 40.232758479583886 ], [ -80.84269450843496, 40.234203678472866 ], [ -80.842234661726835, 40.235661274554879 ], [ -80.841774631761879, 40.237131251150032 ], [ -80.841314103626289, 40.23861460865087 ], [ -80.840852907312808, 40.240111894597867 ], [ -80.840390854850455, 40.241623719197023 ], [ -80.839927775049546, 40.243150641545128 ], [ -80.839463423188462, 40.244693467543769 ], [ -80.838997568741959, 40.246252963039886 ], [ -80.838529952192886, 40.247829996722061 ], [ -80.838135503166569, 40.249169237118451 ], [ -80.837739432689332, 40.25052213526633 ], [ -80.837341548008567, 40.251889349517057 ], [ -80.836941632087374, 40.253271625606033 ], [ -80.836539490795801, 40.254669633402131 ], [ -80.836134828000183, 40.256084401275196 ], [ -80.835727365963137, 40.257516900151053 ], [ -80.835316784188748, 40.25896825670592 ], [ -80.834903362658494, 40.260437463524738 ], [ -80.834486087970774, 40.261928104469462 ], [ -80.834064527604539, 40.263441724476166 ], [ -80.833638164160803, 40.264980181131733 ], [ -80.833206575911163, 40.266544992223331 ], [ -80.832768931529927, 40.268139168038765 ], [ -80.832324465870556, 40.26976549534109 ], [ -80.831872207764263, 40.271427527400959 ], [ -80.83113332804551, 40.274157471440361 ], [ -80.830365633558074, 40.27701135330922 ], [ -80.829561093320081, 40.280019006453657 ], [ -80.828703920137784, 40.283239438597732 ], [ -80.827958905565339, 40.286049390137848 ], [ -80.827131377830682, 40.289179559622028 ], [ -80.824412289470587, 40.299492189938015 ], [ -80.823412263844432, 40.303279302808299 ], [ -80.822430485109479, 40.306985614564233 ], [ -80.821540127102296, 40.310332359539416 ], [ -80.820624175349678, 40.313756880914902 ], [ -80.819756730027123, 40.316979335925993 ], [ -80.818924167655112, 40.320050323176389 ], [ -80.818119061560438, 40.322997215504223 ], [ -80.817194353669706, 40.326371526890306 ], [ -80.816273494012037, 40.329746408048081 ], [ -80.815356482592634, 40.333121858960382 ], [ -80.814443319416526, 40.336497879607187 ], [ -80.813534004473638, 40.339874470025563 ], [ -80.812628537769882, 40.343251630193762 ], [ -80.811726919303595, 40.346629360119074 ], [ -80.810829149078842, 40.350007659784659 ], [ -80.809935227087749, 40.353386529220792 ], [ -80.809045153338161, 40.35676596839793 ], [ -80.808158927825133, 40.360145977335009 ], [ -80.807276550549048, 40.363526556030266 ], [ -80.806398021512791, 40.366907704472816 ], [ -80.80552334071298, 40.370289422674858 ], [ -80.804652508149289, 40.373671710639108 ], [ -80.803785523827884, 40.377054568341222 ], [ -80.802922387740537, 40.38043799581277 ], [ -80.802245127852586, 40.383105170326395 ], [ -80.609519126296831, 40.360020977804581 ], [ -80.610241630751133, 40.358564536910336 ], [ -80.611796012904747, 40.35516896414881 ], [ -80.611899303634175, 40.354678414451826 ], [ -80.61249598579704, 40.351845929855152 ], [ -80.612793993019565, 40.347615001922371 ], [ -80.610796027465611, 40.340868983711566 ], [ -80.609317692467599, 40.338389326693886 ], [ -80.607695954211934, 40.335668991271852 ], [ -80.60609193261466, 40.333062977689565 ], [ -80.60551396956383, 40.332123997186457 ], [ -80.604868984508826, 40.33107604311548 ], [ -80.60438344932092, 40.330286817743911 ], [ -80.603364075438137, 40.328629980280155 ], [ -80.603117714151736, 40.328229351128655 ], [ -80.60289592235435, 40.327869001719421 ], [ -80.600495989403939, 40.321168946984713 ], [ -80.600426961889113, 40.320766979634421 ], [ -80.599895964886187, 40.317669079919149 ], [ -80.600445012720826, 40.315863990917848 ], [ -80.602105025533561, 40.310532962525457 ], [ -80.602257957043307, 40.309863575409082 ], [ -80.602895922600894, 40.307070033260622 ], [ -80.603045009548794, 40.306950696793017 ], [ -80.603395998842487, 40.306670072273356 ], [ -80.60659602038281, 40.303870011725337 ], [ -80.607679240512567, 40.302283038015858 ], [ -80.610895975815765, 40.297569917662891 ], [ -80.611495331813217, 40.296731052355504 ], [ -80.614896921017561, 40.291969963945874 ], [ -80.615796958910153, 40.288069969474087 ], [ -80.616796944870046, 40.285270075396795 ], [ -80.616696996512545, 40.280269979670585 ], [ -80.616619945182762, 40.279046029115577 ], [ -80.616578160818918, 40.278374301970906 ], [ -80.616541056534231, 40.277780461525907 ], [ -80.616196919645304, 40.27226992670726 ], [ -80.616394978266129, 40.27181698306363 ], [ -80.618829006308246, 40.266241932546436 ], [ -80.619050129844581, 40.265735338036635 ], [ -80.619296992880621, 40.265170077139551 ], [ -80.620666018555653, 40.263739377739782 ], [ -80.621498031034349, 40.262869926473627 ], [ -80.62249801712079, 40.261769992405306 ], [ -80.622508713660224, 40.26176447686175 ], [ -80.627998022226564, 40.25896993175693 ], [ -80.637898933851901, 40.254669975925687 ], [ -80.641426712588412, 40.252879762482252 ], [ -80.644598989224164, 40.251270058312265 ], [ -80.645198178876171, 40.250824468409043 ], [ -80.645847007520715, 40.25034194154162 ], [ -80.646231926447612, 40.25007000807009 ], [ -80.646464247471826, 40.249906212705646 ], [ -80.646799024685322, 40.249670047079398 ], [ -80.647046723211076, 40.249360341181387 ], [ -80.647198985660694, 40.249169970849117 ], [ -80.65039382531026, 40.246432253115927 ], [ -80.652098966405504, 40.244970966853273 ], [ -80.652883009897707, 40.243653920223345 ], [ -80.653169650865735, 40.243172228841999 ], [ -80.657099062096947, 40.236570952683124 ], [ -80.659099033340482, 40.23397095630704 ], [ -80.660098016637491, 40.23226598253251 ], [ -80.661525374082188, 40.229832957042049 ], [ -80.661537240638552, 40.229811229416796 ], [ -80.661543926199911, 40.229799028311945 ], [ -80.661539915220487, 40.229775127025746 ], [ -80.661535569693172, 40.229750223894143 ], [ -80.661400020177481, 40.228971026849386 ], [ -80.661519523889069, 40.228469112416285 ], [ -80.661899929918164, 40.226870940376884 ], [ -80.662799967060664, 40.224971084381252 ], [ -80.662799967060636, 40.224970917107576 ], [ -80.663098140888437, 40.223818334049319 ], [ -80.664300029069182, 40.219171066652748 ], [ -80.664170330576724, 40.218825424754392 ], [ -80.663700004693837, 40.217571055541917 ], [ -80.663900068755325, 40.216470954234552 ], [ -80.664399977470509, 40.212671075026343 ], [ -80.664712692503173, 40.21235835999353 ], [ -80.665399963564312, 40.211670922556841 ], [ -80.666300001346329, 40.206271032193847 ], [ -80.668100075423951, 40.199670926145387 ], [ -80.669507878015438, 40.197387153969586 ], [ -80.672599927652271, 40.192371013294398 ], [ -80.676493738552921, 40.18903393864074 ], [ -80.679600998602794, 40.186370931204635 ], [ -80.679601499525447, 40.186370763930633 ], [ -80.681596791710206, 40.185322475196052 ], [ -80.683705068451914, 40.184215020047397 ], [ -80.684057060486069, 40.183879072821547 ], [ -80.684264980191912, 40.183639062598182 ], [ -80.684319467427926, 40.183563851379496 ], [ -80.684600927407018, 40.18317492148762 ], [ -80.684952919444783, 40.182886942310517 ], [ -80.685512998455067, 40.182263016813366 ], [ -80.685610774569028, 40.182160226977366 ], [ -80.686136923952006, 40.181607000798415 ], [ -80.686537052196911, 40.181046921789559 ], [ -80.686560284387795, 40.181012993059092 ], [ -80.687129054433967, 40.180182986076616 ], [ -80.687480043702791, 40.179567918912248 ], [ -80.687705011850639, 40.17917497804558 ], [ -80.688280968377612, 40.178294997525889 ], [ -80.688808956845861, 40.177351002353092 ], [ -80.689034927733644, 40.176899228726541 ], [ -80.68925705311969, 40.176454977031206 ], [ -80.689334104347481, 40.176307728303087 ], [ -80.689512941760384, 40.17596593099379 ], [ -80.689728382486138, 40.175554938932528 ], [ -80.689785041583221, 40.175446968103437 ], [ -80.69001385343752, 40.175092970586654 ], [ -80.690456936004935, 40.174407036827255 ], [ -80.690470307127995, 40.174389320179124 ], [ -80.690502063095394, 40.174347034046825 ], [ -80.691034063459199, 40.173655082919034 ], [ -80.691722002699947, 40.172743011879369 ], [ -80.692537969458414, 40.171718958131031 ], [ -80.693529932691234, 40.170631057893871 ], [ -80.694073966890699, 40.169990920315627 ], [ -80.694425958898819, 40.169302981071624 ], [ -80.694593932508027, 40.169094058620431 ], [ -80.694953947388385, 40.168646965060759 ], [ -80.695211005161752, 40.168340935591317 ], [ -80.695545949637264, 40.167942980099603 ], [ -80.695805347440668, 40.167546863724986 ], [ -80.695917998340647, 40.167375045512287 ], [ -80.696029144674554, 40.167205734609993 ], [ -80.696185920819289, 40.166967062580476 ], [ -80.696338015992254, 40.166738918916501 ], [ -80.696377962086942, 40.166679919779895 ], [ -80.696777923055294, 40.166087081160477 ], [ -80.697369925287603, 40.165158965317517 ], [ -80.697793953914086, 40.164487070878288 ], [ -80.697797463968683, 40.164481555335101 ], [ -80.697946049086241, 40.164247060657431 ], [ -80.698586020276508, 40.163382957668453 ], [ -80.698721401549662, 40.163232199782513 ], [ -80.69929000433649, 40.162599081413049 ], [ -80.699834038532501, 40.161910974887014 ], [ -80.699983125472841, 40.161691690446141 ], [ -80.700409995061861, 40.161063920351985 ], [ -80.701001997295364, 40.160152016590672 ], [ -80.701498062520372, 40.159224067126353 ], [ -80.702074019950288, 40.158392054654712 ], [ -80.702954000466704, 40.157303987148417 ], [ -80.703322038200355, 40.156840012410697 ], [ -80.703802057748277, 40.156343947153736 ], [ -80.703945796413805, 40.156056303432685 ], [ -80.70418597389417, 40.155575949345717 ], [ -80.704601979660367, 40.154823995444183 ], [ -80.704706607703201, 40.154614906621319 ], [ -80.704986062180964, 40.154055997635872 ], [ -80.705270364004548, 40.153478034710034 ], [ -80.705481961025185, 40.153047988709034 ], [ -80.705769939266716, 40.15231208052019 ], [ -80.70583579122885, 40.152100484388612 ], [ -80.705994071020598, 40.151592050767171 ], [ -80.706106053706023, 40.151176044988773 ], [ -80.706201990653028, 40.150360078245136 ], [ -80.706201990633986, 40.150104023223406 ], [ -80.70620199060204, 40.149671971743004 ], [ -80.706239763916358, 40.14937897885796 ], [ -80.706266004328157, 40.149176073778044 ], [ -80.706289069238863, 40.149056402768316 ], [ -80.70636194129878, 40.148680008537696 ], [ -80.706442000746918, 40.148359938857872 ], [ -80.706448184485566, 40.148336873940274 ], [ -80.706459048296054, 40.148295925101252 ], [ -80.706465065649056, 40.14812477598921 ], [ -80.706474926697766, 40.147847996086604 ], [ -80.706890932417849, 40.146471950337322 ], [ -80.707163033111954, 40.14557592412357 ], [ -80.707213508463113, 40.145394412119472 ], [ -80.707322983839603, 40.144999966692303 ], [ -80.707867018008358, 40.143943989714515 ], [ -80.707993708218382, 40.143624756402318 ], [ -80.708266978946142, 40.142935981691672 ], [ -80.708399686514241, 40.14251780314963 ], [ -80.708587047685839, 40.141927973671713 ], [ -80.708611950814429, 40.141848416029795 ], [ -80.708666939864813, 40.141671917747054 ], [ -80.708794967365705, 40.141335971430564 ], [ -80.708858981096668, 40.140903919947043 ], [ -80.709115036118718, 40.140503958969973 ], [ -80.709355046328767, 40.14007207475273 ], [ -80.709488254829139, 40.139785099228725 ], [ -80.709562965119801, 40.139623978455369 ], [ -80.709738961563431, 40.139143958019332 ], [ -80.709914958023717, 40.138888070263761 ], [ -80.709942535736587, 40.138805670763752 ], [ -80.709995016578276, 40.138648060046172 ], [ -80.71002042152152, 40.138470559919597 ], [ -80.710042985506789, 40.138311945559643 ], [ -80.710037637235814, 40.138296903496588 ], [ -80.709962926018434, 40.138087981056117 ], [ -80.7099310027657, 40.137975998354143 ], [ -80.709898745868671, 40.137922180215995 ], [ -80.709883034705683, 40.137895939793012 ], [ -80.709883034702173, 40.137849140863736 ], [ -80.709883034698635, 40.137800002796638 ], [ -80.709899079502208, 40.137719943333842 ], [ -80.709944206584424, 40.137548126023205 ], [ -80.709978971677643, 40.137415920259812 ], [ -80.710016243180874, 40.137266832419698 ], [ -80.71007507593049, 40.137032004097406 ], [ -80.710084936985794, 40.136844475629708 ], [ -80.710090954343016, 40.136727980126928 ], [ -80.71010699912172, 40.13631197435295 ], [ -80.710059031040444, 40.135943936629658 ], [ -80.710048166308198, 40.135682700613039 ], [ -80.710042985303161, 40.135560021371568 ], [ -80.710036634284194, 40.135495673068561 ], [ -80.710011062035022, 40.135239951696491 ], [ -80.710011062018438, 40.13501598718922 ], [ -80.710075075762248, 40.134759932164719 ], [ -80.71009646973657, 40.134700932129782 ], [ -80.710138922238201, 40.134583935703262 ], [ -80.710138922213361, 40.134247989391881 ], [ -80.710138922194417, 40.133991933470725 ], [ -80.710168171738445, 40.133787691098661 ], [ -80.710187058396883, 40.133655986258361 ], [ -80.710251072132465, 40.13328794942958 ], [ -80.710299041057439, 40.132904033269263 ], [ -80.710363054792012, 40.132519950733688 ], [ -80.710415535633047, 40.132353481692576 ], [ -80.710458991776747, 40.132215926760018 ], [ -80.710458991757903, 40.131960039012078 ], [ -80.710491082239514, 40.131463973774437 ], [ -80.71050144421973, 40.131307198529157 ], [ -80.710506959757538, 40.131223963559634 ], [ -80.710587019201967, 40.130855925831 ], [ -80.710587019179513, 40.130552070034661 ], [ -80.710523005386918, 40.130151941797614 ], [ -80.710539050171676, 40.129815994586465 ], [ -80.710523005344371, 40.129575984373083 ], [ -80.710570974274034, 40.129256082867506 ], [ -80.710523005278034, 40.12867995817097 ], [ -80.710554928511826, 40.128536053124982 ], [ -80.710554928489373, 40.128232029155406 ], [ -80.71057916340753, 40.127966113064517 ], [ -80.710587018981784, 40.127880037135846 ], [ -80.710603064662166, 40.127495953702777 ], [ -80.710643511665623, 40.127252601605718 ], [ -80.710682955925151, 40.127015934170601 ], [ -80.710663902869015, 40.126833921246934 ], [ -80.710651032658248, 40.126712077476022 ], [ -80.710640336105925, 40.126540593816614 ], [ -80.710634987829721, 40.126456022454974 ], [ -80.71061476385789, 40.126301085425325 ], [ -80.710587018849225, 40.126087984731612 ], [ -80.710594540777123, 40.12603567025868 ], [ -80.710618942077133, 40.125864020223283 ], [ -80.710618942959968, 40.125640055716055 ], [ -80.71055492827044, 40.125272017993744 ], [ -80.71050495471269, 40.125071953875953 ], [ -80.710458991234589, 40.124887934565642 ], [ -80.710444283714537, 40.124849493038234 ], [ -80.710378932646776, 40.124680015768959 ], [ -80.71033096368383, 40.124551988260151 ], [ -80.710314918850685, 40.124231918584186 ], [ -80.710202936110832, 40.123912017085551 ], [ -80.710137084115402, 40.123672675969985 ], [ -80.710075075824534, 40.123448042370086 ], [ -80.709947048263388, 40.122968022846337 ], [ -80.709851613051043, 40.122607506157202 ], [ -80.709802975887797, 40.122423988668778 ], [ -80.709772556302653, 40.122322703404691 ], [ -80.709659069891515, 40.121943969145832 ], [ -80.709579010397249, 40.121639945179787 ], [ -80.709574163945064, 40.121584120652571 ], [ -80.709546920750952, 40.121272074730065 ], [ -80.709498951764544, 40.120823978443859 ], [ -80.709434937974237, 40.120455940721442 ], [ -80.70937092419021, 40.120167961562252 ], [ -80.709274987163823, 40.119912073818448 ], [ -80.709146959620398, 40.119672063609897 ], [ -80.709093642385241, 40.119511945586574 ], [ -80.709051022591652, 40.11938391807729 ], [ -80.709017594767289, 40.119199899666043 ], [ -80.708954918271203, 40.118855929604649 ], [ -80.708901100102423, 40.118543048212977 ], [ -80.708875026039053, 40.118391954886832 ], [ -80.708811012253747, 40.118087931819481 ], [ -80.708699030421329, 40.117880012124864 ], [ -80.708630169305536, 40.117802125427751 ], [ -80.708459020159168, 40.117608078680149 ], [ -80.708250933146289, 40.117399991715857 ], [ -80.70820079232584, 40.117349683633151 ], [ -80.708107028074267, 40.117255919403213 ], [ -80.707959111131501, 40.117195081161107 ], [ -80.707902952048002, 40.117172016246634 ], [ -80.707602939794299, 40.11547205714875 ], [ -80.707304432151645, 40.114377304131978 ], [ -80.707003082649479, 40.11327202095157 ], [ -80.707003082590305, 40.112471932644965 ], [ -80.706703069459408, 40.111071985640351 ], [ -80.706703069444643, 40.11087192152057 ], [ -80.707502991210632, 40.107372055290085 ], [ -80.707512518624355, 40.107275951019474 ], [ -80.707703055206181, 40.105372083177627 ], [ -80.708772905008217, 40.102391347088833 ], [ -80.709103002098047, 40.101471921407459 ], [ -80.710202936110335, 40.099572065402377 ], [ -80.713002996645628, 40.096871953742941 ], [ -80.716428821005337, 40.095040958738899 ], [ -80.717483962569474, 40.09447703509889 ], [ -80.718804017499465, 40.093772048260561 ], [ -80.726504058042551, 40.089071964283711 ], [ -80.729104054508454, 40.087372005059279 ], [ -80.730704065764996, 40.086471967810574 ], [ -80.73240402493991, 40.084672060651833 ], [ -80.732404358588681, 40.084671726104297 ], [ -80.73493114928786, 40.082561944848713 ], [ -80.735434066480224, 40.082047494746512 ], [ -80.735439081101063, 40.082042481024963 ], [ -80.736319061641382, 40.081274649569238 ], [ -80.737263892302977, 40.080353552920599 ], [ -80.737423341225664, 40.080005070050966 ], [ -80.737541507656829, 40.079662604547714 ], [ -80.737724524223395, 40.079355572337263 ], [ -80.737866256503665, 40.079107540162809 ], [ -80.738185155263182, 40.078611474912556 ], [ -80.738232456003828, 40.07839285867253 ], [ -80.73786241271894, 40.078006937041707 ], [ -80.738604002725694, 40.07565998750821 ], [ -80.738757936827056, 40.072915750719112 ], [ -80.738782506270837, 40.072345644283644 ], [ -80.738768466931489, 40.072093767513259 ], [ -80.738754593973127, 40.071929470337786 ], [ -80.73866718161247, 40.071527169339319 ], [ -80.738558708935543, 40.071313735000643 ], [ -80.738555198874451, 40.071233340990389 ], [ -80.737104944041448, 40.064973025993559 ], [ -80.736876132134569, 40.064613512054166 ], [ -80.736817968456521, 40.064521920585371 ], [ -80.73500502347801, 40.061673055835627 ], [ -80.734305050190272, 40.059672917387552 ], [ -80.733686974702238, 40.059208942693104 ], [ -80.73342339860362, 40.059011553168666 ], [ -80.73310500071257, 40.058773047534224 ], [ -80.732838081770595, 40.057731945381683 ], [ -80.732355052914599, 40.055848970622264 ], [ -80.732105015156662, 40.054873053141925 ], [ -80.732105014950449, 40.052072991831722 ], [ -80.732054372276366, 40.051592471382179 ], [ -80.731904950667243, 40.050172969508324 ], [ -80.731811019142256, 40.050085054470088 ], [ -80.731709399310063, 40.049988282008051 ], [ -80.731471060891423, 40.049760974730539 ], [ -80.731448330514809, 40.04969395184397 ], [ -80.731433956642988, 40.04965200026183 ], [ -80.731307934485969, 40.048023075020616 ], [ -80.730904965141121, 40.046672935182336 ], [ -80.731303923013442, 40.041301960744931 ], [ -80.731400027199555, 40.040010486371351 ], [ -80.731469055515319, 40.039081032359285 ], [ -80.731504989619069, 40.037472999265439 ], [ -80.733305064775749, 40.033272992657267 ], [ -80.733646192996517, 40.032941891879084 ], [ -80.733980970203589, 40.032616976639886 ], [ -80.734036460185209, 40.032557642055316 ], [ -80.734178861568552, 40.032405379602913 ], [ -80.734591859127391, 40.032001073093944 ], [ -80.734829027492594, 40.031753040915142 ], [ -80.735133051475088, 40.031449016932108 ], [ -80.735612235545631, 40.030856346482423 ], [ -80.735740932155522, 40.030697063921629 ], [ -80.735897205581011, 40.030482793201593 ], [ -80.736301010255957, 40.029929065205692 ], [ -80.736539182248009, 40.029452554821582 ], [ -80.736764984962676, 40.029000948468529 ], [ -80.736897525265121, 40.028689570734905 ], [ -80.737085054621303, 40.028248995470477 ], [ -80.737122326129551, 40.028168602357496 ], [ -80.737183832572157, 40.028035560223422 ], [ -80.737260549247765, 40.027831652396841 ], [ -80.73735197343774, 40.027588466671638 ], [ -80.737455933268464, 40.027164939861677 ], [ -80.737474987204806, 40.02708738770842 ], [ -80.737527635278425, 40.026357830543361 ], [ -80.737536493547736, 40.025601866581447 ], [ -80.73750106016621, 40.024489062357077 ], [ -80.737437046353918, 40.023817001563934 ], [ -80.737391418307084, 40.023414366016006 ], [ -80.737340942010348, 40.022968943414313 ], [ -80.737452924681833, 40.02236106364289 ], [ -80.737804917522254, 40.020761052489696 ], [ -80.737859905669055, 40.020526056893402 ], [ -80.737917066577765, 40.020281032955076 ], [ -80.737992946879203, 40.020014949588123 ], [ -80.738013003560482, 40.019944918467004 ], [ -80.738141031073297, 40.019768922002186 ], [ -80.738220923260585, 40.019625016954151 ], [ -80.738396919720657, 40.019368961025123 ], [ -80.738652974744014, 40.018985045755244 ], [ -80.738876939260606, 40.018761081237692 ], [ -80.738956998725328, 40.018664976964288 ], [ -80.739004966770054, 40.018536949450947 ], [ -80.739004966751068, 40.018281060803609 ], [ -80.739116949424925, 40.017704936999166 ], [ -80.739308990672484, 40.017145025273138 ], [ -80.739644937880499, 40.016584946267002 ], [ -80.739916369517303, 40.016205209246621 ], [ -80.739965006662189, 40.016137017238279 ], [ -80.740124957420448, 40.01597706558001 ], [ -80.740269030634991, 40.01570496574444 ], [ -80.740509040841857, 40.01522494530488 ], [ -80.740604977822102, 40.014857074849473 ], [ -80.740614003418159, 40.014820305160875 ], [ -80.740749050113934, 40.014265072610762 ], [ -80.740775457800453, 40.01407286406895 ], [ -80.740781976085103, 40.014026066038653 ], [ -80.740788661643805, 40.013978264364503 ], [ -80.740813063842594, 40.013800930612454 ], [ -80.740821086689238, 40.013695634369618 ], [ -80.740828942262269, 40.013593011811551 ], [ -80.740892956009759, 40.013384924835016 ], [ -80.740954629725408, 40.013241353436015 ], [ -80.740989060274742, 40.013160960323503 ], [ -80.741012794270787, 40.012899389757543 ], [ -80.741020983493257, 40.012808968303915 ], [ -80.741026666304393, 40.012718045028933 ], [ -80.741037029183332, 40.012553079655746 ], [ -80.741053073976289, 40.012328947873705 ], [ -80.741092685523498, 40.01227596520296 ], [ -80.74114901097434, 40.012200920358616 ], [ -80.741168566734146, 40.012146099474087 ], [ -80.741229070429512, 40.011976955847985 ], [ -80.74134105220881, 40.011465012173609 ], [ -80.741341053082223, 40.01111302015552 ], [ -80.741363783435432, 40.010861811580099 ], [ -80.741372976300767, 40.010761028135668 ], [ -80.741436990033122, 40.010345021459884 ], [ -80.741501003770082, 40.00999302943903 ], [ -80.741548971805244, 40.009736974414658 ], [ -80.741559669238896, 40.009662430495112 ], [ -80.741565017505977, 40.009624991710609 ], [ -80.741565017501244, 40.009560977955182 ], [ -80.741557161918692, 40.009533232965566 ], [ -80.741532926974514, 40.009448995253123 ], [ -80.741556660082111, 40.009330495160626 ], [ -80.741565017481207, 40.009289044500022 ], [ -80.741645076037287, 40.009065079989355 ], [ -80.741684353930907, 40.008947080818608 ], [ -80.741708923411366, 40.008873038719841 ], [ -80.741679506575025, 40.008828747101852 ], [ -80.741645076016127, 40.008776934452293 ], [ -80.741655438900949, 40.008693699483111 ], [ -80.741660954441514, 40.008649074214659 ], [ -80.741690704917914, 40.008576368508727 ], [ -80.741805027650287, 40.008297081290728 ], [ -80.741868706847356, 40.008052559174033 ], [ -80.741900964630616, 40.007929043561525 ], [ -80.741948932655163, 40.007529083492351 ], [ -80.741974171216526, 40.007252469963298 ], [ -80.741981023147687, 40.007176923299461 ], [ -80.741917009363689, 40.006888945039492 ], [ -80.741981023112572, 40.006697071044236 ], [ -80.742045036844758, 40.006281064368473 ], [ -80.742061082525396, 40.005896981834368 ], [ -80.742045037696968, 40.005640926813328 ], [ -80.741985202170611, 40.005437687189065 ], [ -80.741964978205303, 40.00536899336123 ], [ -80.741932887656688, 40.004958503132592 ], [ -80.741821073008737, 40.003528972914303 ], [ -80.741795166198415, 40.003090403147155 ], [ -80.741772936721347, 40.002713006176677 ], [ -80.741788982377514, 40.001992976432234 ], [ -80.741765750167957, 40.001777033880266 ], [ -80.741724968570963, 40.001400973303234 ], [ -80.74171159743851, 40.001287319659646 ], [ -80.741693045306548, 40.001129040748637 ], [ -80.741713435625158, 40.000904741692786 ], [ -80.741724968525176, 40.000777047829672 ], [ -80.741710260094521, 40.000585173837649 ], [ -80.741693045250187, 40.000361042056987 ], [ -80.741653433687532, 40.000202929521784 ], [ -80.741596940940681, 39.999976959528411 ], [ -80.741356930668147, 39.999560952865593 ], [ -80.741244948805445, 39.998937027396963 ], [ -80.741225059380426, 39.998767883774192 ], [ -80.741213024641667, 39.99866492666925 ], [ -80.741165056577103, 39.998521021626786 ], [ -80.741037029002982, 39.997865005643852 ], [ -80.741084997026604, 39.997448998968693 ], [ -80.741084997882382, 39.996856996736128 ], [ -80.741020984093566, 39.996505004720667 ], [ -80.740940924587733, 39.996041030002409 ], [ -80.740875573518153, 39.995844810487696 ], [ -80.740813064307673, 39.995656947474998 ], [ -80.740733004812625, 39.995337045075516 ], [ -80.740637067777072, 39.994952962546499 ], [ -80.740527592356969, 39.994756073937872 ], [ -80.740476949711578, 39.994664984290999 ], [ -80.740236940345596, 39.99434508189831 ], [ -80.740173427497012, 39.994233601019602 ], [ -80.740109079177969, 39.994120950122358 ], [ -80.740045065400878, 39.99392907613268 ], [ -80.740024340501407, 39.993702604315857 ], [ -80.740012974856782, 39.993576916841938 ], [ -80.739996930035502, 39.993416966090741 ], [ -80.739884947298094, 39.993128986933577 ], [ -80.739846338474891, 39.992904354231399 ], [ -80.739805055965562, 39.992665012215276 ], [ -80.739741042174501, 39.992280929684959 ], [ -80.739725999197162, 39.992107607811221 ], [ -80.739708951628998, 39.991913059234953 ], [ -80.739701931513196, 39.991834838887051 ], [ -80.739693073181172, 39.991737062776949 ], [ -80.739614017333253, 39.991465965694971 ], [ -80.73961401731205, 39.991177986532954 ], [ -80.73961401728728, 39.990842040221615 ], [ -80.739621872860113, 39.990735071239342 ], [ -80.739645940500097, 39.990409988739053 ], [ -80.739638084901088, 39.990157442872736 ], [ -80.739630062027558, 39.989898045070611 ], [ -80.73961401719454, 39.989577976293681 ], [ -80.739645940427224, 39.98941802554036 ], [ -80.739645940414434, 39.989242029081389 ], [ -80.739666164368771, 39.989161635969687 ], [ -80.739694076627643, 39.989049987812876 ], [ -80.739639422093802, 39.988800785628477 ], [ -80.739581926599683, 39.988538044148342 ], [ -80.739544320530044, 39.988434418848094 ], [ -80.739518080097952, 39.988362048591526 ], [ -80.739438020614514, 39.988201930569531 ], [ -80.739371500418642, 39.987906597652227 ], [ -80.739293948232216, 39.98756195939513 ], [ -80.739133997417397, 39.986954078736289 ], [ -80.73906998363104, 39.986634009961499 ], [ -80.739005969839937, 39.986249927431182 ], [ -80.738877942282429, 39.98581804322977 ], [ -80.738877942267237, 39.985609956256162 ], [ -80.738717991460518, 39.985114058300724 ], [ -80.738734036250193, 39.984841958470312 ], [ -80.73875309018706, 39.984772930093513 ], [ -80.738813928426907, 39.984553979304707 ], [ -80.738941955929121, 39.984234077795342 ], [ -80.738877942137975, 39.983849995265331 ], [ -80.738958001572087, 39.983338051592128 ], [ -80.739038060125736, 39.983081996566582 ], [ -80.738974046342975, 39.982810063114286 ], [ -80.738980063695507, 39.982633063910995 ], [ -80.738989924743834, 39.982345921117954 ], [ -80.738961677922859, 39.982260847935386 ], [ -80.738926078240752, 39.982154047128247 ], [ -80.738846018759631, 39.982026019620669 ], [ -80.73883983501571, 39.981976379732274 ], [ -80.738829973940653, 39.981897992110461 ], [ -80.738863233571337, 39.981805230619386 ], [ -80.738910032496719, 39.981674027599631 ], [ -80.738974046245431, 39.981481985431117 ], [ -80.739102073757081, 39.981289944158746 ], [ -80.739102073740725, 39.981065979651433 ], [ -80.739102073693871, 39.980426008470786 ], [ -80.73913266051386, 39.979996631573087 ], [ -80.739165921016181, 39.97952998316525 ], [ -80.73923194024853, 39.979267075304882 ], [ -80.739404927544342, 39.978572951429406 ], [ -80.739597972420043, 39.977801944496754 ], [ -80.739790013661661, 39.977161974206979 ], [ -80.739918041140527, 39.976522003021024 ], [ -80.74014200562776, 39.975898077537849 ], [ -80.740318002065763, 39.975337998538301 ], [ -80.740413939040323, 39.974890068620454 ], [ -80.740893958516907, 39.973417918597129 ], [ -80.740829944718911, 39.972938066344454 ], [ -80.741600617973205, 39.971436666752922 ], [ -80.742686010827782, 39.969322038212233 ], [ -80.742948751432976, 39.969208217283246 ], [ -80.743166031296369, 39.969113952117574 ], [ -80.743583039824884, 39.968602008429954 ], [ -80.743902941348921, 39.968378043908587 ], [ -80.744670940071188, 39.967594000376117 ], [ -80.746270950394845, 39.966233999382155 ], [ -80.74668695710298, 39.96605800380437 ], [ -80.746944683085488, 39.965924459839599 ], [ -80.748015033989262, 39.965370063618515 ], [ -80.749273080640137, 39.964594711114373 ], [ -80.749598999531486, 39.964393978783924 ], [ -80.749927760284621, 39.96423737079882 ], [ -80.751279069367811, 39.963594056778376 ], [ -80.752395550112254, 39.963061722728057 ], [ -80.75299106244735, 39.962777922690222 ], [ -80.753278205260486, 39.962609782698131 ], [ -80.753647078482885, 39.962394007402722 ], [ -80.754485942927914, 39.961925018923282 ], [ -80.755134939754186, 39.961561994890772 ], [ -80.755525373326762, 39.961305271655682 ], [ -80.75574298683523, 39.961162033898098 ], [ -80.756430926117361, 39.960810041850053 ], [ -80.756910946576639, 39.960473927344502 ], [ -80.757177029957674, 39.960286733413298 ], [ -80.757342998084908, 39.960170071529234 ], [ -80.757594707598031, 39.959995245077515 ], [ -80.757918954647479, 39.959769943264121 ], [ -80.758527002618365, 39.959241954760557 ], [ -80.758794256010603, 39.958957485641321 ], [ -80.759023067873102, 39.958713966261605 ], [ -80.759140565224129, 39.95858326416112 ], [ -80.759454952094487, 39.958233945814349 ], [ -80.759583982346953, 39.957993936493736 ], [ -80.7596673836874, 39.957814262702506 ], [ -80.759792068412395, 39.957546006570908 ], [ -80.760384070676764, 39.95704994130837 ], [ -80.760492543329505, 39.956936287659808 ], [ -80.761055965123646, 39.956345957242618 ], [ -80.761535985564052, 39.955753954988843 ], [ -80.762239969615976, 39.954857928755587 ], [ -80.762800048628904, 39.954265926498614 ], [ -80.76337600606486, 39.953513973488832 ], [ -80.763392050841773, 39.953066043574168 ], [ -80.763518908323107, 39.952710708769516 ], [ -80.763552001579129, 39.952617947278668 ], [ -80.763823935025556, 39.95207408035639 ], [ -80.7642559864764, 39.950986012868526 ], [ -80.764479950955476, 39.950249938307458 ], [ -80.764591933563736, 39.948777954674597 ], [ -80.76460797919755, 39.947754068234438 ], [ -80.764570706751215, 39.947307309239662 ], [ -80.764512042105878, 39.946601987013615 ], [ -80.764336045559943, 39.945690083284866 ], [ -80.764112080933216, 39.944409974559058 ], [ -80.763934914370779, 39.943524478527479 ], [ -80.763872070603242, 39.943209924396733 ], [ -80.763745045776801, 39.942593687233874 ], [ -80.763647938716588, 39.942122024210981 ], [ -80.763311992305745, 39.941290011778449 ], [ -80.763308147697614, 39.941220984301808 ], [ -80.76328006901899, 39.94071405525407 ], [ -80.763376005959557, 39.939801984239686 ], [ -80.762192000965513, 39.934442040055366 ], [ -80.762063973353108, 39.933259038339848 ], [ -80.761695936338455, 39.93125906714986 ], [ -80.761405283338306, 39.929623622727924 ], [ -80.761312019977794, 39.92909897703543 ], [ -80.760988441960322, 39.928451986658764 ], [ -80.760463962501547, 39.927403028937057 ], [ -80.759695964495734, 39.925691036027189 ], [ -80.758896042386127, 39.92452307730364 ], [ -80.757503951513243, 39.922155067533161 ], [ -80.757278315102894, 39.921647135749744 ], [ -80.757184049920326, 39.921435037802944 ], [ -80.757057860589839, 39.921167784426004 ], [ -80.756783921572023, 39.920586980565467 ], [ -80.75661160238036, 39.920016705965011 ], [ -80.756368082923672, 39.919210934851741 ], [ -80.756214984033932, 39.918437922444916 ], [ -80.756116038752893, 39.917885029941061 ], [ -80.75605252676749, 39.917277316551292 ], [ -80.755963943456877, 39.916430931140276 ], [ -80.756191919768966, 39.91509399512266 ], [ -80.756390980194212, 39.914080972486808 ], [ -80.756404017664963, 39.914011945009598 ], [ -80.756525025054273, 39.913650926488508 ], [ -80.757146945022953, 39.912453049950322 ], [ -80.757325281514056, 39.912116768184092 ], [ -80.757708026746258, 39.911395067482971 ], [ -80.758376076565298, 39.910348951567492 ], [ -80.759345977635718, 39.909430027679491 ], [ -80.7595005801317, 39.909368353953333 ], [ -80.75971368084474, 39.909283280760512 ], [ -80.760657006980296, 39.908907052866489 ], [ -80.761139032952954, 39.908907052846054 ], [ -80.762592964652598, 39.90890705278256 ], [ -80.765200984108859, 39.909067004320676 ], [ -80.765687856536147, 39.909158261223133 ], [ -80.768272977471185, 39.909642960713335 ], [ -80.769313912506107, 39.909976567842271 ], [ -80.770769014257993, 39.91044304981174 ], [ -80.77264095823061, 39.911306985418399 ], [ -80.774017004178958, 39.912107074565675 ], [ -80.77726532866825, 39.914049717436022 ], [ -80.777360931131938, 39.914107045626046 ], [ -80.779808999006548, 39.915467046444618 ], [ -80.781616929231419, 39.916539069028005 ], [ -80.782499584445333, 39.916985995260042 ], [ -80.782849070105769, 39.917162994448127 ], [ -80.783150754081163, 39.917263611504225 ], [ -80.783425026711541, 39.917355035689738 ], [ -80.78465700028724, 39.917643014798351 ], [ -80.784957179694601, 39.91771805962717 ], [ -80.786449052031571, 39.918090943735308 ], [ -80.786828621816554, 39.918190725317899 ], [ -80.787297944870474, 39.918314072735491 ], [ -80.788706081278903, 39.918314072674718 ], [ -80.789713923055828, 39.91871403359707 ], [ -80.791010076760827, 39.918890029999396 ], [ -80.792161990862468, 39.919145917697975 ], [ -80.793267273298184, 39.919337457993812 ], [ -80.794194052841661, 39.919498077801315 ], [ -80.794738922563653, 39.919564097021699 ], [ -80.795250029926677, 39.919625937992457 ], [ -80.795714004706184, 39.919689951727811 ], [ -80.796353139588831, 39.919669394093546 ], [ -80.796705968016511, 39.919658028444104 ], [ -80.798705939446975, 39.919594014601643 ], [ -80.800530081665073, 39.919434063770346 ], [ -80.801905960266993, 39.919242022444365 ], [ -80.803393988837854, 39.918762001951151 ], [ -80.804866974432443, 39.918122031605755 ], [ -80.806019055716703, 39.917130068356869 ], [ -80.806835023380501, 39.916186074070097 ], [ -80.807619066878289, 39.914938055814446 ], [ -80.807841025896181, 39.914577204563265 ], [ -80.807874954625348, 39.914522049130262 ], [ -80.808307006093855, 39.913673991856669 ], [ -80.80872301183453, 39.912570045935986 ], [ -80.808887977189684, 39.912074984336307 ], [ -80.809058959009931, 39.911562037914663 ], [ -80.809282924350882, 39.910314019683646 ], [ -80.809410951778162, 39.908970064460846 ], [ -80.809483656542668, 39.908295997273349 ], [ -80.809635083432894, 39.906890033782446 ], [ -80.809683052328893, 39.906105990280849 ], [ -80.809619038530869, 39.905625969854839 ], [ -80.809532628011254, 39.905165505191555 ], [ -80.809474965240113, 39.904857971169641 ], [ -80.809010991245103, 39.90322603770904 ], [ -80.8087108108884, 39.902467900098642 ], [ -80.808371019872965, 39.901609981790124 ], [ -80.806179006834597, 39.89730601460397 ], [ -80.804738947019203, 39.895082078953102 ], [ -80.804157307548451, 39.894245386458095 ], [ -80.803427082028193, 39.893194925077914 ], [ -80.802339015217925, 39.891610959693637 ], [ -80.801059073502955, 39.890155021827987 ], [ -80.800568858269273, 39.889717120276956 ], [ -80.799410926745281, 39.888683038271076 ], [ -80.798149369893949, 39.887467277893165 ], [ -80.797650965428346, 39.88698692383776 ], [ -80.796946980361056, 39.886297981894401 ], [ -80.796162936715916, 39.8855309859808 ], [ -80.795876295687364, 39.885187852298834 ], [ -80.795267077606212, 39.884458963358092 ], [ -80.795229973360804, 39.884388933138517 ], [ -80.794793075355244, 39.884019057217238 ], [ -80.793989977734171, 39.882787919308655 ], [ -80.793187047350997, 39.881064059843681 ], [ -80.793184707313742, 39.881057374282484 ], [ -80.792687973718586, 39.879614974779464 ], [ -80.79253086387601, 39.87918125146502 ], [ -80.792079257389901, 39.877934068733452 ], [ -80.791947720677456, 39.877508034623453 ], [ -80.79160692600037, 39.876404925104666 ], [ -80.79140585906039, 39.875684226273911 ], [ -80.791236047176511, 39.875075009222691 ], [ -80.791137101917869, 39.874826808884805 ], [ -80.791013920817576, 39.874517938472927 ], [ -80.790598917666046, 39.873498063027697 ], [ -80.790157004975299, 39.872252050313776 ], [ -80.790160014092251, 39.872039618714801 ], [ -80.790191937171514, 39.869776070553854 ], [ -80.790471224327135, 39.868551451785102 ], [ -80.79076104164433, 39.867280034085908 ], [ -80.79149260428072, 39.865919364932935 ], [ -80.791834066129596, 39.865304965964832 ], [ -80.792251911028686, 39.864804722458878 ], [ -80.793132058822323, 39.86375091822822 ], [ -80.794603540711805, 39.862586301286917 ], [ -80.795774006847267, 39.861660023632524 ], [ -80.796256868269083, 39.861372378996933 ], [ -80.797322205444956, 39.860737924212785 ], [ -80.797416972429886, 39.860681431484949 ], [ -80.79751591766599, 39.860622431446231 ], [ -80.798101736200934, 39.860273614909303 ], [ -80.798471946715168, 39.860052993166349 ], [ -80.799533940226979, 39.859643003811904 ], [ -80.800159537615386, 39.859688465422494 ], [ -80.800236755228426, 39.859686125382495 ], [ -80.800282383244237, 39.859664898678403 ], [ -80.800277202246221, 39.859634312729554 ], [ -80.800274862208354, 39.859620106137051 ], [ -80.799750049142574, 39.859137077497898 ], [ -80.799838298732965, 39.859003701713597 ], [ -80.799898969708124, 39.858911942965747 ], [ -80.801086985252169, 39.858437939850148 ], [ -80.801754700590237, 39.858309076840136 ], [ -80.802407040214831, 39.858183054789507 ], [ -80.803025450218342, 39.858215980747488 ], [ -80.803118044445, 39.858220995364157 ], [ -80.804655378343767, 39.857490268115612 ], [ -80.806253048674506, 39.856730961303306 ], [ -80.806987619608535, 39.856255119993165 ], [ -80.808246000804246, 39.855439988668707 ], [ -80.809801051362228, 39.854839963514706 ], [ -80.812252963706641, 39.854385014284212 ], [ -80.812488962066041, 39.854308966687881 ], [ -80.814250929605166, 39.85373819108095 ], [ -80.816431075718867, 39.853032033287491 ], [ -80.820464780761597, 39.850494713282728 ], [ -80.821280079361145, 39.84998193500676 ], [ -80.822061950140949, 39.849342966536646 ], [ -80.824276024879893, 39.847158975921673 ], [ -80.824307781746029, 39.847108500561546 ], [ -80.824657935549354, 39.846552934352879 ], [ -80.825362588681358, 39.84544029736972 ], [ -80.826124068185592, 39.844238075300517 ], [ -80.826583864605766, 39.842824423489809 ], [ -80.826963936120094, 39.84165596289273 ], [ -80.826512496921438, 39.840591294008149 ], [ -80.826335999489586, 39.840174953693598 ], [ -80.826442967514453, 39.839215917374013 ], [ -80.826157997355281, 39.837891015209223 ], [ -80.825441978426127, 39.836788072081447 ], [ -80.825540924535929, 39.836377080923782 ], [ -80.824420933266893, 39.830464077851921 ], [ -80.823684023082592, 39.829393057966264 ], [ -80.823642071440204, 39.828642943197366 ], [ -80.823284061975102, 39.828083031494558 ], [ -80.823031015113287, 39.827484010062733 ], [ -80.823034024173523, 39.826492046863279 ], [ -80.822928225189457, 39.826379061419843 ], [ -80.822684036677018, 39.826117991787648 ], [ -80.822555340901857, 39.82539077556541 ], [ -80.822480964217391, 39.824970925192105 ], [ -80.822432828831623, 39.824176853352029 ], [ -80.822387033485384, 39.823422058510957 ], [ -80.822409429280711, 39.82303162406388 ], [ -80.822424973147861, 39.822761027900036 ], [ -80.822482970371624, 39.821762045487944 ], [ -80.822491995808292, 39.81953593611177 ], [ -80.822677853302238, 39.818789331387606 ], [ -80.82316706561609, 39.81682295434144 ], [ -80.823177762129319, 39.81645775847354 ], [ -80.823185952237196, 39.816177969438272 ], [ -80.822181954767473, 39.81170903772567 ], [ -80.823423956365801, 39.807599953513517 ], [ -80.824107717257533, 39.805339247181905 ], [ -80.824763064966689, 39.803171970537974 ], [ -80.824911316344441, 39.801682437528925 ], [ -80.824969981794453, 39.801092942603653 ], [ -80.826079944106894, 39.798585039555526 ], [ -80.828844069565775, 39.796493977679823 ], [ -80.830492216104318, 39.794966504899527 ], [ -80.832396919498706, 39.793201027382324 ], [ -80.832635758806774, 39.79298074019303 ], [ -80.832979060690946, 39.792664013281737 ], [ -80.834077155660907, 39.791735730141639 ], [ -80.835312972842559, 39.790690951493247 ], [ -80.836712919963347, 39.789895040476594 ], [ -80.83947503999849, 39.788700004804497 ], [ -80.841191044032811, 39.787576003042382 ], [ -80.843959014127819, 39.785945072185733 ], [ -80.847060925993631, 39.78445804635917 ], [ -80.849485928763414, 39.783294933942109 ], [ -80.851399991457356, 39.782245977013488 ], [ -80.851577658870184, 39.782149370913693 ], [ -80.851693987106998, 39.782086026248592 ], [ -80.852297020453221, 39.781510068797324 ], [ -80.852650349756445, 39.780855557359345 ], [ -80.85298195143551, 39.780240991117651 ], [ -80.853785048970479, 39.780295979240179 ], [ -80.853970739237354, 39.780195696711033 ], [ -80.854773000367018, 39.779762976998526 ], [ -80.85602703603962, 39.778982944421564 ], [ -80.86058404958024, 39.776912942795761 ], [ -80.863048998408587, 39.775197940613246 ], [ -80.864234507484881, 39.773948251399027 ], [ -80.866330082117102, 39.771739023109646 ], [ -80.866350806933525, 39.770826115727971 ], [ -80.866354985171739, 39.770642932784831 ], [ -80.86718499219684, 39.770254002869081 ], [ -80.867823959733144, 39.769241983856723 ], [ -80.868307991112999, 39.768125001357731 ], [ -80.869093037318379, 39.766365039431804 ], [ -80.869672002899648, 39.764401002417642 ], [ -80.869933072510818, 39.763555953383978 ], [ -80.870158039772619, 39.763341014464572 ], [ -80.870322002408074, 39.763185074682156 ], [ -80.868571065858376, 39.762400028513937 ], [ -80.868515909469494, 39.762252884079707 ], [ -80.936341573117701, 39.768950227731146 ], [ -81.018273600005401, 39.834392243391257 ], [ -81.11669026010297, 39.833110147627131 ] ] ] } },
{ "type": "Feature", "properties": { "Id": 0, "Area": "South Dry Gas" }, "geometry": { "type": "Polygon", "coordinates": [ [ [ -80.868515909468044, 39.762252884076666 ], [ -80.868086031557468, 39.761106046850358 ], [ -80.868147873425102, 39.760670987133778 ], [ -80.868281917348654, 39.759727995620267 ], [ -80.868191997627818, 39.758637922665628 ], [ -80.867595984239486, 39.757116968269848 ], [ -80.866734053834435, 39.7556399709568 ], [ -80.866099264396993, 39.754552571710995 ], [ -80.865339957473367, 39.75325207267403 ], [ -80.864099960998772, 39.752338998073192 ], [ -80.863628131502225, 39.751780423667164 ], [ -80.862188071726521, 39.75007595181723 ], [ -80.861847109826925, 39.749673818102579 ], [ -80.861792957128799, 39.749609971623535 ], [ -80.861585205560772, 39.749363610404217 ], [ -80.860639037458412, 39.748241947894371 ], [ -80.859791982812027, 39.747702928366927 ], [ -80.859287060040728, 39.746978051297539 ], [ -80.858533936912821, 39.746439031766236 ], [ -80.857779977415134, 39.745901014979069 ], [ -80.857523922357871, 39.745817780919964 ], [ -80.85676695554757, 39.745571920647428 ], [ -80.856421982684097, 39.745354976263727 ], [ -80.856428333690033, 39.745242826286187 ], [ -80.8564500621886, 39.74485506642344 ], [ -80.856039070030548, 39.744048960768339 ], [ -80.854718012199712, 39.74259202015908 ], [ -80.85273893280997, 39.741039978052619 ], [ -80.852050993493762, 39.740919972525333 ], [ -80.851702009672806, 39.740982482629136 ], [ -80.850862977930774, 39.741133073272131 ], [ -80.850303734330666, 39.740930670038871 ], [ -80.849954082299519, 39.740803978935368 ], [ -80.849372943799295, 39.740616952314475 ], [ -80.848824898525805, 39.739932856811606 ], [ -80.846620016301259, 39.737180931815168 ], [ -80.845267035212757, 39.73553997279393 ], [ -80.843863578773124, 39.734085538599139 ], [ -80.843014016791201, 39.733205057217326 ], [ -80.842475833477437, 39.732397613376399 ], [ -80.841543036479152, 39.730998001843759 ], [ -80.840785066838507, 39.729563958853021 ], [ -80.840212452073644, 39.728803815765119 ], [ -80.839735942498635, 39.728171031988069 ], [ -80.838290032653461, 39.726770082286038 ], [ -80.837837924373801, 39.725899962877179 ], [ -80.837513677269342, 39.725364453381523 ], [ -80.83694507436833, 39.724424971053672 ], [ -80.836788800910909, 39.724200504730838 ], [ -80.836597928721631, 39.723926064872551 ], [ -80.836119914603174, 39.723608167978433 ], [ -80.835896952803921, 39.723459917418538 ], [ -80.835629031174236, 39.723179460198743 ], [ -80.83525798514556, 39.722791031256868 ], [ -80.834988892584576, 39.722322543747097 ], [ -80.834564028384762, 39.721582959158603 ], [ -80.833853024114944, 39.72099496793335 ], [ -80.833514068619621, 39.720812955023014 ], [ -80.832546006559312, 39.720295997673603 ], [ -80.831856060833829, 39.719886008394909 ], [ -80.831552037698842, 39.719476019099126 ], [ -80.831480001054089, 39.719094944801768 ], [ -80.831135028073192, 39.717257932593611 ], [ -80.830671054116067, 39.716128080834352 ], [ -80.830583473596306, 39.715914645594985 ], [ -80.830469987193311, 39.715638032971277 ], [ -80.830119666021488, 39.714889421882361 ], [ -80.829723047729388, 39.714042033739304 ], [ -80.829763996413263, 39.71183999202178 ], [ -80.830022057799923, 39.71111294215676 ], [ -80.830186019514443, 39.710652979303873 ], [ -80.830197050598414, 39.710603840337498 ], [ -80.830267917174638, 39.710288952551551 ], [ -80.830353825811443, 39.709913227416102 ], [ -80.830830001541131, 39.707828014830241 ], [ -80.831045776812559, 39.707378080317362 ], [ -80.831871939138267, 39.705656058994919 ], [ -80.833882941503802, 39.703497975162868 ], [ -80.834867049204547, 39.7030709373607 ], [ -80.835288069634132, 39.702889927161905 ], [ -80.837098005223126, 39.702264998865353 ], [ -80.839113019532476, 39.701034029007452 ], [ -80.840047320073651, 39.700725492197954 ], [ -80.84154805067152, 39.70022992871764 ], [ -80.843508076870563, 39.699742721720284 ], [ -80.844721998305872, 39.699441037734076 ], [ -80.84655148969172, 39.699273899519611 ], [ -80.850335991778451, 39.698927924702616 ], [ -80.851271462345437, 39.69872184317682 ], [ -80.852001019580385, 39.698561056923218 ], [ -80.852707010055767, 39.698148059351283 ], [ -80.85303961360755, 39.697916239249778 ], [ -80.853195052469772, 39.697807933868106 ], [ -80.854600013345873, 39.697473992084895 ], [ -80.855910039036104, 39.696809954085047 ], [ -80.856289776967685, 39.696545708918862 ], [ -80.857166080190609, 39.695935989999917 ], [ -80.85736280154623, 39.695851417729841 ], [ -80.858184952993483, 39.695497921109393 ], [ -80.858273034417522, 39.695459814125414 ], [ -80.858299943939258, 39.695447947567573 ], [ -80.86002597634284, 39.694685966165643 ], [ -80.861139281568057, 39.693988332193989 ], [ -80.861719082736158, 39.693624974515885 ], [ -80.862220328992976, 39.693181725552108 ], [ -80.863273965963728, 39.692249931459642 ], [ -80.863698997345935, 39.691723948452058 ], [ -80.863700334633933, 39.691663277476955 ], [ -80.863707020174161, 39.691360925346672 ], [ -80.86367359233887, 39.691021468082411 ], [ -80.863629969778401, 39.690579054612343 ], [ -80.864104975589726, 39.689876072399251 ], [ -80.864262920854088, 39.689642414090585 ], [ -80.864694972338185, 39.689002944712442 ], [ -80.865126354689224, 39.687853036230209 ], [ -80.865249033921529, 39.687525947337377 ], [ -80.865610051527355, 39.686814943175406 ], [ -80.865656014986314, 39.686737223746938 ], [ -80.86580593739474, 39.686484009676875 ], [ -80.866039930189714, 39.685362013467227 ], [ -80.86615993568563, 39.684328934149406 ], [ -80.866241833331742, 39.683769858796715 ], [ -80.86633008198875, 39.683166991848061 ], [ -80.866488194368458, 39.680737141914072 ], [ -80.866580955765329, 39.679310954466359 ], [ -80.866631263822924, 39.678851325266614 ], [ -80.866671042621448, 39.678487967611979 ], [ -80.866388078784865, 39.676245980712906 ], [ -80.866028063792186, 39.675142034824894 ], [ -80.866255036386335, 39.672760989306411 ], [ -80.865962044214825, 39.670631987856041 ], [ -80.865946500290178, 39.670110183117892 ], [ -80.865923937137495, 39.669350040006087 ], [ -80.865873962629109, 39.668433121650182 ], [ -80.865843042088144, 39.667866023448966 ], [ -80.865471996005695, 39.66673399802356 ], [ -80.865246025935562, 39.666060934492222 ], [ -80.865234994812809, 39.66557506487181 ], [ -80.865326419004759, 39.665353105848567 ], [ -80.865451939197641, 39.665048079128645 ], [ -80.865496565308092, 39.664193669957982 ], [ -80.865561080803744, 39.662961028343872 ], [ -80.86595201595604, 39.659348009403061 ], [ -80.866148068990682, 39.657540079453824 ], [ -80.866088233458669, 39.657252434841546 ], [ -80.866060989378852, 39.657121064550978 ], [ -80.866077703264992, 39.656856653025741 ], [ -80.866107120064783, 39.65639317922448 ], [ -80.866212918020466, 39.654719962351173 ], [ -80.866593992223471, 39.65276996556296 ], [ -80.867049944095854, 39.652107932189232 ], [ -80.867940956520712, 39.649918927908487 ], [ -80.868407939454983, 39.648901057912965 ], [ -80.868557193672515, 39.648722220488622 ], [ -80.869453052625758, 39.647649028668418 ], [ -80.869803039141132, 39.646897075667276 ], [ -80.869946275955144, 39.646192588902629 ], [ -80.870117926847641, 39.645348041694113 ], [ -80.870413927920396, 39.644274013529682 ], [ -80.870544964541835, 39.64376608173 ], [ -80.870770934500044, 39.642885933949913 ], [ -80.870764583469807, 39.642664810401072 ], [ -80.870758065165489, 39.642442015912579 ], [ -80.870659620830779, 39.642208523989162 ], [ -80.870596275253575, 39.642057933385466 ], [ -80.870472927780312, 39.641764940506668 ], [ -80.870692881272745, 39.640893483776416 ], [ -80.870809042207057, 39.640433019104066 ], [ -80.870859015724406, 39.640081026183395 ], [ -80.87093155412721, 39.639578109007275 ], [ -80.871019970057645, 39.638964044597316 ], [ -80.871076295510392, 39.638915908372944 ], [ -80.871237917211459, 39.638778019786656 ], [ -80.871301764599181, 39.638773006062614 ], [ -80.87155999241169, 39.638752949367372 ], [ -80.871777940467879, 39.638608040669055 ], [ -80.871713926680542, 39.638268917954264 ], [ -80.871868862785064, 39.637653683522942 ], [ -80.871997057548029, 39.63714508262791 ], [ -80.872050040208094, 39.63693699655132 ], [ -80.872534071610076, 39.636120026145292 ], [ -80.873129416619108, 39.635117199107263 ], [ -80.873391989926645, 39.634674952897868 ], [ -80.873634005555303, 39.633261969291766 ], [ -80.874299381636106, 39.631473426909942 ], [ -80.874823024546515, 39.630065958835054 ], [ -80.876003017954545, 39.627085055461947 ], [ -80.876274951431597, 39.626958030682992 ], [ -80.876354007250995, 39.626842204273082 ], [ -80.876465989955378, 39.626678075265183 ], [ -80.876594017456597, 39.62633995528595 ], [ -80.876640982734955, 39.625906065587948 ], [ -80.877034258147305, 39.625390946394099 ], [ -80.877273933818643, 39.625077061344982 ], [ -80.877746265947295, 39.62440834330846 ], [ -80.8803599670414, 39.620707074681462 ], [ -80.881795180206737, 39.62017657973027 ], [ -80.883200976539882, 39.619656947693919 ], [ -80.886387459797803, 39.618459238318344 ], [ -80.888003014062676, 39.617852026677639 ], [ -80.889535334262931, 39.617453068389302 ], [ -80.892209038358786, 39.616756938916474 ], [ -80.896514007974318, 39.616756938730894 ], [ -80.905379334169751, 39.618281737373614 ], [ -80.906235247112363, 39.61842898606173 ], [ -80.906246946396564, 39.618430991549744 ], [ -80.917621012155465, 39.618702925413892 ], [ -80.918273183596867, 39.618444530326876 ], [ -80.91897800406332, 39.618165075809586 ], [ -80.919482593137573, 39.618228254072967 ], [ -80.91995793355197, 39.618287922282796 ], [ -80.9231099863065, 39.617810074480168 ], [ -80.925842021367643, 39.617396074076296 ], [ -80.928346916357668, 39.616554034077026 ], [ -80.931605769884698, 39.615406966431841 ], [ -80.933293027119007, 39.614812958637089 ], [ -80.933562285997994, 39.614500076331076 ], [ -80.934135508163052, 39.613833881043391 ], [ -81.170734637544243, 39.644531522347656 ], [ -81.275142676297094, 39.648572751630965 ], [ -81.306132186865653, 39.673923241159152 ], [ -81.307175668703806, 39.674204344948691 ], [ -81.306514492156083, 39.675810100268031 ], [ -81.305815222500556, 39.677499346329718 ], [ -81.305115720819941, 39.679180124375243 ], [ -81.30441592326234, 39.680852593584262 ], [ -81.303715503373823, 39.682517524676015 ], [ -81.303014659904704, 39.684174442808178 ], [ -81.302313331700816, 39.685823490973284 ], [ -81.301611461206107, 39.687464806767373 ], [ -81.300908988165304, 39.689098529585486 ], [ -81.300205860418188, 39.690724778137955 ], [ -81.299502025803832, 39.692343678330069 ], [ -81.298797432161763, 39.693955347073491 ], [ -81.29809200754606, 39.695559948045215 ], [ -81.297385724977303, 39.697157543297962 ], [ -81.296678536790949, 39.698748239851447 ], [ -81.295970398021367, 39.700332142026674 ], [ -81.29526126010515, 39.701909353246002 ], [ -81.29455108257244, 39.703479966139511 ], [ -81.293839822256004, 39.705044075136065 ], [ -81.293127438686284, 39.706601771966163 ], [ -81.292412809509528, 39.708155487497777 ], [ -81.291696973442598, 39.709702945546432 ], [ -81.290979890915295, 39.711244228850113 ], [ -81.290261525954719, 39.712779419246722 ], [ -81.289541838990601, 39.714308596776256 ], [ -81.288820795849077, 39.715831835183046 ], [ -81.288098362355598, 39.717349209110644 ], [ -81.287374503436482, 39.718860788706323 ], [ -81.28664917322665, 39.720366670197613 ], [ -81.285922352840387, 39.721866896751813 ], [ -81.285194008102877, 39.723361534019553 ], [ -81.284464108437831, 39.724850645852499 ], [ -81.283732622368589, 39.726334297901516 ], [ -81.282999520217643, 39.727812548622275 ], [ -81.282264773206691, 39.729285458269324 ], [ -81.281528351658167, 39.730753083499941 ], [ -81.28079015484775, 39.732215625762457 ], [ -81.280050227741782, 39.733672994225351 ], [ -81.279308543360628, 39.735125242847616 ], [ -81.278565073825078, 39.736572422890958 ], [ -81.27781979395435, 39.738014588314556 ], [ -81.277072677667988, 39.739451785883169 ], [ -81.276323699784783, 39.740884065958802 ], [ -81.2755728360235, 39.742311473507691 ], [ -81.27482005400833, 39.743734069683512 ], [ -81.274065338450541, 39.7451518850634 ], [ -81.273308665068797, 39.746564964613341 ], [ -81.272550010480572, 39.747973351500946 ], [ -81.271789352202902, 39.74937708889356 ], [ -81.27102666775248, 39.750776217260622 ], [ -81.270261935545975, 39.752170775273036 ], [ -81.269495133099923, 39.753560803400362 ], [ -81.267118021685306, 39.757840254336259 ], [ -81.264843234233766, 39.761922053172114 ], [ -81.262648256218085, 39.765846591159239 ], [ -81.261576317399161, 39.767757717056959 ], [ -81.260519423338764, 39.769638295682746 ], [ -81.259474036104038, 39.771494609700461 ], [ -81.258441390463915, 39.77332445217376 ], [ -81.257420494466345, 39.775129583075717 ], [ -81.256410505446439, 39.776911489885279 ], [ -81.255410526780295, 39.778671756308391 ], [ -81.254419999989011, 39.780411363505628 ], [ -81.253438292849012, 39.782131421239974 ], [ -81.252464853176505, 39.783832897182464 ], [ -81.251493462159559, 39.785526623666712 ], [ -81.250529443784814, 39.787203282817295 ], [ -81.249572355585812, 39.788863643554308 ], [ -81.248621800961303, 39.790508391161289 ], [ -81.247677367122805, 39.792138244196629 ], [ -81.246738757293784, 39.793753710777231 ], [ -81.245805651315791, 39.79535534398584 ], [ -81.244877756908835, 39.796943643845964 ], [ -81.243954552466633, 39.798519502484986 ], [ -81.243036031693507, 39.800082927996833 ], [ -81.242121951772575, 39.801634335867902 ], [ -81.241212088772969, 39.803174103813824 ], [ -81.240306210669132, 39.804702623938873 ], [ -81.239404139395489, 39.80622019841541 ], [ -81.238505684295802, 39.807727147401891 ], [ -81.237610670002525, 39.809223764976736 ], [ -81.236708395482012, 39.810727864910966 ], [ -81.235809306360466, 39.812221949095651 ], [ -81.234913245256024, 39.813706281931317 ], [ -81.234020064680251, 39.815181105335668 ], [ -81.233129612647474, 39.816646671118988 ], [ -81.232241765950789, 39.818103181628445 ], [ -81.231356396886156, 39.819550847305756 ], [ -81.230473384045496, 39.820989867800179 ], [ -81.229592538570884, 39.822420546183203 ], [ -81.22871382269075, 39.823842948105522 ], [ -81.22783712668803, 39.825257246236859 ], [ -81.226962351637241, 39.826663604253909 ], [ -81.226089392317476, 39.828062190329803 ], [ -81.225218161494979, 39.829453142960112 ], [ -81.224348568337675, 39.83083660693589 ], [ -81.223480527410373, 39.832212719853068 ], [ -81.22261359444785, 39.833582183183104 ], [ -81.221748050937848, 39.834944546365726 ], [ -81.220883819538741, 39.83629993440637 ], [ -81.220020826506001, 39.837648460619882 ], [ -81.219158995397365, 39.838990245515376 ], [ -81.218298261461555, 39.840325388917449 ], [ -81.217438557249665, 39.841653996047164 ], [ -81.216579818909537, 39.842976165829434 ], [ -81.215721954710361, 39.844292039458004 ], [ -81.215004634155875, 39.845388190111123 ], [ -81.157397454930475, 39.832554799696481 ], [ -81.018273600003937, 39.834392243388244 ], [ -80.936341573116209, 39.768950227728077 ], [ -80.868515909468044, 39.762252884076666 ] ] ] } },
{ "type": "Feature", "properties": { "Id": 0, "Area": "South Oil" }, "geometry": { "type": "Polygon", "coordinates": [ [ [ -81.531716673656703, 39.997811907461909 ], [ -81.532198323598308, 39.996820555033665 ], [ -81.532741439470456, 39.995693199090823 ], [ -81.533283661416505, 39.994558189018299 ], [ -81.533825061381805, 39.993415376427393 ], [ -81.534365724802981, 39.99226457605846 ], [ -81.534905737114755, 39.991105610744285 ], [ -81.535445187350007, 39.989938286232054 ], [ -81.53581639781315, 39.989129452171483 ], [ -81.536187417619757, 39.988316491122035 ], [ -81.536558277347112, 39.987499332936885 ], [ -81.536929012068924, 39.986677902072579 ], [ -81.537299654160194, 39.985852127482737 ], [ -81.537670242292478, 39.9850219237318 ], [ -81.53804081243814, 39.984187208082211 ], [ -81.538411404167661, 39.983347892400332 ], [ -81.538782034567731, 39.982503937116007 ], [ -81.539152768390153, 39.981655198337769 ], [ -81.539523647902669, 39.98080157534136 ], [ -81.539894719869963, 39.979942964705124 ], [ -81.540637619235341, 39.978210358729982 ], [ -81.541381873878962, 39.976456434325883 ], [ -81.542127299439755, 39.97468164295254 ], [ -81.542874986795852, 39.972883409850539 ], [ -81.543625450358789, 39.971060502049347 ], [ -81.544379279184966, 39.969211487828908 ], [ -81.545136983189792, 39.967335119828803 ], [ -81.545899414930659, 39.965429289139443 ], [ -81.54666736760953, 39.963492018151193 ], [ -81.54744178371584, 39.961520925459382 ], [ -81.548240010272821, 39.95947131565773 ], [ -81.549047380237056, 39.957380307364282 ], [ -81.549865372993096, 39.955244069467184 ], [ -81.550695872620992, 39.953057683574187 ], [ -81.551540178640934, 39.950817754744527 ], [ -81.552401909924797, 39.948514703399901 ], [ -81.553284333709541, 39.946139807914868 ], [ -81.554192146255005, 39.943680425620229 ], [ -81.555043711602536, 39.941359817710492 ], [ -81.555927632758625, 39.938938492926106 ], [ -81.556852214063042, 39.936393714607362 ], [ -81.557833062350468, 39.933682533830918 ], [ -81.558752444674269, 39.931132393754048 ], [ -81.559769512257986, 39.928303620324826 ], [ -81.563494346791245, 39.917916433605619 ], [ -81.565030255746208, 39.913642227515886 ], [ -81.565859312861477, 39.911342219476744 ], [ -81.566636153540145, 39.909193199515684 ], [ -81.567375779373279, 39.90715367021464 ], [ -81.568085843591419, 39.905202538874939 ], [ -81.568937819928991, 39.902871480843231 ], [ -81.56976068431274, 39.900631626657372 ], [ -81.570560172618471, 39.898467366784438 ], [ -81.57134006919334, 39.896368457047636 ], [ -81.57210459095883, 39.894323575881131 ], [ -81.572855044629151, 39.892329251902488 ], [ -81.573593487853827, 39.890380024427436 ], [ -81.574321498043247, 39.888471726897642 ], [ -81.574774430799792, 39.887291429664792 ], [ -81.575224085527566, 39.886125092607948 ], [ -81.575670739217855, 39.88497200256478 ], [ -81.576114634687229, 39.883831532708129 ], [ -81.576556028242763, 39.882703022935161 ], [ -81.576995096151308, 39.881586021786539 ], [ -81.577432033566041, 39.880480035534198 ], [ -81.577867014955359, 39.879384623510596 ], [ -81.578300365873801, 39.878298965533716 ], [ -81.57873207552943, 39.877223092181019 ], [ -81.57916229051196, 39.876156642823922 ], [ -81.579591140323458, 39.875099291008389 ], [ -81.580018763459762, 39.87405069769045 ], [ -81.580445265141506, 39.873010607462618 ], [ -81.580870755085741, 39.871978746930743 ], [ -81.581295337614335, 39.870954868781098 ], [ -81.581719756466228, 39.8699371896587 ], [ -81.582143456759567, 39.868927054948557 ], [ -81.582566527527845, 39.867924251511937 ], [ -81.58298905150798, 39.866928582397229 ], [ -81.583411115934751, 39.865939844357463 ], [ -81.583832789156489, 39.864957876413882 ], [ -81.584254144018033, 39.863982506796312 ], [ -81.584675249767443, 39.863013579022564 ], [ -81.585096214323457, 39.862050844879697 ], [ -81.585517057470753, 39.861094257602822 ], [ -81.585937840363627, 39.860143679596192 ], [ -81.58635862055857, 39.859198979558123 ], [ -81.586779458310033, 39.858260025288985 ], [ -81.587200402181466, 39.857326707070904 ], [ -81.587621502534958, 39.856398910690217 ], [ -81.588042810631691, 39.855476527328854 ], [ -81.595780086486414, 39.838520042175176 ], [ -81.603512693960269, 39.821561010141444 ], [ -81.611240633952647, 39.804599430328437 ], [ -81.618963906463847, 39.78763530273622 ], [ -81.623871840581543, 39.776847956674061 ], [ -81.723439205197096, 39.798032323174837 ], [ -81.723227525804177, 39.798730293998403 ], [ -81.7227121444581, 39.800422943045135 ], [ -81.722194864908332, 39.802115106747799 ], [ -81.721675687145805, 39.803806785135727 ], [ -81.72115461118247, 39.80549797817028 ], [ -81.720631637020432, 39.807188685843329 ], [ -81.720106764655739, 39.808878908169319 ], [ -81.719579994084555, 39.810568645159826 ], [ -81.719051325309778, 39.812257896805811 ], [ -81.718520758337377, 39.813946663087236 ], [ -81.717988293161554, 39.815634944024367 ], [ -81.717453929776795, 39.817322739633823 ], [ -81.716917668186454, 39.819010049903788 ], [ -81.716379508395647, 39.820696874819944 ], [ -81.715839450401901, 39.82238321438907 ], [ -81.715297494199461, 39.824069068629612 ], [ -81.714753639793599, 39.825754437525546 ], [ -81.714207887177579, 39.827439321096428 ], [ -81.713660236356162, 39.829123719327981 ], [ -81.713110687333483, 39.830807632208369 ], [ -81.712559240102749, 39.832491059757821 ], [ -81.712005894669858, 39.834174001958075 ], [ -81.711450651033687, 39.835856458812849 ], [ -81.710893509180366, 39.837538430364972 ], [ -81.710334469121619, 39.839219916577825 ], [ -81.709773530855557, 39.840900917456764 ], [ -81.709210694380062, 39.842581433009734 ], [ -81.708645959700505, 39.844261463218956 ], [ -81.708079326808829, 39.845941008109698 ], [ -81.707510795719273, 39.8476200676389 ], [ -81.706940366419573, 39.849298641843895 ], [ -81.706368038902198, 39.850976730746403 ], [ -81.705793813179312, 39.852654334310174 ], [ -81.705217689246027, 39.85433145254985 ], [ -81.704639667105027, 39.856008085457582 ], [ -81.704059746750659, 39.857684233049369 ], [ -81.703477928193664, 39.859359895295299 ], [ -81.702894211415312, 39.861035072248292 ], [ -81.702308596427557, 39.862709763874228 ], [ -81.701721083237231, 39.864383970153419 ], [ -81.701131671835313, 39.866057691112438 ], [ -81.700540362214284, 39.867730926771372 ], [ -81.699947154384915, 39.869403677100962 ], [ -81.699352048345119, 39.871075942106529 ], [ -81.698755044095464, 39.872747721786361 ], [ -81.698156141624651, 39.874419016172467 ], [ -81.69755534094628, 39.876089825226451 ], [ -81.696952642055109, 39.877760148962977 ], [ -81.696348044951563, 39.879429987380938 ], [ -81.695741549629787, 39.881099340496384 ], [ -81.695133156093021, 39.882768208301059 ], [ -81.694522864349594, 39.884436590771493 ], [ -81.693910674391475, 39.886104487929437 ], [ -81.693296586212313, 39.887771899792646 ], [ -81.692680599819099, 39.889438826342086 ], [ -81.692062715215158, 39.891105267568705 ], [ -81.691442932396257, 39.892771223483862 ], [ -81.690821251355203, 39.894436694107057 ], [ -81.690197672105839, 39.896101679400672 ], [ -81.689572194631097, 39.897766179411455 ], [ -81.688944818944407, 39.899430194102038 ], [ -81.688315545041092, 39.901093723486028 ], [ -81.687684372915001, 39.902756767579611 ], [ -81.687051302580429, 39.904419326344424 ], [ -81.686416334031591, 39.906081399796577 ], [ -81.685779467251066, 39.907742987980427 ], [ -81.685140702258536, 39.909404090846536 ], [ -81.684500039048601, 39.911064708406656 ], [ -81.683857477616769, 39.912724840674343 ], [ -81.683213017968328, 39.914384487634685 ], [ -81.682566660102253, 39.916043649291005 ], [ -81.681918404012677, 39.917702325658183 ], [ -81.681268249700906, 39.919360516732944 ], [ -81.680616197173762, 39.921018222497217 ], [ -81.679962246423756, 39.922675442970998 ], [ -81.679306397453644, 39.924332178147083 ], [ -81.678648650262559, 39.925988428027367 ], [ -81.677989004847916, 39.927644192618409 ], [ -81.677327461207881, 39.92929947192475 ], [ -81.676664019354476, 39.930954265916739 ], [ -81.675998679278024, 39.932608574618548 ], [ -81.67533144097392, 39.934262398040197 ], [ -81.674662304447878, 39.935915736169505 ], [ -81.673991269699613, 39.937568589006467 ], [ -81.673318336728258, 39.939220956552376 ], [ -81.672643505531283, 39.940872838814428 ], [ -81.671966776108903, 39.942524235791886 ], [ -81.671288148467184, 39.944175147469828 ], [ -81.670607622595696, 39.945825573873883 ], [ -81.669925198501872, 39.947475514985157 ], [ -81.669240876176389, 39.949124970826908 ], [ -81.668554655634239, 39.950773941363202 ], [ -81.667866536864821, 39.952422426619371 ], [ -81.667176519867283, 39.954070426596758 ], [ -81.666484604642463, 39.955717941294438 ], [ -81.665790791192222, 39.957364970707744 ], [ -81.665095079515908, 39.959011514837449 ], [ -81.664397469606655, 39.960657573700288 ], [ -81.663697961470618, 39.962303147281645 ], [ -81.662996555110041, 39.963948235576744 ], [ -81.662293250517322, 39.965592838602902 ], [ -81.661588047699425, 39.967236956343967 ], [ -81.660880946649712, 39.968880588815118 ], [ -81.660171947373129, 39.970523736005248 ], [ -81.659461049862216, 39.972166397931751 ], [ -81.658748254126877, 39.973808574570967 ], [ -81.658033560161158, 39.975450265937468 ], [ -81.657316967960952, 39.977091472040676 ], [ -81.656598477529855, 39.978732192871746 ], [ -81.655878088868889, 39.980372428429142 ], [ -81.655182256192901, 39.981957935681045 ], [ -81.654477219998498, 39.983576776808626 ], [ -81.653761596834315, 39.985232127601627 ], [ -81.653033608993795, 39.98692809959573 ], [ -81.652292065367519, 39.988667446983634 ], [ -81.651533460305174, 39.990458372584712 ], [ -81.650754635188648, 39.992308330747512 ], [ -81.64995095249715, 39.994228335365385 ], [ -81.649233297001828, 39.995951381784181 ], [ -81.648487052001997, 39.99775072732573 ], [ -81.647704956404198, 39.999643871836732 ], [ -81.646873174024179, 40.001664303224466 ], [ -81.645265712047262, 40.005584242455988 ], [ -81.642242191179548, 40.012980042132824 ], [ -81.641018435948837, 40.015968915453627 ], [ -81.639749490956333, 40.019058048052173 ], [ -81.638604542776818, 40.021832396698635 ], [ -81.637939832399823, 40.023435992533656 ], [ -81.637298228356045, 40.024978138445398 ], [ -81.636675389175636, 40.026469268422723 ], [ -81.636068438887406, 40.027916266110672 ], [ -81.635474181906346, 40.029326737419638 ], [ -81.634891616433919, 40.030703047097091 ], [ -81.634319179519835, 40.032048887252692 ], [ -81.633755670996436, 40.033367079095179 ], [ -81.633067364899347, 40.034967803755485 ], [ -81.632389530039902, 40.036533600890429 ], [ -81.631720740330394, 40.038067764338606 ], [ -81.631059866218536, 40.039572884685768 ], [ -81.630405678477601, 40.041051755983389 ], [ -81.629757546236846, 40.042505798793457 ], [ -81.62911469776158, 40.043936744252633 ], [ -81.628476485473939, 40.045346033591031 ], [ -81.627841394339782, 40.046736987371013 ], [ -81.627209832796879, 40.048108685939852 ], [ -81.626581316923534, 40.049462180224147 ], [ -81.625955426028398, 40.05079837604189 ], [ -81.625331710670352, 40.052118231317671 ], [ -81.624709874653234, 40.05342237124475 ], [ -81.624089586695703, 40.054711490531631 ], [ -81.623470551756625, 40.055986202274077 ], [ -81.623094837562377, 40.056754092064921 ], [ -81.622719425134804, 40.057516991384901 ], [ -81.622344258139492, 40.058275014711406 ], [ -81.621969283610625, 40.059028269056107 ], [ -81.621594446595935, 40.059776864747185 ], [ -81.621219701788618, 40.060520892203634 ], [ -81.620845001720326, 40.06126044566804 ], [ -81.620470301516107, 40.061995613707523 ], [ -81.620095533451689, 40.062726528776345 ], [ -81.619720679872344, 40.063453224883638 ], [ -81.619345700157268, 40.064175780776289 ], [ -81.61897055572274, 40.064894270797829 ], [ -81.618595206700761, 40.065608771267065 ], [ -81.61821961926195, 40.066319346539736 ], [ -81.617843758199953, 40.067026063222066 ], [ -81.617467589951801, 40.067728984417826 ], [ -81.617090952301993, 40.068428410997797 ], [ -81.616713942833073, 40.069124159498209 ], [ -81.616336530652589, 40.069816286927662 ], [ -81.615958686202447, 40.070504847490163 ], [ -81.615580379028529, 40.071189896657337 ], [ -81.615201582735679, 40.071871482200507 ], [ -81.614822269981417, 40.072549653315868 ], [ -81.61444241453006, 40.073224456909628 ], [ -81.614061979742843, 40.073895957883259 ], [ -81.613680951616374, 40.074564180767865 ], [ -81.613299305731275, 40.0752291683877 ], [ -81.612917018600726, 40.075890961665984 ], [ -81.612534066073849, 40.07654960239266 ], [ -81.612150426873001, 40.077205127145113 ], [ -81.611766079039185, 40.077857573443744 ], [ -81.611381001387315, 40.078506977249802 ], [ -81.610994625591701, 40.079154287910448 ], [ -81.610607476707742, 40.079798616700984 ], [ -81.610219534766642, 40.080439996854643 ], [ -81.609830780461181, 40.08107846029155 ], [ -81.609441193978284, 40.081714039537665 ], [ -81.609050757629646, 40.082346763437251 ], [ -81.608659453218735, 40.082976661477261 ], [ -81.608267263118918, 40.083603762032638 ], [ -81.607874163971147, 40.084228102356867 ], [ -81.607480144811063, 40.084849699768114 ], [ -81.607085188961975, 40.08546858057462 ], [ -81.606689280252553, 40.08608477011586 ], [ -81.606292402099513, 40.086698294192658 ], [ -81.605894539548217, 40.087309175912679 ], [ -81.605495677244974, 40.087917438849765 ], [ -81.60509580026239, 40.088523105767571 ], [ -81.60469485610804, 40.089126255589576 ], [ -81.604292867962855, 40.089726852862796 ], [ -81.603889821612171, 40.090324918824273 ], [ -81.603485703225601, 40.090920473995801 ], [ -81.603080498664141, 40.091513539206794 ], [ -81.603046774719402, 40.091562560048864 ], [ -81.564435038976214, 40.065397332673953 ], [ -81.531716673656703, 39.997811907461909 ] ] ] } },
{ "type": "Feature", "properties": { "Id": 0, "Area": "South Rich Condensate" }, "geometry": { "type": "Polygon", "coordinates": [ [ [ -81.467585579907237, 39.946626998882302 ], [ -81.467748668171069, 39.946398348613926 ], [ -81.468229840539152, 39.945720599735004 ], [ -81.468708150365416, 39.945043714205219 ], [ -81.469183612937996, 39.944367671339997 ], [ -81.469656238149469, 39.943692455851277 ], [ -81.470126043986284, 39.943018044356222 ], [ -81.470593036743722, 39.94234442336537 ], [ -81.471057230811155, 39.941671577590284 ], [ -81.471518635181383, 39.940999490842799 ], [ -81.47197726244525, 39.940328144237419 ], [ -81.472433122495275, 39.939657525183598 ], [ -81.472886226123109, 39.938987615694849 ], [ -81.473336585020007, 39.938318401382034 ], [ -81.474016838510849, 39.937300394006989 ], [ -81.474696142317782, 39.936278962013589 ], [ -81.475374515326195, 39.935254078421963 ], [ -81.476051975522765, 39.93422571445425 ], [ -81.476728540894001, 39.933193844029816 ], [ -81.477404231224867, 39.932158435672285 ], [ -81.478079065401147, 39.931119461502846 ], [ -81.478753062308414, 39.930076890944768 ], [ -81.479426238135019, 39.929030700615449 ], [ -81.480098618061206, 39.927980851843742 ], [ -81.480770222772051, 39.926927311355279 ], [ -81.481441072951711, 39.925870045874966 ], [ -81.482111191083121, 39.924809022127526 ], [ -81.482780597850862, 39.923744205040094 ], [ -81.48344931663712, 39.922675557739879 ], [ -81.484117370824535, 39.921603045153283 ], [ -81.484784723540727, 39.920526725736877 ], [ -81.485451458422531, 39.919446463692353 ], [ -81.486117600651312, 39.918362222147806 ], [ -81.486783173608998, 39.917273958835125 ], [ -81.487448202477012, 39.91618163418412 ], [ -81.488112715134577, 39.915085203228436 ], [ -81.488776736761551, 39.913984623700344 ], [ -81.489440294338664, 39.912879849734381 ], [ -81.490103407650594, 39.911770850753172 ], [ -81.490766113569961, 39.91065756380452 ], [ -81.491428440874387, 39.909539941224409 ], [ -81.49209042014138, 39.908417930851769 ], [ -81.492752081048295, 39.907291483224334 ], [ -81.493413454172085, 39.906160544382537 ], [ -81.494074572787881, 39.905025059467967 ], [ -81.494735470170454, 39.903884971822841 ], [ -81.495395295561053, 39.902741756335971 ], [ -81.496054968066971, 39.901593832898264 ], [ -81.496714521862359, 39.900441139456014 ], [ -81.4973739947186, 39.899283613956598 ], [ -81.49803342081033, 39.898121193447395 ], [ -81.498692840606651, 39.896953807781003 ], [ -81.499352292778667, 39.895781386810633 ], [ -81.500011818694986, 39.894603858590237 ], [ -81.500671441738348, 39.893421181751052 ], [ -81.501331223062024, 39.892233247475353 ], [ -81.501991205834045, 39.891039975723238 ], [ -81.50265143591966, 39.889841284656676 ], [ -81.503311957385534, 39.888637094235435 ], [ -81.503972821493107, 39.887427310930605 ], [ -81.504634078604298, 39.886211843910452 ], [ -81.505295779081493, 39.884990598746072 ], [ -81.505957764643739, 39.88376387041523 ], [ -81.506620302389692, 39.882531166988755 ], [ -81.507283448976622, 39.881292383245793 ], [ -81.507947262860426, 39.880047408570015 ], [ -81.508611802497271, 39.878796135942054 ], [ -81.509277133537424, 39.877538438557103 ], [ -81.509943321631695, 39.876274194107637 ], [ -81.510610436027306, 39.875003271293004 ], [ -81.511278507301853, 39.873725612555965 ], [ -81.511947647870116, 39.872441001160205 ], [ -81.512617934174884, 39.871149292314961 ], [ -81.513289447154847, 39.869850329538131 ], [ -81.513962264151786, 39.868543965340685 ], [ -81.514636475997179, 39.867230018959376 ], [ -81.515312174421766, 39.865908315924962 ], [ -81.515989452955424, 39.864578670078593 ], [ -81.517157287383498, 39.862274653761304 ], [ -81.518330620266497, 39.859945546358894 ], [ -81.519510024472609, 39.857590211128262 ], [ -81.520696145715164, 39.855207359341144 ], [ -81.521889561358691, 39.852795833570013 ], [ -81.523091152739113, 39.85035385225747 ], [ -81.524301749930274, 39.847879730973908 ], [ -81.525522308912031, 39.845371514592777 ], [ -81.526751977126651, 39.842830987369176 ], [ -81.527993799678597, 39.840251888223001 ], [ -81.529249073390616, 39.837631526382857 ], [ -81.530519351391519, 39.834966657993867 ], [ -81.531805896329516, 39.83225463994868 ], [ -81.533111214615431, 39.829490196824224 ], [ -81.534437614808624, 39.826668441704278 ], [ -81.53578803049767, 39.823783131495503 ], [ -81.536878034897896, 39.821445518304948 ], [ -81.537987375621583, 39.81905887947277 ], [ -81.53911843856973, 39.81661808166821 ], [ -81.540274349785889, 39.814116380875106 ], [ -81.541457079685131, 39.811549525099551 ], [ -81.542673102486347, 39.808903479521035 ], [ -81.543928248494566, 39.806165559202078 ], [ -81.545231410206014, 39.803316369363941 ], [ -81.547439985071918, 39.798474572352603 ], [ -81.549895398658293, 39.793076461918247 ], [ -81.552234266403005, 39.787924504921023 ], [ -81.557795535440206, 39.775663271351952 ], [ -81.560594983776042, 39.769500971901337 ], [ -81.561965378803691, 39.766490244038572 ], [ -81.563155404625221, 39.763880104950928 ], [ -81.62387184058305, 39.776847956676917 ], [ -81.618963906465297, 39.787635302738948 ], [ -81.611240633954154, 39.804599430331407 ], [ -81.603512693961761, 39.821561010144507 ], [ -81.595780086487864, 39.838520042178111 ], [ -81.588042810633198, 39.855476527331909 ], [ -81.587621502536393, 39.856398910693038 ], [ -81.587200402182972, 39.857326707073739 ], [ -81.586779458311483, 39.858260025292019 ], [ -81.586358620560063, 39.859198979561206 ], [ -81.585937840365119, 39.860143679599005 ], [ -81.585517057472259, 39.861094257605934 ], [ -81.585096214324892, 39.862050844882724 ], [ -81.584675249768949, 39.863013579025377 ], [ -81.584254144019539, 39.863982506799204 ], [ -81.583832789157995, 39.864957876416746 ], [ -81.583411115936258, 39.865939844360362 ], [ -81.582989051509472, 39.86692858240027 ], [ -81.582566527529352, 39.867924251514971 ], [ -81.582143456761074, 39.868927054951577 ], [ -81.581719756467749, 39.869937189661599 ], [ -81.581295337615842, 39.870954868784168 ], [ -81.580870755087233, 39.871978746933699 ], [ -81.580445265143013, 39.873010607465659 ], [ -81.580018763461254, 39.874050697693527 ], [ -81.579591140324951, 39.875099291011459 ], [ -81.579162290513437, 39.876156642826722 ], [ -81.578732075530922, 39.877223092184046 ], [ -81.578300365875307, 39.878298965536729 ], [ -81.577867014956851, 39.879384623513559 ], [ -81.577432033567547, 39.880480035537282 ], [ -81.576995096152814, 39.881586021789552 ], [ -81.576556028244241, 39.882703022938024 ], [ -81.576114634688722, 39.883831532710886 ], [ -81.575670739219319, 39.884972002567793 ], [ -81.575224085529058, 39.886125092610726 ], [ -81.574774430801313, 39.887291429667819 ], [ -81.574321498044668, 39.888471726900747 ], [ -81.573593487855334, 39.890380024430463 ], [ -81.572855044630657, 39.892329251905366 ], [ -81.572104590960294, 39.894323575884201 ], [ -81.571340069194832, 39.896368457050642 ], [ -81.570560172619921, 39.898467366787486 ], [ -81.569760684314247, 39.900631626660157 ], [ -81.568937819930511, 39.902871480846144 ], [ -81.568085843592925, 39.905202538877937 ], [ -81.567375779374757, 39.907153670217674 ], [ -81.566636153541637, 39.909193199518462 ], [ -81.565859312862969, 39.911342219479742 ], [ -81.5650302557477, 39.913642227518771 ], [ -81.563494346792737, 39.91791643360849 ], [ -81.559769512259294, 39.928303620327881 ], [ -81.558752444675719, 39.931132393757103 ], [ -81.557833062351975, 39.933682533833945 ], [ -81.556852214064577, 39.936393714610148 ], [ -81.555927632760117, 39.93893849292914 ], [ -81.555043711604043, 39.941359817713305 ], [ -81.554192146256511, 39.943680425623043 ], [ -81.553284333710991, 39.946139807917724 ], [ -81.552401909926289, 39.948514703402729 ], [ -81.551540178642412, 39.950817754747561 ], [ -81.550695872622441, 39.953057683577214 ], [ -81.549865372994589, 39.955244069470119 ], [ -81.549047380238562, 39.957380307367274 ], [ -81.548240010274313, 39.959471315660736 ], [ -81.547441783717346, 39.961520925462288 ], [ -81.54666736761105, 39.963492018153978 ], [ -81.545899414932151, 39.965429289142442 ], [ -81.545136983191313, 39.967335119831816 ], [ -81.544379279186458, 39.969211487831807 ], [ -81.543625450360295, 39.971060502052481 ], [ -81.542874986797329, 39.972883409853544 ], [ -81.542127299441262, 39.974681642955304 ], [ -81.541381873880496, 39.976456434328895 ], [ -81.540637619236804, 39.97821035873303 ], [ -81.539894719871484, 39.979942964707952 ], [ -81.539523647904133, 39.980801575344401 ], [ -81.539152768391645, 39.981655198340704 ], [ -81.538782034569238, 39.982503937119063 ], [ -81.538411404169111, 39.983347892403394 ], [ -81.538040812439633, 39.984187208085196 ], [ -81.537670242293984, 39.985021923734855 ], [ -81.5372996541617, 39.985852127485551 ], [ -81.536929012070374, 39.986677902075641 ], [ -81.536558277348604, 39.987499332939734 ], [ -81.53618741762125, 39.988316491125161 ], [ -81.535816397814656, 39.989129452174566 ], [ -81.535445187351499, 39.989938286234917 ], [ -81.53490573711619, 39.991105610747347 ], [ -81.534365724804431, 39.992264576061238 ], [ -81.533825061383467, 39.993415376430441 ], [ -81.533283661417983, 39.99455818902107 ], [ -81.532741439471948, 39.995693199093857 ], [ -81.532198323599772, 39.996820555036678 ], [ -81.531716673658224, 39.99781190746485 ], [ -81.5305583394736, 39.995416508495595 ], [ -81.467585579907237, 39.946626998882302 ] ] ] } },
{ "type": "Feature", "properties": { "Id": 0, "Area": "South Condensate" }, "geometry": { "type": "Polygon", "coordinates": [ [ [ -81.403706611851746, 39.897027410796532 ], [ -81.404401260514163, 39.896112153861843 ], [ -81.406015369118492, 39.893980016873243 ], [ -81.407670658578567, 39.891787529080439 ], [ -81.409295566241866, 39.889629078827845 ], [ -81.410892155153292, 39.887501924982828 ], [ -81.412462132226111, 39.885403795857634 ], [ -81.414007314990073, 39.883332257886423 ], [ -81.415528764645359, 39.881285887442822 ], [ -81.417027704269543, 39.879263040565789 ], [ -81.418505183372034, 39.877262299924176 ], [ -81.419963407090037, 39.875280669876119 ], [ -81.421401964433585, 39.873318700806365 ], [ -81.422821653101281, 39.871375303636462 ], [ -81.42422317546368, 39.869449519688494 ], [ -81.425607266266937, 39.867540334528009 ], [ -81.426974434527111, 39.865647048481335 ], [ -81.428325234226691, 39.863768894427963 ], [ -81.429660159992963, 39.861905182587115 ], [ -81.431035128073347, 39.859977352681554 ], [ -81.432393840907494, 39.858063828292032 ], [ -81.43373675175431, 39.856163971798729 ], [ -81.435064271603551, 39.85427720224024 ], [ -81.436376825834401, 39.852402914371972 ], [ -81.437674731907947, 39.850540654936296 ], [ -81.438958327069656, 39.848689937399691 ], [ -81.44022792158583, 39.846850318396648 ], [ -81.441484031667272, 39.845021045194272 ], [ -81.442726700481359, 39.843202051242663 ], [ -81.443956187932315, 39.841392958827036 ], [ -81.445172733239644, 39.83959341451353 ], [ -81.446376581918315, 39.837803054976114 ], [ -81.447567929121249, 39.836021589733527 ], [ -81.448746977195754, 39.834248715714573 ], [ -81.449913915899089, 39.832484148733577 ], [ -81.451069881974078, 39.830726156695711 ], [ -81.452214069628127, 39.828975952786941 ], [ -81.453346642538051, 39.827233286096153 ], [ -81.454467753588403, 39.82549792279989 ], [ -81.455577557462917, 39.823769620980222 ], [ -81.45667618366339, 39.8220481809877 ], [ -81.457763764390933, 39.820333395079032 ], [ -81.458840423751056, 39.818625066302893 ], [ -81.459906345206221, 39.816922902379083 ], [ -81.460961578218843, 39.815226826865654 ], [ -81.462006230707587, 39.813536662595943 ], [ -81.463040406094365, 39.811852244094737 ], [ -81.464064208700876, 39.810173399591832 ], [ -81.465077727559674, 39.808499985195112 ], [ -81.466081052603016, 39.806831849819147 ], [ -81.467074271065286, 39.805168851370276 ], [ -81.467860879280678, 39.803842506935162 ], [ -81.46864514116487, 39.802515239795561 ], [ -81.469427051321944, 39.801187058045365 ], [ -81.470206604355951, 39.799857972476516 ], [ -81.470983793971442, 39.798527992082214 ], [ -81.471758616571407, 39.79719712675503 ], [ -81.472531064961146, 39.795865385488177 ], [ -81.473301134644075, 39.794532778174087 ], [ -81.474068819325183, 39.793199312906957 ], [ -81.474834113608011, 39.791865000478474 ], [ -81.47559701299636, 39.790529849881757 ], [ -81.476357511194834, 39.789193871009388 ], [ -81.477115603706721, 39.787857071955436 ], [ -81.477871285136231, 39.786519462612212 ], [ -81.478624549188112, 39.78518105377173 ], [ -81.479375392265197, 39.783841852628342 ], [ -81.480123806273326, 39.782501870873631 ], [ -81.480869787615077, 39.781161117500616 ], [ -81.481613331794449, 39.77981959970387 ], [ -81.482354433414926, 39.778477329174436 ], [ -81.483093086181569, 39.777134314006481 ], [ -81.483829286496942, 39.775790563193041 ], [ -81.484563028065892, 39.774446086626611 ], [ -81.485294307291142, 39.77310089330053 ], [ -81.486023116977847, 39.771754993107443 ], [ -81.486749453529086, 39.770408395040405 ], [ -81.487473311548669, 39.769061108092657 ], [ -81.488194686540012, 39.767713142156815 ], [ -81.488913572208233, 39.766364506226154 ], [ -81.489629964955483, 39.765015209293544 ], [ -81.490343860285535, 39.763665260352539 ], [ -81.491055251003672, 39.762314670194932 ], [ -81.491764128116628, 39.760963459505106 ], [ -81.492470491624402, 39.759611624685711 ], [ -81.493174337929901, 39.758259174730128 ], [ -81.493875661637063, 39.756906120430102 ], [ -81.49457445824919, 39.755552469879703 ], [ -81.495270722370435, 39.754198232071921 ], [ -81.495964450403648, 39.752843415999891 ], [ -81.496655636952511, 39.751488031556519 ], [ -81.497344277520909, 39.750132088633954 ], [ -81.498030367611932, 39.74877559442718 ], [ -81.498713901829689, 39.747418559727876 ], [ -81.499394876576844, 39.746060992629623 ], [ -81.500073286457592, 39.744702902126363 ], [ -81.50074912697518, 39.743344298109932 ], [ -81.501422394532455, 39.741985189573803 ], [ -81.502093084632776, 39.740625585511516 ], [ -81.502317835492875, 39.740168057786228 ], [ -81.563148711890463, 39.76387867344372 ], [ -81.563155404626727, 39.763880104953969 ], [ -81.561965378805212, 39.766490244041421 ], [ -81.560594983777534, 39.769500971904428 ], [ -81.557795535441713, 39.775663271354809 ], [ -81.55223426640427, 39.787924504924085 ], [ -81.549895398659814, 39.793076461921046 ], [ -81.54743998507341, 39.798474572355708 ], [ -81.545231410207506, 39.803316369367018 ], [ -81.543928248496059, 39.806165559205084 ], [ -81.542673102487839, 39.808903479523934 ], [ -81.541457079686637, 39.811549525102457 ], [ -81.540274349787353, 39.814116380878225 ], [ -81.539118438571222, 39.81661808167123 ], [ -81.537987375623047, 39.819058879475833 ], [ -81.536878034899374, 39.821445518307925 ], [ -81.535788030499148, 39.823783131498246 ], [ -81.534437614810116, 39.826668441707156 ], [ -81.533111214616952, 39.829490196827194 ], [ -81.531805896331008, 39.832254639951735 ], [ -81.530519351393025, 39.834966657996723 ], [ -81.529249073392123, 39.837631526385813 ], [ -81.527993799680118, 39.840251888226035 ], [ -81.526751977128129, 39.842830987372217 ], [ -81.525522308913537, 39.845371514595669 ], [ -81.52430174993178, 39.847879730976665 ], [ -81.523091152740619, 39.850353852260355 ], [ -81.521889561360211, 39.852795833572891 ], [ -81.520696145716656, 39.855207359344028 ], [ -81.519510024474116, 39.857590211131324 ], [ -81.518330620267989, 39.859945546361978 ], [ -81.517157287384933, 39.862274653764345 ], [ -81.515989452956916, 39.864578670081627 ], [ -81.515312174423272, 39.865908315927975 ], [ -81.514636475998685, 39.867230018962125 ], [ -81.513962264153278, 39.868543965343662 ], [ -81.513289447156282, 39.869850329541222 ], [ -81.51261793417639, 39.87114929231803 ], [ -81.511947647871622, 39.872441001163253 ], [ -81.511278507303345, 39.873725612559042 ], [ -81.510610436028799, 39.875003271295817 ], [ -81.509943321633131, 39.876274194110692 ], [ -81.509277133538902, 39.877538438560052 ], [ -81.508611802498777, 39.878796135944853 ], [ -81.507947262861919, 39.880047408572928 ], [ -81.507283448978114, 39.881292383248919 ], [ -81.506620302391141, 39.882531166991811 ], [ -81.505957764645174, 39.883763870418299 ], [ -81.505295779082971, 39.884990598749084 ], [ -81.504634078605775, 39.8862118439135 ], [ -81.503972821494614, 39.887427310933745 ], [ -81.50331195738697, 39.888637094238497 ], [ -81.502651435921123, 39.889841284659425 ], [ -81.501991205835495, 39.891039975726237 ], [ -81.501331223063517, 39.892233247478373 ], [ -81.500671441739783, 39.893421181754199 ], [ -81.500011818696493, 39.894603858593079 ], [ -81.499352292780159, 39.895781386813624 ], [ -81.498692840608172, 39.896953807783859 ], [ -81.498033420811822, 39.898121193450415 ], [ -81.497373994720064, 39.899283613959653 ], [ -81.496714521863879, 39.900441139459055 ], [ -81.496054968068691, 39.901593832901071 ], [ -81.495395295562375, 39.902741756338997 ], [ -81.494735470171946, 39.903884971825804 ], [ -81.494074572789401, 39.905025059471001 ], [ -81.493413454173592, 39.906160544385578 ], [ -81.492752081049773, 39.907291483227418 ], [ -81.492090420142858, 39.908417930854824 ], [ -81.49142844087585, 39.90953994122733 ], [ -81.490766113571411, 39.910657563807526 ], [ -81.490103407652086, 39.911770850756206 ], [ -81.48944029434017, 39.912879849737195 ], [ -81.488776736763043, 39.913984623703385 ], [ -81.488112715135841, 39.915085203231506 ], [ -81.487448202478518, 39.916181634186991 ], [ -81.486783173610505, 39.917273958838159 ], [ -81.486117600652804, 39.918362222150897 ], [ -81.485451458424023, 39.919446463695408 ], [ -81.484784723542219, 39.920526725739833 ], [ -81.484117370826041, 39.921603045156409 ], [ -81.483449316638612, 39.922675557742785 ], [ -81.482780597852155, 39.923744205043135 ], [ -81.482111191084826, 39.924809022130695 ], [ -81.481441072953203, 39.925870045877971 ], [ -81.480770222773558, 39.926927311358313 ], [ -81.480098618062698, 39.927980851846804 ], [ -81.479426238136455, 39.929030700618227 ], [ -81.478753062309906, 39.930076890947873 ], [ -81.478079065402653, 39.931119461505816 ], [ -81.477404231226316, 39.932158435675163 ], [ -81.476728540895508, 39.933193844032623 ], [ -81.476051975524257, 39.934225714457249 ], [ -81.47537451532763, 39.935254078424876 ], [ -81.474696142319232, 39.936278962016367 ], [ -81.474016838512298, 39.937300394009952 ], [ -81.473336585021514, 39.938318401385182 ], [ -81.472886226124544, 39.938987615697883 ], [ -81.472433122496795, 39.939657525186654 ], [ -81.471977262446757, 39.940328144240461 ], [ -81.471518635182875, 39.940999490845741 ], [ -81.471057230812647, 39.941671577593262 ], [ -81.470593036745043, 39.942344423368482 ], [ -81.470126043987776, 39.943018044359277 ], [ -81.469656238150975, 39.943692455854091 ], [ -81.469183612939432, 39.944367671342903 ], [ -81.468708150366851, 39.945043714207998 ], [ -81.468229840540786, 39.945720599737854 ], [ -81.467748668172575, 39.94639834861696 ], [ -81.467585579909496, 39.946626998884163 ], [ -81.403706611851746, 39.897027410796532 ] ] ] } },
{ "type": "Feature", "properties": { "Id": 0, "Area": "South Lean Condensate" }, "geometry": { "type": "Polygon", "coordinates": [ [ [ -81.315515526414714, 39.867697580748953 ], [ -81.316342896811676, 39.8662328470772 ], [ -81.317187138080484, 39.864724855776494 ], [ -81.318030578952559, 39.863204888203981 ], [ -81.318873386701952, 39.861672643087196 ], [ -81.319714553188561, 39.860129979324185 ], [ -81.320555447180496, 39.85857441748432 ], [ -81.321396260233755, 39.857005602335747 ], [ -81.322237198292498, 39.855423147169532 ], [ -81.323078456510075, 39.853826690458497 ], [ -81.323920287595712, 39.852215749266463 ], [ -81.324762932567765, 39.850589862241343 ], [ -81.325606656726251, 39.848948520367031 ], [ -81.326451450178823, 39.847291747025622 ], [ -81.327297897484428, 39.845618403675374 ], [ -81.328146312506931, 39.843927869784316 ], [ -81.328997044182884, 39.842219449277195 ], [ -81.329850410872339, 39.840492507232547 ], [ -81.330706865833776, 39.838746122744517 ], [ -81.331566839842239, 39.836979419873366 ], [ -81.332430816733435, 39.835191406667064 ], [ -81.33315236349533, 39.833688237531064 ], [ -81.333877363653855, 39.832168919269343 ], [ -81.334606164347534, 39.830632718933764 ], [ -81.335339160378581, 39.82907880824942 ], [ -81.336076702482359, 39.827506442577295 ], [ -81.336819329353219, 39.825914477979801 ], [ -81.337567542812323, 39.824301834371084 ], [ -81.338321924721541, 39.822667258995729 ], [ -81.339081972359665, 39.821011861617166 ], [ -81.339849518545037, 39.819331668131149 ], [ -81.340625349285062, 39.817624959033765 ], [ -81.341410403471812, 39.815889670380997 ], [ -81.342205447328055, 39.814124108749546 ], [ -81.343011987217977, 39.812324934057685 ], [ -81.343831412594142, 39.81048905083815 ], [ -81.344665481631282, 39.80861251736269 ], [ -81.345344947315994, 39.807078267656934 ], [ -81.346036384775928, 39.805512139682612 ], [ -81.346741257207867, 39.803910818538505 ], [ -81.347461472973123, 39.802269966794597 ], [ -81.348955520285628, 39.798852409919974 ], [ -81.350547501970183, 39.795193198916003 ], [ -81.351938504063114, 39.791983850383559 ], [ -81.353483331595086, 39.788409575850288 ], [ -81.358612554630255, 39.776511026271969 ], [ -81.360527211266302, 39.772076248029478 ], [ -81.362428237777507, 39.767687252473699 ], [ -81.36330623330052, 39.765666781605773 ], [ -81.364149621112617, 39.763730693226009 ], [ -81.365073578287536, 39.761615634363046 ], [ -81.365967889311193, 39.759575039365487 ], [ -81.366837641648388, 39.757597299784479 ], [ -81.367686320171998, 39.755674492592611 ], [ -81.368517777577907, 39.753797902460356 ], [ -81.369333345761888, 39.751964534644586 ], [ -81.37013498884329, 39.750169973474691 ], [ -81.370924238367451, 39.748410793432186 ], [ -81.371950914307803, 39.746118732702293 ], [ -81.372978681125815, 39.743814952906718 ], [ -81.374007652136029, 39.741499199537614 ], [ -81.375037946048934, 39.739171203697254 ], [ -81.376069678877215, 39.73683070728022 ], [ -81.377102985519059, 39.734477398222403 ], [ -81.378138001772044, 39.732110972552455 ], [ -81.379174867930331, 39.729731108313104 ], [ -81.380213634356323, 39.727337689491875 ], [ -81.381254549262678, 39.724930145918464 ], [ -81.382297772728606, 39.722508109770473 ], [ -81.383343472028145, 39.72007118894323 ], [ -81.384391809938521, 39.71761900841954 ], [ -81.385442985210076, 39.715151098753161 ], [ -81.386497192096343, 39.712667006686061 ], [ -81.387554637440999, 39.710166244785462 ], [ -81.388614089173473, 39.707651745740527 ], [ -81.389677214636265, 39.705119569621431 ], [ -81.390744253049405, 39.702569148056746 ], [ -81.391815461618748, 39.699999863212177 ], [ -81.392891084060949, 39.697411134125623 ], [ -81.392898092716962, 39.697394209645488 ], [ -81.502317835494367, 39.740168057789269 ], [ -81.502093084634211, 39.740625585514294 ], [ -81.501422394533961, 39.74198518957688 ], [ -81.500749126976672, 39.74334429811281 ], [ -81.500073286459056, 39.744702902129312 ], [ -81.49939487657835, 39.7460609926327 ], [ -81.498713901831181, 39.747418559730818 ], [ -81.498030367613367, 39.748775594430214 ], [ -81.497344277522373, 39.750132088636896 ], [ -81.496655636954003, 39.751488031559418 ], [ -81.495964450405111, 39.752843416002783 ], [ -81.495270722371927, 39.754198232074707 ], [ -81.494574458250696, 39.75555246988251 ], [ -81.493875661638555, 39.756906120433129 ], [ -81.493174337931393, 39.758259174732927 ], [ -81.492470491625895, 39.759611624688567 ], [ -81.491764128118135, 39.76096345950819 ], [ -81.491055251005136, 39.762314670197952 ], [ -81.490343860287027, 39.763665260355509 ], [ -81.48962996495699, 39.765015209296443 ], [ -81.488913572209711, 39.766364506228896 ], [ -81.488194686541476, 39.767713142159884 ], [ -81.487473311550104, 39.769061108095734 ], [ -81.486749453530578, 39.770408395043468 ], [ -81.486023116979325, 39.771754993110399 ], [ -81.485294307292634, 39.773100893303571 ], [ -81.484563028067399, 39.774446086629496 ], [ -81.483829286498448, 39.775790563195862 ], [ -81.483093086183061, 39.777134314009423 ], [ -81.482354433416447, 39.778477329177484 ], [ -81.481613331795941, 39.779819599706663 ], [ -81.480869787616584, 39.781161117503594 ], [ -81.480123806274989, 39.782501870876722 ], [ -81.479375392266675, 39.783841852631369 ], [ -81.478624549189576, 39.785181053774622 ], [ -81.477871285137738, 39.786519462615047 ], [ -81.477115603708157, 39.787857071958371 ], [ -81.476357511196269, 39.789193871012138 ], [ -81.475597012997852, 39.790529849884607 ], [ -81.474834113609504, 39.791865000481323 ], [ -81.474068819326618, 39.793199312910083 ], [ -81.473301134645567, 39.794532778177107 ], [ -81.472531064962482, 39.79586538549124 ], [ -81.471758616572885, 39.797197126757979 ], [ -81.470983793972962, 39.798527992085099 ], [ -81.470206604357443, 39.799857972479323 ], [ -81.469427051323436, 39.8011870580482 ], [ -81.468645141166348, 39.802515239798375 ], [ -81.467860879282171, 39.803842506938238 ], [ -81.467074271066778, 39.805168851373367 ], [ -81.46608105260448, 39.806831849821982 ], [ -81.465077727561166, 39.808499985198111 ], [ -81.464064208702368, 39.810173399594696 ], [ -81.463040406095857, 39.811852244097764 ], [ -81.462006230709093, 39.81353666259897 ], [ -81.460961578220335, 39.815226826868624 ], [ -81.459906345207642, 39.816922902382196 ], [ -81.458840423752548, 39.818625066305792 ], [ -81.457763764392411, 39.820333395082081 ], [ -81.456676183664882, 39.82204818099072 ], [ -81.455577557464437, 39.823769620983207 ], [ -81.454467753589881, 39.825497922802775 ], [ -81.453346642539515, 39.827233286099265 ], [ -81.452214069629619, 39.828975952789975 ], [ -81.451069881975585, 39.830726156698738 ], [ -81.449913915900567, 39.832484148736356 ], [ -81.44874697719726, 39.834248715717628 ], [ -81.447567929122727, 39.836021589736582 ], [ -81.446376581919964, 39.837803054978956 ], [ -81.44517273324108, 39.839593414516585 ], [ -81.443956187933807, 39.841392958830106 ], [ -81.442726700482851, 39.843202051245754 ], [ -81.44148403166875, 39.845021045197051 ], [ -81.440227921587336, 39.846850318399454 ], [ -81.438958327071163, 39.848689937402774 ], [ -81.437674731909382, 39.850540654939358 ], [ -81.436376825835907, 39.852402914374821 ], [ -81.435064271604986, 39.854277202243011 ], [ -81.433736751755802, 39.856163971801763 ], [ -81.432393840908986, 39.858063828295059 ], [ -81.431035128074782, 39.859977352684652 ], [ -81.429660159994398, 39.861905182590093 ], [ -81.428325234228183, 39.863768894430812 ], [ -81.426974434528589, 39.865647048484419 ], [ -81.425607266268386, 39.867540334530965 ], [ -81.424223175465187, 39.869449519691528 ], [ -81.422821653102986, 39.871375303639262 ], [ -81.421401964435063, 39.873318700809413 ], [ -81.419963407091529, 39.875280669879061 ], [ -81.418505183373469, 39.877262299927253 ], [ -81.41702770427105, 39.879263040568887 ], [ -81.415528764646851, 39.88128588744587 ], [ -81.414007314991565, 39.883332257889485 ], [ -81.412462132227617, 39.885403795860455 ], [ -81.41089215515477, 39.887501924985855 ], [ -81.409295566243301, 39.889629078830964 ], [ -81.407670658580031, 39.891787529083288 ], [ -81.406015369119984, 39.893980016876306 ], [ -81.404401260515669, 39.896112153864685 ], [ -81.403706611854062, 39.897027410798387 ], [ -81.386037159355467, 39.883288519108739 ], [ -81.315515526414714, 39.867697580748953 ] ] ] } },
{ "type": "Feature", "properties": { "Id": 0, "Area": "South Wet Gas" }, "geometry": { "type": "Polygon", "coordinates": [ [ [ -81.215004634153033, 39.845388190110477 ], [ -81.215721954708869, 39.844292039455048 ], [ -81.216579818908045, 39.842976165826549 ], [ -81.217438557248215, 39.841653996044222 ], [ -81.218298261460063, 39.840325388914536 ], [ -81.219158995395887, 39.838990245512392 ], [ -81.220020826504509, 39.837648460616904 ], [ -81.220883819537264, 39.836299934403577 ], [ -81.22174805093637, 39.834944546362735 ], [ -81.222613594446386, 39.833582183180212 ], [ -81.223480527408924, 39.832212719850197 ], [ -81.224348568336225, 39.830836606933019 ], [ -81.225218161493501, 39.829453142957277 ], [ -81.226089392316041, 39.828062190326975 ], [ -81.226962351635834, 39.826663604251024 ], [ -81.227837126686552, 39.825257246233981 ], [ -81.228713822689258, 39.823842948102609 ], [ -81.229592538569378, 39.822420546180361 ], [ -81.23047338404406, 39.820989867797287 ], [ -81.231356396884678, 39.819550847302779 ], [ -81.232241765949311, 39.818103181625482 ], [ -81.233129612645996, 39.816646671116047 ], [ -81.234020064678745, 39.815181105332769 ], [ -81.23491324525456, 39.813706281928418 ], [ -81.235809306358973, 39.812221949092788 ], [ -81.236708395480576, 39.810727864907996 ], [ -81.237610670001018, 39.809223764973758 ], [ -81.238505684294367, 39.807727147398936 ], [ -81.239404139393997, 39.806220198412483 ], [ -81.240306210667654, 39.80470262393586 ], [ -81.241212088771519, 39.803174103810882 ], [ -81.242121951771139, 39.801634335865032 ], [ -81.243036031692029, 39.800082927993877 ], [ -81.243954552465155, 39.798519502482137 ], [ -81.244877756907414, 39.796943643843157 ], [ -81.245805651314285, 39.795355343983012 ], [ -81.246738757292306, 39.793753710774176 ], [ -81.247677367121369, 39.792138244193609 ], [ -81.24862180095981, 39.790508391158475 ], [ -81.249572355584334, 39.788863643551352 ], [ -81.250529443783321, 39.787203282814353 ], [ -81.251493462158095, 39.785526623663678 ], [ -81.252464853175169, 39.783832897179401 ], [ -81.253438292847321, 39.782131421236969 ], [ -81.254419999987533, 39.780411363502751 ], [ -81.255410526778803, 39.778671756305584 ], [ -81.256410505444961, 39.776911489882323 ], [ -81.257420494464853, 39.775129583072783 ], [ -81.25844139046248, 39.773324452170812 ], [ -81.259474036102546, 39.771494609697498 ], [ -81.260519423337286, 39.769638295679862 ], [ -81.261576317397683, 39.767757717054003 ], [ -81.262648256216607, 39.765846591156262 ], [ -81.264843234232274, 39.761922053169329 ], [ -81.267118021683828, 39.757840254333303 ], [ -81.269495133098445, 39.753560803397448 ], [ -81.270261935544525, 39.752170775270038 ], [ -81.271026667751002, 39.750776217257673 ], [ -81.271789352201424, 39.749377088890597 ], [ -81.272550010479108, 39.747973351497912 ], [ -81.273308665067319, 39.746564964610471 ], [ -81.274065338449063, 39.745151885060487 ], [ -81.274820054006895, 39.743734069680606 ], [ -81.275572836021993, 39.742311473504806 ], [ -81.276323699783291, 39.74088406595579 ], [ -81.277072677666524, 39.739451785880284 ], [ -81.2778197939531, 39.738014588311636 ], [ -81.278565073823643, 39.736572422888131 ], [ -81.27930854335915, 39.735125242844603 ], [ -81.280050227740304, 39.733672994222331 ], [ -81.28079015484623, 39.732215625759643 ], [ -81.281528351656675, 39.730753083496985 ], [ -81.282264773205213, 39.729285458266432 ], [ -81.282999520216194, 39.727812548619255 ], [ -81.283732622367111, 39.72633429789861 ], [ -81.28446410843641, 39.724850645849529 ], [ -81.285194008101442, 39.723361534016583 ], [ -81.285922352838924, 39.721866896748985 ], [ -81.286649173225186, 39.720366670194743 ], [ -81.287374503434989, 39.718860788703466 ], [ -81.288098362354106, 39.717349209107667 ], [ -81.288820795847585, 39.71583183518009 ], [ -81.28954183898891, 39.71430859677335 ], [ -81.290261525953227, 39.712779419243887 ], [ -81.290979890913803, 39.711244228847058 ], [ -81.291696973441134, 39.709702945543576 ], [ -81.29241280950805, 39.708155487494913 ], [ -81.293127438684834, 39.706601771963257 ], [ -81.293839822254583, 39.705044075133131 ], [ -81.294551082570948, 39.703479966136612 ], [ -81.295261260103672, 39.701909353243217 ], [ -81.295970398019875, 39.700332142023775 ], [ -81.296678536789472, 39.69874823984852 ], [ -81.29738572497584, 39.697157543294985 ], [ -81.298092007544554, 39.695559948042259 ], [ -81.298797432160285, 39.693955347070705 ], [ -81.299502025802411, 39.692343678327155 ], [ -81.30020586041671, 39.690724778134928 ], [ -81.300908988163826, 39.689098529582459 ], [ -81.301611461204629, 39.68746480676441 ], [ -81.302313331699324, 39.685823490970314 ], [ -81.303014659903283, 39.684174442805372 ], [ -81.303715503372331, 39.682517524673052 ], [ -81.304415923260862, 39.680852593581349 ], [ -81.305115720818435, 39.679180124372223 ], [ -81.305815222499064, 39.677499346326755 ], [ -81.306514492154605, 39.675810100265004 ], [ -81.307175668702328, 39.674204344945636 ], [ -81.39177836796334, 39.696955665165014 ], [ -81.392898092718426, 39.697394209648536 ], [ -81.392891084062384, 39.697411134128515 ], [ -81.391815461620226, 39.699999863215218 ], [ -81.390744253050883, 39.702569148059787 ], [ -81.389677214637757, 39.705119569624465 ], [ -81.388614089174965, 39.707651745743568 ], [ -81.387554637442349, 39.710166244788596 ], [ -81.386497192097764, 39.712667006688854 ], [ -81.385442985211554, 39.715151098756216 ], [ -81.384391809939842, 39.717619008422588 ], [ -81.383343472029566, 39.720071188946264 ], [ -81.382297772730084, 39.722508109773443 ], [ -81.381254549264156, 39.724930145921519 ], [ -81.380213634357759, 39.727337689494831 ], [ -81.379174867931837, 39.729731108315981 ], [ -81.378138001773479, 39.732110972555255 ], [ -81.37710298552048, 39.73447739822543 ], [ -81.376069678878679, 39.736830707283318 ], [ -81.375037946050426, 39.739171203700067 ], [ -81.374007652137522, 39.741499199540449 ], [ -81.372978681127321, 39.743814952909744 ], [ -81.371950914309281, 39.746118732705384 ], [ -81.370924238368943, 39.748410793435269 ], [ -81.37013498884474, 39.750169973477462 ], [ -81.36933334576338, 39.751964534647556 ], [ -81.368517777579399, 39.753797902463383 ], [ -81.36768632017349, 39.755674492595681 ], [ -81.366837641649866, 39.757597299787548 ], [ -81.365967889312657, 39.759575039368634 ], [ -81.365073578289014, 39.76161563436608 ], [ -81.364149621114152, 39.763730693228823 ], [ -81.363306233302012, 39.765666781608601 ], [ -81.362428237778957, 39.767687252476819 ], [ -81.360527211267794, 39.77207624803232 ], [ -81.358612554631748, 39.77651102627479 ], [ -81.353483331596593, 39.788409575853279 ], [ -81.351938504064648, 39.791983850386494 ], [ -81.350547501971661, 39.79519319891903 ], [ -81.34895552028712, 39.798852409922766 ], [ -81.347461472974544, 39.802269966797567 ], [ -81.346741257209345, 39.803910818541482 ], [ -81.346036384777406, 39.80551213968554 ], [ -81.345344947317471, 39.807078267659953 ], [ -81.344665481632774, 39.808612517365709 ], [ -81.343831412595577, 39.81048905084095 ], [ -81.343011987219413, 39.812324934060541 ], [ -81.342205447329491, 39.814124108752594 ], [ -81.341410403473247, 39.815889670383925 ], [ -81.340625349286498, 39.817624959036515 ], [ -81.339849518546529, 39.819331668133977 ], [ -81.339081972361143, 39.821011861619994 ], [ -81.338321924723033, 39.822667258998962 ], [ -81.337567542813758, 39.82430183437414 ], [ -81.336819329354654, 39.825914477982785 ], [ -81.336076702483865, 39.827506442580329 ], [ -81.335339160380016, 39.82907880825244 ], [ -81.334606164348983, 39.830632718936798 ], [ -81.333877363655347, 39.832168919272135 ], [ -81.333152363496808, 39.833688237534098 ], [ -81.332430816734927, 39.835191406670027 ], [ -81.331566839843745, 39.836979419876265 ], [ -81.330706865835268, 39.838746122747324 ], [ -81.329850410873831, 39.840492507235432 ], [ -81.328997044184277, 39.842219449280179 ], [ -81.328146312508366, 39.843927869787358 ], [ -81.327297897485934, 39.845618403678372 ], [ -81.326451450180301, 39.847291747028663 ], [ -81.325606656727757, 39.848948520370072 ], [ -81.324762932569257, 39.850589862244412 ], [ -81.323920287597176, 39.852215749269583 ], [ -81.323078456511567, 39.853826690461325 ], [ -81.32223719829399, 39.855423147172566 ], [ -81.321396260235176, 39.857005602338575 ], [ -81.32055544718213, 39.858574417487247 ], [ -81.319714553190053, 39.86012997932697 ], [ -81.318873386703387, 39.86167264308996 ], [ -81.318030578954023, 39.863204888207044 ], [ -81.317187138081991, 39.864724855779457 ], [ -81.31634289681314, 39.866232847080241 ], [ -81.315515526417414, 39.867697580749521 ], [ -81.215004634153033, 39.845388190110477 ] ] ] } }
]
}
